id,reg_date,reply_yn,district,vote_score,title,content,category,sub_category,micro_category,department_group,primary_dept,primary_phone,secondary_depts,all_rankings,matched_policy_count,matched_policies,policy_summaries,connection_status,quality_flags,audit_flags,url
PROP-202443,2026-07-21,N,미상,0.0,서울시 신혼부부 지원,"안녕하세요, 서울시 주택 전세가격이 너무 올랐습니다. 서울시 신혼부부 임차보증금 이자지원을 받아 전세를 들어왔지만 연장이 힘들 것 같습니다..전세 보증금 한도 7억에서 5퍼센트라도 더 올려주시길 제안합니다. 현재 전세 연장시 7억이 넘는 곳이 너무 많습니다.",주거·교통·도시생활환경,출산가구 주거,신혼부부·출산가구 주거지원,주거·교통·도시생활환경,저출생사업1팀,02-2133-5025,가족지원팀,1순위:저출생사업1팀 | 2순위:가족지원팀,5,신혼부부 결혼ㆍ살림비용 지원 | 자녀출산 무주택가구 주거비 지원 | 신혼희망타운 | 신혼부부 전용 주택 구입 자금 대출 | 신혼부부 임차보증금 이자 지원,"ㅇ 결혼ㆍ살림 비용 최대 100만원 지원    - 결혼준비 및 혼인살림 장만 관련 비용 지출    ※ 생애 1회 지급   ? 결혼준비 : 혼수, 예식장, 신혼여행, 청첩장 등    ? 혼인살림 : 전자제품, 주방가전... | 월 최대 30만원(2년간 최대 720만원) 주거비 지원 | 신혼희망타운 분양?임대주택 공급 및 청약 자격 제공 | 연 2.55~3.85% 금리로 주택구입 자금 대출, 최대 3억 2천만 원 한도 | - 임차보증금 대출금: 최대 3억원(임차보증금의 90% 이내) - 이자지원 금리: 최대 4.5% - 지원기간: 최장 10년(25.11.20. 부터 최장 12년) ※ 자세한 사항은 서울주거포털 공고문 참조",,,,https://idea.seoul.go.kr/front/freeSuggest/view.do?sn=202443
PROP-202432,2026-07-21,N,종로구,0.0,서울시 양육지원 서비스 이용대상 확대 및 종로구 백일·돌상 촬영공간 조성 건의,서울시 양육지원 서비스 이용대상 확대 및 종로구 백일·돌상 촬영공간 조성 건의,정보·상담·교육·거버넌스,양육지원 서비스 접근성,신청·이용대상 기준 개선,정보·상담·교육·거버넌스,저출생사업1팀,02-2133-5021,,1순위:저출생사업1팀,0,,,,,"TAG_REVIEW:현재 태그=정보·상담·교육·거버넌스, 태그 핵심어 약함 || TAG_REVIEW:현재 태그=정보·상담·교육·거버넌스, 태그 핵심어 약함",https://idea.seoul.go.kr/front/freeSuggest/view.do?sn=202432
PROP-202418,2026-07-19,N,미상,0.0,임산부 스마트 배려 뱃지 도입 제안,"임산부 스마트 배려 뱃지 도입 제안
현재 사용되고 있는 임산부 배려 뱃지는 임산부임을 주변에 알리는 상징적인 역할만 수행하고 있으며, 별도의 기능이 없어 활용성이 제한적입니다. 이에 기존 임산부 배려 뱃지에 다양한 디지털 기능을 결합한 '임산부 스마트 배려 뱃지'？를 도입하여 임산부의 편의성과 안전성을 높이고, 사회적 배려 문화를 보다 실질적으로 확산시키고자 합니다.
첫 번째로, 기존 임산부 배려 뱃지에 신용카드 기능(NFC)？을 탑재하여 하나의 카드로 신분 확인과 결제를 동시에 수행할 수 있도록 합니다. 별도의 카드를 소지할 필요 없이 뱃지 하나만으로 일상생활에서 다양한 서비스를 이용할 수 있어 휴대성과 편의성이 크게 향상될 것으로 기대됩니다.
두 번째로, 제휴 가맹점이나 정부 지원 대상 업종에서 카드로 결제할 경우 임산부 대상 할인 혜택이 자동으로 적용되도록 합니다. 별도의 쿠폰이나 증빙서류를 제시하지 않아도 시스템에서 자동으로 대상 여부를 확인하여 할인이나 지원 혜택을 제공함으로써 이용자의 편의성을 높이고 행정 절차를 간소화할 수 있습니다.
세 번째로, 스마트 뱃지 분실 시에는 분실 신고와 동시에 카드 기능 및 뱃지 기능을 즉시 중지할 수 있도록 하며, 재발급된 뱃지만 정상적으로 사용할 수 있도록 관리 체계를 구축합니다. 이를 통해 개인정보를 보호하고 부정 사용을 예방하여 안전한 서비스 운영이 가능합니다.
네 번째로, 뱃지에는 임산부 의료 정보 QR코드를 제공합니다. 응급 상황 발생 시 의료진이나 보호자가 QR코드를 통해 혈액형, 임신 주수, 응급 연락처, 복용 중인 약물, 주의해야 할 질환 등 사전에 등록된 정보를 신속하게 확인할 수 있도록 합니다. 이를 통해 응급 대응 시간을 단축하고 보다 적절한 의료 서비스를 제공할 수 있습니다.
다섯 번째로, 버스 탑승 시 교통카드 기능을 이용하여 승차하면 차량 내 시스템과 연동되어 ""임산부가 탑승하였습니다. 배려석 양보에 협조 부탁드립니다.""？와 같은 안내 방송이 자동으로 송출되도록 합니다. 이를 통해 임산부가 직접 도움을 요청하지 않아도 자연스럽게 배려를 유도할 수 있으며, 사회적 인식 개선에도 기여할 것으로 기대됩니다.
여섯 번째로, 지하철 임산부 배려석에는 전용 태그존(Tag Zone)？을 설치합니다. 임산부가 배려석에 착석할 경우 스마트 뱃지를 태그하면 정상적으로 이용 중임을 인식하여 별도의 안내는 발생하지 않습니다. 반면, 배려석이 사용 중인 상태에서 태그 없이 착석한 경우에는 안내음 또는 안내 메시지를 통해 배려석 이용 안내를 제공할 수 있습니다. 다만, 배려석이 비어 있는 경우에는 불필요한 안내가 발생하지 않도록 하여 이용자의 불편을 최소화합니다.
이와 같은 임산부 스마트 배려 뱃지는 단순한 식별 수단을 넘어 결제, 복지 서비스, 응급 의료, 대중교통 이용 지원을 하나로 통합한 스마트 플랫폼으로 발전할 수 있습니다. 이를 통해 임산부의 이동 편의와 안전성을 높이는 것은 물론, 사회 전반에 임산부를 배려하는 문화를 자연스럽게 확산시키는 계기가 될 것으로 기대됩니다. 또한 향후 출산 지원 정책, 육아 지원 서비스, 공공시설 이용 혜택 등과도 연계하여 다양한 공공서비스를 제공하는 기반으로 활용할 수 있을 것입니다.",임신·난임·생식건강,임산부 건강·배려,임산부 건강관리·배려,임신·난임·생식건강,건강임신지원팀,02-2133-9492,저출생사업1팀 | 가족지원팀,1순위:건강임신지원팀 | 2순위:저출생사업1팀 | 3순위:가족지원팀,1,임산부 배려공간 조성,ㅇ 교통 약자인 임산부의 엘리베이터 안전사고 예방 및 배려문화 확산을 위해 엘리베이터 내?외부에 임산부 배려공간 조성(엠블럼 부착)   - 임산부를 위해 해당 공간을 비워두고 양보하는 사회 분위기 확산 유도 ㅇ 임산...,,,,https://idea.seoul.go.kr/front/freeSuggest/view.do?sn=202418
PROP-202389,2026-07-15,N,광진구,0.0,친환경 수열 에너지 및 빗물 순환 기술을 적용한 '[자양한강도서관] 유수지 복합 스포츠센터(아이스링크)' 건립 제안,"제안 배경:
관내 실내 빙상장 부족으로 인한 동호인 및 청소년 체육 환경 열악.
도심 기피 시설인 유수지 공간을 복개하여 주민 친화적 생활 SOC로 전환 필요.
기대 효과 (차별성):
부지 비용 '0원':
신규 토지 매입 없이 기존 시유지/구유지(유수지)를 활용해 수백억 원의 예산 절감.
친환경 에너지 모델:
빗물 정화수를 활용한 고품질 빙질 유지 및 하수/유수 수열 에너지를 이용한 냉동기 가동 (탄소중립 실현 및 운영비 혁신적 감축).",정보·상담·교육·거버넌스,정보 접근성,일반 출산정책 안건,정보·상담·교육·거버넌스,저출생사업1팀,02-2133-5027,생활지원팀,1순위:저출생사업1팀 | 2순위:생활지원팀,0,,,,,"TAG_REVIEW:현재 태그=정보·상담·교육·거버넌스, 태그 핵심어 약함 || TAG_REVIEW:현재 태그=정보·상담·교육·거버넌스, 태그 핵심어 약함",https://idea.seoul.go.kr/front/freeSuggest/view.do?sn=202389
PROP-202347,2026-07-09,N,미상,0.0,서울시 초등돌봄센터 일시돌봄 이용대상자 확대,"안녕하세요 수고 많으십니다.
서울시 내 초등돌봄센터가 긴급서비스에 해당하는 '일시돌봄' 또한
해당 초등학교 재학생만을 이용대상으로 제한하고 있습니다.
이에, 방학 중 '일시돌봄'의 경우 이용대상자를 해당 구민으로 확대할 것을 제안드립니다.
[이슈사항]
1. 서울덕수초등학교 돌봄센터의 경우 '23년 8월 8일 서울시 중부교육지원청-서울 중구청-서울덕수초등학교 간 체결한
업무협약서 제 4조에 의거 돌봄센터의 이용대상자를 덕수초 학생으로 제한함.
2. 다자녀 가구의 경우 개인 사정상, 한 아이는 덕수초등학교에 재학하고, 다른 아이는 타학교에 재학하는 경우가 있음.
3. 맞벌이 부부의 경우, 방학 중에 '일시돌봄' 형태로 해당 돌봄센터에 아이를 맡기려고 하나, 위와 같은 업무협약서 조항으로
인해 아이들을 각각 다른 돌봄센터에 맡겨야 하는 비합리적인 상황이 발생함.
4. 중구청 교육담당자 또한 상기 3 개 기관이 체결한 업무협약서에 의거하여 업무처리를 할 수밖에 없으므로,
해당 협약서의 조항 개정이 필요함.
[제안사항]
1. 해당 업무협약서 제 4조의 개정
- ""서울덕수초등학교 내 [중구형 초등돌봄교실]은 서울억수초등학교 학송 또는 중구민을 이용대상으로 한다""
2. 또는 '일시돌봄'의 경우 덕수초 재학생 또는 중구민을 이용 대상에 확대
[기타 참고사항]
1.
'일시돌봄'은 용어 그대로 일종의 '긴급'서비스이나, 중부교육지원청-중구청-덕수초 간 체결한 개별 협약서로 인해
서울시에서 마련한 좋은 제도의 취지가 활용되지 못하는 상황이 발생.
2. 해당 돌봄센터가 교내에 위치하고 있으므로, 학기 중에는 재학생을 대상으로 제한하는 것이 합리적이나,
방학 중 '일시돌봄'의 경우까지 이용대상을 제한하는 것은 비합리적임.",보육·돌봄 인프라,초등돌봄,초등돌봄·방과후,보육·돌봄 인프라,돌봄사업팀,02-2133-6560,저출생사업1팀,1순위:돌봄사업팀 | 2순위:저출생사업1팀,5,서울형 손주돌봄수당 지원(민간형) | 서울형 손주돌봄수당 지원(친인척형) | 서울형 아이돌봄비 지원 | 외국인 가사(육아)인력 시범사업 | 영아 전담 아이돌봄서비스,"영아를 키우는 가정에서 조부모(4촌 이내 친인척 포함)가 영아를 돌보는 경우 또는 서울시에서 지정한 민간기관의 손주돌봄 서비스를 이용 시 돌봄 비용을 지원(택1)하여 가정의 양육부담 경감 ① 친인척 조력자 손주돌봄수... | 영아를 키우는 가정에서 조부모(4촌 이내 친인척 포함)가 영아를 돌보는 경우 또는 서울시에서 지정한 민간기관의 손주돌봄 서비스를 이용 시 돌봄 비용을 지원(택1)하여 가정의 양육부담 경감 ① 친인척 조력자 손주돌봄수... | 영아를 키우는 가정에서 조부모(4촌 이내 친인척 포함)가 영아를 돌보는 경우 또는 서울시에서 지정한 민간기관의 아이돌봄서비스를 이용 시 돌봄 비용을 지원(택1)하여 가정의 양육부담 경감 ① 친인척 조력자 아이돌봄비 ... | 맞벌이 부부 등 ‘육아 조력자’의 도움이 절실한 자녀양육 가정에 외국인 육아도우미를 활용한 양육지원사업 도입 | 출산휴가, 육아휴직 후 복귀하는 맞벌이 가정을 지원하고자 영아 돌봄 교육을 이수한 전담 돌보미가 영아 이유식 먹이기, 젖병 소독 등 영아 특화 돌봄서비스 제공",,,,https://idea.seoul.go.kr/front/freeSuggest/view.do?sn=202347
PROP-202344,2026-07-08,N,미상,1.0,유아숲체험원 운영 용역사업 평가 개선 건의문,"“
유아숲체험원 운영 용역사업의 제안 평가는
영유아를 대상으로 하는
“
특정 대상
”
인 것 만큼
,
‘
잘 만든 제안서
’
가 아니라
,
영유아의 발달 특성과 안전을 실제 구현할 수 있는
열심하는 유아숲지도사의 숲 현장 노력과
전문성 중심
으로
재편되어야 합니다
.”",정보·상담·교육·거버넌스,정보 접근성,일반 출산정책 안건,정보·상담·교육·거버넌스,저출생사업1팀,02-2133-5021,가족건강팀,1순위:저출생사업1팀 | 2순위:가족건강팀,0,,,,,"TAG_REVIEW:현재 태그=정보·상담·교육·거버넌스, 태그 핵심어 약함 || TAG_REVIEW:현재 태그=정보·상담·교육·거버넌스, 태그 핵심어 약함",https://idea.seoul.go.kr/front/freeSuggest/view.do?sn=202344
PROP-202286,2026-06-29,N,미상,0.0,저출산 고령화 문제에 관한 제안,"280조를 쓰고도 출산율이 폭락한 진짜 이유: '재생산 노동의 파업'
？？ 작성 취지
정부는 지난 18년간 280조 원이라는 막대한 예산을 투입했지만, 대한민국은 합계출산율 0.72명(서울 0.55명)이라는 사상 초유의 인구 소멸 위기에 직면해 있습니다. 본 글은 현금 지급이나 어린이집 확충 같은
'임시방편성 증상 치료' 중심의 기존 정책 한계를 지적
하고, 아이를 낳고 키우는
'재생산 노동'이 사회적으로 무가치하게 여겨지는 구조적 모순을 폭로
하고자 작성되었습니다. 저출산의 본질은 비용의 문제가 아니라, 합리적인 개인들이 선택한 '구조적 파업'임을 알리고 인식의 대전환을 촉구하기 위함입니다.
충격적인 대한민국의 현실:
2023년 합계출산율 0.72명(OECD 평균 1.5명의 절반 이하). 이 추세라면 2100년 대한민국 인구는 현재의 절반인 2,400만 명으로 급감합니다.
역대 정부 정책의 반복된 실패:
노무현 정부부터 윤석열 정부까지 출산장려금, 무상보육, 아동수당, 부모급여 등 끊임없이 돈을 쏟아부었으나 출산율은 매년 역대 최저치를 경신했습니다.
돈을 줘도 안 낳는 진짜 이유:
생산 노동 VS 재생산 노동:
우리 사회는 직장에서 돈을 버는 '생산 노동'만 가치 있게 여기고, 아이를 키우는 '재생산 노동'은 무임금·무인정의 영역으로 방치했습니다.
경력 단절과 독박 부담:
아이를 키우는 행위가 개인에게는 '경력 공백', '연금 공백' 등 철저한 손해로 돌아오는 구조입니다. 몇백만 원의 지원금으로는 십수 년간 이어지는 육아 노동의 기회비용을 절대 보상할 수 없습니다.
결론:
지금의 저출산 현상은 단순한 인구 감소가 아닙니다. 자본주의 역사 속에서 오랜 시간 무상으로 착취당해 온 '재생산 노동(육아·가사)이 드디어 파업을 선언한 결과'입니다.
？？
저출산·고령화의 진짜 해법 【시리즈 1편】",출산·산후 초기지원,출산가구 초기지원,출산지원금·출생축하,출산·산후 초기지원,가족건강팀,02-2133-9485,,1순위:가족건강팀,5,서울형 육아휴직장려금(사업종료) | 서울형 육아휴직장려금 | 서울시 중소기업 워라밸 포인트제 | 서울형 新일?생활 균형 3종 패키지 | 서울형 일?생활 균형 3종 패키지,"○ 자녀 1인당 최대 120만원 지원 - 육아휴직기간 연속 6개월 시 60만원, 연속 12개월 경과 시 60만원 추가지급 ※ 부?모 모두 육아휴직 시 각각 지급 (자녀 1인에 대해 가구당 최대 240만원 지급) | ○ 자녀 1인당 최대 120만원 지원 - 육아휴직기간 연속 6개월 시 60만원, 연속 12개월 경과 시 60만원 추가지급 ※ 부?모 모두 육아휴직 시 각각 지급 (자녀 1인에 대해 가구당 최대 240만원 지급) | 양육친화 및 일?생활 균형을 위한 중소기업의 다양한 노력을 인정하고 중소기업이 아이 키우기 좋은 기업으로 성장할 수 있도록 지원하는 사업 ① 양육친화 및 일?생활 균형 실적에 따른 포인트 적립 ② 적립 포인트에 따른... | 양육 친화 기업문화 조성을 위해 서울형 新 일?생활 균형 3종 패키지를 시행함으로써 초저출생 위기 극복 및 일?생활 균형 문화 확산 ? 배우자 출산휴가 의무제(10일) ? 육아휴직 사용 활성화 ? 육아기 근로시간 단... | 양육 친화 기업문화 조성을 위해 서울형 일?생활 균형 3종 패키지를 시행함으로써 초저출생 위기 극복 및 일?생활 균형 문화 확산 ? 배우자 출산휴가 의무제(10일) ? 육아휴직 사용 활성화 ? 육아기 근로시간 단축 ...",,,,https://idea.seoul.go.kr/front/freeSuggest/view.do?sn=202286
PROP-202264,2026-06-26,N,미상,0.0,[BTF푸른나무재단] 아이들이 안전한 학교를 위한 학교폭력 예방 및 대응 정책 제안서 전달,"서울시장 당선인님께
안녕하십니까
.
BTF
푸른나무재단입니다
.
먼저 제
9
회 전국동시지방선거 지방자치단체장 당선을 진심으로 축하드립니다
.
BTF
푸른나무재단은
1995
년 학교폭력 피해로 아들을 잃은 아버지의 간절한 염원에서 시작되어
,
지난
30
년간 학교폭력 예방과 피해학생 치유
,
정책 제안과 사회변화 활동을 이어온 비영리공익법인입니다
.
지금 학교폭력은 다시 중요한 전환점에 놓여 있습니다
.
학교폭력의 저연령화
,
반복 피해
·
가해 증가
,
도움요청 감소
,
침묵과 방관의 확대는 학교가 아이들에게 충분히 안전한 공간인지 다시 묻게 하고 있습니다
.
학교폭력 대응은 더 이상 사건 발생 이후의 처리에만 머물 수 없습니다
.
예방
,
조기 발견
,
피해학생 보호와 회복
,
가해학생의 책임 있는 변화
,
학교와 지역사회의 연계가 함께 작동해야 합니다
.
이에
BTF
푸른나무재단은 당선인님의 취임 이후
지역사회에서
학교폭력 예방 및 대응 과제가 주요하게 반영될 수 있도록
「
제
9
회 지방선거 지방자치단체장 당선인에게 전하는 학교폭력 예방 및 대응 정책 제안서
」
를 전달드립니다
.
이번 제안서에는 다음의
3
대 정책 방향을 담았습니다
.
<
지방자치단체장 후보자께 제안드리는
3
대 공약
>
1.
학교폭력 대응이 작동하는 지역 책임체계를 마련해야 합니다
.
2.
아동
·
청소년의 마음건강을 위한 지역 인프라를 확충해야 합니다
.
3.
학교폭력이 지역사회 갈등의 씨앗이 되지 않도록 예방해야 합니다
.
아이들이 안심하고 배우며 성장할 수 있는 학교를 만드는 일은 더 이상 미룰 수 없는 과제입니다
.
당선인님께서 속한
지역사회 내에서 학교폭력 예방
·
대응 체계가 보다 구체적이고 지속 가능한 정책으로 이어질 수 있도록 깊은 관심과 검토를 부탁드립니다
.
첨부드리는 정책 제안서를 확인해 주시고 적극적 검토를 부탁드립니다
.
감사합니다
.
BTF
푸른나무재단 드림
붙임
. [BTF
푸른나무재단
]
제
9
회 전국동시지방선거 지방자치단체장 당선인에게 전하는 학교폭력 예방 및 대응 정책 제안서
1
부
.
끝
.
BTF
푸른나무재단 홈페이지
: https://btf.or.kr/
BTF
푸른나무재단 설립 스토리
: https://youtu.be/hdrJ5OaeUFY?si=vT_-efrAbET6hhnH
☎
BTF
푸른나무재단 학교폭력문제연구소
) 02-598-1640",정보·상담·교육·거버넌스,정보 접근성,일반 출산정책 안건,정보·상담·교육·거버넌스,저출생사업1팀,02-2133-5027,가족건강팀,1순위:저출생사업1팀 | 2순위:가족건강팀,0,,,,,"TAG_REVIEW:현재 태그=정보·상담·교육·거버넌스, 태그 핵심어 약함 || TAG_REVIEW:현재 태그=정보·상담·교육·거버넌스, 태그 핵심어 약함",https://idea.seoul.go.kr/front/freeSuggest/view.do?sn=202264
PROP-202259,2026-06-25,N,미상,0.0,청년 주거안정 및 다자녀 가구 주거이동 지원을 위한 소규모 오피스텔 공공매입 제도 개선 건의,"저는 3명의 자녀를 양육하고 있는 다자녀 가구의 엄마 입니다.
현재 다자녀 가구의 성장에 따른 주거 확장을 위해 주거 이동을 간절히 희망하고 있으나, 보유 중인 소형 오피스텔 1실의 극심한 환금성 저하로 인해 자금이 묶여 심각한 주거 이동의 제한을 겪고 있습니다.

보유 현황:
A주택(아파트): 서울 구로구 소재, 2008년 취득 후 10년 이상 실거주함. 현재는 5인 가족이 거주하기에 공간이 협소하여 전세를 주고 타 지역 임차 거주 중.
B오피스텔(준주택): 서울 금천구 소재 소형 오피스텔(전용면적 20.11㎡, 2022년 4월 사용승인). 
현재 청년 세입자에게 임대 중.

문제 상황: 자녀들의 성장에 맞추어 안정적인 실거주 주택으로 이주하고자 보유 중인 소형 오피스텔을 수년간 매각하려 노력하였으나, 장기 거래 절벽으로 인해 처분이 불가능한 상황입니다. 이에 따라 지속적인 세금 및 관리비 부담은 물론, 다자녀 가구의 주거 상향 이동이 완전히 차단되어 있습니다.

서민들의 전세 주거비 부담 완화를 위해 공공매입임대 사업의 중요성이 커지고 있음에도 불구하고, 현재 SH공사와 LH공사의 매입 기준은 공급자(건설사) 중심의 대량 매입에만 치중되어 있어 개인 소유의 소규모 자원은 원천적으로 배제되어 있습니다.
SH공사 기준의 한계: 2026년 매입 공고 기준 '사용승인일 2023.1.1. 이후', '호별 전용면적 23㎥~85㎥ 요건을 요구합니다. 본인이 보유한 오피스텔은 준공령(2022년 4월)과 전용면적(20.11㎡) 조건이 미달하여 신청조차 불가능합니다.
LH공사 기준의 한계: '동일 소유자가 10세대 이상 일괄 매도'할 때만 부분매입 신청을 받아, 개인이 생계나 주거 이동을 위해 보유한 1호 가구는 매입 대상에서 제외됩니다.
이처럼 현행 제도는 서민·청년 1인 가구에게 즉시 공급 가능한 양질의 소형 오피스텔이 엄연히 존재함에도, 행정 편의적인 연식·면적·수량 규제에 가로막혀 민간의 우수한 주거 자원을 사장시키고 있습니다.

이에 다음과 같이 제도 개선을 건의드립니다.

정부가 추진하는 '저출생 극복'과 '청년 주거 안정'이라는 핵심 가치를 실현하기 위해 아래와 같이 실효성 있는 제도 개선을 강력히 건의합니다.

첫째, 개인 보유 1호 소규모 오피스텔의 공공매입 허용다주택 투기 세력과의 차별성을 기하기 위해, 개인이 보유한 1호 수준의 소형 오피스텔에 한해서는 10세대 이상 일괄 매도 등의 수량 제한을 폐지하고 개별 매입 검토 대상에 포함해 주십시오.

둘째, 청년 주거용 소형 오피스텔 매입 기준 현실화 (면적 및 연식 완화)대학생, 사회초년생, 청년 1인 가구가 실제 선호하고 거주 가능한 전용 20.11㎡ 내외의 소형 오피스텔에 대해, 보존 상태가 양호하다면 준공 3~5년 이내의 물건까지 공공매입 대상을 확대하여 임대주택 자원으로 즉시 활용해 주십시오.

셋째, 다자녀 가구 및 장기 실거주자 보유 자산에 대한 우대 대책 마련 저출생 대책의 일환으로, 다자녀 가구이거나 10년 이상 장기 실거주 주택을 보유한 가구가 생애주기상 주거 이동(확장)을 위해 소형 준주택 처분을 희망할 경우, 이를 우선 매입하거나 지원하는 별도의 트랙을 신설해 주십시오.

개인 소유 소형 오피스텔의 공공매입 제도가 개선된다면 다음과 같은 정책적 시너지가 기대됩니다.

청년 주거 안정: 도심 역세권 등에 위치한 소형 오피스텔을 공공이 흡수하여 청년·사회초년생에게 저렴하게 신속 공급할 수 있습니다.

출산율 제고 및 주거 상향 지원: 묶여 있던 자산의 선순환을 통해 다자녀 가구가 보다 넓고 쾌적한 주거 환경으로 이동할 수 있는 실질적인 사다리가 마련됩니다.

국민의 양육 현실과 자산 시장의 고충을 깊이 헤아려 주시어, 한정된 공공 자원이 가장 필요한 곳에 유연하게 쓰일 수 있도록 현행 매입 임대 제도의 지침을 전향적으로 개정해 주시기를 간곡히 부탁드립니다.

국민의 실제 주거 현실을 반영하여 소규모 오피스텔 공공매입 제도 개선을 다시 한번 적극 검토하여 주시기를 부탁드립니다.",주거·교통·도시생활환경,출산가구 주거,신혼부부·출산가구 주거지원,주거·교통·도시생활환경,저출생사업1팀,02-2133-5025,,1순위:저출생사업1팀,2,자녀출산 무주택가구 주거비 지원 | 주거급여 (맞춤형 급여) 취약계층 지원,월 최대 30만원(2년간 최대 720만원) 주거비 지원 | (소득인정액이 기준 중위소득 48% 이내의 가구/ 타인의 주택 등에 거주하면서 임대차 계약 등을 체결하고 임차료를 지불하는 자에게 지역별 기준임대료를 상한으로 실제 임차료(월임차료+보증금 환산액) 지원ㆍ3급지(광역시...,,,,https://idea.seoul.go.kr/front/freeSuggest/view.do?sn=202259
PROP-202234,2026-06-23,N,미상,1.0,"초등학생 저녁식사 지원 서비스(키움센터 활용, 사전 예약 기반, 일부 비용 지급)","초등학생 저녁식사 지원 서비스(키움센터 활용, 사전 예약 기반, 일부 비용 지급)",보육·돌봄 인프라,초등돌봄,초등돌봄·방과후,보육·돌봄 인프라,돌봄사업팀,02-2133-6560,,1순위:돌봄사업팀,0,,,,,,https://idea.seoul.go.kr/front/freeSuggest/view.do?sn=202234
PROP-202224,2026-06-20,N,미상,0.0,서울형 키즈카페의 행정 편의주의적 운영 규정 개선 및 다자녀 가구 역차별 해소 촉구,"안녕하십니까. 서울시민이자 두 아이(2020년생, 2025년생)를 키우고 있는 다자녀 가구 가정입니다. 최근 금천구 지역에 '서울형 키즈카페 3호점'가 새로 오픈했다는 소식을 듣고 큰 기대를 품고 이용을 문의했으나, 도저히 상식적으로 납득할 수 없는 운영 규정과 행정 편의주의 때문에 깊은 실망과 분노를 느껴 이를 시정하고자 민원을 제기합니다.
현재 해당 시설은 2018년생부터 2023년생까지를 이용 대상으로 제한하고 있습니다. 저희 가정은 다자녀 가구 기준을 충족하여 입장 자체는 가능하다고 안내받았으나,
2025
년생인
둘째
아이의
경우
시설
내
놀이
공간을
전혀
이용할
수
없으며
오직
'
쉼터
'
공간에만
격리되어
있어야
한다는 답변을 받았습니다. 게다가 이를 보완해 줄 돌봄
서비스조차
평일에만
운영되고
,
정작
가족
방문이
집중되는
주말에는
운영하지
않는다고 합니다.
이러한 규정은 현실적인 돌봄 환경을 전혀 고려하지 않은 전형적인 '탁상행정'이자 '시민 불편 전가'입니다. 본 민원인이 강력하게 항의하는 핵심 이유는 다음과 같습니다.
1.
보호자
2
명이
동행하는
돌봄
상황에
대한
전면적
무시
아이가 한 명이라면 안전을 이유로 통제하는 것을 일부 이해할 수 있습니다. 하지만 저희 가정은 부모
두
명이
모두
동행합니다. 즉, 엄마와 아빠 각각 첫째(20년생)와 둘째(25년생)를 1:1로 전담 마크하며 밀착 케어할 수 있는 완벽한 돌봄 조건입니다. 그럼에도 불구하고 ""규정이 그러니까 무조건 쉼터에만 앉아 있으라""고 제한하는 것은 부모의 보호 역량과 구체적인 동행 상황을 완전히 무시한 처사입니다.
2.
주말
돌봄
서비스
부재
:
누구를
위한
공공시설입니까
?
백번 양보하여 시설 내 안전 규정 때문에 연령 제한이 엄격하다면, 영유아 동반 다자녀 가정을 위한 돌봄 서비스 같은 보완책이 주말에 정상적으로 작동해야 합니다. 직장인 부모들이 주로 주말에 키즈카페를 찾는다는 가장 기본적인 이용자 패턴조차 파악하지 못한 채, 주말 돌봄을 닫아두는 것은 **'공무원과 운영 주체의 근무 편의'**에 맞춘 주객전도 행정입니다. 결국 첫째가 노는 몇 시간 동안 둘째 아이와 한 쪽 부모는 쉼터 구석에 가만히 갇혀 방치되어 있어야 합니까?
3.
말뿐인
다자녀
우대
정책
,
실질적인
가구
역차별
서울시는 저출생 극복을 외치며 다자녀 가정을 우대하겠다고 홍보하고 있습니다. 하지만 정작 시가 운영하는 시설에서는 연령이 다른 다자녀를 둔 가정이 다 함께 방문했을 때, 한쪽 아이는 방치되거나 격리되어야 하는 구조입니다. 첫째를 놀리기 위해 둘째와 부모 중 한 명이 주말에 쉼터에 갇혀 있어야 한다면, 이것이 어떻게 다자녀 가정을 위한 복지 시설입니까? 오히려 다자녀 가정이라는 이유로 이용에 고통을 분담하라는 역차별과 다름없습니다.
[
요구
사항
]
보호자가
2
인
이상
동행하여
1:1
전담
마크가
가능한
가구에
한해서는
,
기준
연령
미만
영유아라도
보호자
밀착
동반
하에
놀이
공간을
제한적으로나마
이용할
수
있도록
예외
규정을
즉각
신설해
주십시오
.
자녀
간
연령
차이가
나는
다자녀
가구의
주말
이용권을
보장하기
위해
,
주말에도
영유아
돌봄
서비스를
즉각
확대
운영해
주십시오
.
향후 서울형 키즈카페 설계 및 운영 시, 다자녀 가구의 다양한 자녀 연령대를 포용할 수 있는 영유아 전용 안전 공간(형제·자매 동반 입장객을 위한 베이비존 등)을 의무적으로 마련해 주십시오.
저출생 시대에 아이 기르기 좋은 서울을 만들겠다는 슬로건이 허울에 그치지 않도록, 본 다자녀 가구 역차별 규정을 조속히 검토하고 현실적인 방향으로 개선해 주시기 바랍니다. 성의 있는 답변과 구체적인 개선 조치를 기다리겠습니다.",다자녀·양육비·생활지원,다자녀 혜택,다자녀 기준·할인·감면,다자녀·양육비·생활지원,저출생사업1팀,02-2133-5021,,1순위:저출생사업1팀,5,서울형 육아휴직장려금 | 서울형 육아휴직장려금(사업종료) | 1인 자영업자 등 배우자 출산휴가급여 지원 | 서울형 손주돌봄수당 지원(민간형) | 서울형 손주돌봄수당 지원(친인척형),"○ 자녀 1인당 최대 120만원 지원 - 육아휴직기간 연속 6개월 시 60만원, 연속 12개월 경과 시 60만원 추가지급 ※ 부?모 모두 육아휴직 시 각각 지급 (자녀 1인에 대해 가구당 최대 240만원 지급) | ○ 자녀 1인당 최대 120만원 지원 - 육아휴직기간 연속 6개월 시 60만원, 연속 12개월 경과 시 60만원 추가지급 ※ 부?모 모두 육아휴직 시 각각 지급 (자녀 1인에 대해 가구당 최대 240만원 지급) | 1인 자영업자 등에 배우자(남편) 출산휴가급여 최대 120만원(15일분) 지원 (2026.1.1. 기준 출생아부터 적용) - 2025년 출생아는 최대 80만원(10일분) 지원 ㅇ 지원대상에 대한 자격요건 완화(202... | 영아를 키우는 가정에서 조부모(4촌 이내 친인척 포함)가 영아를 돌보는 경우 또는 서울시에서 지정한 민간기관의 손주돌봄 서비스를 이용 시 돌봄 비용을 지원(택1)하여 가정의 양육부담 경감 ① 친인척 조력자 손주돌봄수... | 영아를 키우는 가정에서 조부모(4촌 이내 친인척 포함)가 영아를 돌보는 경우 또는 서울시에서 지정한 민간기관의 손주돌봄 서비스를 이용 시 돌봄 비용을 지원(택1)하여 가정의 양육부담 경감 ① 친인척 조력자 손주돌봄수...",,,,https://idea.seoul.go.kr/front/freeSuggest/view.do?sn=202224
PROP-202208,2026-06-19,N,미상,28.0,대중교통 임산부 배려석 뱃지 태그 시스템 도입,대중교통 임산부 배려석 뱃지 태그 시스템 도입,임신·난임·생식건강,임산부 건강·배려,임산부 건강관리·배려,임신·난임·생식건강,건강임신지원팀,02-2133-9491,저출생사업1팀 | 생활지원팀,1순위:건강임신지원팀 | 2순위:저출생사업1팀 | 3순위:생활지원팀,1,임산부 배려공간 조성,ㅇ 교통 약자인 임산부의 엘리베이터 안전사고 예방 및 배려문화 확산을 위해 엘리베이터 내?외부에 임산부 배려공간 조성(엠블럼 부착)   - 임산부를 위해 해당 공간을 비워두고 양보하는 사회 분위기 확산 유도 ㅇ 임산...,,,,https://idea.seoul.go.kr/front/freeSuggest/view.do?sn=202208
PROP-202191,2026-06-17,N,미상,0.0,지역아동센터앞 교통안전을 위해서 붉은색으로 도로 안전구역 표시 부탁드립니다.,"안녕하세요.방과후교실에서 2026년 3월에 지역아동센터로 전환된 영성지역 아동센터 입니다.
도로가 급경사를 이룬곳도 많으며 이동 차량도 많습니다.
또한 우리센터 기준으로 100m 아래로 어린이집, 100m위쪽으로 청운복지관 노인시설,아동시설이 위치해 있습니다.
현재 도로에는 30km과 방지턱이 있으나 운전자들이 인지하기엔 다소 미흡니다.
그리고 주택가 인근이라서 주차된 차량으로 많이 표지판등이 가리워 졌습니다.그래서 6월초경 저희 센터 앞쪽에서 아동이
반대편쪽 엄마를 보고 톡 튀어 나가 사고가 났다는 소식을 들어, 우리에게도 일어날수 있다는 생각이 들어 아이들의 안전를 위해 서울시에서 도로에어린이 안전구역임을 표지해 주시기를 간절히 요청 합니다.꼭 부탁드립니다.",정보·상담·교육·거버넌스,정보 접근성,일반 출산정책 안건,정보·상담·교육·거버넌스,저출생사업1팀,02-2133-5027,생활지원팀,1순위:저출생사업1팀 | 2순위:생활지원팀,0,,,,,"TAG_REVIEW:현재 태그=정보·상담·교육·거버넌스, 태그 핵심어 약함 || TAG_REVIEW:현재 태그=정보·상담·교육·거버넌스, 태그 핵심어 약함",https://idea.seoul.go.kr/front/freeSuggest/view.do?sn=202191
PROP-202145,2026-06-10,N,미상,0.0,임산부 배려 뱃지 배포,"이미 서울 지하철은 임산부 뱃지, 임산부 배려석 제도를 통해 임산부들을 배려하는 정책을 시행하고 있습니다.
다만, 이를 강제할 수 없기에 출퇴근 시간에 임산부들이 서서 가는 것을 많이 목격하고, 가끔은 아예 승차를 포기하는 사람도 목격하곤 합니다. 한 아이의 아버지로서 얼마나 힘든 일인지 알기에 보일 때마다 자리를 양보하고 있습니다.
임산부들이 임산부 배려석에 앉아 있는 사람들에게 비켜달라고 할 권리가 없기에, “나는 임산부에게 자리를 양보할 의향이 있다.” 는 의미의 ‘임산부 배려 뱃지’를 시행해서 해당 뱃지를 달고 있는 사람에게 배려받을 수 있도록 하면 어떨까 싶습니다.
스스로 배려하길 원하는 사람들만 달고 다니게 될 것이므로 부정적인 제도라는 시선은 없을 것으로 예상합니다.
열차 내에 별도의 투자없이도 임산부의 편의에 보탬이 될 방안 중 하나가 되지 않을까 싶습니다.",임신·난임·생식건강,임산부 건강·배려,임산부 건강관리·배려,임신·난임·생식건강,건강임신지원팀,02-2133-9491,가족지원팀 | 저출생사업1팀,1순위:건강임신지원팀 | 2순위:가족지원팀 | 3순위:저출생사업1팀,1,임산부 배려공간 조성,ㅇ 교통 약자인 임산부의 엘리베이터 안전사고 예방 및 배려문화 확산을 위해 엘리베이터 내?외부에 임산부 배려공간 조성(엠블럼 부착)   - 임산부를 위해 해당 공간을 비워두고 양보하는 사회 분위기 확산 유도 ㅇ 임산...,,,,https://idea.seoul.go.kr/front/freeSuggest/view.do?sn=202145
PROP-202127,2026-06-08,N,미상,0.0,서울시 신혼부부 이자지원 사업,"좋은 사람을 만나 이번에 결혼을 앞둔 청년이자, 예비 신랑입니다.
2030세대는 부동산 정책 관련 관심이 가장 많고, 저 또한 그렇습니다.
정부와 지자체 사업 중 가장 현실적이고, 지원도 합리적인 서울시 신혼부부 이자지원 사업을 알게 됐습니다.
하지만, 이 정책에 다소 아쉬운 점이 있습니다.
최초 대출 신청 1회 금액이 고정으로, 이사 및 갱신 계약 시 연장 및 추가 이용이 어려운 점입니디.
최초 1회 신청 이후 한도 내 추가 이용이 어렵다보니, 신혼부부 입장에서는 저축을 해야하는 시기에 대출한도에 대한 고민으로 최대 대출한도에 맞춰 신청을 반강제적으로 하는 경우가 발생하고, 이에 따라 불필여한 대출 이자 부담을 지게 됩디다.
이를 해결하기 위해 정책 보완으로 1회에 한해 대출한도 내 추가 신청이 가능하도록 하여 신혼부부 기간 6년 내 주거 부담 완화로 보다 많은 사람이 사업을 활용할 수 있는 평등한 서울시가 되면 좋겠습니다",주거·교통·도시생활환경,출산가구 주거,신혼부부·출산가구 주거지원,주거·교통·도시생활환경,저출생사업1팀,02-2133-5027,가족지원팀,1순위:저출생사업1팀 | 2순위:가족지원팀,4,신혼부부 결혼ㆍ살림비용 지원 | 신혼희망타운 | 신혼부부 전용 주택 구입 자금 대출 | 신혼부부 임차보증금 이자 지원,"ㅇ 결혼ㆍ살림 비용 최대 100만원 지원    - 결혼준비 및 혼인살림 장만 관련 비용 지출    ※ 생애 1회 지급   ? 결혼준비 : 혼수, 예식장, 신혼여행, 청첩장 등    ? 혼인살림 : 전자제품, 주방가전... | 신혼희망타운 분양?임대주택 공급 및 청약 자격 제공 | 연 2.55~3.85% 금리로 주택구입 자금 대출, 최대 3억 2천만 원 한도 | - 임차보증금 대출금: 최대 3억원(임차보증금의 90% 이내) - 이자지원 금리: 최대 4.5% - 지원기간: 최장 10년(25.11.20. 부터 최장 12년) ※ 자세한 사항은 서울주거포털 공고문 참조",,,,https://idea.seoul.go.kr/front/freeSuggest/view.do?sn=202127
PROP-202117,2026-06-07,N,광진구,0.0,타 지자체 거주 다자녀 가구의 공영주차장 이용 감면 및 주차난 해소를 위한 정책 개선을 건의합니다.,"안녕하십니까. 저는 부천시에 거주하며 개봉동에 계신 부모님 댁을 자주 방문하는 두 아이의 부모입니다. 아이들을 데리고 서울을 방문할 때마다 겪는 주차난과 그로 인한 제도적 소외감에 대해 건의하고자 글을 올립니다.
연로하신 부모님을 뵙기 위해 친가에 방문할 때마다 주차 공간을 찾지 못해 먼 거리의 근린공원시장 공영주차장에 차를 대고 아이들과 긴 거리를 이동해야 합니다.동네는 오래된 구도심 주택가라 주차구역이 거의 없다시피 합니다.
한번은 주차할 곳을 끝내 찾지 못해, 부득이하게 통행에 전혀 방해가 되지 않는 한적한 보도블럭 가장자리에 잠시 주차한 적이 있습니다. 당시 비가 내리는 날이었는데, 차가 견인되어 견인보관소를 찾아가야만 했습니다. 한 손으로는 우산을 받쳐 아이 둘을 겨우 씌우고, 다른 한 손으로는 두 아이의 손을 꼭 잡고 빗속을 걸어 보관소까지 향했던 그날의 기억은 지금도 무척 안타깝고 막막한 기억으로 남아 있습니다. 다자녀 가정으로서 가족을 만나러 가는 길조차 주차 문제로 인해 큰 고통을 겪어야 하는 현실이 매우 가슴 아팠습니다.
물론 주차 질서를 지켜야 한다는 점은 잘 알고 있습니다. 하지만 아이를 동반한 다자녀 가구에게 주차는 단순히 편의의 문제가 아니라 '안전'과 '생존'의 문제입니다. 특히 타 지자체에 거주한다는 이유로 서울시 공영주차장 감면 혜택에서 배제되는 것은, 아이를 키우며 지자체 간의 경계로 인해 정책적 소외를 느끼게 하는 큰 장벽입니다.
이에 다음과 같은 정책 개선을 간곡히 건의드립니다.
지자체 간 다자녀 혜택 상호 인정:
타 지자체 거주 다자녀 가정이라도 증빙 시 서울시 공영주차장 이용 시 감면 혜택을 받을 수 있도록 제도적 보완을 부탁드립니다.
다자녀 가정 방문 차량에 대한 배려:
인구 절벽 시대에 다자녀 가구의 이동 편의와 안전을 보장하는 것은 국가적 과제입니다. 서울시 내 전통시장이나 부모님 댁 방문 시 주차 인프라를 더 유연하게 활용할 수 있도록 정책적 검토를 바랍니다.
저와 같은 다자녀 가정이 더는 아이들의 손을 잡고 빗속에서 고생하지 않도록, 실질적이고 유연한 주차 정책을 마련해 주시기를 진심으로 희망합니다.",다자녀·양육비·생활지원,다자녀 혜택,다자녀 기준·할인·감면,다자녀·양육비·생활지원,저출생사업1팀,02-2133-5027,가족지원팀,1순위:저출생사업1팀 | 2순위:가족지원팀,0,,,,,,https://idea.seoul.go.kr/front/freeSuggest/view.do?sn=202117
PROP-202113,2026-06-05,N,미상,1.0,영유아쉼터나 유아휴게실,"안녕하세요
1세아이를 키우고 있는 부모입니다.
제가 현재 아이를 키우면서 느끼는 점을 말씀드리겠습니다.
이제서야 아기가 걸음마를 시작해서 외출을 하고있는데
여태까지 서울에 돌아다니면서 느낀점을 얘기하고 이런부분이 정책이나 서비스에 반영되었으면 하는 바램으로 글을 작성하고있습니다.
무엇보다 서울시내에 영유아 휴게실이나 수유시설, 심지어 기저귀 갈곳도 없는 장소와 시설 및 공간이 많습니다.
저출산고량화사회라고 20년을 넘게 다양한 정책과 제도가 있는 것으로 알고있지만
실질적으로는 이용하기에 턱없이 부족한 정보와 서비스가 존재하네요
큰 용기내서( 아이와 나가려면 엄청난 짐이 있습니다)지난주에 서울 시청과 근처 광화문부터 종각까지 유모차를 가지고 아이와 산책을 했습니다.
그러나 생각보다 더운 더위때문에 영유아를 데리고 다니기에는 힘들었습니다. 중간에 기저귀 갈곳도 마땅치 않아서 광화문 6번출구 앞에 있는 관광정보를 제공하시는 분께 기저귀 갈곳을 말씀드렸었습니다. 그러나 1번출구쪽에있다는 명확하지 않은 답변과, 그 더위에 계단과 엘레베이터의 동선도 고려한 결과, 거기까지 갈 엄두가 나지 못해서 포기해야했습니다.
이제 집에가야겠다는 생각을 가지고 그래도 청계천이라도 보여주고 가야겠다 싶어서, 청계천을 내려가려고했지만 바로 마주한 계단들이 아차 싶었습니다.
그래서 아이를 안고 유모차를 들고 내려가야했습니다.
중간쯤 갔을때 무장애길이 있다는 것을 알았고,  영풍문고인가 책을 움반하는 분에게 물어보니 알려주셨습니다. 당연히 청계천길쪽에 표식이나 표지판도 없었습니다. 저희아기는 그날 그나마 간식을 먹는 정도여서 휴게실을 가지않아도 되었지만, 갑작스럽게 아기가 식사를 하거나 수유를 하게되는 상황에 있는 아기들은 당황하지 않을수가 없을것입니다.
이렇게 전반적으로 영유아 가족을 위한 시설정보가 너무 부족하다고 생각합니다.
다른부분은 뒤로 하더라도 서울시내에 곳곳에 큰 표시로 깨끗한 유아휴게실이 생겼으면 하는 바램입니다.
장소나 공간이 없다면 관광정보센터 옆이라고 공간을 내어서 마련하면 좋을것같습니다. 제발 시내에 1층이나 건물 1층에 현실적으로 존재하는 곳이었으면합니다.
왜냐하면 아이를 데리고 지하 유아휴게실이나 수유실을 미로찾기하듯 가기에는 체력적으로 엄두가 나질 않기 때문입니다.
우리나라는 현재 저출산이죠. 그리고 아이들은 미래의 희망이라고 생각합니다. 저포함 아이들을 양육하는 부모들에게 든든한 지원군이 되는 서울시가 되었으면합니다.
아이를 키우기전엔 종로나 광화문을 정말 자주갔었는데 생각하지 못했던 부분들이 아이를 키우면서 부족한 부분이 현실적으로 와닿아서 글을 작성하였습니다.
꼭 이루어졌으면합니다.",보육·돌봄 인프라,아동 놀이·체험공간,공공키즈카페·수유실·유아휴게실,보육·돌봄 인프라,돌봄사업팀,02-2133-6560,가족지원팀 | 저출생사업1팀,1순위:돌봄사업팀 | 2순위:가족지원팀 | 3순위:저출생사업1팀,0,,,,,,https://idea.seoul.go.kr/front/freeSuggest/view.do?sn=202113
PROP-202095,2026-06-04,N,미상,0.0,지하철 임산부석에 임산부 아닌 사람들이 앉지 못하도록 하는 공공 디자인 제안,지하철 임산부석에 임산부 아닌 사람들이 앉지 못하도록 하는 공공 디자인 제안,임신·난임·생식건강,임산부 건강·배려,임산부 건강관리·배려,임신·난임·생식건강,건강임신지원팀,02-2133-9492,저출생사업1팀 | 가족지원팀,1순위:건강임신지원팀 | 2순위:저출생사업1팀 | 3순위:가족지원팀,1,임산부 배려공간 조성,ㅇ 교통 약자인 임산부의 엘리베이터 안전사고 예방 및 배려문화 확산을 위해 엘리베이터 내?외부에 임산부 배려공간 조성(엠블럼 부착)   - 임산부를 위해 해당 공간을 비워두고 양보하는 사회 분위기 확산 유도 ㅇ 임산...,,,,https://idea.seoul.go.kr/front/freeSuggest/view.do?sn=202095
PROP-202066,2026-05-27,N,미상,1.0,신생아 특례대출 기간 늘려주세요,"안녕하세요~ 서울에서 전세살이로 두아이를 낳으며 살다가 집주인분이 몇년전부터 내놓은 집(제가 전세로 살고있는)이 이번에 매물이 없어서 보러오는 사람들이 많은 와중에 결국 팔려서 이사를 갈 상황에 놓여 고민 끝에 계약직전 저희가 매매를 하기로 하여 대출을 알아보던중
신생아특례대출이 20일 차이로 받지 못하게 된걸 알게되었어요 (저희는 집을 살 생각이 없어기에 처음 알았어요)
결혼 7년만에 첫아이를 임신했고 지금은 10년차가 넘어 신혼부부 대출도 어렵고
신생아특례대출은 20일 차이로 못 받게되니 너무 아쉽고 속상하네요. 신생아 특례대출 기간을 좀 더 늘려주셨으면 좋겠습니다.
앞으로 실질적인 다자녀 혜택이 많아졌으면 좋겠습니다~
감사합니다~",출산·산후 초기지원,출산가구 초기지원,출산지원금·출생축하,출산·산후 초기지원,가족건강팀,02-2133-9485,저출생사업1팀,1순위:가족건강팀 | 2순위:저출생사업1팀,0,,,,,,https://idea.seoul.go.kr/front/freeSuggest/view.do?sn=202066
PROP-202014,2026-05-18,N,미상,0.0,서울특별시 신혼부부  임차보증금 대출 사업,서울특별시 신혼부부  임차보증금 대출 사업,주거·교통·도시생활환경,출산가구 주거,신혼부부·출산가구 주거지원,주거·교통·도시생활환경,저출생사업1팀,02-2133-5027,생활지원팀,1순위:저출생사업1팀 | 2순위:생활지원팀,4,신혼부부 결혼ㆍ살림비용 지원 | 신혼희망타운 | 신혼부부 전용 주택 구입 자금 대출 | 신혼부부 임차보증금 이자 지원,"ㅇ 결혼ㆍ살림 비용 최대 100만원 지원    - 결혼준비 및 혼인살림 장만 관련 비용 지출    ※ 생애 1회 지급   ? 결혼준비 : 혼수, 예식장, 신혼여행, 청첩장 등    ? 혼인살림 : 전자제품, 주방가전... | 신혼희망타운 분양?임대주택 공급 및 청약 자격 제공 | 연 2.55~3.85% 금리로 주택구입 자금 대출, 최대 3억 2천만 원 한도 | - 임차보증금 대출금: 최대 3억원(임차보증금의 90% 이내) - 이자지원 금리: 최대 4.5% - 지원기간: 최장 10년(25.11.20. 부터 최장 12년) ※ 자세한 사항은 서울주거포털 공고문 참조",,,,https://idea.seoul.go.kr/front/freeSuggest/view.do?sn=202014
PROP-201995,2026-05-15,N,미상,0.0,어린이 보호구역내 인도의 표지판 기둥 하단 밝은 스티커 부착 제안,"현황 및 문제점
어린이 보호구역내 인도의 각종 표지판 하단은 스덴으로 기둥이 되어 있어, 어린이 및 주민 식별 저하
* 특히 최근 어린이들 도보시 스마트폰을 보면서 이동하여 표지판에 사고를 당할수 있음.
개선방안
어린이 보호구역 인도내 표지판의 하단에 밝은 노랑 스티커 부착으로 보행자분들께서 야간에도 식별 가능하고, 주간에도 식별이 가능하도록 개선
기대효과
밝은 스티커 부착으로 운전자의 시야 확보, 어린이 보호구역내 사고위험 저하, 주민들의 인도 통행시 사물 확인 용이",정보·상담·교육·거버넌스,정보 접근성,일반 출산정책 안건,정보·상담·교육·거버넌스,저출생사업1팀,02-2133-5027,가족건강팀 | 생활지원팀,1순위:저출생사업1팀 | 2순위:가족건강팀 | 3순위:생활지원팀,0,,,,,"TAG_REVIEW:현재 태그=정보·상담·교육·거버넌스, 태그 핵심어 약함 || TAG_REVIEW:현재 태그=정보·상담·교육·거버넌스, 태그 핵심어 약함",https://idea.seoul.go.kr/front/freeSuggest/view.do?sn=201995
PROP-201933,2026-05-05,N,미상,1.0,저출생 대책이라면서요? 난자동결 지원사업의 '난소수치(AMH)' 기준 철폐를 강력히 촉구합니다.,"안녕하세요. 저는 평생을 서울에 거주하며 성실히 일하고 세금을 납부하고 있는 시민입니다. 최근 가임력 보존을 위해 난자동결 시술 지원을 알아보던 중, 서울시의 지원 기준이 실제 가임기 여성들의 현실을 전혀 반영하지 못하는 '탁상행정'의 표본임을 깨닫고 분노하여 글을 씁니다.
1. 정책의 모순: 건강할 때 얼려야지, 나빠질 때까지 기다리라는 겁니까?
현재 서울시 지원 기준인 AMH(난소수치) 1.5ng/mL 이하는 의학적으로 난소 기능 저하가 이미 진행된 상태를 의미합니다. 난자동결의 목적은 가장 건강할 때 가임력을 보존하는 것입니다. 그런데 국가가 나서서 ""수치가 나빠져서 임신이 어려워질 때까지 기다려야 지원해주겠다""고 하는 것이 과연 저출생 대책입니까?
2. 소득 기준 180%의 역차별
맞벌이 부부나 전문직 여성들에게 중위소득 180%는 결코 여유로운 수치가 아닙니다. 높은 물가와 주거비 속에서 아이를 가질 미래를 위해 스스로 시술비를 마련하려는 이들에게 소득 기준과 수치 기준이라는 이중 장벽을 세우는 것은 출산 의지가 있는 여성들을 오히려 좌절시키는 처사입니다.
3. 요구사항
？ 실효성 없는
AMH 1.5 이하 기준을 즉각 폐지하거나 대폭 상향
하십시오.
？ 소득 기준에 구애받지 않고 출산 의지가 있는 모든 여성이 혜택을 볼 수 있도록
보편적 지원으로 확대
하십시오.
가장 건강한 시기에 미래를 준비하려는 여성들의 노력을 꺾지 마십시오. '아이 낳기 좋은 서울'이 구호에 그치지 않도록, 비상식적인 지원 기준을 현실에 맞게 개정해 줄 것을 강력히 요구합니다.",임신·난임·생식건강,난임 지원,난임시술·주사·시술비,임신·난임·생식건강,건강임신지원팀,02-2133-9491,저출생사업1팀 | 생활지원팀,1순위:건강임신지원팀 | 2순위:저출생사업1팀 | 3순위:생활지원팀,5,영아 전담 아이돌봄서비스 | 외국인 가사(육아)인력 시범사업 | 서울시 중소기업 워라밸 포인트제 | 1인 자영업자 등 배우자 출산휴가급여 지원 | 1인 자영업자?프리랜서 배우자 출산휴가 지원금,"출산휴가, 육아휴직 후 복귀하는 맞벌이 가정을 지원하고자 영아 돌봄 교육을 이수한 전담 돌보미가 영아 이유식 먹이기, 젖병 소독 등 영아 특화 돌봄서비스 제공 | 맞벌이 부부 등 ‘육아 조력자’의 도움이 절실한 자녀양육 가정에 외국인 육아도우미를 활용한 양육지원사업 도입 | 양육친화 및 일?생활 균형을 위한 중소기업의 다양한 노력을 인정하고 중소기업이 아이 키우기 좋은 기업으로 성장할 수 있도록 지원하는 사업 ① 양육친화 및 일?생활 균형 실적에 따른 포인트 적립 ② 적립 포인트에 따른... | 1인 자영업자 등에 배우자(남편) 출산휴가급여 최대 120만원(15일분) 지원 (2026.1.1. 기준 출생아부터 적용) - 2025년 출생아는 최대 80만원(10일분) 지원 ㅇ 지원대상에 대한 자격요건 완화(202... | 1인 자영업자 등에 배우자 출산휴가급여 80만원 지원",,,,https://idea.seoul.go.kr/front/freeSuggest/view.do?sn=201933
PROP-201853,2026-04-17,N,강남구,0.0,강남구보건소 예방접종 프로그램을  다른구 보건소에서 진행하게 해주세요,"서울시에서 운영하는 다양한 시민 참여 정책에 감사드립니다.
저는 현재 강남구보건소에서 운영 중인 예방접종 관리 프로그램이 시민들에게 매우 유용한 서비스라고 생각합니다.  접종 안전성 측면에서 많은 도움이 되고 있어, 이러한 시스템이 다른구 보건소에도  확대되면 좋겠다는 생각이 들어 제안을 드립니다.
저는 오접종 경헙이 있었던 사람으로서. 강남구보건소에서 시행 중인 접종전에 확실하게 사고를 방지 할수 있고 체계적으로 관리할 수 있는 시스템이 서울 전역으로 확대된다면, 접종 오류를 줄이고 시민들의 신뢰를 높이는 데 큰 도움이 될 것으로 기대됩니다.
자치구별로 시민에서 제공하는 서비스가 틀리다는 부분이 좀 이해가 안가는 부분도 있습니다만
타 자치구에서도 충분히 도입 가능하다고 생각하며, 서울시 차원에서 검토해 주시기를 요청드립니다.
시민의 건강과 안전을 위한 정책에 항상 힘써주셔서 감사드리며, 본 제안이 긍정적으로 검토되기를 바랍니다.
감사합니다.",보육·돌봄 인프라,아동 건강·의료 접근성,소아응급·야간진료·영유아검진,보육·돌봄 인프라,돌봄사업팀,02-2133-6560,저출생사업1팀 | 생활지원팀,1순위:돌봄사업팀 | 2순위:저출생사업1팀 | 3순위:생활지원팀,0,,,,,"TAG_REVIEW:현재 태그=보육·돌봄 인프라, 태그 핵심어 약함 || TAG_REVIEW:현재 태그=보육·돌봄 인프라, 태그 핵심어 약함",https://idea.seoul.go.kr/front/freeSuggest/view.do?sn=201853
PROP-201851,2026-04-16,N,미상,2.0,혼잡 버스 내 임산부 안전 확보위한 자동안내시스템 건의,혼잡 버스 내 임산부 안전 확보위한 자동안내시스템 건의,임신·난임·생식건강,임산부 건강·배려,임산부 건강관리·배려,임신·난임·생식건강,건강임신지원팀,02-2133-9492,저출생사업1팀 | 가족지원팀,1순위:건강임신지원팀 | 2순위:저출생사업1팀 | 3순위:가족지원팀,1,임산부 배려공간 조성,ㅇ 교통 약자인 임산부의 엘리베이터 안전사고 예방 및 배려문화 확산을 위해 엘리베이터 내?외부에 임산부 배려공간 조성(엠블럼 부착)   - 임산부를 위해 해당 공간을 비워두고 양보하는 사회 분위기 확산 유도 ㅇ 임산...,,,,https://idea.seoul.go.kr/front/freeSuggest/view.do?sn=201851
PROP-201849,2026-04-15,N,미상,0.0,"아이들이 넘어지고 차가 부서지는 ""턱"" 대신, 기술이 있는 ""안전한 평면도로""를 제안합니다.","현황 및 문제점
현재 전국의 어린이 보호구역과 이면도로에 설치된 아스팔트 과속방지턱은 안전을 명분으로 설치되었으나, 실제로는 보행자(어린이·노인)의 낙상 사고, 차량 파손, 비산먼지 발생 등 수많은 부작용을 낳고 있습니다.
개선방안
턱 없는(Zero-Bump) 스마트 안전 구역
물리적으로 차를 멈추게 하는 시대는 지났습니다. 이제는 포장재의 혁신으로 스스로 서행하게 해야 합니다.
기술적 해결 (1등급 투수블록 활용): 특정 안전 구간 전체를 시인성이 높은 색상의 고성능 투수블록으로 포장합니다. 운전자는 시각적으로 ""특별 관리 구역""임을 즉각 인지하고 심리적으로 자연스러운 감속을 실천하게 됩니다.
감성적 서행 유도: 블록 포장 고유의 노면 질감을 활용하여 운전자에게 직관적인 주의를 환기시키며, 기존 과속방지턱의 고질적 문제였던, 차량 하부 간섭 및 긁힘과 파손을 근본적으로 제거하여 주행 안전성을 보장합니다. '턱' 없이도 속도를 줄이는 과학적이고 품격있는 방법입니다.
기후 위기 대응: 빗물을 100% 흡수하는 1등급 투수 기술은 도시 침수를 막고 열섬 현상을 해결합니다.
기대효과
국민 안전: 어린이·노인 낙상 사고 Zero화 및 차량 파손 민원 종결.
탄소 중립: 아스팔트 대비 탄소 배출 저감 및 도시 물순환 회복.",정보·상담·교육·거버넌스,정보 접근성,일반 출산정책 안건,정보·상담·교육·거버넌스,저출생사업1팀,02-2133-5027,생활지원팀,1순위:저출생사업1팀 | 2순위:생활지원팀,0,,,,,"TAG_REVIEW:현재 태그=정보·상담·교육·거버넌스, 태그 핵심어 약함 || TAG_REVIEW:현재 태그=정보·상담·교육·거버넌스, 태그 핵심어 약함",https://idea.seoul.go.kr/front/freeSuggest/view.do?sn=201849
PROP-201815,2026-04-09,N,미상,2.0,저출산 대책 역행하는 서울시 '난자동결 시술비 지원' 기준 강화(AMH 1.5 이하) 철회 요청,"저출산 대책 역행하는 서울시 '난자동결 시술비 지원' 기준 강화(AMH 1.5 이하) 철회 요청
？저는 1988년생(만 37세) 여성으로, 현재 심각한 저출산 위기 속에서도 아이를 갖기 위해 부단히 노력하고 있는 서울 시민입니다.
서울시의 난자동결 시술비 지원사업 기준을 확인하던 중, 도저히 믿기 힘든 기준 강화 소식을 접하고 사실 확인을 위해 직접 **서울시 여성가족재단(02-3280-2049)**으로 전화 문의를 하였습니다.
？하지만 재단 측으로부터 **""2026년부터는 나이와 상관없이 무조건 AMH 1.5ng/mL 이하인 경우에만 지원이 가능하다""**는 답변을 공식적으로 확인하였습니다.
그 답변을 듣는 순간, 아이를 갖기 위해 차근차근 계획을 세워온 저로서는 하늘이 무너져 내리는 것 같은 절망감을 느꼈습니다.
？특히 2025년까지는 기부금 재원으로 운영되어 오다가, 2026년에 기부금이 소진되어 문턱을 높이게 되었다는 설명을 들었습니다.
국가 소멸 위기라는 저출산 대책이 공공의 안정적인 지원이 아니라 기부금에 의존해 운영되어 왔다는 사실에 큰 충격을 금할 수 없습니다.
새로운 정부 들어 건강보험료도 수백만 원이나 더 내고 있고, 세금 부담 또한 훨씬 커졌음을 체감하며 성실히 납세의 의무를 다하고 있습니다.
그런데 어째서 국가적 난제인 저출산 해결과 직결된 이런 필수적인 부분에서조차 지원을 받지 못하는 것인지 도저히 이해가 되지 않습니다.
새로운 정부의 적극적인 저출산 대처 기조를 믿고 응원해 왔으나, 정작 현장에서는 기부금이 없으면 지원도 줄이는 역행하는 정책을 보며 깊은 좌절감을 느낍니다. 이에 의학적 실태를 무시한 탁상행정에 강력히 항의하며 기준 변경을 촉구합니다.
？1. AMH 수치 뒤에 숨겨진 '만 37세'의 낮은 임신 성공률을 직시하십시오.
서울시는 AMH 수치만을 기준으로 지원 대상을 선별하고 있으나, 가임력의 핵심은 '나이'입니다. 만 37세 여성의 경우 AMH가 2.16이라 할지라도, 의학적 통계에 따르면 월평균 자연임신 가능성은 약 9% 내외이며, 무사히 건강하게 분만까지 이어질 확률은 5% 미만에 불과합니다. 이는 사실상 의학적으로 '난임'의 범주에 속하는 수치입니다
？2. 30대 후반에게 AMH 1.5 기준은 ""포기하라""는 선고와 다름없습니다.
30대 후반 여성에게 AMH 1.5 이하라는 기준을 적용하는 것은 난소 기능이 이미 고갈되어 임신 가능성이 거의 사라진 시점에나 지원을 해주겠다는 것과 같습니다.
지침이 강화되기 전인 작년까지만 해도 30대 여성은 가임력 보존의 시급성을 인정받아 수치 제한 없이 지원을 받았습니다. 1년 사이에 저출산 상황이 나아졌습니까? 아니면 37세 여성의 신체적 조건이 갑자기 좋아졌습니까? 해가 바뀌었다고 기준을 강화하는 것은 아이를 낳으려는 시민의 간절함을 예산 논리로 꺾는 무책임한 처사입니다.
？3. 선제적 가임력 보존이 저출산 대책의 핵심이어야 합니다.
이미 난임이 된 후 치료비를 지원하는 것보다, 한 살이라도 젊을 때 건강한 난자를 보관하여 임신 성공률을 높이는 것이 국가적·사회적 비용을 절감하는 길입니다. 저는 현재의 낮은 성공률을 극복하고자 난자 동결을 통해 간절히 임신을 준비하려 하나, 서울시의 비현실적인 기준 장벽에 막혀 좌절하고 있습니다.
？[요구 사항]
？첫째, 30대 이상 여성(특히 고령 임신 기준인 만 35세 이상)에 대해서는 AMH 수치 기준을 폐지하거나, 의학적 난임 가능성을 고려하여 현실적으로 상향 조정 부탁드립니다
？둘째, 기부금 소진을 핑계로 수치 문턱을 높인 이번 2026년 지침 강화의 근거를 밝히고, 성실 납세자인 시민들이 체감할 수 있는 공공 예산을 투입하여 전면 재검토 부탁드립니다
？서울시가 진정으로 '아이 키우기 좋은 도시', '아이 낳기 좋은 도시'를 표방한다면, 통계 숫자에 갇혀 가임기 여성들의 골든타임을 뺏지 마십시오.
이 민원에 대한 진정성 있는 답변과 조속한 시정을 요구합니다.",임신·난임·생식건강,난임 지원,난임시술·주사·시술비,임신·난임·생식건강,건강임신지원팀,02-2133-9491,고령사회정책팀,1순위:건강임신지원팀 | 2순위:고령사회정책팀,0,,,,,,https://idea.seoul.go.kr/front/freeSuggest/view.do?sn=201815
PROP-201788,2026-04-07,N,미상,6.0,서울 시내버스 임산부/노약자 좌석 관련,서울 시내버스 임산부/노약자 좌석 관련,임신·난임·생식건강,임산부 건강·배려,임산부 건강관리·배려,임신·난임·생식건강,건강임신지원팀,02-2133-9492,고령사회정책팀 | 가족지원팀,1순위:건강임신지원팀 | 2순위:고령사회정책팀 | 3순위:가족지원팀,1,임산부 배려공간 조성,ㅇ 교통 약자인 임산부의 엘리베이터 안전사고 예방 및 배려문화 확산을 위해 엘리베이터 내?외부에 임산부 배려공간 조성(엠블럼 부착)   - 임산부를 위해 해당 공간을 비워두고 양보하는 사회 분위기 확산 유도 ㅇ 임산...,,,,https://idea.seoul.go.kr/front/freeSuggest/view.do?sn=201788
PROP-201727,2026-03-29,N,미상,0.0,[시민규제발굴단] 자치구별 야간 보육 거점 기관 지정 의무화 및 접근성 강화,"1. 현황 및 문제점
서울시는 거점형 야간보육 어린이집을 2025년 9월 기준 353개소 운영하고 있으며, 평일 오후 4시부터 10시까지 무료로 서비스를 제공하고 있습니다. 그러나 다음과 같은 구조적 문제가 존재합니다.
① 자치구 간 불균형
- 거점 기관 353개소가 25개 자치구에 고르게 분포되어 있지 않아, 거점 기관이 부족한 자치구의 주민은 이동 거리가 길어 사실상 이용이 어렵습니다.
② 당일 이용 사실상 불가
- 당일 이용은 어린이집에 직접 연락해 협의해야 하며, 야간연장반 정원 및 저녁 식재료 사정에 따라 당일 이용이 어려울 수 있어 가급적 마감 이전에 신청할 것을 안내하고 있습니다. 즉, 갑작스러운 야근·긴급 상황에 실질적으로 대응이 불가능합니다.
③ 국공립과 민간 의무 기준 불일치
- 국공립어린이집은 야간연장 보육 수요가 있을 경우 야간연장반 운영이 의무 사항이지만, 민간·가정 어린이집은 지정을 받았음에도 미운영 시 과태료 처분에 그치는 등 실질적인 이행 강제 수단이 약합니다.
④ 22시 이후 공백
0 야간연장 보육은 평일 19시 30분부터 24시까지 운영되는 경우도 있지만, 거점형 야간보육은 22시가 상한선으로, 22시 이후 퇴근하는 교대 근무자·서비스직 부모는 사실상 사각지대에 놓입니다.
2. 개선 제안
① 자치구별 거점 기관 최소 기준 법제화
- 현재 자율 지정 방식에서 벗어나, 각 자치구 내 행정동 단위로 거점 야간보육 기관을 최소 1개소 이상 지정하도록 의무 기준을 조례로 명문화.
② 당일 긴급 이용 슬롯 의무 확보
- 거점 기관마다 하루 최소 2~3인분의 당일 긴급 이용 정원을 별도로 확보하도록 운영 기준에 명시. 식재료 부족을 이유로 한 거절을 방지하기 위해 긴급 간식 예산 별도 지원.
③ 민간 거점 기관 미운영 시 실질적 제재 강화
- 과태료 처분에 그치는 현행 방식 대신, 미운영 기간에 비례해 운영비 보조금 감액 또는 지정 취소 기준을 명확히 하여 실질적 이행률 제고.
④ 22시 이후 보육 연계 방안 마련
- 심야 보육이 필요한 가정을 위해 '365열린어린이집'과의 연계를 강화하고, 거점 기관의 운영 종료 시각을 자치구 수요 조사에 따라 탄력적으로 연장할 수 있는 근거 마련.
3. 기대 효과
자치구 간 보육 격차 해소
교대 근무·서비스직 등 비정형 노동자 가정의 야간 돌봄 공백 해소
긴급 상황 시 실질적 이용 가능성 확보로 보육 신뢰도 향상
민간 기관의 야간 보육 참여 이행률 향상",보육·돌봄 인프라,어린이집·유치원,보육시설·유아교육,보육·돌봄 인프라,돌봄사업팀,02-2133-6560,다문화지원팀 | 상담팀,1순위:돌봄사업팀 | 2순위:다문화지원팀 | 3순위:상담팀,4,다문화 보육료 | 시간제 보육 | 만0~5세 보육료 | 방과후 보육료,"만0세: (기본)540,000원, (야간)540,000원, (24시간)810,000원 만1세반: (기본)475,000원, (야간)475,000원, (24시간)712,500원 만2세반: (기본)394,000원, (야간... | 만6개월~36개월 부모급여 또는 양육수당 수급 아동대상 시간제보육 지원 | ① 기본보육료(월별) 만0세반: 540,000원 만1세반: 475,000원 만2세반: 394,000원 만3~5세: 280,000원  ② 연장보육료(월별) 0세반: 3,000원 영아반: 2,000원 유아반: 1,000... | ① 정부지원시설 - 4시간 이용: 월 10만원 지원 - 종일 이용(방학 등): 월 20만원 지원  ② 정부미지원시설  - 4시간 이용: 월 233,650원  - 종일 이용: 월 467,300원   ③교사대아동 비율 ...",,,,https://idea.seoul.go.kr/front/freeSuggest/view.do?sn=201727
PROP-201726,2026-03-29,N,미상,0.0,[시민규제발굴단] 주말 특별보육 운영 시 행정 부담 완화로 보육 접근성 제고,"1. 현황 및 문제점
서울시는 '서울형 주말어린이집'을 운영해 토·일요일 오전 9시~오후 6시 보육 서비스를 제공하고 있습니다. 그러나 이는 서울시가
별도 지정한 일부 기관
에 한정되며, 일반 어린이집이 자체적으로 주말 특별보육을 운영하려면 다음과 같은 장벽이 존재합니다.
① 별도 신고 절차 부담
- 주말 운영을 위해 어린이집은 평일 운영과 별도로 특별보육 신고를 해야 하며, 행정 처리 기간 동안 즉각적인 운영이 어렵습니다.
② 주말 인력 기준 적용의 경직성
- 평일과 동일한 교사 대 아동 비율 기준이 그대로 적용되어, 주말에 소수 아동만 등원하더라도 교사를 동일 기준으로 배치해야 합니다. 이로 인해 운영 비용 대비 효율이 낮아 어린이집이 주말 보육을 꺼리게 됩니다.
③ 수요-공급 불일치
- '365열린어린이집'과 같은 24시간 긴급 보육 시설은 일부 운영되고 있지만, 일반적인 주말 보육 수요를 감당할 기관 수는 턱없이 부족합니다. 주말에 돌봄이 필요한 맞벌이 가정·비정형 근무자 가정은 사실상 민간 베이비시터에 의존할 수밖에 없는 상황입니다.
2. 개선 제안
① 주말 특별보육 사전 신고 → 사후 통보제로 전환
연간 운영 계획을 등록한 어린이집은 주말 보육 운영 시 별도 신고 없이 사후 실적 통보만으로 운영 가능하도록 규정 완화.
② 주말 보육 교사 배치 기준 탄력 적용
주말 실제 등원 아동 수에 비례해 교사 배치 기준을 탄력적으로 운용할 수 있도록 허용. (예: 5인 미만 아동의 경우 교사 1인 최소 배치 허용)
③ 주말 보육 운영 어린이집 인센티브 도입
주말 보육을 자발적으로 운영하는 어린이집에 운영비 보조금 또는 평가 가점을 부여하여 참여를 유도.
3. 기대 효과
주말 근무·비정형 근로자 가정의 보육 공백 해소
어린이집의 자발적 주말 보육 참여 증가로 서비스 공급 확대
민간 베이비시터 의존도 감소 → 보육 비용 절감
서울시 '돌봄 문턱 낮추기' 정책 목표와 직접 연계",보육·돌봄 인프라,어린이집·유치원,보육시설·유아교육,보육·돌봄 인프라,돌봄사업팀,02-2133-6560,생활지원팀,1순위:돌봄사업팀 | 2순위:생활지원팀,5,외국인 가사(육아)인력 시범사업 | 영아 전담 아이돌봄서비스 | 서울형 손주돌봄수당 지원(민간형) | 서울형 손주돌봄수당 지원(친인척형) | 서울형 아이돌봄비 지원,"맞벌이 부부 등 ‘육아 조력자’의 도움이 절실한 자녀양육 가정에 외국인 육아도우미를 활용한 양육지원사업 도입 | 출산휴가, 육아휴직 후 복귀하는 맞벌이 가정을 지원하고자 영아 돌봄 교육을 이수한 전담 돌보미가 영아 이유식 먹이기, 젖병 소독 등 영아 특화 돌봄서비스 제공 | 영아를 키우는 가정에서 조부모(4촌 이내 친인척 포함)가 영아를 돌보는 경우 또는 서울시에서 지정한 민간기관의 손주돌봄 서비스를 이용 시 돌봄 비용을 지원(택1)하여 가정의 양육부담 경감 ① 친인척 조력자 손주돌봄수... | 영아를 키우는 가정에서 조부모(4촌 이내 친인척 포함)가 영아를 돌보는 경우 또는 서울시에서 지정한 민간기관의 손주돌봄 서비스를 이용 시 돌봄 비용을 지원(택1)하여 가정의 양육부담 경감 ① 친인척 조력자 손주돌봄수... | 영아를 키우는 가정에서 조부모(4촌 이내 친인척 포함)가 영아를 돌보는 경우 또는 서울시에서 지정한 민간기관의 아이돌봄서비스를 이용 시 돌봄 비용을 지원(택1)하여 가정의 양육부담 경감 ① 친인척 조력자 아이돌봄비 ...",,,,https://idea.seoul.go.kr/front/freeSuggest/view.do?sn=201726
PROP-201705,2026-03-25,N,미상,0.0,시간제보육 사전 예약없이 이용할 수 있게 해주세요,"아이를 일시적으로 돌봐주시는 시간제 보육은 사전 예약을 해야지 이용할 수 있습니다.
당일에 급하게 일이 생길때도 있는데
예약제로 운영되다보니 아이와 함께 갈 수 없는 상황 장소일때 맡길 사람도 없으면 정말 난감합니다.
사전 예약 없이 당일에도 시간제 보육을
이용할 수 있게 제도를 완화해주셨으면 합니다.",보육·돌봄 인프라,어린이집·유치원,보육시설·유아교육,보육·돌봄 인프라,돌봄사업팀,02-2133-6560,가족건강팀 | 저출생사업1팀,1순위:돌봄사업팀 | 2순위:가족건강팀 | 3순위:저출생사업1팀,4,다문화 보육료 | 시간제 보육 | 만0~5세 보육료 | 방과후 보육료,"만0세: (기본)540,000원, (야간)540,000원, (24시간)810,000원 만1세반: (기본)475,000원, (야간)475,000원, (24시간)712,500원 만2세반: (기본)394,000원, (야간... | 만6개월~36개월 부모급여 또는 양육수당 수급 아동대상 시간제보육 지원 | ① 기본보육료(월별) 만0세반: 540,000원 만1세반: 475,000원 만2세반: 394,000원 만3~5세: 280,000원  ② 연장보육료(월별) 0세반: 3,000원 영아반: 2,000원 유아반: 1,000... | ① 정부지원시설 - 4시간 이용: 월 10만원 지원 - 종일 이용(방학 등): 월 20만원 지원  ② 정부미지원시설  - 4시간 이용: 월 233,650원  - 종일 이용: 월 467,300원   ③교사대아동 비율 ...",,,,https://idea.seoul.go.kr/front/freeSuggest/view.do?sn=201705
PROP-201657,2026-03-15,N,미상,2.0,지하철 임산부석 이용 방식 개선에 대한 시민 제안,지하철 임산부석 이용 방식 개선에 대한 시민 제안,임신·난임·생식건강,임산부 건강·배려,임산부 건강관리·배려,임신·난임·생식건강,건강임신지원팀,02-2133-9491,저출생사업1팀,1순위:건강임신지원팀 | 2순위:저출생사업1팀,1,임산부 배려공간 조성,ㅇ 교통 약자인 임산부의 엘리베이터 안전사고 예방 및 배려문화 확산을 위해 엘리베이터 내?외부에 임산부 배려공간 조성(엠블럼 부착)   - 임산부를 위해 해당 공간을 비워두고 양보하는 사회 분위기 확산 유도 ㅇ 임산...,,,,https://idea.seoul.go.kr/front/freeSuggest/view.do?sn=201657
PROP-201656,2026-03-15,N,미상,0.0,"[시민규제발굴단] 서울시 보육 격차 해소 : 거주지 벽을 넘는 ""보편적 보육 복지"" 실현을 위한 규제 혁신안","관련규정
1. 「영유아보육법」 제4조 및 제36조 (지방자치단체의 책무 및 비용 보조)
2. 각 자치구별 「영유아 보육 조례」 및 지원 기준의 불일치
3. 「지방자치법」 상의 사무 배분과 '기준보조율' 관련 규정
제안배경
최근 저출생 극복을 위한 다양한 보육 정책이 시행되고 있으나, 서울시 내에서도 자치구별 조례와 재정 자립도 차이에 따라 지원 혜택이 달라지는 “거주지 역차별”현상이 심화되고 있습니다.
실제로 입학준비금이나 다자녀 혜택 등이 행정 구역에 따라 상이하게 적용되면서,
같은 서울 시민임에도 불구하고 거주지라는 문턱에 막혀 보편적 보육 복지에서 소외되는 사례가 빈번하게 발생하고 있습니다.
이는 “영유아보육법“의 가치를 훼손하고 부모들에게 상대적 박탈감을 주는 불합리한 규제적 장벽으로 작용하고 있어 개선이 시급합니다.
따라서 파편화된 보육 지원 기준을 서울시 차원에서 단일화하거나 상향 평준화하여, 양육자가 행정 구역의 경계에 갇히지 않고 평등한 지원을 받을 수 있도록 규제 혁신을 이루어야 합니다.
결과적으로 현행 자치법규와 예산 구조의 전면적인 재설계를 통해 모든 서울 시민이 형평성 있는 보육 환경을 보장받을 수 있는 정책적 기반을 마련할 것을 제안합니다.
규제 사항
1. 자치구별 “다자녀 기준“불일치에 따른 보육 우선순위 차별
2. “입학준비금“ 등 보육 지원금의 거주지 제한 및 소급 적용 불가 규정
문제점 및 개선 필요성
1. 자치구별 보육 기준 불일치에 따른 “거주지별 돌봄 역차별“ 해소
2. 공급자 편의 중심의 경직된 규제 철폐를 통한 정책 체감도 제고",보육·돌봄 인프라,어린이집·유치원,보육시설·유아교육,보육·돌봄 인프라,돌봄사업팀,02-2133-6560,,1순위:돌봄사업팀,4,다문화 보육료 | 시간제 보육 | 만0~5세 보육료 | 방과후 보육료,"만0세: (기본)540,000원, (야간)540,000원, (24시간)810,000원 만1세반: (기본)475,000원, (야간)475,000원, (24시간)712,500원 만2세반: (기본)394,000원, (야간... | 만6개월~36개월 부모급여 또는 양육수당 수급 아동대상 시간제보육 지원 | ① 기본보육료(월별) 만0세반: 540,000원 만1세반: 475,000원 만2세반: 394,000원 만3~5세: 280,000원  ② 연장보육료(월별) 0세반: 3,000원 영아반: 2,000원 유아반: 1,000... | ① 정부지원시설 - 4시간 이용: 월 10만원 지원 - 종일 이용(방학 등): 월 20만원 지원  ② 정부미지원시설  - 4시간 이용: 월 233,650원  - 종일 이용: 월 467,300원   ③교사대아동 비율 ...",,,POLICY_REMOVED:공공요금 감면 요구가 아닌 제안에 공공요금 정책 후보: 다자녀 가구 하수도사용료 감면,https://idea.seoul.go.kr/front/freeSuggest/view.do?sn=201656
PROP-201636,2026-03-12,N,미상,11.0,출산 가정 태극기 제공(신혼 부부 태극기 미수혜 가정 보완 + 국기 선양 연계),"안녕하세요. 저는 서울시에서 아이가 태어난 집마다 “서울이 함께 축하합니다”라는 마음을 태극기에 담아 전하면 아이에 대한 사랑도 더 커지고 태극기의 상징과 함께 애국심(이건 너가 태어났을 때 받은 태극기야 라고 아이에게 말해 줄 수 있음)도 고취 시킬수 있다고 생각합니다. 이에 따라 아래와 같은 정책을 제안 합니다.
1. 제안 개요
핵심 내용: 서울시에서 출생신고를 하는 가정 중 기존 혼인신고 태극기 증정 미수혜 가정에게, **출생신고 창구(동주민센터/구청)**에서 가정용 태극기 1세트를 원스톱으로 제공하려 합니다.
혼인 기준으로 운영 중인 성동·서초·성북의 태극기 증정 선례를 바탕으로, 출산 시점에 형평성을 보완하는 목적도 있습니다.
2. 추진 배경 및 필요성
선행 정책 확대: 성동구는 혼인신고 가정에 태극기 세트를 증정하고, 2025년부터는 구민 여부와 무관하게 구청 혼인신고 가정으로 대상을 확대하는 등 시민 수용성과 집행 가능성을 입증함
서울시 출생 여건: 2024년 서울시 출생아 수 잠정치 약 41,600명, 합계출산율 0.58로 집계되어 반등 조짐이 확인되는 가운데, 도시 차원의 상징적 환영정책이 요구됨
3. 사업 목표
형평성 보완: 혼인 기준의 기간 제한으로 태극기 미수혜였던 가정을 출산 시점에 포용
공공성·상징성 강화: 국기선양 취지와 연계한 도시의 공식 환영 메시지 전달
저비용 고체감 효과: 시민 체감도가 높은 상징물 제공을 극소 비용으로 실현
4. 대상 및 지급 기준
대상: 서울시 출생신고 가정 중 혼인 태극기 미수혜 가정
중복 배제: 혼인신고일·시행일 기반 수혜 이력 전산 확인 후 지급
5. 집행 방식
지급 창구: 출생신고 접수 시 동주민센터/구청에서 즉시 수령(원스톱); 필요 시 출산축하 꾸러미 동봉
품목 사양: 가정용 태극기 게양형/부착형 중 선택(서초구 사례 준용 가능)
조달 체계: ① 구(區) 보유 재고 우선 소진, ② 자치구 공동구매로 단가 인하, ③ 국기선양 체계(국기 보급·판매대·수거함) 활용으로 신규 구매 최소화
6. 예산 및 재정 영향
이론상 상한(보편 적용 가정): 출생 41,600 × 10,000원 = 약 4.16억 원/년(잠정치 기준)
실집행 전망: 약 5천만 원 이하
근거: 이미 태극기 보유 가정 다수(혼인·전입 등 타 정책 수령), 신청 해야지 받을 수 있는 구조로 인한 낮은 실수요, 재고·공동구매로 신규 구매 억제(성동·서초·성북 혼인증정 선행, 국기선양 체계)
민감도(서울 전체, 단가 1만원):
신청률 1% → 416만 원, 3% → 1,248만 원, 5% → 2,080만 원, 10% → 4,160만 원
구(25개) 분산 시 평균 부담(예):
신청률 1%: 구당 약 16.6만 원, 3%: 약 49.9만 원, 5%: 약 83.2만 원, 10%: 약 166.4만 원
구 재정부담은 매우 경미(수백만 원 이내)이며, 재고 우선 활용 시 더 축소 가능 (자세한 예산 편성은 서울시/구 담당자 확인 필요)
긴글 읽어주셔서 감사합니다.",출산·산후 초기지원,출산가구 초기지원,출산지원금·출생축하,출산·산후 초기지원,가족건강팀,02-2133-9485,,1순위:가족건강팀,4,신혼부부 결혼ㆍ살림비용 지원 | 신혼희망타운 | 신혼부부 전용 주택 구입 자금 대출 | 신혼부부 임차보증금 이자 지원,"ㅇ 결혼ㆍ살림 비용 최대 100만원 지원    - 결혼준비 및 혼인살림 장만 관련 비용 지출    ※ 생애 1회 지급   ? 결혼준비 : 혼수, 예식장, 신혼여행, 청첩장 등    ? 혼인살림 : 전자제품, 주방가전... | 신혼희망타운 분양?임대주택 공급 및 청약 자격 제공 | 연 2.55~3.85% 금리로 주택구입 자금 대출, 최대 3억 2천만 원 한도 | - 임차보증금 대출금: 최대 3억원(임차보증금의 90% 이내) - 이자지원 금리: 최대 4.5% - 지원기간: 최장 10년(25.11.20. 부터 최장 12년) ※ 자세한 사항은 서울주거포털 공고문 참조",,,,https://idea.seoul.go.kr/front/freeSuggest/view.do?sn=201636
PROP-201635,2026-03-12,N,미상,0.0,차상위계층 신청 시 가구원 수 및 다자녀 여부를 고려한 차량 가액 기준 완화 제안,"현황 및 문제점
현재 차상위계층 등 복지 서비스 신청 시 재산 산정의 중요한 기준 중 하나인 자동차 가액 기준은 매우 엄격하게 제한되어 있습니다. 일반적으로 '1,600cc 미만이면서 가액 500만 원 미만' 또는 '10년 이상 된 노후 차량'이어야 일반재산으로 인정되며, 이를 초과할 경우 차량 가액의 100%가 월 소득으로 산정되어 사실상 수급 대상에서 탈락하게 됩니다.
가족 수에 따른 선택권 부재: 6인 가족에게 카니발 같은 다인승 차량은 사치품이 아닌 '필수재'입니다. 하지만 현재의 기준은 가족이 많아 큰 차를 타야만 하는 특수성을 전혀 고려하지 않고 있습니다.
안전과 경제적 모순: 500만 원 이하의 6인승 이상 차량을 구하려면 연식이 너무 오래되어 안전상의 위협이 큽니다. 또한, 낡은 차를 억지로 운행하다 보니 수리비가 소득의 상당 부분을 차지하여 가계 형편을 더욱 악화시키고 있습니다.
행정 편의적 기준: 가족 수와 상관없이 일률적인 배기량과 가액 기준을 적용하는 것은 저소득 대가족을 복지 사각지대로 내모는 처사입니다.
개선방안
가구원 수에 비례한 차량 가액 기준 차등 적용: 5인 또는 6인 이상 가구에 대해서는 일반재산으로 인정되는 차량 가액 기준을 현행 500만 원에서 최소 1,000만 원~1,500만 원 수준으로 현실화해야 합니다.
다인승 차량(7~9인승 등)에 대한 배기량 제한 폐지: 가족 수에 맞춰 어쩔 수 없이 대형 차량을 보유해야 하는 경우, 1,600cc 배기량 제한 규정을 예외로 적용하여 복지 혜택에서 소외되지 않도록 해야 합니다.
부양가족 수 기반의 재산 산정 유연화: 단순히 차량의 가치를 보는 것이 아니라, 해당 차량이 가구의 생계와 이동권을 위해 얼마나 필수적인지를 평가하는 지표를 도입해 주십시오.
기대효과
다자녀 가구의 실질적 보호: 6인 가족과 같은 대가족이 차량 기준 하나 때문에 모든 복지 지원에서 제외되는 불합리함을 해소할 수 있습니다.
가족 안전권 확보: 무리하게 노후 차량을 타지 않아도 되므로 저소득층 가족의 교통안전을 보장할 수 있습니다.
저출산 대응 정책의 일관성: 다자녀를 양육하는 가구에 가해지는 역차별적 요소를 제거하여 국가의 출산 장려 기조를 강화할 수 있습니다.",다자녀·양육비·생활지원,다자녀 혜택,다자녀 기준·할인·감면,다자녀·양육비·생활지원,저출생사업1팀,02-2133-5025,,1순위:저출생사업1팀,0,,,,,POLICY_REMOVED:공공요금 감면 요구가 아닌 제안에 공공요금 정책 후보: 다자녀 가구 하수도사용료 감면 || POLICY_REMOVED:차량 취득세 요구가 아닌 제안에 취득세 정책 후보: 다자녀 가구 자동차 취득세 감면 || POLICY_REMOVED:차량 취득세 요구가 아닌 제안에 취득세 정책 후보: 다자녀가구 자동차 취득세 취약계층 감면 || POLICY_REMOVED:공공요금 감면 요구가 아닌 제안에 공공요금 정책 후보: 다자녀 가구 하수도사용료 감면 || POLICY_REMOVED:차량 취득세 요구가 아닌 제안에 취득세 정책 후보: 다자녀 가구 자동차 취득세 감면 || POLICY_REMOVED:차량 취득세 요구가 아닌 제안에 취득세 정책 후보: 다자녀가구 자동차 취득세 취약계층 감면 || POLICY_REMOVED:공공요금 감면 요구가 아닌 제안에 공공요금 정책 후보: 다자녀 가구 하수도사용료 감면 || POLICY_REMOVED:차량 취득세 요구가 아닌 제안에 취득세 정책 후보: 다자녀 가구 자동차 취득세 감면 || POLICY_REMOVED:차량 취득세 요구가 아닌 제안에 취득세 정책 후보: 다자녀가구 자동차 취득세 취약계층 감면,https://idea.seoul.go.kr/front/freeSuggest/view.do?sn=201635
PROP-201627,2026-03-11,N,미상,0.0,교통약자 배려 문화 정착을 위한 '임산부석 스마트 알림 시스템' 도입 제안,교통약자 배려 문화 정착을 위한 '임산부석 스마트 알림 시스템' 도입 제안,임신·난임·생식건강,임산부 건강·배려,임산부 건강관리·배려,임신·난임·생식건강,건강임신지원팀,02-2133-9491,다문화지원팀 | 가족건강팀,1순위:건강임신지원팀 | 2순위:다문화지원팀 | 3순위:가족건강팀,1,임산부 배려공간 조성,ㅇ 교통 약자인 임산부의 엘리베이터 안전사고 예방 및 배려문화 확산을 위해 엘리베이터 내?외부에 임산부 배려공간 조성(엠블럼 부착)   - 임산부를 위해 해당 공간을 비워두고 양보하는 사회 분위기 확산 유도 ㅇ 임산...,,,,https://idea.seoul.go.kr/front/freeSuggest/view.do?sn=201627
PROP-201626,2026-03-11,N,미상,2.0,어린이 보호구역 차량단속,"안녕하세요,
도봉구 방학동에 위치한 창도초등학교 정문과 대상 아파트 사이의 횡단보도로 많은 초등학
？
생들이
등하교를 하고 있습니다.
등하교길에 이 횡단보도에 많은 차량들이 꼬리물기 신호위반 / 불법정차 등을 너무 빈번하게 하고 있어
소중한 아이들의 안전이 매우 위태로운 상태 입니다.
특히 행단보도 위에 꼬리물기 하고 있는 차량을 피해 좁은 차사이로 조그만 아이들이 이리저리 피해가는
것을보면 아찔합니다.
몇년전부터 학교 ,구청, 경찰서에 상태의 심각성을 전달 하였지만 나아 지는것이 없습니다.
만일 심각한 사고라도 나면 누가 책임질 것이고 그때서야 조치를 취할것입니까?
경찰이나 학교 관계자들이 계도를 해봤자 통하질 않습니다.
위반 차량에 대해서는 무관용의 단속으로 과태료를 부과하여야 질서가 잡힐것입니다,
또한 지속적인 단속을 위해서 횡단보도 앞에 CCTV를 설치하여 불법주정차등 법규위반 차량을 감시하여
아이들의 안전을 지켜주십시오.
특히 새학기에는 더욱 철저하게 단속하여야 할 것입니다.
신속한 처리 부탁드립니다.",정보·상담·교육·거버넌스,정보 접근성,일반 출산정책 안건,정보·상담·교육·거버넌스,저출생사업1팀,02-2133-5025,가족지원팀,1순위:저출생사업1팀 | 2순위:가족지원팀,0,,,,,"TAG_REVIEW:현재 태그=정보·상담·교육·거버넌스, 태그 핵심어 약함 || TAG_REVIEW:현재 태그=정보·상담·교육·거버넌스, 태그 핵심어 약함",https://idea.seoul.go.kr/front/freeSuggest/view.do?sn=201626
PROP-201617,2026-03-10,N,미상,1.0,우리동네키움센터 보육횟수 증대 제안,"안녕하세요~
서울시에 이사와서 이제 막 초등 1학년을 입학시킨 부모 입니다.
뒤늦게 학교 스케쥴과 학원 스케쥴을 짜고 있는데요.
맞벌이였다가 잠시 회사를 그만두고 아이 학교 적응까지는 외벌이로 생활중이라 맞벌이 지원이 우선시 되는 지원에 대해 후순위가 되어있습니다.
다행히 우리동네 거점 키움센터 일일이용이 한달에 4번 가능해서 아이를 매주 하나의 요일을 정하여 키움센터를 이용하는 계획을 세우고 있습니다.
어제 처음 이용했는데 아이 만족도도 높아서 지속적으로 이용하려 합니다.
다만 이용횟수 제한이 1인당 4회라 예를들어 이번달의 경우 한달에 월요일이 5번 있어 4회를 소진하면 남은 한번의 월요일은 키움을 이용하지 못하게 됩니다. 또한 갑자기 일이 생기거나 할때도 키움센터를 이용하지 못하는 상황이 발생합니다.
물론 횟수를 대폭 늘린다면 경쟁이 심해져서 긴급보육에 사용하지 못하는 불상사가 발생할 수 있겠지만 일일보육의 횟수 제한 상향을 다시한번 검토 요청드립니다.",보육·돌봄 인프라,초등돌봄,초등돌봄·방과후,보육·돌봄 인프라,돌봄사업팀,02-2133-6560,저출생사업1팀 | 생활지원팀,1순위:돌봄사업팀 | 2순위:저출생사업1팀 | 3순위:생활지원팀,5,영아 전담 아이돌봄서비스 | 외국인 가사(육아)인력 시범사업 | 서울형 육아휴직장려금 | 서울형 육아휴직장려금(사업종료) | 1인 자영업자 등 배우자 출산휴가급여 지원,"출산휴가, 육아휴직 후 복귀하는 맞벌이 가정을 지원하고자 영아 돌봄 교육을 이수한 전담 돌보미가 영아 이유식 먹이기, 젖병 소독 등 영아 특화 돌봄서비스 제공 | 맞벌이 부부 등 ‘육아 조력자’의 도움이 절실한 자녀양육 가정에 외국인 육아도우미를 활용한 양육지원사업 도입 | ○ 자녀 1인당 최대 120만원 지원 - 육아휴직기간 연속 6개월 시 60만원, 연속 12개월 경과 시 60만원 추가지급 ※ 부?모 모두 육아휴직 시 각각 지급 (자녀 1인에 대해 가구당 최대 240만원 지급) | ○ 자녀 1인당 최대 120만원 지원 - 육아휴직기간 연속 6개월 시 60만원, 연속 12개월 경과 시 60만원 추가지급 ※ 부?모 모두 육아휴직 시 각각 지급 (자녀 1인에 대해 가구당 최대 240만원 지급) | 1인 자영업자 등에 배우자(남편) 출산휴가급여 최대 120만원(15일분) 지원 (2026.1.1. 기준 출생아부터 적용) - 2025년 출생아는 최대 80만원(10일분) 지원 ㅇ 지원대상에 대한 자격요건 완화(202...",,,,https://idea.seoul.go.kr/front/freeSuggest/view.do?sn=201617
PROP-201610,2026-03-08,N,미상,2.0,[시민규제발굴단] 남자화장실에도 기저귀갈이대가 필요합니다.,"여자화장실에는 접이식 기저귀 갈이대가 있습니다.
남자화장실에는 기저귀 갈이대가 없습니다.
현시대에는 엄마, 아빠 함께 육아를 하기 때문에
우유를 먹이거나 기저귀 가는 일에 아빠도 함께합니다.
그런데 현재 남자화장실에는 기저귀 갈이대가 없습니다.
아빠 혼자 육아를 하는 경우가 많아졌습니다.
남자화장실에도 기저귀갈이대가 설치되길 바랍니다.
여아를 남자화장실에서 기저귀 갈아주기는 조금 불편하므로 유아와 아빠와 함께 사용하는
화장실을 만들고
그 안에 접이식 기저귀 갈이대를
설치되길 바랍니다.
화장실 중에는 부모와 유아가 함께 사용하는 조금 큰 화장실이 있습니다.
아래 시군구 선택을 전체도 만들어주세요.",보육·돌봄 인프라,아동 놀이·체험공간,공공키즈카페·수유실·유아휴게실,보육·돌봄 인프라,돌봄사업팀,02-2133-6560,저출생사업1팀 | 생활지원팀,1순위:돌봄사업팀 | 2순위:저출생사업1팀 | 3순위:생활지원팀,0,,,,,,https://idea.seoul.go.kr/front/freeSuggest/view.do?sn=201610
PROP-201601,2026-03-06,N,미상,1.0,임산부 배려석 태그 장치 도입,"대중교통에서 임산부 배려석을 운영하고 있으나, 임산부가 아닌 사람이 자리를 차지하고 있어, 실제 임산부가 이용하지 못하는 경우가 빈번하게 발생하는 것으로 알고 있습니다.
초기 임산부의 경우, 더욱 안정이 필요하지만,  겉으로는 구분하기 어려워 눈치를 보는 경우도 생깁니다.
임산부 태그를 만들어, 미태그 이용시에 알람이 울리도록 해놓으면 (임산부가 있을경우 자리를 양보하여주시기 바랍니다) 임산부가 탑승하여 태그 시,  서로 눈치 볼 필요없이 바로 배려해주면 되어, 제도의 취지를 살리기 쉬울것 같습니다.",임신·난임·생식건강,임산부 건강·배려,임산부 건강관리·배려,임신·난임·생식건강,건강임신지원팀,02-2133-9492,저출생사업1팀 | 가족지원팀,1순위:건강임신지원팀 | 2순위:저출생사업1팀 | 3순위:가족지원팀,1,임산부 배려공간 조성,ㅇ 교통 약자인 임산부의 엘리베이터 안전사고 예방 및 배려문화 확산을 위해 엘리베이터 내?외부에 임산부 배려공간 조성(엠블럼 부착)   - 임산부를 위해 해당 공간을 비워두고 양보하는 사회 분위기 확산 유도 ㅇ 임산...,,,,https://idea.seoul.go.kr/front/freeSuggest/view.do?sn=201601
PROP-201599,2026-03-06,N,미상,1.0,서울형키즈카페 연령제한 형제자매 제한없이 들어갈수있게해주세요,서울형키즈카페 형제자매 동시들어걀수있게 부탁드립니다.예를들어사당2동 서울형키즈카페의경우  21년생 들어가면 19년생도 동시 입장할수있게 부탁드립니다.,보육·돌봄 인프라,아동 놀이·체험공간,공공키즈카페·수유실·유아휴게실,보육·돌봄 인프라,돌봄사업팀,02-2133-6560,저출생사업1팀 | 생활지원팀,1순위:돌봄사업팀 | 2순위:저출생사업1팀 | 3순위:생활지원팀,0,,,,,,https://idea.seoul.go.kr/front/freeSuggest/view.do?sn=201599
PROP-201586,2026-03-03,N,미상,1.0,임산부 무료 식사지원 「행복한 임신메뉴」 운영,"제목
:
임산부 무료 식사지원
「
행복한 임신메뉴
」
운영
제안요지
:
행복한 임신과 건강한 출산을 지원하기 위해 관내 음식점과 협력하여 임산부에게 무료 식사
(
행복한 임신메뉴
, 0
원
)
를 제공하는 사업을 추진
임산부가 산모수첩 또는 산모뱃지 등으로 대상임을 확인하면 식당 메뉴 중 선택하여 무료로 이용할 수 있도록 하여 지역사회가 함께 임신
·
출산을 응원하는 분위기를 조성하고자 함
.
제안분야
:
출산장려정책
현황 및 문제점
:
저출산 문제로 임신
·
출산에 대한 사회적 지원 확대 필요성 증가,
임산부는 영양 관리가 중요하나 외식비 부담 등 경제적 부담 존재,
임산부를 배려하는 지역사회 차원의 실질적 체감 지원 정책 부족,
출산 장려 정책은 있으나 일상에서 체감할 수 있는 소규모 생활밀착형 지원은 미흡
제안내용
:
관내 음식점과 협약 체결 후
‘
행복한 임신메뉴
(0
원
)’
운영
대상
:
임산부
(
산모수첩
,
산모뱃지 등으로 확인
)
제공내용
:
해당 음식점 메뉴 중 선택
1
식 무료 제공등, 키오스크  임산부 무료메뉴(0워) 담기 추가
비용 지원 방식
:
지자체 예산 지원 또는 참여업소 인센티브 제공
(
홍보
,
인증마크 부여 등
)
기대효과
:
임산부 영양 지원 및 경제적 부담 완화
,
맛있는 식사 후 건강한 출산 응원,
출산 친화적 지역 분위기 조성,
지역 음식점 홍보 및 상생 효과",임신·난임·생식건강,임산부 건강·배려,임산부 건강관리·배려,임신·난임·생식건강,건강임신지원팀,02-2133-9492,가족지원팀 | 가족건강팀,1순위:건강임신지원팀 | 2순위:가족지원팀 | 3순위:가족건강팀,1,임산부 배려공간 조성,ㅇ 교통 약자인 임산부의 엘리베이터 안전사고 예방 및 배려문화 확산을 위해 엘리베이터 내?외부에 임산부 배려공간 조성(엠블럼 부착)   - 임산부를 위해 해당 공간을 비워두고 양보하는 사회 분위기 확산 유도 ㅇ 임산...,,,,https://idea.seoul.go.kr/front/freeSuggest/view.do?sn=201586
PROP-201566,2026-02-26,N,미상,1.0,[시민규제발굴단] 아이돌봄문턱,"아이돌봄 시스템을
요양보호사 시스템으로 바꾸는건 어떨카요?
제안 드립니다.",보육·돌봄 인프라,가족돌봄,아이돌봄·조부모돌봄,보육·돌봄 인프라,돌봄사업팀,02-2133-6560,저출생사업1팀 | 생활지원팀,1순위:돌봄사업팀 | 2순위:저출생사업1팀 | 3순위:생활지원팀,5,병원동행 전담 아이돌봄서비스 | 아픈아이 전담 아이돌봄서비스 | 영아 전담 아이돌봄서비스 | 영아종일제 아이돌봄 서비스 | 초등돌봄교실,"부모의 맞벌이 등으로 아픈 자녀의 병원 동행을 할 수 없는 경우 아이돌보미가 병원 동행 및 가정 내 돌봄 서비스 제공 | 부모의 맞벌이 등으로 아픈 자녀의 병원 동행을 할 수 없는 경우 아이돌보미가 병원 동행 및 가정 내 돌봄 서비스 제공('23년은 5개구 시범운영 중 : 성동, 동대문, 강북, 강서, 서초) | 출산휴가, 육아휴직 후 복귀하는 맞벌이 가정을 지원하고자 영아 돌봄 교육을 이수한 전담 돌보미가 영아 이유식 먹이기, 젖병 소독 등 영아 특화 돌봄서비스 제공 | 양육공백 가정에 아이돌보미가 찾아가 영아 이유식 먹이기, 젖병 소독, 기저귀 갈기, 목욕 등 돌봄 서비스 제공  ※ 정부지원 아이돌봄 서비스는 서울형 아이돌봄비(조부모 돌봄수당 등)와 별개의 사업   - 서울형 아이... | 돌봄, 교육 및 일부 급?간식비 지원",,,,https://idea.seoul.go.kr/front/freeSuggest/view.do?sn=201566
PROP-201550,2026-02-22,N,미상,1.0,[시민규제발굴단] ‘어린이집 대란‘ 완화 방안(보육규제개선제안),"[현황]
저출생의 여파로 인해 어린이집의 운영이 악화되고 그로 인해 폐원하는 어린이집이 늘고 있다. 폐원하는 어린이집이 증가함에 따라 돌봄 공백으로 인한 어려움을 호소하는, 저출산-돌봄공백의 악순환이 발생하는 것이다. 실제로 26년 2월 8일 발표된 육아정책연구소의 ’2025년 어린이집 이용자 만족도 조사’에 따르면, 857가구를 조사한 결과 어린이집에 입소하기 위해 대기한 경험이 있다는 응답은 70.8%였으며 국공립 어린이집 대기 경험이 82.9%로 민간 어린이집 66.5%보다 높게 나타났다.
또, 야간 연장 보육, 휴일 보육 등 맞춤 보육에 대한 인지도는 61.7%였고 31.7%는 휴일 보육에 대해 '전혀 모른다'고 응답했다. 정부에 바라는 가장 중요한 육아지원 정책으로는 가장 많은 21.4%가 '정부가 지원하는 비용 인상'을 1순위로 꼽았다. 이어 육아휴직제도 정착 및 휴직 시 소득 보장 17.3%, 국공립 어린이집 확충 16.9% 등이다.
이와 관련해 서울시는 올해 ‘서울형 모아어린이집‘ 신규 공동체 20개를 모집해 총 120개 공동체, 500여곳의 어린이집으로 확대운영을 밝혔다. 공동체 내 어린이집이 서로 입소 대기와 정원·현원 현황을 공유하고 필요한 경우 상호 조정해 수급 불균형을 완화하는 것을 목적으로 하고 있다.
[제안]
‘어린이집 대란‘을 완화하기 위한 방안으로는 모아어린이집 제도를 대폭 확산 및 개선하는 것이 필요하다고 생각한다. 자녀의 어린이집 입학을 희망하는 부모가 어린이집 대기 신청의 절차 및 대상 등에 대한 정보 접근에 어려움을 호소하는 경우도 많다. 따라서 우선적으로 임신 및 출산 예정인 가정에 대해서는 어린이집 및 보육 지원제도에 대한 안내가 필수적으로 이루어질 수 있도록 하는 것이 필요하다. 또한, 현재 모아어린이집 제도는 어린이집에서 자체적으로 도보이용권에 있는 3~5개 어린이집의 공동체를 구성해 신청하고, 자치구에서는 신청 공동체의 적격여부를 사전 검토하고 서울시에서 선정심의위원회를 통해 선정되는 방식이다. 또 공동체는 통학거리 10분 이내의 3~5개 어린이집으로 구성한다. 국공립·서울형·현원 100인이상 어린이집(유형 무관) 중 1개소 이상과, 민간·가정·법인단체·사회복지법인·직장어린이집 중 1개소 이상이 필수적으로 포함해야 한다. ****실질적으로 그 절차 신청이 번거로운 측면이 있다. 이에 모아어린이집 제도의 대상을 자발적으로 신청하는 어린이집 중 공모를 통해 선정하는 방식에서 그 대상을 보다 확대하는 방안이 필요하다. 어린이집 간 입소 대기 및 정원, 현원 현황을 공유하여 상호 조정하는 범위를 보다 쉽게 확대하는 방안이 필요하다는 것이다. 이에 사업의 신규참여를 희망하는 어린이집이 아닌 전체 어린이집을 대상으로 해당 사업에 대한 공모절차 및 신청 방법 등을 안내하고, 그 공동체의 구성 범위를 ‘통학거리 10분 내’ 보다 넓히고, 신규 공동체 모집 수에 제한을 두기보다, 기준을 갖춘 어린이집 공동체 모두에 대해 사업에 참여할 수 있도록 하는 것이 필요하다. 또한 어린이집 간의 입소 대기 및 정원, 현원 현황을 자녀의 어린이집 입학을 희망하는 부모(혹은 계획이 있는 자) 또한 확인할 수 있도록 하는 것이 필요하다.
[기대효과]
현재 발생하고 있는 수급 불균형을 완화할 수 있을 것으로 기대된다. 또한, 절차의 번잡성을 완화하여 사업에 참여하는 어린이집이 보다 증대될 것이다. 뿐만 아니라, 어린이집 입학과 관련한 정보의 접근성이 높아짐에 따라 부모가 가지는 보육 부담 또한 경감될 것으로 예상된다.",보육·돌봄 인프라,어린이집·유치원,보육시설·유아교육,보육·돌봄 인프라,돌봄사업팀,02-2133-6560,저출생사업1팀 | 생활지원팀,1순위:돌봄사업팀 | 2순위:저출생사업1팀 | 3순위:생활지원팀,5,서울형 육아휴직장려금 | 서울형 육아휴직장려금(사업종료) | 1인 자영업자 등 배우자 출산휴가급여 지원 | 육아휴직장려금 | 서울형 산후조리경비 지원,"○ 자녀 1인당 최대 120만원 지원 - 육아휴직기간 연속 6개월 시 60만원, 연속 12개월 경과 시 60만원 추가지급 ※ 부?모 모두 육아휴직 시 각각 지급 (자녀 1인에 대해 가구당 최대 240만원 지급) | ○ 자녀 1인당 최대 120만원 지원 - 육아휴직기간 연속 6개월 시 60만원, 연속 12개월 경과 시 60만원 추가지급 ※ 부?모 모두 육아휴직 시 각각 지급 (자녀 1인에 대해 가구당 최대 240만원 지급) | 1인 자영업자 등에 배우자(남편) 출산휴가급여 최대 120만원(15일분) 지원 (2026.1.1. 기준 출생아부터 적용) - 2025년 출생아는 최대 80만원(10일분) 지원 ㅇ 지원대상에 대한 자격요건 완화(202... | ○ 1인 최대 120만원 지원 - 육아휴직기간 연속 6개월 시 60만원, 연속 12개월 경과 시 60만원 추가지급 ※ 부?모 동시 육아휴직 시 각각 지급 (자녀 1인에 대해 가구당 최대 240만원 지급) | 출산에 소요되는 경제적 부담을 경감하고, 출산 이후 산모의 건강권을 확보하기 위하여 산후조리경비 지원 1. 지원금액 : 자녀 수에 따른 <b class='font-color-primary'>차등지원</b> ※ 첫째 ...",,,,https://idea.seoul.go.kr/front/freeSuggest/view.do?sn=201550
PROP-201543,2026-02-20,N,미상,2.0,[시민규제발굴단] 초등 긴급·일시돌봄 ‘사전등록제’ 폐지 또는 간소화,"1. 문제
- 긴급 상황인데도
사전회원 등록·서류 제출
을 먼저 요구
- 갑작스런 야근·질병·경조사 시 이용 어려움
2. 개선 제안
- 긴급일시돌봄은
사후 서류 제출 허용
- 보호자 신분 확인 후 즉시 이용 가능하도록 절차 단순화
- 서울시 통합 인증(서울시민 인증)으로 자동 연계",보육·돌봄 인프라,가족돌봄,아이돌봄·조부모돌봄,보육·돌봄 인프라,돌봄사업팀,02-2133-6560,저출생사업1팀 | 생활지원팀,1순위:돌봄사업팀 | 2순위:저출생사업1팀 | 3순위:생활지원팀,5,병원동행 전담 아이돌봄서비스 | 아픈아이 전담 아이돌봄서비스 | 영아 전담 아이돌봄서비스 | 영아종일제 아이돌봄 서비스 | 초등돌봄교실,"부모의 맞벌이 등으로 아픈 자녀의 병원 동행을 할 수 없는 경우 아이돌보미가 병원 동행 및 가정 내 돌봄 서비스 제공 | 부모의 맞벌이 등으로 아픈 자녀의 병원 동행을 할 수 없는 경우 아이돌보미가 병원 동행 및 가정 내 돌봄 서비스 제공('23년은 5개구 시범운영 중 : 성동, 동대문, 강북, 강서, 서초) | 출산휴가, 육아휴직 후 복귀하는 맞벌이 가정을 지원하고자 영아 돌봄 교육을 이수한 전담 돌보미가 영아 이유식 먹이기, 젖병 소독 등 영아 특화 돌봄서비스 제공 | 양육공백 가정에 아이돌보미가 찾아가 영아 이유식 먹이기, 젖병 소독, 기저귀 갈기, 목욕 등 돌봄 서비스 제공  ※ 정부지원 아이돌봄 서비스는 서울형 아이돌봄비(조부모 돌봄수당 등)와 별개의 사업   - 서울형 아이... | 돌봄, 교육 및 일부 급?간식비 지원",,,,https://idea.seoul.go.kr/front/freeSuggest/view.do?sn=201543
PROP-201541,2026-02-20,N,미상,3.0,[시민규제발굴단] 어린이집 등 입소 관련 증빙서류 반복 제출 폐지,"첫째 아이가 다녔던 어린이집에 둘째가 입소하거나,
첫째가 다니고 있는 돌봄에 둘째도 함께 신청할 경우 서류를 새로 제출하거나 반복적인 내용을 다시 작성해야 하는 경우가 있습니다. 재직증명서나 가족관계증명서를 매번 제출해야 하는 불편함이 있는데 이미 정부가 가지고 있는 정부를 활용하여 확인하도록 개선 요청을 드립니다.
행정정보 공동이용으로 자동 조회 원칙 적용하여 최초 1회 제출 후 갱신 자동화 시스템으로 서류 반복 제출을 줄이도록 하는 것입니다.",보육·돌봄 인프라,어린이집·유치원,보육시설·유아교육,보육·돌봄 인프라,돌봄사업팀,02-2133-6560,생활지원팀,1순위:돌봄사업팀 | 2순위:생활지원팀,5,어린이집 영유아 방문건강관리 서비스 지원 | 서울형어린이집 | 서울형 0세 전담반 어린이집(사업종료) | 서울형 0세 전담반 어린이집 | 서울형 시간제 전문 어린이집,어린이집으로 방문건강간호사가 찾아가서 건강관리 및 건강교육서비스 제공 | 공인평가를 통하여 우수한 민간 어린이집을 선정하고 인건비 및 운영비를 지원함으로써 향상된 보육서비스를 안정적으로 제공 | 12개월 미만의 영아 보육에 적합한 ‘0세 전담반’  어린이집 100개반 선정 운영 | 12개월 미만의 영아 보육에 적합한 ‘0세 전담반’  어린이집 100개반 선정 운영 | 가정양육 또는 타 기관 이용 보호자 등 누구나 필요시 시간 단위로 이용할 수 있는 보육서비스,,,,https://idea.seoul.go.kr/front/freeSuggest/view.do?sn=201541
PROP-201539,2026-02-20,N,미상,2.0,[시민규제발굴단] 보육교사 처우 개선 유도함,"서울시 차원의 처우 개선 인센티브 도입(예: 복지, 교육 지원, 장기 근속 보상).
보육교사 전문성 확대 연수. 교육 강화.
보육교사 처우 개선은 지속적인 사회적 과제로 지적되고 있다.",보육·돌봄 인프라,어린이집·유치원,보육시설·유아교육,보육·돌봄 인프라,돌봄사업팀,02-2133-6560,저출생사업1팀,1순위:돌봄사업팀 | 2순위:저출생사업1팀,4,다문화 보육료 | 시간제 보육 | 만0~5세 보육료 | 방과후 보육료,"만0세: (기본)540,000원, (야간)540,000원, (24시간)810,000원 만1세반: (기본)475,000원, (야간)475,000원, (24시간)712,500원 만2세반: (기본)394,000원, (야간... | 만6개월~36개월 부모급여 또는 양육수당 수급 아동대상 시간제보육 지원 | ① 기본보육료(월별) 만0세반: 540,000원 만1세반: 475,000원 만2세반: 394,000원 만3~5세: 280,000원  ② 연장보육료(월별) 0세반: 3,000원 영아반: 2,000원 유아반: 1,000... | ① 정부지원시설 - 4시간 이용: 월 10만원 지원 - 종일 이용(방학 등): 월 20만원 지원  ② 정부미지원시설  - 4시간 이용: 월 233,650원  - 종일 이용: 월 467,300원   ③교사대아동 비율 ...",,,,https://idea.seoul.go.kr/front/freeSuggest/view.do?sn=201539
PROP-201529,2026-02-19,N,미상,3.0,한부모 가정 자립 지원을 위한 통합형 + 주거연계 모델 도입 제안,한부모 가정 자립 지원을 위한 통합형 + 주거연계 모델 도입 제안,주거·교통·도시생활환경,출산가구 주거,신혼부부·출산가구 주거지원,주거·교통·도시생활환경,저출생사업1팀,02-2133-5027,아동보호팀,1순위:저출생사업1팀 | 2순위:아동보호팀,2,자녀출산 무주택가구 주거비 지원 | 주거급여 (맞춤형 급여) 취약계층 지원,월 최대 30만원(2년간 최대 720만원) 주거비 지원 | (소득인정액이 기준 중위소득 48% 이내의 가구/ 타인의 주택 등에 거주하면서 임대차 계약 등을 체결하고 임차료를 지불하는 자에게 지역별 기준임대료를 상한으로 실제 임차료(월임차료+보증금 환산액) 지원ㆍ3급지(광역시...,,,,https://idea.seoul.go.kr/front/freeSuggest/view.do?sn=201529
PROP-201521,2026-02-16,N,미상,0.0,<전국 동마다 자자체에서 운영 관리 하는 동물보육원 신설 의무화에 관한 청원>,"<전국 동,읍,면마다 동물 도축장 전면 일체 시급히 폐업, 도축 금지 시급히 의무화!, 유기동물보호서-> 동물보육원으로 국가 지자체에서 관리에 대한 청원>
창세기 9:9-10
내가 내 언약을 너희와 너희 후손과 너희와 함께한 모든 생물 곧 너희와 함께한 새와 가축과 땅의 모든 짐승에게 세우리니 방주에서 나온 모든 것과 땅의 모든 짐승에게니라
골로새서 1:16
만물이 그에게서 창조되되 하늘과 땅에서 보이는 것들과 보이지 않는 것들과 혹은 왕권들이나 주권들이나 통치자들이나 권세들이나 만물이 다 그로 말미암고 그를 위하여 창조되었고
욥기 12:7-10
이제 모든 짐승에게 물어 보라 그것들이 네게 가르치리라 공중의 새에게 물어 보라 그것들이 또한 네게 말하리라 땅에게 말하라 네게 가르치리라 바다의 고기도 네게 설명하리라 이것들 중에 어느 것이 여호와의 손이 이를 행하신 줄을 알지 못하랴 모든 생물의 생명과 모든 사람의 육신의 목숨이 다 그의 손에 있느니라
잠언 12:10
의인은 자기의 가축의 생명을 돌보나 악인의 긍휼은 잔인이니라
욥기 12:9-10
이것들 중에 어느 것이 여호와의 손이 이를 행하신 줄을 알지 못하랴 모든 생물의 생명과 모든 사람의 육신의 목숨이 다 그의 손에 있느니라
동물들이란 지구에 먹히기 위하여 식품으로 태어나거나 자라는 생명이 아닙니다. 식품이 아닌 인간들이랑 똑같은 생명체입니다.
인간들이랑 똑같은 생명체이므로 동물이 먹히기 위해 길러지고, 도축되고, 장난감 같이(아니 물건,장남감보다 못하게)
버려지기 위해서 태어난 생명체가 아니라는 겁니다.
질병,고통, 신체적, 심리적, 정서적 아픔 통증,감염,아픔,슬픔,좋음,나쁨,즐거움 등 수많은 것을 인간들이랑 똑~~~같이 느끼고 생활을 하는 생명체이기에 동물의 문제는 인간의 문제와 똑같습니다.
질병,전염병,환경재앙, 비정, 비인간화, 비생태계, 비인구화 등 인간들 행태들 전부다 인간들=동물들=지구생태계 임에도 인간들
≠
동물들
≠
지구생태계 라는 환경속에서 지내온 결과입니다.
단지 먹히기 위하여 도축되기전까지 동물들 입장을 단 1초 생각만이라도 해보셨을까요? 인간들마다 느끼고 아는거 같이 느낌,기분,말,생활,분위기,환경,억압,고통 등 이루 말할수 없을 사람들이랑 생각부터가 다 똑같이 느끼고 있음에도 자라는것이 아닌 1분 1초를 어쩔수 없는 몇센티도 안되는 너무나 좁은 너무나도 열악하고 너무나도 비위생적인 환경속에서 먹혀지기위하여 태어나서부터 도살장으로 끌려가기전까지 사람들이 느끼는 신(god)도 생각조차하시고 싶지 않으신 고통속에서 태생부터 고통스럽게만 지내다가 끔찍하게 도축이 됩니다.
성장을 하거나 자연스러운 생존의 환경이 아니라 먹혀지기 위해 도축되기전까지 몇센치 안되는 우리안에서 평생 그저 식품으로 먹히기 위하여 농림축산식품부 농림축산검역부 사람들이랑 똑같은 생명체임에도 (아니 전생의 윤회에 몇만억 업을 거치고 농림축산식품부 농림축산검역부 사람들이랑 전생에 업보를 풀게 할 인연이었을, 전생에 업을 전생의 업을 깨끗하게 풀고, 삶들을 선한 방향으로 바꾸는 인생들 마지막 기회일 수도 있음에도)
인간들에게 충성스러운 동물들 개,염소,소,돼지,고양이,말,양,고양이, 등,,, 애기까지 밴 이런 동물들도 시시각각 현 이시간에도 무참히 도살되고있는 이런 도살행위들이 전국적으로 전 지방들마다 일체 금지가 되어야 합니다.
이 충성스럽고 사랑스러운 동물들 눈을 한번이라도 보세요.사람들이랑 똑같이 느끼고 있는 똑같은 생명체입니다.
매년 키우고 있는 인간들이랑 똑같은 동물을 버리거나 학대를 받아서 그나마 극히 일부의 극소수 동물들만이 처참한 상태로  유기동물보호소로 이송이 천신만고끝에 이동이 되었어도 한달정도이후는 안락사되는 숫자가 10만 이상, 동물의 유기되는 숫자가 무려 11만 이상, 넘는다 합니다. 예수님,하나님,어느 사람들이라 해도 참을수 없는 나치 시대의 홀로코스트를 방불케 하는 처참한 인류멸망에서 지구멸망대학살 현실입니다.
이를 위한 선방향으로,
1. 도축장 전국 전면적으로 일체 하루 속히 금지 전면 의무화 시행!->1마리라도 도축시 벌금 1억, 다른 직종 유도 전환시 상금 또는 정착금 지원 법령 발의 ->전국 지자체,경찰서,국들마다 동물보호진흥원(부서) 신설,동물보호진흥법 신설 예산 마련 -> 정착지원기간 보호,순찰,감찰(전국 지자체 경찰서, 군부대) -> 도축일 아닌 다른 직종의 분야로 계도와 전환 강제!(다른 직종으로 전환시 보상금 또는 정착지원금)
2. 전국 유기동물보호소 -> <정부와 지자체-기획재정부-시-구청-동사무소>가 관할, 운영 하는 깨끗하고 위생적이며 지내기에 좋은 시설로 변화를 시켜 동물보육원 으로 전환!!!
매일 몇천마리들이 인간들 환경의 몇천억만분의 1도 안되는 위험,열악한 환경속에서 자연사, 안락사, 심지어 서민들 경제의 한계에 이른 경제적 문제로 타살상까지도 한다고 하는 현실입니다.
지구생태계의
보전
및
관리는
공익에
적합하게
보전·관리되고
지속가능한
이용이
이루어지도록
해야
하기에,
생태계의 가치 판단은
인간중심·동물중심·생태중심
이므로 생태중심주의는
개별 생명보다 생태계의 건강과 균형을 우선하므로 유기동물보호소 문제는 민간주도가 아니라
정부지자체 주도로 만들어야 합니다.
국민들 세금이 아닌 추가경정예산 신설로 단기 이벤트성 아닌 10년 20년 30년,,,정부복지사업 신설 -> 자본 시장, 국가, 인간동물생명체존중, 생태계 안전 보장, 생태계 복지 증진, 정서 유대 증진, 공유의식증진, 생명체존중, 세계 경제 활성화, 지구공동평화사업, 전세계 국방부 세계평화사업 등 국가들 마다 엄청난 경제 증진 이익이 됩니다
3. 농림축산식품부 농림축산검역부 상호명이 농림축산보호부,농림축산진흥부,농림축산업부 등으로 \
도축산업일체금지 -> 동물대체식품산업으로 변화!
https://brunch.co.kr/@luque/3
https://blog.naver.com/mrbean7/220570692413
https://www.g-enews.com/article/Distribution/2019/05/201905141249482451cef45333db_1
https://www.dailypop.kr/news/articleView.html?idxno=72859
https://www.dongascience.com/news/25226
https://blt.kr/TechCheck/?bmode=view&idx=16913236
살육한 고기 일체 없는 식품산업으로 전면 개편 실행! -> 일체의 고기가 없는 고기의 맛을 능가할 대체 식품 공모전을 전국, 또는 세계에 시행(1등: 10억, 2등 5억, 3등 3억,,,) -> 일체의 고기 없는 식품산업으로 전국 의무 법제화 -> 세계적으로 대기업들인 식품산업들과 협력해 세계(고기없는대체)식품박람회,세계(고기없는대체)식품산업,세계(고기없는대체)식품공모전,세계(고기없는대체)식품요리대회 등 엄청난 경제적 이익 창출 실현!
4. 유기동물보호소-> 사람들이랑 똑같이 일체의 안락사 없는 동물보육원 신설 전국 동,읍,면 의무화 ->  전국 지방 지자체에서 시범 운영 의무화!!! 관련 업계 담당자들이랑 똑같은 생명체들의 시급한 문제입니다 시급히 법안,의무화,실행화!
인간이나 동물 다 같은 생명체 임에도 (좋아하는거 싫어하는거 하고 싶은거 안하고 싶은거 최소한의 의식주 생활 이런 생활적 어느 것이든 동물들이나 인간들이나 생각 감정 느낌 정서 생활 등이 전혀 다른게 없이 똑같습니다.  동물들이나 인간들이나 똑같은 생명체로 공동 유치원, 유아 탁아소, 어린이집, 사회복지단체 같이 전국 모든 동물들이 건강히 인간들이랑 공존 공생 공리의 잘 생활할 수 있는 동물보육교육보호시설마련으로 실내 동물 집을 시설 건립, 건축해 만들어 주는 국가의 정부산업으로 어느 인간에게나 유익,유리,유용한 실익,실효,실제적 국가산업입니다. 건립 이후 유지 관리로 동물보호관리사 자격증,동물학 전공자, 동물학 분야 수료 직원들, 병역특례가 관리하고 시설 유지비 관리비 식비 등은 50년 이상 지속가능한 확실한 체제를 위해 매년 지자체 추경 예산을 확보합니다.
동물복지학과 신설, 동물복지진흥부서 신설, 동물보호산업 증대, 동물 업계 분야 종사자분들, 취업난 해결, 직종들의 분야 경제 활성화로 국가들 마다 협업을 함으로써 경제 발전으로 이어지고 증진될 것입니다.
인간들의 각종 생활권 생존권 생계권의 몇백만분의 1을 이런 동물 보호 산업으로 변화시키고 공존 공생하는 공익 경제가 활성화 된다면 이는 분명히 엄청난 국가적 경제 이득, 세계적 경제 이득으로 자리 매김 될 것입니다. 매일 버려지고 있는 유기동물보호소, 인간들이 알지 못하는 사각지역의 소외 지역의 소외 공간의 소외 가정속 버려지거나 힘든 유기동물, 야생동물을 보호 관리 하는 프로젝트에 앞으로 발전 분야의 사물인터넷, 로봇, 실시간 모니터링, AI분야와 합세한다면 더 큰 시너지 경제 산업이 될것입니다.
전국 단위의 동물보호집짓기 로 건축 분야  활성화
국방부에서 나오는 폐기물 또는 폐허가 된 집, 학교,병원,건물들을 업싸이클링 건축으로 동물 안식 집을 만들어 환경보호업종분야 활성화
국방부 평화 산업 신설 활성화, 동물보호단체 활성화, 지자체 업무 활성화,동물보호교육업종 활성화, 환경산업분야 활성화,.......등 엄청난 국가들마다 경제적 시너지들이 발생됩니다.
시급하게 시급히 시작, 발의, 법령을 개정, 신설하시기를 요청합니다.",보육·돌봄 인프라,어린이집·유치원,보육시설·유아교육,보육·돌봄 인프라,돌봄사업팀,02-2133-6560,다문화지원팀,1순위:돌봄사업팀 | 2순위:다문화지원팀,4,다문화 보육료 | 시간제 보육 | 만0~5세 보육료 | 방과후 보육료,"만0세: (기본)540,000원, (야간)540,000원, (24시간)810,000원 만1세반: (기본)475,000원, (야간)475,000원, (24시간)712,500원 만2세반: (기본)394,000원, (야간... | 만6개월~36개월 부모급여 또는 양육수당 수급 아동대상 시간제보육 지원 | ① 기본보육료(월별) 만0세반: 540,000원 만1세반: 475,000원 만2세반: 394,000원 만3~5세: 280,000원  ② 연장보육료(월별) 0세반: 3,000원 영아반: 2,000원 유아반: 1,000... | ① 정부지원시설 - 4시간 이용: 월 10만원 지원 - 종일 이용(방학 등): 월 20만원 지원  ② 정부미지원시설  - 4시간 이용: 월 233,650원  - 종일 이용: 월 467,300원   ③교사대아동 비율 ...",,,,https://idea.seoul.go.kr/front/freeSuggest/view.do?sn=201521
PROP-201497,2026-02-11,N,미상,1.0,남성 난임 지원 시술비를 신설해주시길 요청드립니다.,"※ 남성 난임부부는 피눈물을 흘리고 있는 상황입니다. 시민 여러분들의 많은 공감 요청드립니다..
안녕하세요, 저는 서울특별시에 거주하는 평범한 시민입니다.
또한, 신혼부부 3년차이기도 하는 저희는 작년까지 2년 동안 임신을 시도하여도 되지 않았습니다.
[상황]
그러던 중, 문제가 있는 것 같다고 판단하여 관련 병원에 방문하였습니다.
그 결과... 흔히 말하는
'무정자증(정자형성저하증)'
을 진단받았습니다.
그래서 다른 사람들과 같이 시험관 시술을 진행하고 있는데요.
[문제]
다른 사람들은 시험관 시술 시에, 여성에 대한 지원을 받고 개인 부담이 약 100~150만원 발생합니다.
그렇지만, 남성 난임의 경우 지원이 전혀 없는 상황입니다.
저 같은 경우에도 TESE수술(고환 내 정자 체취술)을 진행하게 되는데요.
이 수술은 남성의 고환을 절개하여 고환 조직을 뜯어내어 정자를 확보합니다.
몸도 마음도 힘든 이 수술의 가장 큰 어려움은.. 경제적인 부분입니다.
지원이 전혀 없다보니,
수술비 50~80만원, 정자동결 및 해동 50~70만원
발생합니다.
이에,
다른 난임부부와 달리 시험관 시술을 시도할 때마다 100~150만원의 비용이 더 발생하는 상황
입니다.
[제안]
이에, 남성에 대한 난임도 아래와 같이 추가 요청 드립니다.
① 남성 난임 시술비 지원
- 횟수 : 약 10회 이내
- 지원금액 : 1,500,000원 이내
- 지원내용 : TESE수술(고환 내 정자 체취술), 정계정맥류 절제술 등
(참고자료 - 전북특별자치도 김제시 정책)
② 남성 난임 진단비 지원
- 횟수 : 1회
- 지원금액 : 300,000원 이내
- 지원내용 :
음낭초음파, 정액배양 및 PCR검사,  HPV검사, 호르몬 검사 등
(참고자료  - 강남구 남성 난임 지원사업)
[참고사항]
※ 전북특별자치도, 김제시, 임실군, 경상북도 등 일부 지자체 2026년부터 시행중(뉴스 참고)
①
https://www.hinews.co.kr/view.php?ud=202602110958254098edd30pn2gj_48
②
https://www.news1.kr/local/jeonbuk/6035054
③
https://news.kbs.co.kr/news/pc/view/view.do?ncd=8044474&ref=A",임신·난임·생식건강,난임 지원,난임시술·주사·시술비,임신·난임·생식건강,건강임신지원팀,02-2133-9491,저출생사업1팀,1순위:건강임신지원팀 | 3순위:저출생사업1팀,5,서울형 난임부부 시술비 지원 | 서울권역 난임?우울증 상담센터 운영 | 서울시 한의약 난임치료 지원 | 서울시 난임?임산부심리상담센터 운영 | 난임부부 지원,"난임시술 비용의 본인부담액에 대한 시술별 지원상한액 지원 - 횟수 : 총 25회(누적) - 지원금액: 시술별 1회당 최대 30만원~110만원 | 난임부부, 유산?사산 경험부부, 임산부 및 양육모의 정서적 안정을 위해 전담 상담사가 등록부터 종결까지 1:1 상담 및 다양한 프로그램을 운영 | 원인불명의 난임진단 부부에게  한의약 난임치료 첩약비용(3개월)의 본인부담금 90%(상한 1,200천원) 지원 | 난임부부, 유산?사산 경험부부, 임산부 및 양육모의 정서적 안정을 위해 전담 상담사가 등록부터 종결까지 1:1 상담 및 다양한 프로그램을 운영 | o 난임시술 비용의 본인부담액에 대한 시술별 지원상한액 지원      -(횟수) 출산당 총25회 (보조생식술 시작일이 '24.11.1.일 이후부터)      -(지원금액) 시술별 1회당 최대 30만원~110만원  o...",,,,https://idea.seoul.go.kr/front/freeSuggest/view.do?sn=201497
PROP-201476,2026-02-06,N,미상,4.0,어린이 보호구역 이륜차 무단 주차 방지를 위한 종합 관리 방안,"본 제안은
어린이 보호구역(스쿨존) 인근 보도 및 이면도로에 배달 오토바이와 자전거 등 이륜차가 무분별하게 주차되어 있어 아동의 보행 안전이 심각하게 위협받고 있는 문제를 개선하고자 함
. 실제로 성동구 경동초등학교 앞과 강동구 유정유치원 앞 어린이 보호구역 등에서 유사한 문제가 지속적으로 발생하고 있음.
이에 대한 개선 방안으로
무단 방치 행위가 3회 적발될 경우 이용자에게 과태료를 부과하고 서울시 내 공유 기기 이용을 영구 제한하는 ‘이용자 3OUT 제도’를 도입함
으로써 이용자 책임을 강화하고자 함. 또한
시민이 직접 방치된 기기를 지정 주차 구역으로 이동할 경우 건당 보상금(서울페이 등)을 지급하는 시민 참여형 견인 제도를 도입함
으로써, 행정 인력이 미치기 어려운 골목 지역까지 실시간 정비가 가능하도록 함. 아울러
해당 내용을 공유 기기 업체와의 협약 및 서울시 조례에 명문화하여 업체의 이용자 관리 책임을 강화하고 시민 참여형 정비가 가능하도록 행정적 기반을 마련함
.
이를 통해
어린이 보호구역 내 보행 안전을 확보하고 도시 미관을 개선할 수 있을 것으로 기대됨
. 더불어
시민 참여를 통해 한정된 단속 인력을 보완함으로써 행정 비용을 절감하고, 지역 내 소득 창출과 선진적인 주차 문화 정착에 기여할 수 있을 것으로 판단됨
.",정보·상담·교육·거버넌스,정보 접근성,일반 출산정책 안건,정보·상담·교육·거버넌스,저출생사업1팀,02-2133-5027,가족건강팀,1순위:저출생사업1팀 | 2순위:가족건강팀,0,,,,,,https://idea.seoul.go.kr/front/freeSuggest/view.do?sn=201476
PROP-201438,2026-01-30,N,미상,2.0,자녀6명 이상인 가정은 총재산이 15억 이하이면 교육급여 대상자로 선정해주세요.,자녀6명 이상인 가정은 총재산이 15억 이하이면 교육급여 대상자로 선정해주세요.,정보·상담·교육·거버넌스,정보 접근성,일반 출산정책 안건,정보·상담·교육·거버넌스,저출생사업1팀,02-2133-5027,생활지원팀,1순위:저출생사업1팀 | 2순위:생활지원팀,0,,,,,,https://idea.seoul.go.kr/front/freeSuggest/view.do?sn=201438
PROP-201435,2026-01-30,N,미상,1.0,？？ [정책 제안] 빛의 자녀(개척자)들을 위한 ‘자존감 및 사회화 통합 교육’ 신설,？？ [정책 제안] 빛의 자녀(개척자)들을 위한 ‘자존감 및 사회화 통합 교육’ 신설,정보·상담·교육·거버넌스,정보 접근성,일반 출산정책 안건,정보·상담·교육·거버넌스,저출생사업1팀,02-2133-5027,가족지원팀 | 가족건강팀,1순위:저출생사업1팀 | 2순위:가족지원팀 | 3순위:가족건강팀,0,,,,,,https://idea.seoul.go.kr/front/freeSuggest/view.do?sn=201435
PROP-201374,2026-01-23,N,미상,6.0,버스 내 임산부석 자리 양보,"지하철의 경우 인식 개선이 어느 정도 되어서 그런지 임산부석 비워두기가 버스보다 잘 실행되고 있는 것 같습니다.
그러나 버스의 경우, 여전히 비임산부가 앉아 있는 경우가 많은데 버스야말로 임산부석 배려가 강하게 이뤄져야 됩니다.
지하철과 달리 급제동, 급출발도 잦으며 커브길이나 오르내리막 등 차내 흔들림이 커 임산부가 서서 가기에 많은 힘이 필요하며 위험하기까지 합니다. 넘어지지 않기 위해서는 의외로 코어 힘으로 버텨야 하지만 임산부에게는 쉽지 않습니다.
더욱이 지하철은 임산부가 임산부석 앞에 서 있으면 앉아있는 사람과 마주하는 형태라 임산부 뱃지를 발견하기가 쉬운편이라 굳이 양보요청을 하지 않아도 자연스레
배려를 받는 편입니다. 그러나 버스는 임산부석에 앉은 승객의 시야에 자연스레 임산부를 알아채려면 옆눈으로 봐야하거나 주위를 잘 살펴야만 합니다.
하지만 대부분 휴대폰 하느라 고개를 숙이거나 혹은 차창 밖을 보느라 임산부가 근처에 서 있어도 배려를 주고 받기 어려운 구조입니다.
그래서 지하철 승하차 시 “청년” 이라는 멘트나 “학생입니다” 처럼 버스 승하차시 “임산부 입니다” 라는 멘트가 나오거나 다른 지자체의 핑크라이트처럼 시각적으로 눈에 띄는 설치물이 필요합니다.
그러한 제도나 설치물을 자연스레 이용하므로써 임산부 역시 임산부임을 굳이 부끄러워하거나 숨기지 않아도 되는 인식으로 자연스레 개선되고, 마땅히 배려 받고 배려 하는 현상으로 받아 들여졌으면 좋겠습니다.
대부분의 임산부는 누군가의 자리를 뺏는다는 기분이 들 때도 있어서 먼저 요청하는 것이 조금 불편하거든요..",임신·난임·생식건강,임산부 건강·배려,임산부 건강관리·배려,임신·난임·생식건강,건강임신지원팀,02-2133-9491,저출생사업1팀 | 생활지원팀,1순위:건강임신지원팀 | 2순위:저출생사업1팀 | 3순위:생활지원팀,1,임산부 배려공간 조성,ㅇ 교통 약자인 임산부의 엘리베이터 안전사고 예방 및 배려문화 확산을 위해 엘리베이터 내?외부에 임산부 배려공간 조성(엠블럼 부착)   - 임산부를 위해 해당 공간을 비워두고 양보하는 사회 분위기 확산 유도 ㅇ 임산...,,,,https://idea.seoul.go.kr/front/freeSuggest/view.do?sn=201374
PROP-201294,2026-01-17,N,미상,1.0,서울형키즈카페 서울 생활권자 이용권한 확대,"서울형키즈카페를 서울 생활권자 다자녀가족도 무료로 이용할 수 있도록 개선 부탁드립니다.
서울생활권자는 사실상:
？ 아이 유치원·학교 서울
？ 부모 직장 서울
？ 소비·교통·병원·문화생활 전부 서울
？ 서울 혼잡·비용·육아환경 부담 똑같이 감당
그런데도
？ 주소지 한 줄 때문에
？ 다자녀여도
？ 무료 혜택 제외
？？ 부담은 같이 지는데, 혜택만 못 받는 구조
이게 억울한 포인트예요.
솔직한 결론
？ 공정하지 않음
？ 육아 현실을 반영하지 못함
？ 다자녀 정책 취지에도 어긋남",보육·돌봄 인프라,아동 놀이·체험공간,공공키즈카페·수유실·유아휴게실,보육·돌봄 인프라,돌봄사업팀,02-2133-6560,저출생사업1팀,1순위:돌봄사업팀 | 2순위:저출생사업1팀,5,서울형 강소기업 지원(사업종료) | 서울형 강소기업 지원 | 서울형 육아휴직장려금(사업종료) | 1인 자영업자 등 배우자 출산휴가급여 지원 | 서울시 중소기업 워라밸 포인트제,"① 청년 정규직 채용 시, 사내복지 개선 등 근무환경개선금지원(최대 3명) ② 육아친화 및 일?생활 균형 조직문화 조성을 위한 교육?컨설팅 지원 ③ 마음챙김, 스트레스 관리로 신입사원 번아웃 예방을 위한 청년성장 프... | ① 청년 정규직 채용 시, 사내복지 개선 등 근무환경개선금 최대 45백만원 지원 ② 육아휴직자 대체 청년인턴에 최대 23개월 인건비 지원으로 업무공백 해소 ③ 육아친화 및 일?생활 균형 조직문화 조성을 위한 교육?컨... | ○ 자녀 1인당 최대 120만원 지원 - 육아휴직기간 연속 6개월 시 60만원, 연속 12개월 경과 시 60만원 추가지급 ※ 부?모 모두 육아휴직 시 각각 지급 (자녀 1인에 대해 가구당 최대 240만원 지급) | 1인 자영업자 등에 배우자(남편) 출산휴가급여 최대 120만원(15일분) 지원 (2026.1.1. 기준 출생아부터 적용) - 2025년 출생아는 최대 80만원(10일분) 지원 ㅇ 지원대상에 대한 자격요건 완화(202... | 양육친화 및 일?생활 균형을 위한 중소기업의 다양한 노력을 인정하고 중소기업이 아이 키우기 좋은 기업으로 성장할 수 있도록 지원하는 사업 ① 양육친화 및 일?생활 균형 실적에 따른 포인트 적립 ② 적립 포인트에 따른...",,,,https://idea.seoul.go.kr/front/freeSuggest/view.do?sn=201294
PROP-201278,2026-01-15,N,미상,0.0,서울시 공공자전거 따릉이 다자녀가구 할인 도입 제안,"서울시 공공자전거 따릉이는 시민들의 교통비 절감과 친환경 교통수단 확산에 기여하고 있음.
그러나 국가 운영 공공서비스 사이트임에도 불구하고 다자녀 가구 관련 혜택이 반영되어 있지 않음.
실제로 주민센터 헬스장, 공영주차장 등 일부 공공시설에서는 다자녀 가구 구성원에게 할인 혜택을 제공하고 있어, 공공서비스 내 다자녀 지원 사례가 존재함.
그럼에도 불구하고 따릉이 서비스에는 이러한 혜택이 전혀 반영되지 않아, 정책적 형평성과 일관성이 부족한 상황임.
다자녀 가구는 교통비 부담이 상대적으로 크지만, 따릉이 이용 시 별도의 지원이나 혜택이 없어 교통복지 측면에서 사각지대가 발생하고 있음.
개선방안
1.서울시 다자녀 가구 인증 시스템(아이행복카드, 주민등록 등본 등)과 연계하여 따릉이 일일권, 정기권 혜택 제공.
자녀수에 따라
2자녀 50%
3자녀 60% 등으로
할인혜택 차등 적용.
2.다자녀 가구 구성원이 각각 가입할 경우 동일한 혜택을 받을 수 있도록 제도화.
3. 온라인 회원가입 시 자동으로 혜택이 반영되도록 시스템 개선.
기대효과
1.경제적 부담 완화: 다자녀 가구의 교통비 절감으로 생활 안정성 강화.
2.친환경 효과: 자전거 이용 활성화로 자동차 이용 감소 → 탄소중립 시대에 맞는 친환경 정책 실현.
3.사회적 가치: 다자녀 가구 지원 확대를 통해 출산·양육 친화적 도시 이미지 제고.
4. 정책 메리트: 국가 운영 공공서비스에 다자녀 혜택을 반영함으로써 정책 신뢰성과 시민 만족도 상승.",다자녀·양육비·생활지원,다자녀 혜택,다자녀 기준·할인·감면,다자녀·양육비·생활지원,저출생사업1팀,02-2133-5027,,1순위:저출생사업1팀,0,,,,,POLICY_REMOVED:공공요금 감면 요구가 아닌 제안에 공공요금 정책 후보: 다자녀 가구 하수도사용료 감면 || POLICY_REMOVED:차량 취득세 요구가 아닌 제안에 취득세 정책 후보: 다자녀 가구 자동차 취득세 감면 || POLICY_REMOVED:차량 취득세 요구가 아닌 제안에 취득세 정책 후보: 다자녀가구 자동차 취득세 취약계층 감면 || POLICY_REMOVED:공공요금 감면 요구가 아닌 제안에 공공요금 정책 후보: 다자녀 가구 하수도사용료 감면 || POLICY_REMOVED:차량 취득세 요구가 아닌 제안에 취득세 정책 후보: 다자녀 가구 자동차 취득세 감면 || POLICY_REMOVED:차량 취득세 요구가 아닌 제안에 취득세 정책 후보: 다자녀가구 자동차 취득세 취약계층 감면 || POLICY_REMOVED:공공요금 감면 요구가 아닌 제안에 공공요금 정책 후보: 다자녀 가구 하수도사용료 감면 || POLICY_REMOVED:차량 취득세 요구가 아닌 제안에 취득세 정책 후보: 다자녀 가구 자동차 취득세 감면 || POLICY_REMOVED:차량 취득세 요구가 아닌 제안에 취득세 정책 후보: 다자녀가구 자동차 취득세 취약계층 감면,https://idea.seoul.go.kr/front/freeSuggest/view.do?sn=201278
PROP-201207,2026-01-12,N,미상,0.0,"서울특별시 임산부 건강 지원사업(보건소, 산모 바우처 연계) 도입 제안","서울특별시 임산부 건강 지원사업(보건소, 산모 바우처 연계) 도입 제안",임신·난임·생식건강,임산부 건강·배려,임산부 건강관리·배려,임신·난임·생식건강,건강임신지원팀,02-2133-9492,가족건강팀 | 저출생사업1팀,1순위:건강임신지원팀 | 2순위:가족건강팀 | 3순위:저출생사업1팀,5,"35세 이상 임산부 외래 진료 및 검사비 지원 | 임산부 엽산제, 철분제 지원 | 서울시 난임?임산부심리상담센터 운영 | 저소득층 기저귀조제분유 취약계층 지원 (사회서비스전자바우처) | 맘편한 임신 원스톱서비스(임산부?출산전 제공)","의료비 부담이 큰 35세 이상 산모 대상 외래진료 및 검사에 소요되는 비용을 소득과 무관하게 최대 50만원까지 지원 (24년 3월 사회보장제도 신설 협의 완료, 24년 8월까지 사업추진을 위한  사전절차 진행 예정으... | 지원내용 (엽산제) 임신 전후 3개월까지 엽산제 지원  (철분제) 임신 16주부터 철분제 5개월분  신청방법 주소지 보건소에 방문하거나 온라인(정부24)으로 신청 | 난임부부, 유산?사산 경험부부, 임산부 및 양육모의 정서적 안정을 위해 전담 상담사가 등록부터 종결까지 1:1 상담 및 다양한 프로그램을 운영 | (출산가정/ⓧ/(기저귀)만2세 미만의 영아를 둔 기초생활보장, 차상위,, 한부모가족 수급 가구 대상. (조제분유)아동복지시설, 공동생활가정, 입양아동, 한부모 아동 등(별도 확인)/남여/기저귀, 조제분유 구매비용) | 임산부 엽산제?철분제 지급 등 임신 전?중 통합 서비스 제공",,,,https://idea.seoul.go.kr/front/freeSuggest/view.do?sn=201207
PROP-201182,2026-01-09,Y,미상,57.0,장위동에 서울형키즈카페 개설 건의합니다.,"장위1동에 있던 작은 육아공간마저 사라지고 장위동 일대에 서울형 키즈카페가 아예 없어 장위동 아이들은 자차나 버스를 타고 다른 동이나 구로 이동하여 서울형 키즈카페를 가야하는 불편 함이 있습니다.
장위동 일대에 많은 아파트가 들어서고 들어설 예정이니 많은 아이들이 찾을수 있는 서울형 키즈카페를 만들어 주셨으면 좋겠습니다.",보육·돌봄 인프라,아동 놀이·체험공간,공공키즈카페·수유실·유아휴게실,보육·돌봄 인프라,돌봄사업팀,02-2133-6560,저출생사업1팀 | 생활지원팀,1순위:돌봄사업팀 | 2순위:저출생사업1팀 | 3순위:생활지원팀,0,,,,,,https://idea.seoul.go.kr/front/freeSuggest/view.do?sn=201182
PROP-201158,2026-01-05,N,미상,0.0,임산부좌석,"임산부입니다 지하철탈때마다. 임산부석에 서있지만
아무도 자리를양보해주지않았어요
핸드폰을하거나. 눈을감고계셔서. 너무속상했습니다
일어나달라고 말하기도 그렇고요~_초기때는그려러니했어요. 만삭이되어 배가나왔는데도 안비켜주시더라고요
임산부석에. 램프를달아. 뱃지들고 탄 임산부가 임산부석앞에서면 불빛이 반짝이거나. 멜로디가 나오게해주세요
민망하게 서있지않게. 험한꼴 당하지않게. 제도를바꺼주세요. 임산부칩에 지하철자석과 연결되게. 뭔가조치를취해주시고. 임신기간이 끝나면 주민센타에. 뱃지를반납하면 선물을 주게해서 칩을넣은 뱃지를 계속활용해서. 안전한 임신좌석확보를 할수있게힘써줘야 임신출산율이 올라갈듯합니다",임신·난임·생식건강,임산부 건강·배려,임산부 건강관리·배려,임신·난임·생식건강,건강임신지원팀,02-2133-9491,가족지원팀 | 저출생사업1팀,1순위:건강임신지원팀 | 2순위:가족지원팀 | 3순위:저출생사업1팀,1,임산부 배려공간 조성,ㅇ 교통 약자인 임산부의 엘리베이터 안전사고 예방 및 배려문화 확산을 위해 엘리베이터 내?외부에 임산부 배려공간 조성(엠블럼 부착)   - 임산부를 위해 해당 공간을 비워두고 양보하는 사회 분위기 확산 유도 ㅇ 임산...,,,,https://idea.seoul.go.kr/front/freeSuggest/view.do?sn=201158
PROP-201155,2026-01-04,N,종로구,0.0,종로구 서울형키즈카페,"종로구는 혜명 놀이터만 있는데
연령이 높아 다른 지역에 비해 이용이 불편한거 같습니다. 요즘 지역별로 멋지게 많이 짓던데 종로구도 하나 생겼으면 좋겠습니다~^^",보육·돌봄 인프라,아동 놀이·체험공간,공공키즈카페·수유실·유아휴게실,보육·돌봄 인프라,돌봄사업팀,02-2133-6560,가족지원팀 | 저출생사업1팀,1순위:돌봄사업팀 | 2순위:가족지원팀 | 3순위:저출생사업1팀,0,,,,,,https://idea.seoul.go.kr/front/freeSuggest/view.do?sn=201155
PROP-201115,2025-12-26,N,미상,1.0,여의신월지하차도 다자녀(3자녀 이상) 가구 통행료 할인 적용 제안,"안녕하십니까.
서울시에 거주하며 세 자녀 이상을 양육하고 있는 시민으로서, 여의신월지하차도 통행료와 관련하여 조심스럽게 건의의 말씀을 드리고자 합니다.
현재 국가와 지방자치단체는 저출산 문제를 사회 전체가 함께 해결해야 할 중대한 구조적 과제로 인식하고, 다자녀 가구에 대한 실질적인 부담 완화를 주요 정책 방향으로 추진하고 있는 것으로 알고 있습니다.
특히 「저출산·고령사회기본법」에서는 출산과 양육에 대한 사회적 책임을 국가와 지방자치단체의 책무로 명시하고 있으며, 이에 따라 공공서비스 전반에서 다자녀 가구에 대한 합리적인 우대와 지원이 가능하도록 제도적 기반을 두고 있습니다.
또한 유료도로 및 공공시설의 운영과 관련하여서도, 관련 법령과 지방자치단체 조례에 따라 사회적 배려 대상에 대한 통행료 감면 또는 할인 적용이 가능한 것으로 알고 있습니다. 실제로 서울시를 비롯한 여러 지방자치단체에서는 다자녀 가구(3자녀 이상)를 대상으로 주차요금, 공공시설 이용료, 각종 교통 관련 비용 감면 정책을 시행하고 있어, 정책 간 형평성과 일관성 측면에서도 의미 있는 선례가 존재합니다.
3자녀 이상 다자녀 가구의 경우, 일상적인 통학·통근·돌봄 이동이 반복되면서 교통비 부담이 지속적으로 누적되는 구조적 어려움이 있습니다.
여의신월지하차도는 출퇴근과 생활 이동에 있어 중요한 간선 기능을 수행하는 핵심 시설인 만큼, 다자녀 가구에 대한 통행료 할인 적용은 단순한 비용 경감 차원을 넘어, 저출산 극복을 위한 사회적 연대와 공공 인프라의 공익적 가치를 실현하는 상징적 조치가 될 수 있을 것이라 생각합니다.
이에 다음 사항을 정중히 건의드립니다.
- 여의신월지하차도 통행료에 대해 3자녀 이상 다자녀 가구를 대상으로 한 할인 또는 감면 제도 도입 검토
- 서울시 다자녀 우대 정책(다둥이 행복카드 등)과의 연계 적용 가능성 검토
- 관련 조례 개정 또는 운영지침 개선을 통한 단계적·현실적 적용 방안 마련
비교적 작은 제도 개선일 수 있으나, 다자녀 가구에게는 실질적으로 체감되는 생활 지원이 될 수 있으며, 공공시설 운영의 사회적 가치와 정책 신뢰도를 높이는 계기가 될 것이라 믿습니다.
바쁘신 업무 중에도 시민의 목소리에 귀 기울여 주심에 깊이 감사드리며, 본 건의사항에 대해 긍정적인 검토를 간곡히 부탁드립니다.
감사합니다.",다자녀·양육비·생활지원,다자녀 혜택,다자녀 기준·할인·감면,다자녀·양육비·생활지원,저출생사업1팀,02-2133-5027,생활지원팀,1순위:저출생사업1팀 | 2순위:생활지원팀,0,,,,,POLICY_REMOVED:공공요금 감면 요구가 아닌 제안에 공공요금 정책 후보: 다자녀 가구 하수도사용료 감면 || POLICY_REMOVED:차량 취득세 요구가 아닌 제안에 취득세 정책 후보: 다자녀 가구 자동차 취득세 감면 || POLICY_REMOVED:차량 취득세 요구가 아닌 제안에 취득세 정책 후보: 다자녀가구 자동차 취득세 취약계층 감면 || POLICY_REMOVED:공공요금 감면 요구가 아닌 제안에 공공요금 정책 후보: 다자녀 가구 하수도사용료 감면 || POLICY_REMOVED:차량 취득세 요구가 아닌 제안에 취득세 정책 후보: 다자녀 가구 자동차 취득세 감면 || POLICY_REMOVED:차량 취득세 요구가 아닌 제안에 취득세 정책 후보: 다자녀가구 자동차 취득세 취약계층 감면 || POLICY_REMOVED:공공요금 감면 요구가 아닌 제안에 공공요금 정책 후보: 다자녀 가구 하수도사용료 감면,https://idea.seoul.go.kr/front/freeSuggest/view.do?sn=201115
PROP-201102,2025-12-23,N,미상,1.0,서울시 자치구별 다자녀 혜택의 문제점,"작성하신 제언이 실제 정책에 반영될 수 있도록,
[양천구청/강서구청/서울시청]
민원 게시판이나 **[국민신문고]**에 바로 올리실 수 있는
공식 민원 제안 양식
으로 정리해 드립니다.
내용을 복사해서 사용하시거나, 필요에 따라 조금만 수정해 보세요.
[정책 제안] 양천-강서 생활권 공유에 따른 '다자녀 공공시설 혜택 상호 개방' 요청
1. 현황 및 문제점
현재 양천구와 강서구는 도로 하나를 사이에 두고 생활권을 공유하고 있어, 거주지와 인접한 타 구의 체육시설(수영장, 헬스장 등)을 이용하는 경우가 매우 많습니다.
그러나 현행 자치구 조례상 다자녀 할인 혜택이 '해당 구 거주자로만 한정되어 있어, 바로 옆 동네 시설임에도 불구하고 타 구민이라는 이유로 다자녀 가구가 정가(100%)를 지불해야 하는 불합리함이 발생하고 있습니다.
이는 저출생 극복을 위한 국가적 다자녀 지원 확대 기조에 역행하며, 행정 구역 위주의 칸막이 행정으로 인해 시민들이 체감하는 복지 만족도를 저하시키는 요인이 됩니다.
2. 개선 제안 (핵심 내용)
자치구 간 '다자녀 혜택 상호 개방' 협약 체결:
양천구와 강서구가 업무 협약을 통해, 양 구의 다자녀 가구(다둥이 행복카드 소지자)가 상대 구의 공공 체육시설을 이용할 때 본래 거주민과 동일한 할인율을 적용받을 수 있도록 조례를 예외적으로 운영하거나 개정해 주십시오.
생활권 중심의 혜택 통합:
행정 구역이 아닌 '실제 생활권'을 중심으로 복지 서비스가 전달될 수 있도록 서울시와 협의하여 다자녀 혜택의 광역화를 추진해 주십시오.
3. 기대 효과
시민 편익 증대:
거주지 인근 시설을 제약 없이 이용함으로써 다자녀 가구의 경제적 부담 완화 및 건강 증진.
저출생 대응 공조:
인접 자치구 간 복지 장벽을 허물어 서울시 전체의 출산 친화적 분위기 조성.
시설 이용 효율화:
특정 구 시설로의 쏠림 현상을 완화하고 생활권 내 시설 이용을 최적화.",다자녀·양육비·생활지원,다자녀 혜택,다자녀 기준·할인·감면,다자녀·양육비·생활지원,저출생사업1팀,02-2133-5027,,1순위:저출생사업1팀,0,,,,,POLICY_REMOVED:공공요금 감면 요구가 아닌 제안에 공공요금 정책 후보: 다자녀 가구 하수도사용료 감면 || POLICY_REMOVED:차량 취득세 요구가 아닌 제안에 취득세 정책 후보: 다자녀 가구 자동차 취득세 감면 || POLICY_REMOVED:차량 취득세 요구가 아닌 제안에 취득세 정책 후보: 다자녀가구 자동차 취득세 취약계층 감면 || POLICY_REMOVED:공공요금 감면 요구가 아닌 제안에 공공요금 정책 후보: 다자녀 가구 하수도사용료 감면 || POLICY_REMOVED:차량 취득세 요구가 아닌 제안에 취득세 정책 후보: 다자녀 가구 자동차 취득세 감면 || POLICY_REMOVED:차량 취득세 요구가 아닌 제안에 취득세 정책 후보: 다자녀가구 자동차 취득세 취약계층 감면 || POLICY_REMOVED:공공요금 감면 요구가 아닌 제안에 공공요금 정책 후보: 다자녀 가구 하수도사용료 감면 || POLICY_REMOVED:차량 취득세 요구가 아닌 제안에 취득세 정책 후보: 다자녀 가구 자동차 취득세 감면 || POLICY_REMOVED:차량 취득세 요구가 아닌 제안에 취득세 정책 후보: 다자녀가구 자동차 취득세 취약계층 감면,https://idea.seoul.go.kr/front/freeSuggest/view.do?sn=201102
PROP-201086,2025-12-19,N,미상,2.0,[시민규제발굴단]교육부 아이사랑 앱 시간제보육 예약 설정 재검토,"1. 관련 규정
현재 시간제보육 서비스는 보건복지부의 아이사랑 정책에 따라 아이사랑 앱을 통해 이용 신청 및 예약이 가능하도록 운영되고 있다. 다만, 예약 방식 및 변경 절차에 대한 세부적인 이용 편의성 규정은 명확히 정비되어 있지 않아 시스템 설계에 따라 이용자 불편이 발생하고 있다.
2. 제안 배경
맞벌이 가정 및 긴급 돌봄이 필요한 보호자들이 시간제보육 서비스를 자주 이용하고 있으나, 아이사랑 앱을 통한 예약 과정에서 반복적인 접속과 제한적인 기능으로 인해 이용 부담이 커지고 있다. 특히 일정 기간 동일한 시간대의 보육이 필요한 경우에도 하루 단위로만 예약이 가능해 불편함이 지속적으로 제기되고 있다.
3. 규제 사항
아이사랑 앱에서는 시간제보육 예약 시 1회 접속당 1일만 예약 가능하도록 제한되어 있으며, 여러 날짜를 연속으로 예약하려면 매번 재접속해야 한다. 또한, 당일 보육 시간 변경은 유선 전화로만 가능해 앱을 통한 즉각적인 수정이 불가능한 구조이다.
4. 문제점 및 개선 필요성
현재 시스템으로는 예를 들어 12월 첫째 주 5일간 동일한 시간(오후 2시~5시, 3시간)을 예약하고자 할 경우, 총 5회 이상 앱에 재접속해야 하는 번거로움이 발생한다. 이는 사용자 편의성을 저해하고 서비스 접근성을 낮추는 요인이다.
이에 따라 1회 접속 시 최대 2주까지 예약을 설정할 수 있도록 기능을 개선하고, 당일 보육 시간 변경 또한 앱 내에서 직접 수정 가능하도록 시스템을 보완할 필요가 있다. 이러한 개선은 보호자의 시간적 부담을 줄이고, 행정·운영 효율성 또한 함께 높일 수 있을 것으로 기대된다.",보육·돌봄 인프라,어린이집·유치원,보육시설·유아교육,보육·돌봄 인프라,돌봄사업팀,02-2133-6560,저출생사업1팀,1순위:돌봄사업팀 | 2순위:저출생사업1팀,5,서울형 육아휴직장려금 | 서울형 육아휴직장려금(사업종료) | 영아 전담 아이돌봄서비스 | 외국인 가사(육아)인력 시범사업 | 서울형 산후조리경비 지원,"○ 자녀 1인당 최대 120만원 지원 - 육아휴직기간 연속 6개월 시 60만원, 연속 12개월 경과 시 60만원 추가지급 ※ 부?모 모두 육아휴직 시 각각 지급 (자녀 1인에 대해 가구당 최대 240만원 지급) | ○ 자녀 1인당 최대 120만원 지원 - 육아휴직기간 연속 6개월 시 60만원, 연속 12개월 경과 시 60만원 추가지급 ※ 부?모 모두 육아휴직 시 각각 지급 (자녀 1인에 대해 가구당 최대 240만원 지급) | 출산휴가, 육아휴직 후 복귀하는 맞벌이 가정을 지원하고자 영아 돌봄 교육을 이수한 전담 돌보미가 영아 이유식 먹이기, 젖병 소독 등 영아 특화 돌봄서비스 제공 | 맞벌이 부부 등 ‘육아 조력자’의 도움이 절실한 자녀양육 가정에 외국인 육아도우미를 활용한 양육지원사업 도입 | 출산에 소요되는 경제적 부담을 경감하고, 출산 이후 산모의 건강권을 확보하기 위하여 산후조리경비 지원 1. 지원금액 : 자녀 수에 따른 <b class='font-color-primary'>차등지원</b> ※ 첫째 ...",,,,https://idea.seoul.go.kr/front/freeSuggest/view.do?sn=201086
PROP-201045,2025-12-13,N,미상,2.0,[시민규제발굴단] 장애인 아이들을 위한 서울형키즈카페 혹은 시설내의 프로그램,[시민규제발굴단] 장애인 아이들을 위한 서울형키즈카페 혹은 시설내의 프로그램,보육·돌봄 인프라,아동 놀이·체험공간,공공키즈카페·수유실·유아휴게실,보육·돌봄 인프라,돌봄사업팀,02-2133-6560,장애인가족지원팀,1순위:돌봄사업팀 | 2순위:장애인가족지원팀,0,,,,,,https://idea.seoul.go.kr/front/freeSuggest/view.do?sn=201045
PROP-201039,2025-12-10,N,미상,0.0,임산부 배려석 스마트 인증 시스템 도입 제안,임산부 배려석 스마트 인증 시스템 도입 제안,임신·난임·생식건강,임산부 건강·배려,임산부 건강관리·배려,임신·난임·생식건강,건강임신지원팀,02-2133-9491,저출생사업1팀 | 생활지원팀,1순위:건강임신지원팀 | 2순위:저출생사업1팀 | 3순위:생활지원팀,1,임산부 배려공간 조성,ㅇ 교통 약자인 임산부의 엘리베이터 안전사고 예방 및 배려문화 확산을 위해 엘리베이터 내?외부에 임산부 배려공간 조성(엠블럼 부착)   - 임산부를 위해 해당 공간을 비워두고 양보하는 사회 분위기 확산 유도 ㅇ 임산...,,,,https://idea.seoul.go.kr/front/freeSuggest/view.do?sn=201039
PROP-200988,2025-12-02,N,미상,32.0,임산부 배려석 사용률 증진을 위한 '스마트 알림 뱃지(Smart  Badge)' 도입 제안,임산부 배려석 사용률 증진을 위한 '스마트 알림 뱃지(Smart  Badge)' 도입 제안,임신·난임·생식건강,임산부 건강·배려,임산부 건강관리·배려,임신·난임·생식건강,건강임신지원팀,02-2133-9492,가족건강팀 | 저출생사업1팀,1순위:건강임신지원팀 | 2순위:가족건강팀 | 3순위:저출생사업1팀,1,임산부 배려공간 조성,ㅇ 교통 약자인 임산부의 엘리베이터 안전사고 예방 및 배려문화 확산을 위해 엘리베이터 내?외부에 임산부 배려공간 조성(엠블럼 부착)   - 임산부를 위해 해당 공간을 비워두고 양보하는 사회 분위기 확산 유도 ㅇ 임산...,,,,https://idea.seoul.go.kr/front/freeSuggest/view.do?sn=200988
PROP-200951,2025-11-26,N,미상,1.0,출산가구 부모대상 노인복지회관 식당 공유 제안,"안녕하세요.
저는 25년생 아기를 키우고 있는 초보 육아맘입니다.
아기 시간에 맞춰 하루를 보내다 보면, 정작 제 식사를 거르는 일이 많습니다.
배달음식으로 버티기도 하지만, 쓰레기가 많이 나오고 집안일도 늘어나는 등 한계가 있습니다.
그러던 중, 집 앞 문정노인종합복지관에서 어르신들이 4,000원으로 점심을 해결하시는 모습을 보고 부럽다는 생각이 들었습니다.
저도 복지관 1층 카페에서 가끔 휴식을 취하는데, 어르신분들이 식권을 주고 싶어 하시면서도 “나이 때문에 못 들어간다”며 미안해하시는 모습을 보았습니다.
<제안 아이디어>
* 출산가구 부모가 일정 기간(예: 2년) 동안 노인복지회관 내부 식당을 이용할 수 있도록 식권을 구매하는 방식
* 아기와 함께 식사하며, 육아 스트레스를 줄이고, 세대 간 교류를 활성화
<기대 효과>
1.   육아 스트레스 완화
2.   어르신분들과의 공동육아 경험
3.   세대 간 소통으로 인한 갈등 완화
4.   식당 이용자 증가로 인한 수익 창출
5.   배달음식과 일회용품 사용 감소
아기와 함께 안심하고 식사할 수 있는 공간을 제공받는다면, 많은 육아가정에 큰 도움이 될 것입니다.
또한, 어르신과 부모가 함께하는 세대 간 교류의 기회도 늘어날 것으로 기대됩니다.",출산·산후 초기지원,출산가구 초기지원,출산지원금·출생축하,출산·산후 초기지원,가족건강팀,02-2133-9485,저출생사업1팀,1순위:가족건강팀 | 2순위:저출생사업1팀,0,,,,,,https://idea.seoul.go.kr/front/freeSuggest/view.do?sn=200951
PROP-200867,2025-11-14,N,미상,5.0,임산부배려석의 배려의강요,"임산부배려석이라는 이름부터가 잘못 지어진
임산부배려석..
배려석이라는 표현 자체가 배려를 해서 비워두라는
의미로 지어진거였겠지만 실상은
왜 내가 배려를 해야하냐
왜 배려를 강요하냐
등 배려를 존중받지 못하고 있는 현실이
임산부들을 더 서럽게 만듭니다.
임산부 배지를 대야 앉을 수 있고, 소리가 나게하고
이런 비용드는거 아니어도 좋으니
적어도 최소 임산부 배려석이 아닌
""임산부 지정석"" 이라고 해놓고 방송도 임산부 지정석이니 임산부 외엔 자리를 이용하지말라고 안내방송 내는게 맞다고 생각합니다.
지정석이니 내가 왜 비켜줘야하고
왜 배려 강요하냐는 말은 적어도 안듣지 않을까요??
임신하기 전엔 초기땐 배도 안나오고 뭐가 힘들지라고 생각했었는데 초기때 입덧이 심해서 저는 초기때가 대중교통타는 일이 지옥같았습니다. 임신하고나서야 이러한 문제점들이 보인다는게 참 안타깝고...
많은 임산부들이 적어도 대중교통을 큰 불편함 없이 타게되는 날을 그려봅니다.",임신·난임·생식건강,임산부 건강·배려,임산부 건강관리·배려,임신·난임·생식건강,건강임신지원팀,02-2133-9491,가족지원팀 | 저출생사업1팀,1순위:건강임신지원팀 | 2순위:가족지원팀 | 3순위:저출생사업1팀,1,임산부 배려공간 조성,ㅇ 교통 약자인 임산부의 엘리베이터 안전사고 예방 및 배려문화 확산을 위해 엘리베이터 내?외부에 임산부 배려공간 조성(엠블럼 부착)   - 임산부를 위해 해당 공간을 비워두고 양보하는 사회 분위기 확산 유도 ㅇ 임산...,,,,https://idea.seoul.go.kr/front/freeSuggest/view.do?sn=200867
PROP-200754,2025-10-30,N,미상,3.0,서울형키즈카페,"서울형 키즈카페 너무 만족스럽습니다
요즘 조금씩 더 많은지역에 생기는것 같은데
천왕역(7호선) 근처에도 하나 만들어주세요
이용할 사람 은근 많아요",보육·돌봄 인프라,아동 놀이·체험공간,공공키즈카페·수유실·유아휴게실,보육·돌봄 인프라,돌봄사업팀,02-2133-6560,가족지원팀 | 저출생사업1팀,1순위:돌봄사업팀 | 2순위:가족지원팀 | 3순위:저출생사업1팀,0,,,,,,https://idea.seoul.go.kr/front/freeSuggest/view.do?sn=200754
PROP-200710,2025-10-25,N,미상,0.0,"공공자전거 그다음 ""공공유모차"", 어르신 등 취약계층 ""공공 지팡이 의자"" 정책사업 도입은 어떠할까요?","공공자전거 그다음 ""공공유모차"", 어르신 등 취약계층 ""공공 지팡이 의자"" 정책사업 도입은 어떠할런지요?",주거·교통·도시생활환경,유모차 이동권,유모차·유아차 이동편의,주거·교통·도시생활환경,저출생사업1팀,02-2133-5027,고령사회정책팀,1순위:저출생사업1팀 | 2순위:고령사회정책팀,0,,,,,,https://idea.seoul.go.kr/front/freeSuggest/view.do?sn=200710
PROP-200696,2025-10-24,N,미상,3.0,임산부좌석 뱃지태그기능,"지하철 버스등  임산부좌석에 임산부뱃지 가진
임산부가 앞에 근접시 ""임산부가 왔습니다. 자리를 양보해주세요""  안내 기능 , 임산부 뱃지 가진
임산부가  앉으면 안내방송 앉은 동안
정지 되는기능 있으면 좋겠습니다.",임신·난임·생식건강,임산부 건강·배려,임산부 건강관리·배려,임신·난임·생식건강,건강임신지원팀,02-2133-9491,가족지원팀 | 저출생사업1팀,1순위:건강임신지원팀 | 2순위:가족지원팀 | 3순위:저출생사업1팀,1,임산부 배려공간 조성,ㅇ 교통 약자인 임산부의 엘리베이터 안전사고 예방 및 배려문화 확산을 위해 엘리베이터 내?외부에 임산부 배려공간 조성(엠블럼 부착)   - 임산부를 위해 해당 공간을 비워두고 양보하는 사회 분위기 확산 유도 ㅇ 임산...,,,,https://idea.seoul.go.kr/front/freeSuggest/view.do?sn=200696
PROP-200665,2025-10-21,N,미상,0.0,"신혼부부 장기전세주택2, 혼인신고와 이혼","신혼부부 장기전세주택2, 혼인신고와 이혼",주거·교통·도시생활환경,출산가구 주거,신혼부부·출산가구 주거지원,주거·교통·도시생활환경,저출생사업1팀,02-2133-5027,생활지원팀,1순위:저출생사업1팀 | 2순위:생활지원팀,4,신혼부부 결혼ㆍ살림비용 지원 | 신혼희망타운 | 신혼부부 전용 주택 구입 자금 대출 | 신혼부부 임차보증금 이자 지원,"ㅇ 결혼ㆍ살림 비용 최대 100만원 지원    - 결혼준비 및 혼인살림 장만 관련 비용 지출    ※ 생애 1회 지급   ? 결혼준비 : 혼수, 예식장, 신혼여행, 청첩장 등    ? 혼인살림 : 전자제품, 주방가전... | 신혼희망타운 분양?임대주택 공급 및 청약 자격 제공 | 연 2.55~3.85% 금리로 주택구입 자금 대출, 최대 3억 2천만 원 한도 | - 임차보증금 대출금: 최대 3억원(임차보증금의 90% 이내) - 이자지원 금리: 최대 4.5% - 지원기간: 최장 10년(25.11.20. 부터 최장 12년) ※ 자세한 사항은 서울주거포털 공고문 참조",,,,https://idea.seoul.go.kr/front/freeSuggest/view.do?sn=200665
PROP-200525,2025-09-26,Y,미상,106.0,아이들이 등하교를 안전하게 다닐 수 있도록 개정이 필요합니다.,"서울 강서구 화곡동에 위치한 우장산 숲 아이파크에 거주 하는 주민입니다. 현재 이 아파트의 초등학교 배정 학교는 화곡초등학교입니다.
이 학교는 현재 공사 중이라 당분 간 신월초등학교로 이전하여 학업 중에 있는 것으로 알고 있습니다.
문제는 아파트에서 화곡초로 가기 위해서는 차량이 지나가는 좁은 골목길을 지나 화곡로라는 큰 길을 건너 다시 차량이 지나가는 골목길로 더 들어가야 학교 정문이 나옵니다.
이러한 동선은 아이들이 안전하게 등하교를 할수 없는 매우 위험한 상황이라고 보입니다. 특히 빠른 배달 처리를 위해 쌩쌩 달리는 오토바이 기사들을 볼 때면 불안과 우려가 증폭 시킬 뿐더러 더욱이 신월초는 강서로와 화곡로 두 큰 길을 건너가야 되고 화곡역 번화가와 가까워 아이들의 정서에 이롭지 못한 분위기가 있습니다.
또한 강서힐스테이트 134동 앞 게이트에서 우장초등학교 정문까지 500m정도 밖에 안되는데 셔틀버스타고 다니는 반면 우장산숲아이파크 후문에서 화곡초등학교 정문까지 600m가 넘어가고 신월초등학교 정문까지 900m가 넘는데도 걸어서 등하교를 해야하는 형평성 부분에서 문제가 발생하고 있습니다.
이러한 점을 감안하여 배정 문제에 대한 해결이 필요해 보입니다.
개선 방안을 3가지로 만들 수 있습니다.
1. 셔틀버스가 다니는 우장초등학교로 배정학교를 변경한다.
2. 신월초나 화곡초에 셔틀버스를 운행한다.
3. 현재 오랫동안 공실 중인 윤희유치원 건물을 화곡초 분교로 만든다.
윤희유치원 건물은 사유지이긴 하나 오랬동안 공실로 방치하고 있어 사용하는 방안에 대해 건물주와 협의는 충분히 만들어 낼수 있지 않을까 봅니다.
현 정부에 들어 중대재해처벌법으로 근로자들의 안전을 강화하는 조치가 시행 되는 사례가 생겨나고 있습니다. 반면 저출산으로 인해 아이들의 귀해지는 현 시대에 무관심으로 일관하는지 모르겠습니다.
심지어 작년에 도로 폭, 단지와 학교, 차선 갯수 횡단보도 건너는 횟수까지 적어서 민원 넣었는데 돌아온 답변은 8차선 도로 2번 건너는게 2차선 도로 1번 건너는것 보다 안전하다는 답변을 받은
사례도 있습니다.
어린 생명이 위협받는 중대한 사안에 대해 이러한 시대착오적인 잘못된 고정관념으로 인해 요청을 거부하거나 단순하게 처리하는 일이 있어서는 절대 안됩니다.
아이들이 차량이 지나가는 좁은 골목길을 걷고 큰 길을 횡단하지 않는 방향으로 맞벌이를 하는 부모님이 고생하면서 픽하지 않고 안심하게 혼자서 안전한 등하교를 할수 있는 그런 개정이 절실히 필요하며 첨부파일을 첨부하오니 확인하시고 서울시 교육청과 함께 실사를 진행해 빠르게 추진해주시면 좋겠습니다.",정보·상담·교육·거버넌스,정보 접근성,일반 출산정책 안건,정보·상담·교육·거버넌스,저출생사업1팀,02-2133-5027,생활지원팀,1순위:저출생사업1팀 | 2순위:생활지원팀,5,1인 자영업자 등 배우자 출산휴가급여 지원 | 영아 전담 아이돌봄서비스 | 외국인 가사(육아)인력 시범사업 | 서울형 육아휴직장려금 | 서울형 육아휴직장려금(사업종료),"1인 자영업자 등에 배우자(남편) 출산휴가급여 최대 120만원(15일분) 지원 (2026.1.1. 기준 출생아부터 적용) - 2025년 출생아는 최대 80만원(10일분) 지원 ㅇ 지원대상에 대한 자격요건 완화(202... | 출산휴가, 육아휴직 후 복귀하는 맞벌이 가정을 지원하고자 영아 돌봄 교육을 이수한 전담 돌보미가 영아 이유식 먹이기, 젖병 소독 등 영아 특화 돌봄서비스 제공 | 맞벌이 부부 등 ‘육아 조력자’의 도움이 절실한 자녀양육 가정에 외국인 육아도우미를 활용한 양육지원사업 도입 | ○ 자녀 1인당 최대 120만원 지원 - 육아휴직기간 연속 6개월 시 60만원, 연속 12개월 경과 시 60만원 추가지급 ※ 부?모 모두 육아휴직 시 각각 지급 (자녀 1인에 대해 가구당 최대 240만원 지급) | ○ 자녀 1인당 최대 120만원 지원 - 육아휴직기간 연속 6개월 시 60만원, 연속 12개월 경과 시 60만원 추가지급 ※ 부?모 모두 육아휴직 시 각각 지급 (자녀 1인에 대해 가구당 최대 240만원 지급)",,,,https://idea.seoul.go.kr/front/freeSuggest/view.do?sn=200525
PROP-200496,2025-09-23,N,미상,3.0,서울시 신혼부부 살림비 지원,"아니 얼척이가 없네요 여태 있다가 7월14일 이후로 혼인신고한 부부대상으로 준다구요?
올해 2025년 1월1일 부터라고 분명히 알고있었고 널널하게 잡아서 4월에 혼인신고했는데
이렇게 통수치는게 사업입니까? 왜 하필 7월14일이죠? 할거면 차라리 1월1일이후부터 시행을하지 아휴 참
이런것도 지원이라고 까발리는거보면 참 한심합니다 이럴거면 그냥 접으세요 하지마세요 이런게 무슨 탄생응원 서울 프로젝트입니까?",주거·교통·도시생활환경,출산가구 주거,신혼부부·출산가구 주거지원,주거·교통·도시생활환경,저출생사업1팀,02-2133-5027,,1순위:저출생사업1팀,4,신혼부부 결혼ㆍ살림비용 지원 | 신혼희망타운 | 신혼부부 전용 주택 구입 자금 대출 | 신혼부부 임차보증금 이자 지원,"ㅇ 결혼ㆍ살림 비용 최대 100만원 지원    - 결혼준비 및 혼인살림 장만 관련 비용 지출    ※ 생애 1회 지급   ? 결혼준비 : 혼수, 예식장, 신혼여행, 청첩장 등    ? 혼인살림 : 전자제품, 주방가전... | 신혼희망타운 분양?임대주택 공급 및 청약 자격 제공 | 연 2.55~3.85% 금리로 주택구입 자금 대출, 최대 3억 2천만 원 한도 | - 임차보증금 대출금: 최대 3억원(임차보증금의 90% 이내) - 이자지원 금리: 최대 4.5% - 지원기간: 최장 10년(25.11.20. 부터 최장 12년) ※ 자세한 사항은 서울주거포털 공고문 참조",,,"TAG_REVIEW:현재 태그=주거·교통·도시생활환경, 태그 핵심어 약함 || TAG_REVIEW:현재 태그=주거·교통·도시생활환경, 태그 핵심어 약함",https://idea.seoul.go.kr/front/freeSuggest/view.do?sn=200496
PROP-200449,2025-09-19,N,미상,11.0,[시민규제발굴단] 시간제보육신청 당일예약 신청,"아이사랑 앱에서 시간제보육예약을 할 수 있어 편리합니다.
다만 당일 예약에는 제한이 있습니다. 당일 예약은 점심12시 전까지 앱에서 예약해야만 이용이 가능합니다.
예를 들어 오후 2~5시까지 예약하기 위해 앱에 접속하여 시간을 체크하여도
당일예약은 불가능하니 고객센터에 문의해야한다고 합니다.
고객센터에 문의하니 빈자리가 있음에도 당일 예약은 12시 전까지 해야 해서 다소 불편했습니다.
예약 가능한 인원수가 표시되기 때문에
자리가 넉넉하게 있음에도 당일 예약은 안되는 부분이 아쉬웠습니다.
현장접수나 유선상으로 예약을 할 수 있도록 조치해주시면 좋을 거 같습니다.
또는 앱(아이사랑)에서도 자유롭게 예약이 가능하도록 하면 좋겠습니다.
감사합니다.",보육·돌봄 인프라,어린이집·유치원,보육시설·유아교육,보육·돌봄 인프라,돌봄사업팀,02-2133-6560,저출생사업1팀,1순위:돌봄사업팀 | 2순위:저출생사업1팀,4,다문화 보육료 | 시간제 보육 | 만0~5세 보육료 | 방과후 보육료,"만0세: (기본)540,000원, (야간)540,000원, (24시간)810,000원 만1세반: (기본)475,000원, (야간)475,000원, (24시간)712,500원 만2세반: (기본)394,000원, (야간... | 만6개월~36개월 부모급여 또는 양육수당 수급 아동대상 시간제보육 지원 | ① 기본보육료(월별) 만0세반: 540,000원 만1세반: 475,000원 만2세반: 394,000원 만3~5세: 280,000원  ② 연장보육료(월별) 0세반: 3,000원 영아반: 2,000원 유아반: 1,000... | ① 정부지원시설 - 4시간 이용: 월 10만원 지원 - 종일 이용(방학 등): 월 20만원 지원  ② 정부미지원시설  - 4시간 이용: 월 233,650원  - 종일 이용: 월 467,300원   ③교사대아동 비율 ...",,,,https://idea.seoul.go.kr/front/freeSuggest/view.do?sn=200449
PROP-200427,2025-09-18,N,미상,5.0,경춘선 숲길에 아이들을 위한 미니 기차 놀이 시설을 설치해주세요,경춘선 숲길에 아이들을 위한 미니 기차 놀이 시설을 설치해주세요,정보·상담·교육·거버넌스,정보 접근성,일반 출산정책 안건,정보·상담·교육·거버넌스,저출생사업1팀,02-2133-5027,가족건강팀 | 생활지원팀,1순위:저출생사업1팀 | 2순위:가족건강팀 | 3순위:생활지원팀,0,,,,,"TAG_REVIEW:현재 태그=정보·상담·교육·거버넌스, 태그 핵심어 약함 || TAG_REVIEW:현재 태그=정보·상담·교육·거버넌스, 태그 핵심어 약함",https://idea.seoul.go.kr/front/freeSuggest/view.do?sn=200427
PROP-200421,2025-09-18,N,미상,1.0,[시민규제발굴단] 청약시 자녀수에 대한 가산점 확대,"청약시 영유아 자녀에 한해 가산점을 주고 있으나 영유아에 대한 가산점처럼  자녀수에 대한 가산점이 확대 되었으면 합니다.
예)자녀당 +5가 아니라
1자녀시 5점,  2자녀시 10+5점, 3자녀시 15+10 점 같이 자녀수에 따른 청약시 가산점이 큰폭으로 늘어나가는 것을 제안하고 싶습니다.",주거·교통·도시생활환경,출산가구 주거,신혼부부·출산가구 주거지원,주거·교통·도시생활환경,저출생사업1팀,02-2133-5021,,1순위:저출생사업1팀,0,,,,,,https://idea.seoul.go.kr/front/freeSuggest/view.do?sn=200421
PROP-200411,2025-09-17,N,미상,24.0,서울시 신혼부부 결혼살림비 지원,"서울시에서 지원하는 신혼부부 결혼살림비용 작년 10월부터 계속 기사 냈고, 보도 내용으로는 25년 1월1일 이후 혼인신고한  대상자에게 100만원 준다는 내용이었는데, 몇일전 나온 기사를 보니 25년 7월 14일 이후 혼인신고한 부부로 대상자가 변경 됐더라고여?
작년부터 올해초까지 기사내용으로는 25년 1월1일 이후 1년이내 신청하는 사람들에게 지급한다고 해서 신고 하고 기다리고 있었는데, 갑자기 7월 14일부터라고 하면 그거만 믿고 혼인신고하고 기다린 사람들은 억울하지 않을까요?
만약 1월1일부터가 아니고 그때는 아직 정해진 사안이 아니라하면 왜 그때 정정보도를 낸다거나 수정하지 않으셨을까요?
진짜 황당하고 억울하네요",주거·교통·도시생활환경,출산가구 주거,신혼부부·출산가구 주거지원,주거·교통·도시생활환경,저출생사업1팀,02-2133-5027,,1순위:저출생사업1팀,4,신혼부부 결혼ㆍ살림비용 지원 | 신혼희망타운 | 신혼부부 전용 주택 구입 자금 대출 | 신혼부부 임차보증금 이자 지원,"ㅇ 결혼ㆍ살림 비용 최대 100만원 지원    - 결혼준비 및 혼인살림 장만 관련 비용 지출    ※ 생애 1회 지급   ? 결혼준비 : 혼수, 예식장, 신혼여행, 청첩장 등    ? 혼인살림 : 전자제품, 주방가전... | 신혼희망타운 분양?임대주택 공급 및 청약 자격 제공 | 연 2.55~3.85% 금리로 주택구입 자금 대출, 최대 3억 2천만 원 한도 | - 임차보증금 대출금: 최대 3억원(임차보증금의 90% 이내) - 이자지원 금리: 최대 4.5% - 지원기간: 최장 10년(25.11.20. 부터 최장 12년) ※ 자세한 사항은 서울주거포털 공고문 참조",,,"TAG_REVIEW:현재 태그=주거·교통·도시생활환경, 태그 핵심어 약함 || TAG_REVIEW:현재 태그=주거·교통·도시생활환경, 태그 핵심어 약함",https://idea.seoul.go.kr/front/freeSuggest/view.do?sn=200411
PROP-200312,2025-09-03,N,미상,1.0,"아이돌봄서비스(조부모돌봄) 기간 ,범위 확대 건의","서울시에 거주하는 아이 셋 다자녀 아빠입니다.
아이 3명을 키우며, 생활을 위해 부모 모두 맞벌이를 해야하는 상황이라 조부모님의 도움이 절실합니다.
또한 아이돌봄서비스를 신청해서 사용을 하려해도 정기신청의 대기가 너무 길고 실질적인 사용이 어려워
주변의 도움을 받을 수 밖에 없습니다.
첫째때 아이돌봄 서비스를 알게되어 이용하였고 조부모 돌봄 서비스가 있어 신청하여 이용 하였는데
실제로 양육공백이 발생할때 조부모의 도움을 받아 너무 좋았습니다. 또한 조부모 또한 일정금액을 지급받아
서로 좋은 정책이라 생각했습니다. 하지만 23~36개월 까지만으로 너무 기간이 짧습니다.
현재 쌍둥이의 조부모 돌봄 신청을 하였는데 실제 조부모님이 아이들을 돌봐주실때 23개월이 아닌 12개월 돌만지나면
아니 실제론 어릴때부터 도움을 주십니다. 23개월~36개월에 국한되지 않고 범위를 더 확장하여,
다자녀 및 양육공백이 발생하는 가정에 큰 도움이 되었으면 합니다.",보육·돌봄 인프라,가족돌봄,아이돌봄·조부모돌봄,보육·돌봄 인프라,돌봄사업팀,02-2133-6560,저출생사업1팀,1순위:돌봄사업팀 | 2순위:저출생사업1팀,5,영아 전담 아이돌봄서비스 | 서울형 아이돌봄비 지원 | 서울형 손주돌봄수당 지원(친인척형) | 서울형 손주돌봄수당 지원(민간형) | 외국인 가사(육아)인력 시범사업,"출산휴가, 육아휴직 후 복귀하는 맞벌이 가정을 지원하고자 영아 돌봄 교육을 이수한 전담 돌보미가 영아 이유식 먹이기, 젖병 소독 등 영아 특화 돌봄서비스 제공 | 영아를 키우는 가정에서 조부모(4촌 이내 친인척 포함)가 영아를 돌보는 경우 또는 서울시에서 지정한 민간기관의 아이돌봄서비스를 이용 시 돌봄 비용을 지원(택1)하여 가정의 양육부담 경감 ① 친인척 조력자 아이돌봄비 ... | 영아를 키우는 가정에서 조부모(4촌 이내 친인척 포함)가 영아를 돌보는 경우 또는 서울시에서 지정한 민간기관의 손주돌봄 서비스를 이용 시 돌봄 비용을 지원(택1)하여 가정의 양육부담 경감 ① 친인척 조력자 손주돌봄수... | 영아를 키우는 가정에서 조부모(4촌 이내 친인척 포함)가 영아를 돌보는 경우 또는 서울시에서 지정한 민간기관의 손주돌봄 서비스를 이용 시 돌봄 비용을 지원(택1)하여 가정의 양육부담 경감 ① 친인척 조력자 손주돌봄수... | 맞벌이 부부 등 ‘육아 조력자’의 도움이 절실한 자녀양육 가정에 외국인 육아도우미를 활용한 양육지원사업 도입",,,,https://idea.seoul.go.kr/front/freeSuggest/view.do?sn=200312
PROP-200169,2025-08-10,N,미상,1.0,지하철 임산부 좌석,"지하철
임산부 좌석에 영어 중국어 일본어로도 기재부탁드립니다.
중국인들이 무시하고 앉는경우가 너무 많네요.",임신·난임·생식건강,임산부 건강·배려,임산부 건강관리·배려,임신·난임·생식건강,건강임신지원팀,02-2133-9491,가족지원팀 | 저출생사업1팀,1순위:건강임신지원팀 | 2순위:가족지원팀 | 3순위:저출생사업1팀,1,임산부 배려공간 조성,ㅇ 교통 약자인 임산부의 엘리베이터 안전사고 예방 및 배려문화 확산을 위해 엘리베이터 내?외부에 임산부 배려공간 조성(엠블럼 부착)   - 임산부를 위해 해당 공간을 비워두고 양보하는 사회 분위기 확산 유도 ㅇ 임산...,,,,https://idea.seoul.go.kr/front/freeSuggest/view.do?sn=200169
PROP-200168,2025-08-10,N,미상,9.0,임산부 배려석 제안,"안녕하세요.
임산부 베려석 관련해서 문의드립니다.
1. 이 배려석 의미를 명확히 해주셔야 할 거 같아요.
항상 비워둬야 하는지
아니면 교통약자만 임산부 없을 때 앉을지
아니면 일반인도 앉을 수 있는지요.
이건 문구화 해서 자리 위나 아래에 마킹해주시면 어떨지요
개인적으로 일반인도 앉되 임산부 오면 비켜주는 게 맞을 거 같아요. 너무 일반인도 힘들어서요.
2. 임산부가 앞에 있어도 안비켜 주는 민폐 시민 이야기가 많습니다. 스레드 등을 통해 돌아다니는 제안이지만 실현 가능성 있나 싶어서요.
발급되는 임산부 배지에 NFC 기능 같은 걸 달아서 임산부가 배려석 앞에 서면 불이 들어오면서 일정 정도 진동이 되는 벨 같은 걸 좌석 근처에 배치하면 어떨지요.
3. 그리고 끝까지 안비키는 민폐인은 가벼운 벌금형도 있으면 좋을 것 같아요.",임신·난임·생식건강,임산부 건강·배려,임산부 건강관리·배려,임신·난임·생식건강,건강임신지원팀,02-2133-9491,가족지원팀 | 저출생사업1팀,1순위:건강임신지원팀 | 2순위:가족지원팀 | 3순위:저출생사업1팀,1,임산부 배려공간 조성,ㅇ 교통 약자인 임산부의 엘리베이터 안전사고 예방 및 배려문화 확산을 위해 엘리베이터 내?외부에 임산부 배려공간 조성(엠블럼 부착)   - 임산부를 위해 해당 공간을 비워두고 양보하는 사회 분위기 확산 유도 ㅇ 임산...,,,,https://idea.seoul.go.kr/front/freeSuggest/view.do?sn=200168
PROP-200157,2025-08-08,N,미상,56.0,sh 행복주택 신생아 최우선 공급관련 건의합니다,sh 행복주택 신생아 최우선 공급관련 건의합니다,출산·산후 초기지원,출산가구 초기지원,출산지원금·출생축하,출산·산후 초기지원,가족건강팀,02-2133-9485,저출생사업1팀,1순위:가족건강팀 | 2순위:저출생사업1팀,0,,,,,,https://idea.seoul.go.kr/front/freeSuggest/view.do?sn=200157
PROP-200141,2025-08-06,N,미상,2.0,서울형키즈카페 이용연령 확장부탁,"서울형키즈카페를 잘 이용하고있는 아기엄마 입니다~
안전상의 문제로 키즈카페에 연령제한이 있는걸로 알고있는데요,
3세 이상부터 가능한 키즈카페는 보통 오전에는 아이들이 어린이집에 가서 카페에 잘 없는것 같더라구요.
집 바로앞에 보라매공원 서울형키즈카페가 새로 오픈했는데 보니까 3세 이상이여서
17개월인 우리아기는 가까워도 이용을 못해서 좀 아쉽더라고요. 둘째 임신중이라 멀리 나가기가 힘들어서 가까운데 생겨 좋았는데, 큰 아이들이 어린이집에 가있는 오전시간에만이라도 서울형키즈카페를 사용할수있게 요청드리고 싶습니다.",보육·돌봄 인프라,아동 놀이·체험공간,공공키즈카페·수유실·유아휴게실,보육·돌봄 인프라,돌봄사업팀,02-2133-6560,저출생사업1팀 | 생활지원팀,1순위:돌봄사업팀 | 2순위:저출생사업1팀 | 3순위:생활지원팀,0,,,,,,https://idea.seoul.go.kr/front/freeSuggest/view.do?sn=200141
PROP-200129,2025-08-04,N,미상,0.0,예비 신혼부부를 위한 ‘서울시 미리내집’ 소득기준 개선 요청,예비 신혼부부를 위한 ‘서울시 미리내집’ 소득기준 개선 요청,주거·교통·도시생활환경,출산가구 주거,신혼부부·출산가구 주거지원,주거·교통·도시생활환경,저출생사업1팀,02-2133-5021,가족건강팀,1순위:저출생사업1팀 | 2순위:가족건강팀,4,신혼부부 결혼ㆍ살림비용 지원 | 신혼희망타운 | 신혼부부 전용 주택 구입 자금 대출 | 신혼부부 임차보증금 이자 지원,"ㅇ 결혼ㆍ살림 비용 최대 100만원 지원    - 결혼준비 및 혼인살림 장만 관련 비용 지출    ※ 생애 1회 지급   ? 결혼준비 : 혼수, 예식장, 신혼여행, 청첩장 등    ? 혼인살림 : 전자제품, 주방가전... | 신혼희망타운 분양?임대주택 공급 및 청약 자격 제공 | 연 2.55~3.85% 금리로 주택구입 자금 대출, 최대 3억 2천만 원 한도 | - 임차보증금 대출금: 최대 3억원(임차보증금의 90% 이내) - 이자지원 금리: 최대 4.5% - 지원기간: 최장 10년(25.11.20. 부터 최장 12년) ※ 자세한 사항은 서울주거포털 공고문 참조",,,"TAG_REVIEW:현재 태그=주거·교통·도시생활환경, 태그 핵심어 약함 || TAG_REVIEW:현재 태그=주거·교통·도시생활환경, 태그 핵심어 약함",https://idea.seoul.go.kr/front/freeSuggest/view.do?sn=200129
PROP-200103,2025-07-28,Y,미상,69.0,가정내 돌봄종사자 무료예방접종,"서울형가사서비스 종사자입니다.
지난 7월 3일 영등포구의 ""이주 노동자 생수나눔 & 좋은돌봄 캠페인""에서 만난 가사노동자분께서 지난 6월에 영등포구의 돌봄종사자를 위해 백일해 무료예방접종을 실시하였다는 말을 들었습니다.
서울형가사서비스는 임산부, 신생아, 18세이하 청소년가정에 가사스비스를 하는 일로 가족구성원과 직접 대면하기 때문에 만약 가사관리사가 약간의 기침만 해도 부모들은 불편해하고 서비스받기를 꺼려합니다.
또한 가사노동자들 대부분은 경제적으로 여유가 없고, 고령의 노동자가라 취약한 건강조건을 가지고 있어서 독감등 호흡기 질환에 쉽게 노출되기도합니다.
가정내 돌봄종사자 (가사관리사, 장애인활동지원사, 아이돌보미, 산후관리사, 생활지원사, 요양보호사 등)에게 독감, 백일해등 유행성 전염병에 대한 무료 예방접종을 희망합니다.
가정내 돌봄 지원시 최우선 시행되어야 하는 일이라고 생각합니다.",보육·돌봄 인프라,아동 건강·의료 접근성,소아응급·야간진료·영유아검진,보육·돌봄 인프라,돌봄사업팀,02-2133-6560,저출생사업1팀 | 생활지원팀,1순위:돌봄사업팀 | 2순위:저출생사업1팀 | 3순위:생활지원팀,1,임산부 배려공간 조성,ㅇ 교통 약자인 임산부의 엘리베이터 안전사고 예방 및 배려문화 확산을 위해 엘리베이터 내?외부에 임산부 배려공간 조성(엠블럼 부착)   - 임산부를 위해 해당 공간을 비워두고 양보하는 사회 분위기 확산 유도 ㅇ 임산...,,,,https://idea.seoul.go.kr/front/freeSuggest/view.do?sn=200103
PROP-200102,2025-07-28,N,강동구,20.0,강동구 키움센터 방학기간 설정에 인근 초등학교 방학기간을 고려해 주세요!,강동구 키움센터 방학기간 설정에 인근 초등학교 방학기간을 고려해 주세요!,보육·돌봄 인프라,초등돌봄,초등돌봄·방과후,보육·돌봄 인프라,돌봄사업팀,02-2133-6560,저출생사업1팀 | 생활지원팀,1순위:돌봄사업팀 | 2순위:저출생사업1팀 | 3순위:생활지원팀,0,,,,,,https://idea.seoul.go.kr/front/freeSuggest/view.do?sn=200102
PROP-200093,2025-07-26,N,미상,2.0,보육교사 집합 보수교육 기관 및 인원증설을 해 주세요,"제목:보육교사 집합 보수교육 기관 및 인원증설을 해 주세요
보육교사 집합 보수교육 기관 및 인원이
교육대상 인원보다 월등히 적어 교육기관 접수시 30초만에 교육인원이 마감되어 교육을 신청할 수가 없습니다.
전처럼 온라인으로 교육을 듣게 해주시든지 집합교육으로 변경한다면 대면교육 장소와 인원을 늘려주시든지 특단의 조치가 필요합니다.
전쟁터를 방불케 하는 접수시작 30초만에 접수 마감이 되는 사태는 상당히 심각한 상태입니다.
이에 대한 조속한 개선대책이 세워져야한다고 생각합니다.",보육·돌봄 인프라,어린이집·유치원,보육시설·유아교육,보육·돌봄 인프라,돌봄사업팀,02-2133-6560,저출생사업1팀 | 생활지원팀,1순위:돌봄사업팀 | 2순위:저출생사업1팀 | 3순위:생활지원팀,4,다문화 보육료 | 시간제 보육 | 만0~5세 보육료 | 방과후 보육료,"만0세: (기본)540,000원, (야간)540,000원, (24시간)810,000원 만1세반: (기본)475,000원, (야간)475,000원, (24시간)712,500원 만2세반: (기본)394,000원, (야간... | 만6개월~36개월 부모급여 또는 양육수당 수급 아동대상 시간제보육 지원 | ① 기본보육료(월별) 만0세반: 540,000원 만1세반: 475,000원 만2세반: 394,000원 만3~5세: 280,000원  ② 연장보육료(월별) 0세반: 3,000원 영아반: 2,000원 유아반: 1,000... | ① 정부지원시설 - 4시간 이용: 월 10만원 지원 - 종일 이용(방학 등): 월 20만원 지원  ② 정부미지원시설  - 4시간 이용: 월 233,650원  - 종일 이용: 월 467,300원   ③교사대아동 비율 ...",,,,https://idea.seoul.go.kr/front/freeSuggest/view.do?sn=200093
PROP-200064,2025-07-23,N,미상,1.0,출산율 문제를 해결하기 위해 세종시와의 돌봄 센터 지원 교류를 제안합니다,"*이 제안은 북가좌초등학교 4학년 학생들이 지역 간 교류를 탐구한 결과를 바탕으로 작성한 것입니다. 교사 계정으로 대리 등록하였습니다*
지금 우리가 살고 있는 서울은 아이들이 적습니다
.
또 어린이집이 줄어들고 노인 요양원 시설로 바뀌고 있습니다
(
출처
:
서울 연구원 김기원 실장님 인터뷰
).
그러므로 아이들이 점점 줄어드는 것을 알 수 있습니다
.
이에 따라 출산율 문제를 해결하기 위해 세종시와의 돌봄 센터 지원 교류를 제안합니다
.
관련한 내용을 조사해 보니
,
서울시 출산 혜택은
70
만원
,
세종시는
120
만원입니다
(
출처
- AI
브리핑 검색
).
따라서 서울시는 출산 혜택이 세종시보다 적습니다
.
그래서 서울시와 세종시의 혜택을 합쳤으면 좋겠습니다
.
만약 서울시의 혜택을 세종시와 혜택을 합치지 않으면 출산율이 계속 낮아질 것입니다
.
이것뿐만 아니라 서울시의 폐교된 학교는
8
곳이나 됩니다(출처-
부동산 정보
&
홍보관)
.
지금도 많은 초등학교 학생 수도 적어지고 있습니다
.
더불어 세종시와 문화 교류를 통해서 서울시 돌봄 센터를 늘리면 어떨까요
?
그러면 아이 돌보미 직업이 늘 것입니다
.
그리고 이 교류를 통해 맞벌이를 하는 사람들이 마음을 놓고 일을 할 수 있을 것 입니다
.
그러므로 서울시의 출산율을 늘일 수 있을 것입니다
!",출산·산후 초기지원,출산가구 초기지원,출산지원금·출생축하,출산·산후 초기지원,가족건강팀,02-2133-9485,다문화지원팀,1순위:가족건강팀 | 2순위:다문화지원팀,5,영아 전담 아이돌봄서비스 | 외국인 가사(육아)인력 시범사업 | 1인 자영업자 등 배우자 출산휴가급여 지원 | 1인 자영업자?프리랜서 배우자 출산휴가 지원금 | 서울형 新일?생활 균형 3종 패키지,"출산휴가, 육아휴직 후 복귀하는 맞벌이 가정을 지원하고자 영아 돌봄 교육을 이수한 전담 돌보미가 영아 이유식 먹이기, 젖병 소독 등 영아 특화 돌봄서비스 제공 | 맞벌이 부부 등 ‘육아 조력자’의 도움이 절실한 자녀양육 가정에 외국인 육아도우미를 활용한 양육지원사업 도입 | 1인 자영업자 등에 배우자(남편) 출산휴가급여 최대 120만원(15일분) 지원 (2026.1.1. 기준 출생아부터 적용) - 2025년 출생아는 최대 80만원(10일분) 지원 ㅇ 지원대상에 대한 자격요건 완화(202... | 1인 자영업자 등에 배우자 출산휴가급여 80만원 지원 | 양육 친화 기업문화 조성을 위해 서울형 新 일?생활 균형 3종 패키지를 시행함으로써 초저출생 위기 극복 및 일?생활 균형 문화 확산 ? 배우자 출산휴가 의무제(10일) ? 육아휴직 사용 활성화 ? 육아기 근로시간 단...",,,,https://idea.seoul.go.kr/front/freeSuggest/view.do?sn=200064
PROP-200040,2025-07-18,N,미상,7.0,국공립어린이집 유아식 저녁 배달 서비스 시범 도입 제안,"1. 제안 배경 및 필요성
맞벌이 가정이 증가함에 따라, 워킹맘·워킹대디가 퇴근 후 아이에게 저녁을 챙겨주는 일이 큰 부담이 되고 있습니다.
현장에서는 다음과 같은 현실적인 어려움이 지속적으로 제기되고 있습니다:
？	퇴근 후 체력과 시간이 부족하여 유아식 준비가 어려움
？	시중 유아식 배달은 가격이 높고 종류가 제한적
？	일반 음식 배달은 영·유아 건강에 적합하지 않음
？	어린이집에서는 급식이 일반적으로 오후간식까지만 제공되어, 저녁식사는 대부분 가정에서 담당
(일부 어린이집에서 저녁 제공을 하기도 하나, 대부분의 아기들은 오후 하원 후 가정에서 저녁식사를 하게 됨)
이러한 문제들을 해소하기 위해, 국공립어린이집의 체계적인 식단 시스템과 유휴 시설을 활용하여 저녁 유아식 배달 서비스를 시범 도입할 것을 제안합니다.
2. 제안 내용
？ 서비스 개요
？	대상: 국공립어린이집 재원 아동 중 희망 가정
？	방식: 어린이급식관리지원센터의 기준에 따라 조리된 유아식을, **퇴근 시간대(오후 5~6시경)**에 가정으로 문앞 배송
？	배송 형태: 다회용 보냉 가방을 활용한 친환경 배달 (다음날 어린이집 등원 시 반납)
？ 운영 방식 요약
식단 - 어린이급식관리지원센터 식단 기준 기반, 영양 밸런스 확보
조리 - 어린이집 조리시설 또는 위탁 급식 업체 활용
배송 - 어린이집 인근 지역 내 가정 대상으로 문앞 배송
3. 서비스 확장 가능성
？	1단계에서는 국공립어린이집 재원 아동을 대상으로 시범 운영
→ 해당 아동들은 대부분 어린이집 인근에 거주하고 있어 배송 동선이 짧고 효율적임
？	향후 수요와 효과 검토 후, 지역 내 모든 영·유아 대상으로 서비스 확대 가능
4. 기대 효과
가정(부모)
？	저녁 식사 준비 부담 해소
？	아기와의 저녁 시간 여유 확보
？	균형 잡힌 식단으로 건강한 성장 지원
어린이집 및 지역사회
？	유휴 시간·시설 활용 → 추가 예산 없이 운영 가능
？	지역 돌봄 시스템 강화
？	학부모 만족도 상승 → 기관 신뢰도 향상
5. 결론
퇴근 후 아이의 저녁 식사는 많은 맞벌이 부모에게 작지만 큰 고민입니다.
국공립어린이집의 시스템과 지역 인프라를 활용한 저녁 유아식 배달 서비스는, 부모의 부담을 덜고 아기의 건강을 챙기며, 가족의 저녁 시간을 더 따뜻하게 만들어 줄 수 있습니다.
현실적이면서도 실현 가능한 방안으로, 작은 시범부터 시작해 지역사회 전체로 확산할 수 있는 모델이 되길 희망합니다.",보육·돌봄 인프라,어린이집·유치원,보육시설·유아교육,보육·돌봄 인프라,돌봄사업팀,02-2133-6560,저출생사업1팀 | 다문화지원팀,1순위:돌봄사업팀 | 2순위:저출생사업1팀 | 3순위:다문화지원팀,5,영아 전담 아이돌봄서비스 | 외국인 가사(육아)인력 시범사업 | 서울형 육아휴직장려금 | 서울형 육아휴직장려금(사업종료) | 서울형 손주돌봄수당 지원(민간형),"출산휴가, 육아휴직 후 복귀하는 맞벌이 가정을 지원하고자 영아 돌봄 교육을 이수한 전담 돌보미가 영아 이유식 먹이기, 젖병 소독 등 영아 특화 돌봄서비스 제공 | 맞벌이 부부 등 ‘육아 조력자’의 도움이 절실한 자녀양육 가정에 외국인 육아도우미를 활용한 양육지원사업 도입 | ○ 자녀 1인당 최대 120만원 지원 - 육아휴직기간 연속 6개월 시 60만원, 연속 12개월 경과 시 60만원 추가지급 ※ 부?모 모두 육아휴직 시 각각 지급 (자녀 1인에 대해 가구당 최대 240만원 지급) | ○ 자녀 1인당 최대 120만원 지원 - 육아휴직기간 연속 6개월 시 60만원, 연속 12개월 경과 시 60만원 추가지급 ※ 부?모 모두 육아휴직 시 각각 지급 (자녀 1인에 대해 가구당 최대 240만원 지급) | 영아를 키우는 가정에서 조부모(4촌 이내 친인척 포함)가 영아를 돌보는 경우 또는 서울시에서 지정한 민간기관의 손주돌봄 서비스를 이용 시 돌봄 비용을 지원(택1)하여 가정의 양육부담 경감 ① 친인척 조력자 손주돌봄수...",,,,https://idea.seoul.go.kr/front/freeSuggest/view.do?sn=200040
PROP-200023,2025-07-16,N,미상,0.0,다자녀 가구 취득세 감면 제도 도입 제안,"현황 및 문제점
우리나라는 현재 저출산이고 이를 해소하기 위해 지방자치단체나 중앙정부등에서 다양한 정책을 내놓고있지만 세금감면같은 실질적인 정책은 없다는 문제가 있다
개선방안
다자녀가구가 주택취득시 취득세 감면과 함께 감면 대상 다자녀 가구에 출산 축하 메시지와 함께 정책 첫 수혜자임을 알리는 축하 카드를 제작해 발송한다
기대효과
저출산 문제 해소 및 아이를 낳고 키우기 좋은 환경",다자녀·양육비·생활지원,다자녀 혜택,다자녀 기준·할인·감면,다자녀·양육비·생활지원,저출생사업1팀,02-2133-5025,,1순위:저출생사업1팀,0,,,,,,https://idea.seoul.go.kr/front/freeSuggest/view.do?sn=200023
PROP-199938,2025-07-09,N,미상,1.0,"공영주차장 다둥이카드, 직원들이 잘 모르네요","공영주차장 다둥이카드, 직원들이 잘 모르네요",다자녀·양육비·생활지원,다자녀 혜택,다자녀 기준·할인·감면,다자녀·양육비·생활지원,저출생사업1팀,02-2133-5027,생활지원팀,1순위:저출생사업1팀 | 2순위:생활지원팀,0,,,,,,https://idea.seoul.go.kr/front/freeSuggest/view.do?sn=199938
PROP-199926,2025-07-08,N,미상,0.0,근데 오늘날 현실은 저출산입니다. 알고 있죠? ( 전 출산 지원 정책을 좀 삭감했으면 합니다. 여성관련된 정책도),"한국  4대 의무중 하나는  국방의 의무입니다
근데 여기서는 잠깐! 여성들은? 의무를 불이행했습니다
수평적 저울로 맞쳐 보십시오 모든 힘과 지혜는 균등해야합니다
고로 여기서는 여성 출산 지원 정책 보다 차라리
남성지원 정책으로 실현해야할때라고 보여집니다
그리고 또 여성 안전 귀갓길이든 뭐든 혜택을 취소 시켜주십시오!
왜? 여성은 약자입니까? 아;;; 약자라면 서울에 있는 대기업 ceo들이여 기업은 여성을 밥먹여주고 제워주는 자원 사업이 아닙니다. 다만 여기서는여성을 해고를 시키면 됩니다. 간단하죠?
여성이 약자입니까?
성덕여왕, 그리고 조선황후, 그리고 또 여기서는 노벨평화상 까지 받았는데?
조선시대에도 사회적 제약 속에서도 무예를 익히고 전투에 참여하거나 전투와 관련된 활약을 펼친 여성들이 존재했습니다.
이들은 역사 속에서 여전사로 기억되지는 않지만, 그 용기와 활약상은 오늘날에도 우리에게 감동과 교훈을 주고 있습니다.
라네요
근데 조선 여경을 뽑을때도 강력하게 뽑았다는 설도 있어요 조선시대때
근데? 너무 약자 취급 하는거가 아닌지?
그러면 왜? 올림픽에서는 여성도 나가고 그러는데?
여성은 언제까지 배려의 대상이 되어야합니까?
남성에게 이익은?
없습니다
수평적 저울로 보면 고로 출산관련 지원을 삭감을 해주는 것이 맞다고 보여집니다.
1. 산후 조리원 예산 삭감
2. 한국판 pc주의 성인지 예산 삭감
3. 여성관련된 예산  100중 60프로 삭감
4. 국방을 키우는것이 낫고 안보를 키우는것이 낫다고 보여집니다.
고로 오늘날 현실은 여성이라는 성별 권리이용하는 것들도 서울에 대다수 여성들이 하고 있고
그리고 당신네 여편네가 남성이 군대를 가는건 오히려 당연시 하게 여기고 전사를 배척하고 있습니다.
걍 고마움을 몰라요 한국 여성 대다수가!  다리에 한번 총을 쏴봐야 전쟁에 죽었을때 그 참혹감을 압니다.
우리나라는 디펜드 포지션 즉 수비적인 역할에 속합니다 적군을 방어하고 그리고 또 군사든 안보는 방어하는 역할
근데? 감히 남성을 배척하고 그리고 당신의 여편네가 당신을 배척하고 그리고 잔소리든 감정적인 악을 퍼붙고 있는데?
물론 이성적으로 생각해보십시오 당신은 너무 사랑, 정이라는것때문에 동정심을 계속해서! 주는것이 아니요?
난 모든 것에 동정따윈 없습니다.  여성들도 마찬가지로요 .
다만! 차별금지법 중 포괄 보단 보편적 차별금지법은 지지합니다
사회적 약자, 성소수자 덕택에 다만 차별을 금지할때? 마인드 차별은 허용이 되어야합니다.
근데 실질적으로 서울은 여성이 차별받고 있다 뭐했다 그러죠?
근데 실질적으로 오늘날 여성들이 사회에 뭘기여했는가? 공동체에 뭘 기여했는가? 따져보면 아무것도 없습니다.
혜택과 그리고 의식수준, 행동도 균등하게 따라와야합니다.
근데 이성적으로봐도 이건 한국은 정에 약해서 저런것들을 시도 하는것 같네요
전 냉정합니다 아주 차가운 존재에요 ^^
다만 전사를 응호를 하고 수호자를 응호하고 그리고 황제를 응호하는것뿐!
그리고 서울에 잇는 여성의 패션을 보십시오 성어필의 효과가 있습니다.
스키니진 , 그리고 화장, 그리고 또 몸매 부각하는거
여기서는 패션도 사실 어필의 수단으로 많이 입습니다
물론 시선 강간이든 뭐든 피해 감내를 해야하죠
서울 여성 대다수가 용기가 없습니다 .
내가 여자였다면? -> 벌써 그냥 군대갔지 ㅋㅋㅋ
용기 없는것들
근데 실질적으로 서구권 여성들은 집 안에서 키웁니다 그래서 절감의 효과가 나죠
-> 산후 조리원, 그리고 또 산후 관련된것은 다 스스로 해결합니다.
-> 여기서는 한국이 필요하는것은 한국 여성을 혼자 남에게 의지 하지 않고 아기를 키우는 훈련이 필요 합니다.
-> 그리고 또 용기교육이 필요 하고 커리어? 그런거 전 음... 나약하다고 보는입장
-> 차라리 커리어? 직업 경력 단절? 용기만있다면 다 얻을수 있는 법이죠
-> 그리고 또 여기서는 진짜 한국이 필요한 정책은 집입니다.
그리고 또 물가 안정입니다.
여튼 서울에 있는 여성관련된 혜택을 포기를 해야할때입니다
아니면 여성관련된 참정권, 사유재산을 다시 과거로 돌아가 탄압을 할수 밖에 없습니다.",출산·산후 초기지원,출산가구 초기지원,출산지원금·출생축하,출산·산후 초기지원,가족건강팀,02-2133-9485,저출생사업1팀,1순위:가족건강팀 | 2순위:저출생사업1팀,0,,,,,,https://idea.seoul.go.kr/front/freeSuggest/view.do?sn=199926
PROP-199841,2025-06-25,N,미상,43.0,서울시도 난임 시술비 ‘무제한’ 지원을 도입해 주세요,"저는 고령 난임 여성으로서 반복적인 체외수정(IVF) 시술을 받고 있습니다.
서울시는 난임 부부를 위한 다양한 정책을 시행 중이지만, **횟수 제한(최대 25회)**으로 인해 실제로는 많은 난임 부부들이 치료 중간에 경제적 한계에 직면하게 됩니다.
최근 경상북도는
의사 소견이 있을 경우 시술비를 무제한 지원
하는 획기적인 제도를 도입했습니다.
특히, 경북은 1회당
최대 150만 원까지 지원
되며, 남성 난임 시술비까지도 보조하고 있어
출산 장려 정책에 실질적인 효과를 기대할 수 있는 구조입니다.
하지만 서울은 출산율이 전국 최저 수준(2023년 기준 0.55)임에도, 난임 시술 횟수에 제한이 있고, 고비용 IVF를 반복하는 부부 입장에서는 큰 부담이 될 수밖에 없습니다.
출산 정책 이전에 ‘임신 성공’ 자체를 가능하게 하는 정책
이 필요합니다.
이는 단순한 복지 지원이 아니라,
서울의 미래를 위한 인구 전략이기도 합니다.
서울시도 경북처럼
난임 시술비를 무제한으로 확대 지원
해 주시길 요청드립니다.
이미 연령 기준과 시술 종류 칸막이는 폐지한 만큼,
이제는 ‘횟수’의 장벽도 걷어내야 할 때
입니다.
서울시민의 간절한 목소리를 반영하여
난임 부부들이 더 이상 좌절하지 않도록 서울시가 함께해 주시길 간곡히 바랍니다.",임신·난임·생식건강,난임 지원,난임시술·주사·시술비,임신·난임·생식건강,건강임신지원팀,02-2133-9491,저출생사업1팀,1순위:건강임신지원팀 | 3순위:저출생사업1팀,5,서울형 난임부부 시술비 지원 | 서울권역 난임?우울증 상담센터 운영 | 서울시 한의약 난임치료 지원 | 서울시 난임?임산부심리상담센터 운영 | 난임부부 지원,"난임시술 비용의 본인부담액에 대한 시술별 지원상한액 지원 - 횟수 : 총 25회(누적) - 지원금액: 시술별 1회당 최대 30만원~110만원 | 난임부부, 유산?사산 경험부부, 임산부 및 양육모의 정서적 안정을 위해 전담 상담사가 등록부터 종결까지 1:1 상담 및 다양한 프로그램을 운영 | 원인불명의 난임진단 부부에게  한의약 난임치료 첩약비용(3개월)의 본인부담금 90%(상한 1,200천원) 지원 | 난임부부, 유산?사산 경험부부, 임산부 및 양육모의 정서적 안정을 위해 전담 상담사가 등록부터 종결까지 1:1 상담 및 다양한 프로그램을 운영 | o 난임시술 비용의 본인부담액에 대한 시술별 지원상한액 지원      -(횟수) 출산당 총25회 (보조생식술 시작일이 '24.11.1.일 이후부터)      -(지원금액) 시술별 1회당 최대 30만원~110만원  o...",,,,https://idea.seoul.go.kr/front/freeSuggest/view.do?sn=199841
PROP-199817,2025-06-23,N,미상,2.0,도로상 어린이보호구역 내 사고율 저하를 위한 제안 드립니다.,"안녕하세요.
서울 시민 중 한 사람이자 한 아이의 아빠 입니다.
길을 지나다니다 보면 어린이 보호 구역 내지는 노인 보호 구역 등에서
30km/h 또는 50km/h의 속도 제한이 있긴 하지만 이 또한 카메라 단속 구간에서만
규정 속도를 지키고 그 외 구간에서는 속도를 내는 일부 몰지각한 사람들이 더러 있습니다.
또한 학교나 어린이집/유치원 등의 뒷골목 등의 좁은 길에는 단속 카메라 마저 없습니다.
이런 곳에서 부주의 하게 과속 하는 운전자들을 많이 보게 됩니다.
특히 택배와 배달이 난무하는 대한민국 서울특별시 에서는 더더욱 많이 보입니다.
특정 구간에만 설치되어 있는 단속 카메라로 이들을 말리기엔 부족해 보입니다.
차라리 공사 구간 또는 고속도로 터널 진출입로 등 처럼 바닥을 오목 하게 교차하여 파던지
-> [凹凹凹凹凹凹凹凹凹凹(오목 요) 형태]
그게 아니라면 과속방지턱을 현 형태의 큰 모양이 아니라 작은 돌기 형태로 구간 내에 길게 설치 하여
속도를 내어 달리면 차량이 심하게 흔들거리게 되어 속도를 내기가 힘들게 만들어 버리는 게 어떨까 합니다.
-> [△△△△△△△△△△(볼록 철) 형태]
(-볼록 철 자가 금칙어 요건에 들어가서 등록이 안되네요...손가락 욕 같아서 인가요...)
아이를 키우고 있는 입장에서 저출산 때문에 문제가 커지고 있는 대한민국의 현재라면
비용이 문제가 되어서 못하는 부분은 아니라고 생각이 됩니다.
부디 아이디어를 적극 활용 해주셔서 대한민국의 미래인 아이들이
좀 더 살기 좋고 좀 더 건강하게 자랄 수 있도록 해주세요.
피해를 입는 아이들이 여러분들의 아이이자 가족 일수도 있고 핏줄 일수도 있습니다.
보다 나은 대한민국을 위해 간곡히 부탁 드립니다.
긴 글 읽어 주셔서 감사합니다.",정보·상담·교육·거버넌스,정보 접근성,일반 출산정책 안건,정보·상담·교육·거버넌스,저출생사업1팀,02-2133-5027,가족건강팀 | 생활지원팀,1순위:저출생사업1팀 | 2순위:가족건강팀 | 3순위:생활지원팀,0,,,,,,https://idea.seoul.go.kr/front/freeSuggest/view.do?sn=199817
PROP-199768,2025-06-15,N,미상,2.0,서울형키즈카페 양말판매 건의,"서울형키즈카페를 자주 이용하는 아이엄마입니다. 날씨가 더워지면서 양말 착용없이 서울형키즈카페를 오시는 보호자들이 많이 보이는데요. 양말착용의무에 대해 잘 모르시는 거 같기도하고. 주변에 양말 구입할 곳이 없기도 하고. 이미 키즈카페 입구까지 온 상황에서 보호자와 직원들 모두 난감한 듯한 상황을 여러번 보았습니다. 키즈카페에서 구비해둔 아이들 임시슬리퍼 같은 걸 대여해주는 것을 본적이 있는데요. 보호자들은 실내슬리퍼를 빌려주시는 거 같더라고요.
키즈카페 내 위생 및 양말 착용에 주의를 가질 수 있도록 소정의 금액(천원정도)을 받고 양말을 판매하시는 건 어떤지 건의드립니다. 그러면 키즈카페 내 직원들도 양말없이 방문한 가족에게 양말 착용의무에 대해 재설명하고 양말을 현장서 구입해 신고 입장할 수 있도록 하는는 게 좋을 거 같다는 생각이 듭니다.",보육·돌봄 인프라,아동 놀이·체험공간,공공키즈카페·수유실·유아휴게실,보육·돌봄 인프라,돌봄사업팀,02-2133-6560,저출생사업1팀,1순위:돌봄사업팀 | 2순위:저출생사업1팀,0,,,,,,https://idea.seoul.go.kr/front/freeSuggest/view.do?sn=199768
PROP-199734,2025-06-09,N,미상,8.0,남성난임에 대해 관심을 가져주세요.,"남성난임에 연구와 관심을 가져주세요.
비배우자 정자공여비가 시험관 진행시마다 60만원정도가 의료보험혜택없이 지불됩니다.
남성난임을 알게되서 수술한 9년전과 지금 발전된 부분이 없습니다. 반면 남성난임으로 미세다중수술을 하거나 비배우자공여 시험관을 하는 분들은 늘어나고 있습니다.
발전없는 난임정책으로는 신생아 인구가 늘어나지 않습니다.  다양한 각도로 난임분야에 대해 조사하고 다방면에 정책을 만들어주세요.",임신·난임·생식건강,난임 지원,난임시술·주사·시술비,임신·난임·생식건강,건강임신지원팀,02-2133-9491,저출생사업1팀 | 생활지원팀,1순위:건강임신지원팀 | 2순위:저출생사업1팀 | 3순위:생활지원팀,5,서울형 난임부부 시술비 지원 | 서울권역 난임?우울증 상담센터 운영 | 서울시 한의약 난임치료 지원 | 서울시 난임?임산부심리상담센터 운영 | 난임부부 지원,"난임시술 비용의 본인부담액에 대한 시술별 지원상한액 지원 - 횟수 : 총 25회(누적) - 지원금액: 시술별 1회당 최대 30만원~110만원 | 난임부부, 유산?사산 경험부부, 임산부 및 양육모의 정서적 안정을 위해 전담 상담사가 등록부터 종결까지 1:1 상담 및 다양한 프로그램을 운영 | 원인불명의 난임진단 부부에게  한의약 난임치료 첩약비용(3개월)의 본인부담금 90%(상한 1,200천원) 지원 | 난임부부, 유산?사산 경험부부, 임산부 및 양육모의 정서적 안정을 위해 전담 상담사가 등록부터 종결까지 1:1 상담 및 다양한 프로그램을 운영 | o 난임시술 비용의 본인부담액에 대한 시술별 지원상한액 지원      -(횟수) 출산당 총25회 (보조생식술 시작일이 '24.11.1.일 이후부터)      -(지원금액) 시술별 1회당 최대 30만원~110만원  o...",,,,https://idea.seoul.go.kr/front/freeSuggest/view.do?sn=199734
PROP-199706,2025-06-05,N,미상,4.0,불법주정차 구역중 어린이보호구역 중 초등학교정문앞도로 시간 제한 폐지,"현황 및 문제점
현재 어린이보호구역 중 초등학교정문앞도로 제외 모든 불법주정차구역에서는 24시간동안 운영되고있으나 어린이보호구역 중 초등학교정문앞도로는시간이 제한되어 있어 시간외에는 정차해도 주민신고제에 의한 과태료 부과가 안된다는 문제가 있다
개선방안
불법주정차 구역중 어린이보호구역 중 초등학교정문앞도로 시간 제한 폐지한다
기대효과
어린이보호구역 중 초등학교정문앞도로 시간 이후에도 단속강화로 어린이보호구역 중 초등학교정문앞도로 주정차 근절",정보·상담·교육·거버넌스,정보 접근성,일반 출산정책 안건,정보·상담·교육·거버넌스,저출생사업1팀,02-2133-5027,생활지원팀 | 다문화지원팀,1순위:저출생사업1팀 | 2순위:생활지원팀 | 3순위:다문화지원팀,0,,,,,"TAG_REVIEW:현재 태그=정보·상담·교육·거버넌스, 태그 핵심어 약함 || TAG_REVIEW:현재 태그=정보·상담·교육·거버넌스, 태그 핵심어 약함",https://idea.seoul.go.kr/front/freeSuggest/view.do?sn=199706
PROP-199700,2025-06-04,N,미상,1.0,서울시 체육시설 다자녀 할인 규정 개선,"서울시는 시설관리공단을 통해 국민건강 증진을 위한 다양한 체육 시설을 운영 및 관리하고 있습니다.
이에 대해 서울시민으로서 매우 만족하며 거주하고 있는 부분입니다
특히 서울시는 저출산 대책으로 다자녀 가정에 공공시설 할인, 다둥이 행복카드 대상 확대,
장기전세주택 우선공급, 다태아 자녀안심보험 무료 가입 등 다른 시에 대비해서도 다양한 혜택을 제공하고 있다고 생각합니다.
그러나 각 자치구에서 운영되는 체육시설의 경우,
해당 자치구 거주 조건을 두고 있어, 부득이하게 혜택을 받지 못하는 서울 시민이 발생할 수 있는 상황입니다.
케이스1. 맞벌이 다자녀 가정으로 조모의 양육 도움을 받기 위해 서울시 A구 거주중인 조모 보살핌 아래 자녀가 학교를 다니는 경우, 주민등록상 부모와 같은 서울시 B구 거주지인 자녀는 낮 시간대 A구 체육 시설 이용시 할인 혜택을 받을 수 없음.
케이스2. 서울시에서 근무 중인 부모가 직장 근처 구립 체육 시설 이용시 거주 요건에 맞지 않아 할인 혜택 불가.
다자녀 할인이 체육시설 이용료의 50%인 점을 감안한다며 다자녀 가정의 경제부담은 적지 않다고 할 수 있습니다.
다음은 성동구에 다자녀 할인을 문의한 것에 대한 답변입니다.
-아울러 체육시설 프로그램 다자녀 할인의 경우, 각 자치구별 관련 조례에 의하여
할인이 적용되는 바, 우리 구 체육시설은 상위에 언급해 드린 운영 조례에 의거
‘성동구에 주소를 둔 다자녀 행복카드 발급 대상 중 부모와 18세 이하 자녀’로 국한되어
구민에게만 할인 혜택이 적용되는 점 이해를 부탁드립니다.
기타 궁금하신 사항은 열린금호교육문화관 수영 프로그램 담당(☎02-2204-7659)으로
문의하시면 자세히 안내해 드리도록 하겠습니다.
그리고 다음은 서울시 다자녀 행복카드 발급 대상과 조건입니다.
-발급 대상: 서울시 거주 2자녀 이상 가족(막내 자녀 18세 이하)
-발급 조건: 신청당시, 부 또는 모 한 명과 자녀들이 서울시에 주소(주민등록으로 확인)을 두어야 하며,
서울시 내에서 주소(주민등록으로 확인)를 달리할 경우에도 발급이 가능합니다
즉, 서울시 거주 다자녀 가정은 서울시가 보장하는 다양한 공공시설 혜택을 받고 있습니다.
서울형 키즈카페, 장난감도서관 등 이미 상당 시설을 통해 거주구가 아닌 서울 시민 대상으로 할인 혜택이 적용되고 있는 바, 체육시설만 상이한 규정이 적용되고 있는 점이 의안한 부분입니다.
이러한 관점에서 다자녀 카드 발급 조건에도 명시되어 있는 '주민등록상 서울시 거주' 기준으로
각 자치구의 공공시설인 체육시설을 거주 구에 관계 없이 이용하며 다자녀 할인 혜택을 받을 수 있도록
개선해주실 것을 건의드리는 바입니다.
현재 조례 등에 의거 변경이 어렵다면 상위 규정을 변경하여서라도
저출산 대책 관점에서 시 주도적으로 적극 개선을 검토해주시길 부탁드립니다.",다자녀·양육비·생활지원,다자녀 혜택,다자녀 기준·할인·감면,다자녀·양육비·생활지원,저출생사업1팀,02-2133-5021,,1순위:저출생사업1팀,5,서울형 가사서비스 지원 | 서울형 육아휴직장려금 | 서울형 손주돌봄수당 지원(민간형) | 서울형 손주돌봄수당 지원(친인척형) | 서울형 아이돌봄비 지원,"서울시 거주 중위소득 180% 이하 임산부, 다자녀, 맞벌이 가정 대상 70만원 상당 바우처 지원 구비서류 : 주민등록등본(필수) ※ 모든서류는 3개월이내 발급 원칙 ※ 소득기준 : 별도 증빙자료 필요없음(정부 행복... | ○ 자녀 1인당 최대 120만원 지원 - 육아휴직기간 연속 6개월 시 60만원, 연속 12개월 경과 시 60만원 추가지급 ※ 부?모 모두 육아휴직 시 각각 지급 (자녀 1인에 대해 가구당 최대 240만원 지급) | 영아를 키우는 가정에서 조부모(4촌 이내 친인척 포함)가 영아를 돌보는 경우 또는 서울시에서 지정한 민간기관의 손주돌봄 서비스를 이용 시 돌봄 비용을 지원(택1)하여 가정의 양육부담 경감 ① 친인척 조력자 손주돌봄수... | 영아를 키우는 가정에서 조부모(4촌 이내 친인척 포함)가 영아를 돌보는 경우 또는 서울시에서 지정한 민간기관의 손주돌봄 서비스를 이용 시 돌봄 비용을 지원(택1)하여 가정의 양육부담 경감 ① 친인척 조력자 손주돌봄수... | 영아를 키우는 가정에서 조부모(4촌 이내 친인척 포함)가 영아를 돌보는 경우 또는 서울시에서 지정한 민간기관의 아이돌봄서비스를 이용 시 돌봄 비용을 지원(택1)하여 가정의 양육부담 경감 ① 친인척 조력자 아이돌봄비 ...",,,,https://idea.seoul.go.kr/front/freeSuggest/view.do?sn=199700
PROP-199692,2025-06-04,N,미상,5.0,지하철 임산부 배려석,"1.제안 배경
대중교통에 있는 교통약자 배려석이 실제로 잘 지켜지지 않는 현실
대중교통을 이용하다보면 교통약자 배려석을 이용하지 못 하는 교통약자를 볼 수 있습니다. 또, 실제로 교통약자의 이용 경험을 들어보면, 교통약자에게 좌석을 배려해주는 사람도 있지만, 배려석임에도 불구하고 교통약자를 못 본 척하여 교통약자가 배려석을 실질적으로 이용을 잘 하지 못 하는 경우도 많다고 합니다. 그래서 대중교통에 있는 교통약자의 배려석이 실제로 효율적으로 잘 운영이 되는 것 같지 않아, 이 점을 좀 더 보안하고자 제안하게 되었습니다.
2.제안 내용
1) 임산부 주위에 있으면 안내 문구 출력
임산부 뱃지에 BLE센서나 RFID 태그를 부착하여 지하철 좌석 주위에 수신기 설치하여 임산부가 근처에 있는 것이 감지가 되면, 음성 안내를 통하여 “이 좌석은 임산부 배려석 입니다. 잠시 양보 부탁드립니다.” 와 같은 안내문구를 출력 하는 것을 설치합니다.임산부가 주위에 있는데 다른 사람이 앉아있을 때, 임산부 카드 이용하여 안내해줍니다.
2) 문구 종료 가능
근처에 임산부가 있는데도 불구하고, 일반인이 앉아있을 당시에, 안내문구가 반복해서 출력 되고, 음성 안내 문구를 종료시키려면 센서와 태그가 부착되어 있는 뱃지나 카드를 직접 태그해야 안내 문구를 종료 됩니다.
만약, 카드가 비용적으로 많은 부담이 될 수도 있으니, 임산부 뱃지를 받을 때 고유 번호와 함께 뱃지를 배부하고, 앱에 입력을 하면, 주위에 있으면 안내문구가 출력되는 앱을 만드는 것도 또 하나의 방안이라고 생각합니다.
3.기대효과
임산부에 대한 인식 개선 및 자연스러운 배려 문화를 조성
교통약자 배려석의 실효성 강화
4.결론
현재 서울의 대중교통 내의 교통약자 배려석은 형식적으로 존재하는 좌석이 아니라, 사회적으로 배려가 필요한 의미 있는 좌석입니다. 그러나 이러한 좌석들이 의의와 다르게 효율적으로 잘 운영되고 있지 않다는 한계가 있습니다. 이 제안은 현대 사회의 기술들을 활용하여 임산부와 같은 교통약자들이 조금 더 편하게 대중교통을 이용하여 이동할 수 있도록 하고, 서로를 배려하면서 살아가는 공동체가 될 수 있도록 자연스럽게 유도할 수 있는 사회적 분위기를 마련해줄 것입니다.",임신·난임·생식건강,임산부 건강·배려,임산부 건강관리·배려,임신·난임·생식건강,건강임신지원팀,02-2133-9491,가족지원팀 | 저출생사업1팀,1순위:건강임신지원팀 | 2순위:가족지원팀 | 3순위:저출생사업1팀,1,임산부 배려공간 조성,ㅇ 교통 약자인 임산부의 엘리베이터 안전사고 예방 및 배려문화 확산을 위해 엘리베이터 내?외부에 임산부 배려공간 조성(엠블럼 부착)   - 임산부를 위해 해당 공간을 비워두고 양보하는 사회 분위기 확산 유도 ㅇ 임산...,,,,https://idea.seoul.go.kr/front/freeSuggest/view.do?sn=199692
PROP-199642,2025-05-28,N,미상,3.0,임산부 배려석 관련 제안,"1) 제안 배경
- 대중교통에 있는 교통약자 배려석이 실제로 잘 지켜지지 않는 현실
- 대중교통을 이용하다보면 교통약자 배려석을 이용하지 못 하는 교통약자를 볼 수 있습니다. 또, 실제로 교통약자의 이용 경험을 들어보면, 교통약자에게 좌석을 배려해주는 사람도 있지만, 배려석임에도 불구하고 교통약자를 못 본 척하여 교통약자가 배려석을 실질적으로 이용을 잘 하지 못 하는 경우도 많다고 합니다. 그래서 대중교통에 있는 교통약자의 배려석이 실제로 효율적으로 잘 운영이 되는 것 같지 않아, 이 점을 좀 더 보안하고자 제안하게 되었습니다.
2) 제안 내용
- 임산부 주위에 있으면 안내 문구 출력
: 임산부 뱃지에 BLE센서나 RFID 태그를 부착하여 지하철 좌석 주위에 수신기 설치하여 임산부가 근처에 있는 것이 감지가 되면, 음성 안내를 통하여 “이 좌석은 임산부 배려석 입니다. 잠시 양보 부탁드립니다.” 와 같은 안내문구를 출력 하는 것을 설치합니다.임산부가 주위에 있는데 다른 사람이 앉아있을 때, 임산부 카드 이용하여 안내해줍니다.
- 문구 종료 가능
: 근처에 임산부가 있는데도 불구하고, 일반인이 앉아있을 당시에, 안내문구가 반복해서 출력 되고, 음성 안내 문구를 종료시키려면 센서와 태그가 부착되어 있는 뱃지나 카드를 직접 태그해야 안내 문구를 종료 됩니다. 만약, 카드가 비용적으로 많은 부담이 될 수도 있으니, 임산부 뱃지를 받을 때 고유 번호와 함께 뱃지를 배부하고, 앱에 입력을 하면, 주위에 있으면 안내문구가 출력되는 앱을 만드는 것도 또 하나의 방안이라고 생각합니다.
3)기대효과
- 임산부에 대한 인식 개선 및 자연스러운 배려 문화를 조성
- 교통약자 배려석의 실효성 강화
4) 결론
- 현재 서울의 대중교통 내의 교통약자 배려석은 형식적으로 존재하는 좌석이 아니라, 사회적으로 배려가 필요한 의미 있는 좌석입니다. 그러나 이러한 좌석들이 의의와 다르게 효율적으로 잘 운영되고 있지 않다는 한계가 있습니다. 이 제안은 현대 사회의 기술들을 활용하여 임산부와 같은 교통약자들이 조금 더 편하게 대중교통을 이용하여 이동할 수 있도록 하고, 서로를 배려하면서 살아가는 공동체가 될 수 있도록 자연스럽게 유도할 수 있는 사회적 분위기를 마련해줄 것입니다.",임신·난임·생식건강,임산부 건강·배려,임산부 건강관리·배려,임신·난임·생식건강,건강임신지원팀,02-2133-9492,가족지원팀,1순위:건강임신지원팀 | 2순위:가족지원팀,1,임산부 배려공간 조성,ㅇ 교통 약자인 임산부의 엘리베이터 안전사고 예방 및 배려문화 확산을 위해 엘리베이터 내?외부에 임산부 배려공간 조성(엠블럼 부착)   - 임산부를 위해 해당 공간을 비워두고 양보하는 사회 분위기 확산 유도 ㅇ 임산...,,,,https://idea.seoul.go.kr/front/freeSuggest/view.do?sn=199642
PROP-199629,2025-05-27,N,미상,0.0,유아차런 유아 참여 연령 상향,유아차런의 나이가 현재 48개월 이하로 되어있습니다. 유아라고 하면 보통 어린이집 유치원을 다니고 있는 미취학 아동을 칭하기도 합니다. 그리고 아기 키우시는 분들은 아시겠지만 정말 가장 늦게는 초등학교 1학년 정도까지는 오래 태우면 취학 전까지는 태우시는 부모님들도 많이 있습니다. 그래서 48개월 이하가 아닌 미취학아동으로 연령 제한을 상향하여 주시길 간곡히 부탁드립니다. 2026년 유아차 런에서는 미취학 아동까지 연령을 상향하면 저희 아기도 참가 해보고 싶습니다.,주거·교통·도시생활환경,유모차 이동권,유모차·유아차 이동편의,주거·교통·도시생활환경,저출생사업1팀,02-2133-5027,가족건강팀 | 생활지원팀,1순위:저출생사업1팀 | 2순위:가족건강팀 | 3순위:생활지원팀,0,,,,,"TAG_REVIEW:현재 태그=주거·교통·도시생활환경, 태그 핵심어 약함 || TAG_REVIEW:현재 태그=주거·교통·도시생활환경, 태그 핵심어 약함",https://idea.seoul.go.kr/front/freeSuggest/view.do?sn=199629
PROP-199587,2025-05-22,N,미상,0.0,자녀출산 무주택가구 주거비 지원사업에 대하여 강력하게 문의합니다,"주거관련 정부 수혜자 제외 ( 각종 신혼부부 전세대출, 신생아 대출, 일반 버팀목대출, 기초생활수급자 주거급여 등)
이 항목이 들어가있는게 말이 안되는거 같아요
작년말? 올해초? 부터 무주택가구 주거비 지원사업 홍보를 그렇게 해놓고 신청때까지만 기다리고 있었는데
그때 자격요건등에는 저런상세설명이 없다가 막상 신청하려고 봤더니..
이게 정말 취약계층을 위한 사업이 맞나요?
서울시 결혼해서 집구하는 신혼부부중 70% 이상은 신혼부부대출이나 버팀목대출을 분명 받고 있을건데
그 대출을 안받으면 과연 20대후반 30대초반이 2억~3억 아파트 혹은 빌라를 전세로 살수가 있나요? 부모한테 증여받은돈으로 살고있는 사람들을 도와주는 사업인가요?
중위소득 180%이하라는 조건은 왜 붙었으며 기초생활수급자 주거급여 받는사람들은 그 소득에 한참 못미치는 사람들일건데
기초수급 생활자 주거급여 받은사람들 X, 신혼부부 대출받은사람들 X, 자녀가 없으면 신청도 못하는데 자녀를 출산한 사람들중에서 어쨌든 임신출산지원사업을 통해 이자지원을 받고싶어하는 힘들어하는 사람들도 있을텐데 그사람들도 X
그럼 이조건에 해당하지않고 3억이하에 빌라 혹은 아파트 전월세 사는사람들+중위소득180%이하 인사람들이면 그누구하나가 힘들게 사는사람들이라고 생각하지 않을거 같은데요
이글을 쓴다고 바뀔지는 모르겠어요 내부적으로 제발 검토 부탁드려서 사업안 수정좀 해주시길 바랍니다",출산·산후 초기지원,출산가구 초기지원,출산지원금·출생축하,출산·산후 초기지원,가족건강팀,02-2133-9485,저출생사업1팀,1순위:가족건강팀 | 2순위:저출생사업1팀,2,자녀출산 무주택가구 주거비 지원 | 주거급여 (맞춤형 급여) 취약계층 지원,월 최대 30만원(2년간 최대 720만원) 주거비 지원 | (소득인정액이 기준 중위소득 48% 이내의 가구/ 타인의 주택 등에 거주하면서 임대차 계약 등을 체결하고 임차료를 지불하는 자에게 지역별 기준임대료를 상한으로 실제 임차료(월임차료+보증금 환산액) 지원ㆍ3급지(광역시...,,,,https://idea.seoul.go.kr/front/freeSuggest/view.do?sn=199587
PROP-199547,2025-05-16,N,미상,1.0,자녀 출산 무주택가구 주거비 지원 지원대상(출산기간) 보완 제안,"좋은 정책 입안 감사합니다.
한가지 제안은 지원대상 중 출산기간 보완입니다.
왜냐하면 바람직한 정책은 이를 이유로 시민들이 무언가를 의욕하고, 그래서 전체적으로 바람직한 변화가 일어나야 하는데
올해 1월 1일부터 6월 30일까지 출산한 무주택 가구는 여기에 맞지 않습니다.
이 정책은 운 좋게 이떄 출산한 가구만 혜택이 있을 뿐, 정작 필요한 다수 젊은 시민들이 자녀출산의 동기를 강화해서 전체적으로 긍정적이고 선한 효과를 기대할 수는 없는거죠
감사합니다.",출산·산후 초기지원,출산가구 초기지원,출산지원금·출생축하,출산·산후 초기지원,가족건강팀,02-2133-9485,저출생사업1팀,1순위:가족건강팀 | 2순위:저출생사업1팀,2,자녀출산 무주택가구 주거비 지원 | 주거급여 (맞춤형 급여) 취약계층 지원,월 최대 30만원(2년간 최대 720만원) 주거비 지원 | (소득인정액이 기준 중위소득 48% 이내의 가구/ 타인의 주택 등에 거주하면서 임대차 계약 등을 체결하고 임차료를 지불하는 자에게 지역별 기준임대료를 상한으로 실제 임차료(월임차료+보증금 환산액) 지원ㆍ3급지(광역시...,,,,https://idea.seoul.go.kr/front/freeSuggest/view.do?sn=199547
PROP-199524,2025-05-13,N,미상,1.0,지하철 임산부좌석,"지하철  임산부석에  아무꺼리김 없이  앉아 있는 사람들을 봅니다
물론 몸이불편하신분 일수도 있지만  그렇다고 임산부석에 앉아 있으면 정작 주인공인 임산부들은 노약자에게
자리양보 요구가 어렵습니다
이에대하여 제안합니다
임산부석에  센서를달아   임산부가 아니면 (가시가청) 불이켜지고(뱅글뱅글 돌아가는)  소리가 울려 다른곳으로 가게끔  하면 어떨까요?  (이렇게되면 주변에서도 이동을 강요합니다)
임산부는 정부에서 표식 (가방에 달고 다니는 열쇠고리 비슷함)을 주던데  거기에 센서키를넣어  연동하여 사용하면
언제든  임산부가 이용 하기 편할텐데요  ( 아이출산때까지  유효기간)",임신·난임·생식건강,임산부 건강·배려,임산부 건강관리·배려,임신·난임·생식건강,건강임신지원팀,02-2133-9491,가족지원팀 | 저출생사업1팀,1순위:건강임신지원팀 | 2순위:가족지원팀 | 3순위:저출생사업1팀,1,임산부 배려공간 조성,ㅇ 교통 약자인 임산부의 엘리베이터 안전사고 예방 및 배려문화 확산을 위해 엘리베이터 내?외부에 임산부 배려공간 조성(엠블럼 부착)   - 임산부를 위해 해당 공간을 비워두고 양보하는 사회 분위기 확산 유도 ㅇ 임산...,,,,https://idea.seoul.go.kr/front/freeSuggest/view.do?sn=199524
PROP-199518,2025-05-12,N,미상,3.0,지하철 내 임산부 배려석 운영 완화 요청,지하철 내 임산부 배려석 운영 완화 요청,임신·난임·생식건강,임산부 건강·배려,임산부 건강관리·배려,임신·난임·생식건강,건강임신지원팀,02-2133-9492,가족지원팀 | 가족건강팀,1순위:건강임신지원팀 | 2순위:가족지원팀 | 3순위:가족건강팀,1,임산부 배려공간 조성,ㅇ 교통 약자인 임산부의 엘리베이터 안전사고 예방 및 배려문화 확산을 위해 엘리베이터 내?외부에 임산부 배려공간 조성(엠블럼 부착)   - 임산부를 위해 해당 공간을 비워두고 양보하는 사회 분위기 확산 유도 ㅇ 임산...,,,,https://idea.seoul.go.kr/front/freeSuggest/view.do?sn=199518
PROP-199506,2025-05-10,N,미상,0.0,정책자금 융자 조건 - 신생아 임산부 경우 완화 제안,정책자금 융자 조건 - 신생아 임산부 경우 완화 제안,임신·난임·생식건강,임산부 건강·배려,임산부 건강관리·배려,임신·난임·생식건강,건강임신지원팀,02-2133-9492,가족건강팀 | 저출생사업1팀,1순위:건강임신지원팀 | 2순위:가족건강팀 | 3순위:저출생사업1팀,5,"35세 이상 임산부 외래 진료 및 검사비 지원 | 임산부 엽산제, 철분제 지원 | 서울시 난임?임산부심리상담센터 운영 | 맘편한 임신 원스톱서비스(임산부?출산전 제공) | 임산부 출산급여 지원","의료비 부담이 큰 35세 이상 산모 대상 외래진료 및 검사에 소요되는 비용을 소득과 무관하게 최대 50만원까지 지원 (24년 3월 사회보장제도 신설 협의 완료, 24년 8월까지 사업추진을 위한  사전절차 진행 예정으... | 지원내용 (엽산제) 임신 전후 3개월까지 엽산제 지원  (철분제) 임신 16주부터 철분제 5개월분  신청방법 주소지 보건소에 방문하거나 온라인(정부24)으로 신청 | 난임부부, 유산?사산 경험부부, 임산부 및 양육모의 정서적 안정을 위해 전담 상담사가 등록부터 종결까지 1:1 상담 및 다양한 프로그램을 운영 | 임산부 엽산제?철분제 지급 등 임신 전?중 통합 서비스 제공 | ㅇ 임산부 출산급여 90만원 지원     ※고용노동부 ‘고용보험 미적용자 출산급여’ 150만원에 추가지원",,,,https://idea.seoul.go.kr/front/freeSuggest/view.do?sn=199506
PROP-199452,2025-04-28,N,미상,0.0,서울형키즈카페,공휴일이나 임시공휴일도 운영하면 좋겠습니다.,보육·돌봄 인프라,아동 놀이·체험공간,공공키즈카페·수유실·유아휴게실,보육·돌봄 인프라,돌봄사업팀,02-2133-6560,가족지원팀 | 저출생사업1팀,1순위:돌봄사업팀 | 2순위:가족지원팀 | 3순위:저출생사업1팀,0,,,,,,https://idea.seoul.go.kr/front/freeSuggest/view.do?sn=199452
PROP-199451,2025-04-28,N,미상,0.0,봉사활동을 통한 아이들의 성실성과 자발성 함양을 위한 부모교육 제안서,봉사활동을 통한 아이들의 성실성과 자발성 함양을 위한 부모교육 제안서,정보·상담·교육·거버넌스,부모·가족 교육/상담,초보부모·공동육아·육아정보,정보·상담·교육·거버넌스,저출생사업1팀,02-2133-5027,가족건강팀 | 생활지원팀,1순위:저출생사업1팀 | 2순위:가족건강팀 | 3순위:생활지원팀,0,,,,,,https://idea.seoul.go.kr/front/freeSuggest/view.do?sn=199451
PROP-199393,2025-04-21,N,미상,0.0,임산부석 자동화 시스템,"현재 지하철 내 임산부석은 임산부가 아닌 다른 사람들도 사용이 가능하게 되어있습니다. 임산부가 앞에 있는데도 비켜주지 않는 이들도 허다합니다. 초기 임산부들은 육안으로 확인이 어려우니, 임산부석 및 임산부 뱃지에 NFC 태그 기능을 장착하여 임산부가 탑승하지 않았을 때에는 접혀져 있고, 뱃지를 태그 하면 의자가 내려오는 형식이며, 임산부가 하차 시에는 다시 접히게 하여 임산부들이 좀 더 편하고 자유롭게 이용할 수 있도록 개편을 요청합니다. 작은 부분부터 개선한다면 출산률 증가에 도움이 되지 않을까요?",임신·난임·생식건강,임산부 건강·배려,임산부 건강관리·배려,임신·난임·생식건강,건강임신지원팀,02-2133-9491,저출생사업1팀 | 가족지원팀,1순위:건강임신지원팀 | 2순위:저출생사업1팀 | 3순위:가족지원팀,1,임산부 배려공간 조성,ㅇ 교통 약자인 임산부의 엘리베이터 안전사고 예방 및 배려문화 확산을 위해 엘리베이터 내?외부에 임산부 배려공간 조성(엠블럼 부착)   - 임산부를 위해 해당 공간을 비워두고 양보하는 사회 분위기 확산 유도 ㅇ 임산...,,,,https://idea.seoul.go.kr/front/freeSuggest/view.do?sn=199393
PROP-199348,2025-04-16,N,미상,1.0,"마루공원에 유아용 농구코트, 축구코트 설치","마루공원에 유아용 농구코트, 축구코트 설치",정보·상담·교육·거버넌스,정보 접근성,일반 출산정책 안건,정보·상담·교육·거버넌스,저출생사업1팀,02-2133-5027,가족건강팀,1순위:저출생사업1팀 | 2순위:가족건강팀,0,,,,,"TAG_REVIEW:현재 태그=정보·상담·교육·거버넌스, 태그 핵심어 약함 || TAG_REVIEW:현재 태그=정보·상담·교육·거버넌스, 태그 핵심어 약함",https://idea.seoul.go.kr/front/freeSuggest/view.do?sn=199348
PROP-199206,2025-04-09,N,미상,3.0,정신적 어려움이 있는 보육교직원에 대한 직권휴직 조치에 대하여,"안녕하세요
.
최근 서울시에서 전체 지자체에 안내한
'
어린이집 운영규정 및 취업규칙 변경 협조 요청
'(
영유아담당관
-6009)(2025.3.25)
에 대해 제안을 드립니다
.
서울시청에서 안내된 내용을 보면 보육교직원이 신체적
,
정신적으로 정상적인 업무수행이 불가능하다고 판단할 경우 어린이집 운영위원회에서 심의하도록 되어 있습니다
.
또한 운영위원회 심의를 거쳐 정신건강상의 어려움이 있다고 판단된 자에 대해서는 직권휴직을 명할 수 있다라는 내용의 어린이집 운영규정 및 취업규칙 변경을 서울시 관내 국공립어린이집의 경우 의무적으로 시행하도록 되어 있습니다
.
현재 국공립 어린이집에 필수 의무사항으로 적용되고 민간
,
가정
,
직장어린이집은 권고사항으로 되어 있으나 전체적인 분위기에 따라 국공립외 기관까지 의무화될 가능성이 높다고 보여집니다
.
지난 대전
OO
초등학교 사건 이후로 이러한 움직임이 있는 것으로 보여지는 바
,
그 취지는 백번 공감합니다
.
다만
,
이러한 문제가 정신건강상 질병의 경우 외상과는 다르게 내면적인 부분까지 겉으로 드러나기가 쉽지만은 않은게 현실입니다
.
유아교육법
,
초중등교육법을 적용받는 교원의 경우에는 교육청 차원에서 해당 질병에 따라 정상적인 업무수행이 어렵다고 판단되는 교원의 경우 심사절차가 기존에도 있었음에도 위와 같은 사건이 발생하였음을 볼때 과연 어린이집 자체 운영위원회에서 정신건강 질환을 앓고 있는 교직원에 대한 직권휴직 조치가 현실성이 있을지 의문이 듭니다
.
어린이집은 잘 아시는바와 같이 규모가 크지 않습니다
.
대부분이 교직원 수
50
인 미만 규모의 어린이집으로 운영위원회 위원 또한 절반 이상의 학부모 위원
,
지역사회위원
,
교사위원 등 운영위원회 심의 역시 전문성을 갖춘 위원의 판단이라기 보다는 아동을 보내고 있는 학부모의 의사가 주를 이루게 될 것이라 생각되며
,
교사의 질병 및 향후 고용 여부와 관련된 중요사항의 결정을 운영위원회 심의로 판가름한다는게 가능할지 의문입니다. 또한 안내서에 보면 운영위원회 심의 시 의료전문가를 필수적으로 참석시켜야 한다고 했으나 소규모 기관인 어린이집에서 개별 교직원의 업무수행 가능여부에 대한 전문가 자문 요청 시 단위기관까지 '정신과 전문의'가 오실 수 있을까요?? 현실적으로 의료전문가가 단위 어린이집 운영위원회까지 참석하는게 현실적으로 가능할지 모르겠습니다.
이를 초중고교에 적용을 해보면 각 단위 학교 운영위원회에서 교원의 인사를 결정짓는 것과 동일한 절차라고 보시면 될 것 같습니다
.
현재 시도교육청 차원에서 이루어지고 있는 교원복무심의위원회에서도 결정하기 어려운 이러한 사안들이 단위 어린이집 운영위원회 심의에 따라 결정될 수 있는 문제일까요
?
결정이 된다해도 이후에 뒤따르는 문제
(
부당한 휴직 인사발령
)
또한 상존하는게 현실입니다
.
운영위원회에 해당 사안이 논의될 정도라면 어린이집에서 근무할 당시 타교직원
,
아동에게 위험요소가 발생된 이후가 될 것이며
,
학부모가 구성원의 주를 이루는 운영위원회에 이 사안이 올라가게 된다면 해당 교직원의 사용자인 어린이집 원장에게 주어지는 책임은 더욱 커지게 될 뿐만 아니라 사후 책임 또한 문제를 사전 예방하지 못한 원장에게 주어지게 됩니다
.
이럴 경우 과연 어린이집에서 적극적으로 할 수 있는 조치는 무엇이 있을까 고민이 듭니다
.
이러한 문제점들을 해소하고 해당 질환을 가지고 있는 보육교직원이 스스로 문제점을 파악하고 숨기거나 은폐하지 않고 적극적으로 치료를 할 수 있도록 제도적 보완이 필요하다고 생각합니다
.
사회복지사의 경우 연간
60
일간의 유급병가가 보장되고
,
사회복지시설 현장에서 인건비 부담도 덜하지만 어린이집의 경우에는 별도 유급병가 또한 보장되어 있지 않습니다
.
즉
,
질병으로 인한 휴직일 경우 무급으로 치료기간동안 생활상 어려움도 발생할 터인데
,
과연 이러한 사회적 낙인과 경제적 어려움까지 감내하며 적극적으로 치료를 받을 수 있을까요
?
위 해당사유로 직권휴직을 강제로 시키게 되면 사용자
(
어린이집
)
의 필요에 의한 휴직 발령으로 평균임금의
70%
를 휴업급여로 교직원에게 지급해야 되는 문제가 발생합니다
.
아시는바와 같이 어린이집은 비영리기관으로 보육료 이외의 수입은 없을 뿐더러 인건비를 지원받는다 하더라도 해당 인건비는 실제 재직중으로 어린이집에서 업무를 담당해야만 인건비 지원이 가능합니다
.
즉
,
휴직자에게는 별도 지원되는 인건비가 없어 어린이집 재원으로 이러한
'
휴업급여
'
를 해결해야 되는 어려움이 있습니다
.
이에 위와 같은 문제점들을 해소하고 적극적으로 치료를 유도하기 위해 질병휴직에 따른 지자체 차원의 생활비 보전과 함께 정상적으로 현장에 복귀할 수 있도록 제도적 장치가 마련되어야 한다고 생각합니다
.",보육·돌봄 인프라,어린이집·유치원,보육시설·유아교육,보육·돌봄 인프라,돌봄사업팀,02-2133-6560,저출생사업1팀,1순위:돌봄사업팀 | 2순위:저출생사업1팀,5,서울형 육아휴직장려금 | 서울형 육아휴직장려금(사업종료) | 1인 자영업자 등 배우자 출산휴가급여 지원 | 서울시 중소기업 워라밸 포인트제 | 서울형 산후조리경비 지원,"○ 자녀 1인당 최대 120만원 지원 - 육아휴직기간 연속 6개월 시 60만원, 연속 12개월 경과 시 60만원 추가지급 ※ 부?모 모두 육아휴직 시 각각 지급 (자녀 1인에 대해 가구당 최대 240만원 지급) | ○ 자녀 1인당 최대 120만원 지원 - 육아휴직기간 연속 6개월 시 60만원, 연속 12개월 경과 시 60만원 추가지급 ※ 부?모 모두 육아휴직 시 각각 지급 (자녀 1인에 대해 가구당 최대 240만원 지급) | 1인 자영업자 등에 배우자(남편) 출산휴가급여 최대 120만원(15일분) 지원 (2026.1.1. 기준 출생아부터 적용) - 2025년 출생아는 최대 80만원(10일분) 지원 ㅇ 지원대상에 대한 자격요건 완화(202... | 양육친화 및 일?생활 균형을 위한 중소기업의 다양한 노력을 인정하고 중소기업이 아이 키우기 좋은 기업으로 성장할 수 있도록 지원하는 사업 ① 양육친화 및 일?생활 균형 실적에 따른 포인트 적립 ② 적립 포인트에 따른... | 출산에 소요되는 경제적 부담을 경감하고, 출산 이후 산모의 건강권을 확보하기 위하여 산후조리경비 지원 1. 지원금액 : 자녀 수에 따른 <b class='font-color-primary'>차등지원</b> ※ 첫째 ...",,,,https://idea.seoul.go.kr/front/freeSuggest/view.do?sn=199206
PROP-199198,2025-04-09,N,미상,0.0,서울동행맵에서 장애인 임산부 정책 확인할 수 있게 개선,서울동행맵에서 장애인 임산부 정책 확인할 수 있게 개선,임신·난임·생식건강,임산부 건강·배려,임산부 건강관리·배려,임신·난임·생식건강,건강임신지원팀,02-2133-9492,가족지원팀 | 저출생사업1팀,1순위:건강임신지원팀 | 2순위:가족지원팀 | 3순위:저출생사업1팀,5,"35세 이상 임산부 외래 진료 및 검사비 지원 | 임산부 엽산제, 철분제 지원 | 서울시 난임?임산부심리상담센터 운영 | 맘편한 임신 원스톱서비스(임산부?출산전 제공) | 임산부 출산급여 지원","의료비 부담이 큰 35세 이상 산모 대상 외래진료 및 검사에 소요되는 비용을 소득과 무관하게 최대 50만원까지 지원 (24년 3월 사회보장제도 신설 협의 완료, 24년 8월까지 사업추진을 위한  사전절차 진행 예정으... | 지원내용 (엽산제) 임신 전후 3개월까지 엽산제 지원  (철분제) 임신 16주부터 철분제 5개월분  신청방법 주소지 보건소에 방문하거나 온라인(정부24)으로 신청 | 난임부부, 유산?사산 경험부부, 임산부 및 양육모의 정서적 안정을 위해 전담 상담사가 등록부터 종결까지 1:1 상담 및 다양한 프로그램을 운영 | 임산부 엽산제?철분제 지급 등 임신 전?중 통합 서비스 제공 | ㅇ 임산부 출산급여 90만원 지원     ※고용노동부 ‘고용보험 미적용자 출산급여’ 150만원에 추가지원",,,,https://idea.seoul.go.kr/front/freeSuggest/view.do?sn=199198
PROP-199193,2025-04-08,N,미상,1.0,서울시 신혼부부 전세대출 이자지원 사업 관련,서울시 신혼부부 전세대출 이자지원 사업 관련,주거·교통·도시생활환경,출산가구 주거,신혼부부·출산가구 주거지원,주거·교통·도시생활환경,저출생사업1팀,02-2133-5027,가족지원팀 | 생활지원팀,1순위:저출생사업1팀 | 2순위:가족지원팀 | 3순위:생활지원팀,4,신혼부부 결혼ㆍ살림비용 지원 | 신혼희망타운 | 신혼부부 전용 주택 구입 자금 대출 | 신혼부부 임차보증금 이자 지원,"ㅇ 결혼ㆍ살림 비용 최대 100만원 지원    - 결혼준비 및 혼인살림 장만 관련 비용 지출    ※ 생애 1회 지급   ? 결혼준비 : 혼수, 예식장, 신혼여행, 청첩장 등    ? 혼인살림 : 전자제품, 주방가전... | 신혼희망타운 분양?임대주택 공급 및 청약 자격 제공 | 연 2.55~3.85% 금리로 주택구입 자금 대출, 최대 3억 2천만 원 한도 | - 임차보증금 대출금: 최대 3억원(임차보증금의 90% 이내) - 이자지원 금리: 최대 4.5% - 지원기간: 최장 10년(25.11.20. 부터 최장 12년) ※ 자세한 사항은 서울주거포털 공고문 참조",,,,https://idea.seoul.go.kr/front/freeSuggest/view.do?sn=199193
PROP-199153,2025-04-05,N,미상,1.0,어린이 차량갇힘사고 예방 등을 위한 이동형 안전체험버스 제작,"현황 및 문제점
교육이 가장 필요한 어린이들이 체험관에 직접 방문하여 이용하기는 어려우니
체험교육장비가 장착된 이동형 안전체험버스를 제작하여 어린이집으로 직접 방문하여 어린이들이 안전교육을 받을 수 있게 되면 안전사고를 더 효과적으로 예방할 수 있을 것 같음
또한 교육시설은 전 연령이 함께 이용할 수 있도록 제작하기 보다는 차량 내 갇힘사고 시 대응요령 등 어린이들에게 특화된 안전체험으로 제작하였으면 좋겠음
개선방안
이동형 안전체험버스 제작 및 운영
- 차량 내 체험장비 : 어린이가 차량에 갇혔을 때 행동요령 체험공간, 화재 및 전기 안전 등 체험공간, 영상교육장치 등
(그 외 어린이에게 특화된 체험공간)
기대효과
공간에 제약을 받지 않고 교육을 받을 수 있어 이동이 어려운 안전취약계층의 위급상황 대처능력 제고",정보·상담·교육·거버넌스,정보 접근성,일반 출산정책 안건,정보·상담·교육·거버넌스,저출생사업1팀,02-2133-5027,가족건강팀,1순위:저출생사업1팀 | 2순위:가족건강팀,0,,,,,,https://idea.seoul.go.kr/front/freeSuggest/view.do?sn=199153
PROP-199143,2025-04-04,Y,미상,214.0,"난임 시술, 첫 아이 출산까지 건강보험 무제한 지원이 필요합니다","안녕하십니까,
저는 서울 강서구에 거주하고 있는 여성으로, 지난 4년간 난임 시술을 이어오고 있는 난임 부부 중 한 사람입니다.
현재까지 총 17회의 시험관 아기 시술을 진행했으며, 건강보험 지원은 이제 단 3회만을 남겨두고 있는 상황입니다.
하지만 이 3회의 시술에서도 임신이 되지 않는다면, 저희 부부는 경제적인 이유로 더는 시술을 이어갈 수 없습니다.
아이를 간절히 바라고 있음에도, *돈이 없어서 아이를 가질 수 없다*는 이 슬픈 현실이 저희 부부의 현주소입니다.
시험관 시술 한 번에는 총 400~500만 원가량의 비용이 발생합니다.
건강보험 적용을 받는다 하더라도 실제 부담금은 한 번에 약 200만 원에 달하며, 이는 성공을 보장하지 못합니다.
이런 과정을 수년간 반복해야 하는 난임 부부들은 직장 생활도 병행하기 어려워 외벌이에 의존하게 되는 경우가 대부분입니다.
이로 인해 경제적 부담은 더욱 심화되고 있습니다.
정부에서는 공공 산후조리원, 임산부 심리상담센터 설치, 임신 전 건강관리 등 다양한 저출산 대응 정책을 펼치고 있지만,
임신 이전 단계인 ‘난임 시술’에 대한 실질적인 지원
은 여전히 부족하다고 체감됩니다.
지금 필요한 건
임신을 원하는 부부들이 실질적으로 임신에 이를 수 있도록 돕는 제도
입니다.
그 중심에는 바로 *첫 아이 출산까지 건강보험 무제한 지원*이 있어야 합니다.
[청원 요청 사항]
첫 아이 출산 전까지 시험관 아기 시술에 대한 건강보험 지원 횟수 제한을 폐지해 주십시오.
전남도나 경기도처럼 추가 지원 정책을 서울시에서도 도입해 주시기를 간곡히 요청드립니다.
▶ 전남도 난임 지원 정책 참고:
https://welfare.jeonnam.go.kr/contentsView.do?menuId=welfare0709000000
▶ 경기도 난임 지원 정책 참고:
https://www.gg.go.kr/contents/contents.do?ciIdx=987171&menuId=266157
임신과 출산을 개인의 노력과 비용으로만 감당하기엔, 지금 이 사회는 너무 가혹합니다.
출산율이 걱정된다면, 먼저 아이를 간절히 원하는 이들이
‘포기하지 않도록’
도와야 합니다.
저와 같은 수많은 난임 부부들이 마지막 희망의 끈을 놓지 않도록,
진심 어린 관심과 실질적인 지원을 간곡히 부탁드립니다.
감사합니다.",임신·난임·생식건강,난임 지원,난임시술·주사·시술비,임신·난임·생식건강,건강임신지원팀,02-2133-9491,저출생사업1팀 | 생활지원팀,1순위:건강임신지원팀 | 2순위:저출생사업1팀 | 3순위:생활지원팀,5,임산부 출산급여 지원 | 서울시 중소기업 워라밸 포인트제 | 배우자 출산휴가 지원금 | 서울권역 난임?우울증 상담센터 운영 | (권역)난임?임산부 심리상담센터 운영,"ㅇ 임산부 출산급여 90만원 지원 ※고용노동부 ‘고용보험 미적용자 출산급여’ 150만원에 추가지원 | 양육친화 및 일?생활 균형을 위한 중소기업의 다양한 노력을 인정하고 중소기업이 아이 키우기 좋은 기업으로 성장할 수 있도록 지원하는 사업 ① 양육친화 및 일?생활 균형 실적에 따른 포인트 적립 ② 적립 포인트에 따른... | ㅇ 임산부 배우자를 둔 1인 자영업자?프리랜서에 배우자 출산휴가 지원금 80만원 지원 | 난임부부, 유산?사산 경험부부, 임산부 및 양육모의 정서적 안정을 위해 전담 상담사가 등록부터 종결까지 1:1 상담 및 다양한 프로그램을 운영 | 심리상담 및 정서지원 서비스 제공",,,,https://idea.seoul.go.kr/front/freeSuggest/view.do?sn=199143
PROP-199139,2025-04-04,N,미상,0.0,[어린이집 보육환경 개선 및 보육교사 지원을 위한 플랫폼 기반 제안서],"[
어린이집 보육환경 개선 및 보육교사 지원을 위한 플랫폼 기반 제안서
]",보육·돌봄 인프라,어린이집·유치원,보육시설·유아교육,보육·돌봄 인프라,돌봄사업팀,02-2133-6560,저출생사업1팀,1순위:돌봄사업팀 | 2순위:저출생사업1팀,5,어린이집 영유아 방문건강관리 서비스 지원 | 서울형어린이집 | 다문화 보육료 | 서울형 0세 전담반 어린이집(사업종료) | 시간제 보육,"어린이집으로 방문건강간호사가 찾아가서 건강관리 및 건강교육서비스 제공 | 공인평가를 통하여 우수한 민간 어린이집을 선정하고 인건비 및 운영비를 지원함으로써 향상된 보육서비스를 안정적으로 제공 | 만0세: (기본)540,000원, (야간)540,000원, (24시간)810,000원 만1세반: (기본)475,000원, (야간)475,000원, (24시간)712,500원 만2세반: (기본)394,000원, (야간... | 12개월 미만의 영아 보육에 적합한 ‘0세 전담반’  어린이집 100개반 선정 운영 | 만6개월~36개월 부모급여 또는 양육수당 수급 아동대상 시간제보육 지원",,,,https://idea.seoul.go.kr/front/freeSuggest/view.do?sn=199139
PROP-199120,2025-04-03,N,미상,0.0,보육료 서비스 간 변경 미신청 시 소급지원,"안녕하세요.
현재 아이들이 어린이집에서 유치원을 갈 때 또는 유치원에서 어린이집으로 갈 때에도
보육료 전환 신청을 해야 합니다.
어떠한 사유로 시간을 놓치거나 하지 못한다면
그 보육료 부담은 전부 부모가 부담하여야 합니다.
맞벌이로 인해 또는 어떤 사유로 인해 제때 하지 못하였다는 이유로
나라에서 아이들에게 지원하는 금액을 받을 수 없다는 건, 정말 너무한 것 같습니다.
아이를 키우기 좋은 환경으로 만들어 주세요.
맞벌이에 이사에 혹은 어떠한 상황으로 인해 보육료 전환을 놓치더라도
사유를 소명하여 신청한다면 보육료 소급이 가능할 수 있도록 만들어 주세요~
시기를 놓쳐 보육료로 인한 부담이 들지 않게 나라에서 소급 지원해 주신다면
조금 더 아이 키우기 좋은 환경으로 나아갈 수 있다고 생각합니다.",보육·돌봄 인프라,어린이집·유치원,보육시설·유아교육,보육·돌봄 인프라,돌봄사업팀,02-2133-6560,저출생사업1팀 | 다문화지원팀,1순위:돌봄사업팀 | 2순위:저출생사업1팀 | 3순위:다문화지원팀,5,영아 전담 아이돌봄서비스 | 외국인 가사(육아)인력 시범사업 | 서울시 중소기업 워라밸 포인트제 | 서울형 육아휴직장려금 | 서울형 육아휴직장려금(사업종료),"출산휴가, 육아휴직 후 복귀하는 맞벌이 가정을 지원하고자 영아 돌봄 교육을 이수한 전담 돌보미가 영아 이유식 먹이기, 젖병 소독 등 영아 특화 돌봄서비스 제공 | 맞벌이 부부 등 ‘육아 조력자’의 도움이 절실한 자녀양육 가정에 외국인 육아도우미를 활용한 양육지원사업 도입 | 양육친화 및 일?생활 균형을 위한 중소기업의 다양한 노력을 인정하고 중소기업이 아이 키우기 좋은 기업으로 성장할 수 있도록 지원하는 사업 ① 양육친화 및 일?생활 균형 실적에 따른 포인트 적립 ② 적립 포인트에 따른... | ○ 자녀 1인당 최대 120만원 지원 - 육아휴직기간 연속 6개월 시 60만원, 연속 12개월 경과 시 60만원 추가지급 ※ 부?모 모두 육아휴직 시 각각 지급 (자녀 1인에 대해 가구당 최대 240만원 지급) | ○ 자녀 1인당 최대 120만원 지원 - 육아휴직기간 연속 6개월 시 60만원, 연속 12개월 경과 시 60만원 추가지급 ※ 부?모 모두 육아휴직 시 각각 지급 (자녀 1인에 대해 가구당 최대 240만원 지급)",,,,https://idea.seoul.go.kr/front/freeSuggest/view.do?sn=199120
PROP-199081,2025-03-31,N,미상,4.0,시립 강아지 유치원 설립 제안,"현황 및 문제점
현황 및 문제점
1. 대한민국에는 현재 국가나 지방자치단체가 직접 운영하는 ""시립 강아지 유치원""은 없습니다.
2. 대부분의 강아지 유치원 및 관련 서비스는 민간 사업자가 운영하며, 비용이 상대적으로 높아 일부 시민들에게 접근이 제한적입니다.
3. 반려동물 복지와 관련한 정책은 점차 확장되고 있으나, 구체적인 공공 서비스 형태로 구현된 사례는 드뭅니다.
4. 경제적 부담: 민간 유치원의 높은 비용으로 인해, 경제적 여건이 어려운 가정에서는 서비스를 이용하기 어렵습니다.
5. 유기동물 증가 문제: 반려동물을 책임감 있게 돌보지 못해 유기되는 경우가 많으며, 이를 예방할 수 있는 교육 및 지원 시스템이 부족합니다.
6. 반려동물 교육 부족: 반려견의 행동 문제를 예방하거나 해결하기 위한 전문적인 교육 서비스에 대한 접근성이 낮아, 반려인과 반려동물 모두에게 스트레스를 유발할 수 있습니다.
7. 도심 속 반려동물 스트레스: 좁은 주거 환경과 바쁜 일상 속에서 강아지들이 충분한 돌봄과 사회화를 받지 못해 스트레스를 겪는 경우가 많습니다.
개선방안
1. 시립 강아지 유치원은 다음과 같은 서비스를 제공합니다
가. 반려동물 일일 돌봄 및 훈련 프로그램
나. 유기동물 보호 및 재입양 지원
다. 반려인 대상 교육 및 워크숍
기대효과
1. 반려동물 복지 증진
- 체계적이고 안전한 돌봄과 훈련을 제공하여 반려동물의 신체적, 정신적 건강을 개선할 수 있습니다.
- 강아지들이 스트레스를 해소하고 사회성을 기를 수 있는 환경을 조성합니다.
2. 유기동물 문제 완화
- 유기동물 보호 및 재입양 지원 서비스를 통해 유기동물 수를 줄이고, 지역 내 반려동물 관리 수준을 향상시킬 수 있습니다.
-반려인의 책임감 있는 돌봄 문화를 형성하는 데 기여합니다.
3. 지역 경제 활성화
- 유치원 운영을 통해 새로운 일자리를 창출하고, 반려동물 관련 산업(사료, 용품 등) 활성화에 기여합니다.
4. 시민 삶의 질 향상
- 반려동물과 함께하는 삶을 지원하는 프로그램을 운영하여 반려인들의 스트레스를 줄이고 삶의 만족도를 높입니다.
5. 사회적 갈등 감소
- 반려동물로 인한 주민 간 갈등을 완화하는 데 도움을 줄 수 있습니다(예: 소음 문제 완화, 적절한 교육 제공).
- 반려동물 복지 및 관리를 위한 공공 인식 개선에 기여합니다.",보육·돌봄 인프라,어린이집·유치원,보육시설·유아교육,보육·돌봄 인프라,돌봄사업팀,02-2133-6560,저출생사업1팀 | 생활지원팀,1순위:돌봄사업팀 | 2순위:저출생사업1팀 | 3순위:생활지원팀,0,,,,,,https://idea.seoul.go.kr/front/freeSuggest/view.do?sn=199081
PROP-199076,2025-03-31,N,미상,1.0,신생아를 보려면 백일해 예방접종을 해야 합니다,신생아를 보려면 백일해 예방접종을 해야 합니다,출산·산후 초기지원,출산가구 초기지원,출산지원금·출생축하,출산·산후 초기지원,가족건강팀,02-2133-9485,저출생사업1팀,1순위:가족건강팀 | 2순위:저출생사업1팀,0,,,,,,https://idea.seoul.go.kr/front/freeSuggest/view.do?sn=199076
PROP-199074,2025-03-31,N,미상,0.0,서울시 조부모 돌봄수당의 시간 유연성 필요,"작년 시행된 서울시 조부모 양육돌봄수당 정책은 조부모님이 정기적으로 매일 돌봄을 해 주실 경우에 받을 수 있도록 되어있어 다양한 경우에 적용되기 어려운 점이 있습니다. 이를테면 주 1~2회 돌봄을 해주시는 경우, 댁이 멀어서 등, 하원때 각각 오시기 어려운 경우는 유치원이나 어린이집에서 있는 시간동안 손주 집에 머무시다가 하원을 해주실 수도 있는데, 기다리시는 시간은 돌봄시간으로 인정해주시지 않으니 조건을 맞추기가 굉장히 까다롭습니다. 꼭 돌봄해주시지 않더라도 아이들 등원해있는 시간동안 집안 가사일을 도와주시거나 그럴 수도 있잖아요. 즉 맞벌이 가정에서 조부모의 돌봄 영역에 가사일도 포함시켜주시면 아이들이 없는 시간에도 손주 가정을 돌봐주신 것으로 인정되었으면 좋겠습니다. 주 1, 2회만 도움을 받는 경우도 인정될 수 있도록 돌봄 조건과 금액의 범위도 다양하게 책정 된다면 더욱 활용성이 좋을 것 같습니다.",보육·돌봄 인프라,가족돌봄,아이돌봄·조부모돌봄,보육·돌봄 인프라,돌봄사업팀,02-2133-6560,생활지원팀,1순위:돌봄사업팀 | 2순위:생활지원팀,5,영아 전담 아이돌봄서비스 | 외국인 가사(육아)인력 시범사업 | 서울형 육아휴직장려금 | 서울형 육아휴직장려금(사업종료) | 서울시 중소기업 워라밸 포인트제,"출산휴가, 육아휴직 후 복귀하는 맞벌이 가정을 지원하고자 영아 돌봄 교육을 이수한 전담 돌보미가 영아 이유식 먹이기, 젖병 소독 등 영아 특화 돌봄서비스 제공 | 맞벌이 부부 등 ‘육아 조력자’의 도움이 절실한 자녀양육 가정에 외국인 육아도우미를 활용한 양육지원사업 도입 | ○ 자녀 1인당 최대 120만원 지원 - 육아휴직기간 연속 6개월 시 60만원, 연속 12개월 경과 시 60만원 추가지급 ※ 부?모 모두 육아휴직 시 각각 지급 (자녀 1인에 대해 가구당 최대 240만원 지급) | ○ 자녀 1인당 최대 120만원 지원 - 육아휴직기간 연속 6개월 시 60만원, 연속 12개월 경과 시 60만원 추가지급 ※ 부?모 모두 육아휴직 시 각각 지급 (자녀 1인에 대해 가구당 최대 240만원 지급) | 양육친화 및 일?생활 균형을 위한 중소기업의 다양한 노력을 인정하고 중소기업이 아이 키우기 좋은 기업으로 성장할 수 있도록 지원하는 사업 ① 양육친화 및 일?생활 균형 실적에 따른 포인트 적립 ② 적립 포인트에 따른...",,,,https://idea.seoul.go.kr/front/freeSuggest/view.do?sn=199074
PROP-199068,2025-03-30,N,미상,0.0,신생아 특례 평수제한 해제,"출산장려 정책으로 신생아 특례대출을 실시중인데 지방 또는 비 인기지역은 가격은 저렴하고 평수는 84를 넘는곳이 대부분입니다.
출산장려정책은 가족구성원이 늘어나는건데
평수를 제한한다는 어처구니없는 상황속에서
실 수요자의 대출이 이루어지지않고있어 제안드립니다.",출산·산후 초기지원,출산가구 초기지원,출산지원금·출생축하,출산·산후 초기지원,가족건강팀,02-2133-9485,가족지원팀,1순위:가족건강팀 | 2순위:가족지원팀,5,신혼부부 결혼ㆍ살림비용 지원 | 자녀출산 무주택가구 주거비 지원 | 신혼희망타운 | 신혼부부 전용 주택 구입 자금 대출 | 신혼부부 임차보증금 이자 지원,"ㅇ 결혼ㆍ살림 비용 최대 100만원 지원    - 결혼준비 및 혼인살림 장만 관련 비용 지출    ※ 생애 1회 지급   ? 결혼준비 : 혼수, 예식장, 신혼여행, 청첩장 등    ? 혼인살림 : 전자제품, 주방가전... | 월 최대 30만원(2년간 최대 720만원) 주거비 지원 | 신혼희망타운 분양?임대주택 공급 및 청약 자격 제공 | 연 2.55~3.85% 금리로 주택구입 자금 대출, 최대 3억 2천만 원 한도 | - 임차보증금 대출금: 최대 3억원(임차보증금의 90% 이내) - 이자지원 금리: 최대 4.5% - 지원기간: 최장 10년(25.11.20. 부터 최장 12년) ※ 자세한 사항은 서울주거포털 공고문 참조",,,,https://idea.seoul.go.kr/front/freeSuggest/view.do?sn=199068
PROP-199065,2025-03-30,N,미상,6.0,모든 초등학생들에게 무상보육,"방과후교실 모든 초등학생들이  무상보육 받을 수 있도록 해주세요
방과후교실에도 무상보육을 주장합니다.",보육·돌봄 인프라,초등돌봄,초등돌봄·방과후,보육·돌봄 인프라,돌봄사업팀,02-2133-6560,저출생사업1팀 | 생활지원팀,1순위:돌봄사업팀 | 2순위:저출생사업1팀 | 3순위:생활지원팀,4,다문화 보육료 | 시간제 보육 | 만0~5세 보육료 | 방과후 보육료,"만0세: (기본)540,000원, (야간)540,000원, (24시간)810,000원 만1세반: (기본)475,000원, (야간)475,000원, (24시간)712,500원 만2세반: (기본)394,000원, (야간... | 만6개월~36개월 부모급여 또는 양육수당 수급 아동대상 시간제보육 지원 | ① 기본보육료(월별) 만0세반: 540,000원 만1세반: 475,000원 만2세반: 394,000원 만3~5세: 280,000원  ② 연장보육료(월별) 0세반: 3,000원 영아반: 2,000원 유아반: 1,000... | ① 정부지원시설 - 4시간 이용: 월 10만원 지원 - 종일 이용(방학 등): 월 20만원 지원  ② 정부미지원시설  - 4시간 이용: 월 233,650원  - 종일 이용: 월 467,300원   ③교사대아동 비율 ...",,,,https://idea.seoul.go.kr/front/freeSuggest/view.do?sn=199065
PROP-199064,2025-03-30,N,미상,2.0,방과후교실어린이집 방과후전담 무상교육,"서울시 방과후교실어린이집 방과후전담 무상보육을 간곡히 주장합니다
무상보육에 동의합니다",보육·돌봄 인프라,초등돌봄,초등돌봄·방과후,보육·돌봄 인프라,돌봄사업팀,02-2133-6560,저출생사업1팀 | 생활지원팀,1순위:돌봄사업팀 | 2순위:저출생사업1팀 | 3순위:생활지원팀,5,어린이집 영유아 방문건강관리 서비스 지원 | 서울형어린이집 | 서울형 0세 전담반 어린이집(사업종료) | 서울형 0세 전담반 어린이집 | 서울형 시간제 전문 어린이집,어린이집으로 방문건강간호사가 찾아가서 건강관리 및 건강교육서비스 제공 | 공인평가를 통하여 우수한 민간 어린이집을 선정하고 인건비 및 운영비를 지원함으로써 향상된 보육서비스를 안정적으로 제공 | 12개월 미만의 영아 보육에 적합한 ‘0세 전담반’  어린이집 100개반 선정 운영 | 12개월 미만의 영아 보육에 적합한 ‘0세 전담반’  어린이집 100개반 선정 운영 | 가정양육 또는 타 기관 이용 보호자 등 누구나 필요시 시간 단위로 이용할 수 있는 보육서비스,,,,https://idea.seoul.go.kr/front/freeSuggest/view.do?sn=199064
PROP-199063,2025-03-30,N,미상,2.0,방과후교실 초등학생교육 무상보육 주장,"방과후교실 무상교육 에 동의 합니다.
모든 교육기관이 무상보육입니다.
방과후교실에도 무상보육을 주장합니다.",보육·돌봄 인프라,초등돌봄,초등돌봄·방과후,보육·돌봄 인프라,돌봄사업팀,02-2133-6560,저출생사업1팀 | 생활지원팀,1순위:돌봄사업팀 | 2순위:저출생사업1팀 | 3순위:생활지원팀,4,다문화 보육료 | 시간제 보육 | 만0~5세 보육료 | 방과후 보육료,"만0세: (기본)540,000원, (야간)540,000원, (24시간)810,000원 만1세반: (기본)475,000원, (야간)475,000원, (24시간)712,500원 만2세반: (기본)394,000원, (야간... | 만6개월~36개월 부모급여 또는 양육수당 수급 아동대상 시간제보육 지원 | ① 기본보육료(월별) 만0세반: 540,000원 만1세반: 475,000원 만2세반: 394,000원 만3~5세: 280,000원  ② 연장보육료(월별) 0세반: 3,000원 영아반: 2,000원 유아반: 1,000... | ① 정부지원시설 - 4시간 이용: 월 10만원 지원 - 종일 이용(방학 등): 월 20만원 지원  ② 정부미지원시설  - 4시간 이용: 월 233,650원  - 종일 이용: 월 467,300원   ③교사대아동 비율 ...",,,,https://idea.seoul.go.kr/front/freeSuggest/view.do?sn=199063
PROP-199044,2025-03-29,N,미상,3.0,서울시 다자녀 할인 정책의 지역 제한 완화 요청,"안녕하세요. 저는 경기도에 거주하며 세 자녀를 키우고 있는 부모입니다. 서울은 대한민국의 수도이자 문화·예술 인프라가 집중된 도시로, 저희 가족도 서울에 있는 박물관, 미술관, 공연장, 도서관, 공원 등을 자주 방문하고 있습니다. 하지만 서울시에서 제공하는
‘다자녀 할인’ 혜택이 '서울시민에게만 제한적으로 적용'되는 점은 다자녀 가정을 지원하는 정책적 취지에 맞지 않는다
고 생각하여 제안서를 작성하게 되었습니다.
현재 서울시의 여러 기관과 시설에서 다자녀 할인 혜택이 운영되고 있지만, 실제 이용 시 ‘서울시민만 해당’이라는 제한에 부딪히는 경우가 대부분입니다. 게다가 안내문에 명시되지 않은 경우도 있어, 직원에게 확인해 보면 거의 예외 없이 타지역 거주자는 할인 대상이 아니라는 답변을 받습니다. 심지어 일부 직원분들은 제도가 불합리하다고 공감하면서도, 규정상 혜택을 제공할 수 없다는 현실을 안타까워하시기도 합니다.
저출생 문제가 심각한 사회적 과제가 된 오늘날, 다자녀 가정을 지원하는 정책은 출생률 제고를 위한 중요한 수단입니다. 그러나 ‘다자녀 할인’을 서울시민에게만 한정하는 것은 다자녀 가정 지원이라는 본래 목적에서 벗어난 불합리한 행정이라고 생각합니다. 서울에서 문화·예술·여가 활동을 누리는 다자녀 가정은 비단 서울시민뿐만이 아닙니다. 오히려 '
서울의 인프라는 수도권을 포함한 전국 각지의 국민이 함께 이용하는 공공자산의 성격'
을 가지고 있습니다.
특히 다른 지역에서는 다자녀 할인 정책이 거주지와 무관하게 적용되는 사례가 많습니다. 서울시만이 유독 거주지에 따라 차별을 두는 것은 정책 형평성 측면에서도 개선이 필요하다고 봅니다. 이에 서울시가 다자녀 가정을 실질적으로 지원할 수 있도록,
'거주 지역에 관계없이 다자녀 할인 혜택을 받을 수 있도록 정책 개선'
을 요청드립니다.
부디 서울시가 더 많은 가정이 혜택을 누릴 수 있도록 정책을 재검토해 주시기를 바랍니다. 감사합니다.",다자녀·양육비·생활지원,다자녀 혜택,다자녀 기준·할인·감면,다자녀·양육비·생활지원,저출생사업1팀,02-2133-5027,가족지원팀,1순위:저출생사업1팀 | 2순위:가족지원팀,0,,,,,POLICY_REMOVED:공공요금 감면 요구가 아닌 제안에 공공요금 정책 후보: 다자녀 가구 하수도사용료 감면 || POLICY_REMOVED:차량 취득세 요구가 아닌 제안에 취득세 정책 후보: 다자녀 가구 자동차 취득세 감면 || POLICY_REMOVED:차량 취득세 요구가 아닌 제안에 취득세 정책 후보: 다자녀가구 자동차 취득세 취약계층 감면 || POLICY_REMOVED:공공요금 감면 요구가 아닌 제안에 공공요금 정책 후보: 다자녀 가구 하수도사용료 감면 || POLICY_REMOVED:차량 취득세 요구가 아닌 제안에 취득세 정책 후보: 다자녀 가구 자동차 취득세 감면 || POLICY_REMOVED:차량 취득세 요구가 아닌 제안에 취득세 정책 후보: 다자녀가구 자동차 취득세 취약계층 감면 || POLICY_REMOVED:공공요금 감면 요구가 아닌 제안에 공공요금 정책 후보: 다자녀 가구 하수도사용료 감면 || POLICY_REMOVED:차량 취득세 요구가 아닌 제안에 취득세 정책 후보: 다자녀 가구 자동차 취득세 감면 || POLICY_REMOVED:차량 취득세 요구가 아닌 제안에 취득세 정책 후보: 다자녀가구 자동차 취득세 취약계층 감면,https://idea.seoul.go.kr/front/freeSuggest/view.do?sn=199044
PROP-199043,2025-03-29,N,미상,1.0,따릉이를 만 13세 미만 어린이가 이용할 때 안전 보호 책임자 변경,"현황 및 문제점
---
‘가족 인증’의 목적은 보호자에게 어린이 안전 보호 책임을 부여하는 데 있습니다. 법적, 정서적으로 밀접한 부모가 어린이 안전모 착용, 자전거 이상점검 등의 지도감독 의무를 성실히 이행할 것이라고 판단하여 보호자의 범위를 부모로 한정한 점 이해하여 주시기 바랍니다.
---
다만 부모 중에 법적으로 어린이 안전 보호 책임을 부여를 못하는 사람들도 있습니다.
또한 부모가 아닌 아이의 후견인은 법적으로 어린이 안전 보호 책임을 질 수 있지만 후견인의 책임으로 따릉이를 대여할 수 없습니다.
개선방안
1. 행정안전부의 실시간정보유통시스템을 활용하여 부모의 후견등기사항부존재증명서(전체)를 발급하여 각각의 부모에 대한 후견인이 존재하지 않는 사람만 어린이 안전 보호 책임을 부여를 할 수 있도록 합니다.
2. 대상 어린이의 후견등기사항증명서(현재)를 조회하여 이 어린이의 후견인이 따릉이를 대여할 수 있도록 합니다.
기대효과
1. 자격이 없는 부모는 따릉이에 대한 어린이 안전 보호 책임자가 되지 않도록 합니다.
2. 자격있는 후견인이 따릉이에 대한 어린이 안전 보호 책임자가 될 수 있습니다.",정보·상담·교육·거버넌스,정보 접근성,일반 출산정책 안건,정보·상담·교육·거버넌스,저출생사업1팀,02-2133-5027,생활지원팀 | 아동보호팀,1순위:저출생사업1팀 | 2순위:생활지원팀 | 3순위:아동보호팀,0,,,,,,https://idea.seoul.go.kr/front/freeSuggest/view.do?sn=199043
PROP-199042,2025-03-28,N,미상,0.0,임산부석 뱃지 알리미를 제안합니다,"현황 및 문제점
현재 서울지하철엔 대부분 임산부석이 만들어져 있습니다
그러나 실상은 다릅니다. 말만 임산부석이지 노인을 위한 자리로 변해가고있고, 실제 임산부들은 만원지하철에
자주 서서 가는걸 목격하고 있습니다
""임산부가 오면 비켜주려고 했다"" 라는 말은 배려인것 같지만, 실상은 극 이기주이의 본질을 보여줍니다
남들은 배려를 위해 비워두는 자리를 자기만 편하자고 앉아있다 비켜주려고 했다는 의미입니다
우리 사회는 점점 이기주의가 심해지고, 젊잖게 늙어오지 못한 노인들의 이기주이가 심해지고 있습니다
젊은이들이 이끌어가는 사회라고하면서, 젊은이들이 살기 힘들게 하고있지요
그러한 사회에서 결국 출산, 결혼을 하지않는 젊은 세대는 늘어나고 있고
결국 대한민국은 지금 극 저출산 시대에 접어들고 있습니다.
본인들의 편의를 위해 젊은 세대에게 희생과 양보를 강요하고 있는 사회의 모습을 보여주는데 바로
현재 임산부석이 제대로 시행되지 못하는 부분과 동일하다 봅니다
냉정하게 볼때 임산부석은 실패한 정책입니다
노령사회 인구층은 본인들의 편의만 생각하며 악용하고 있습니다
이제는 시민의식과 배려를 바라기엔 너무 늦었습니다
강제성을 띄고, 주변의 인식을 개선해야하는 시기입니다
저출산 시대에 주변이 창피해 말못하고 서서가는 임산부들이 더 힘들어지고 있습니다
임산부석에 앉기 위해 힘든몸을 이끌고 구청에가서 뱃지를 발급받지만
지하철에선 앉지 못하는 아이러니한 상황의 대한민국입니다
개선방안
'광주시' 는 임산부석에 적외선 센서를 통해 임산부석임을 알리는 스피커를 장착했습니다
전형적인 단편적인 생각으로 만든 탁상행정입니다
1. 상단엔 적외선 센서, 센서와 연결된 카드태그 기기를 임산부석 뒤에 설치합니다
2. 사람이 앉을때 스피커를 통해 '임산부석입니다. 초기 임산부가 앉을 수 있도록 비워주세요' 메세지를 지속적으로 나오게합니다
3. 임산부 뱃지를 태그할때 이 스피커 음성이 멈추도록 합니다
기대효과
본인만 생각하는 이기적인 시민들의 임산부석을 더이상 앉지 못 할겁니다
스피커가 계속 울리면 주변사람들이 시끄러워서 노인, 아줌마들에게 자리 비워두라고 말할겁니다
배려를 모르는 사람들에게 강제성으로라도 배려심을 키워주는 효과를 가져올 수 있습니다
임산부 뱃지를 두고오면 어떻하냐구요? 임산부들은 너무나 힘들고 지쳐서 임산부석에 앉기 위해 뱃지를 가방에 착용하고다닙니다. 그만큼 출퇴근 이동시 일반 시민남녀보다 힘들고 고되기 때문이죠",임신·난임·생식건강,임산부 건강·배려,임산부 건강관리·배려,임신·난임·생식건강,건강임신지원팀,02-2133-9491,저출생사업1팀 | 생활지원팀,1순위:건강임신지원팀 | 2순위:저출생사업1팀 | 3순위:생활지원팀,1,임산부 배려공간 조성,ㅇ 교통 약자인 임산부의 엘리베이터 안전사고 예방 및 배려문화 확산을 위해 엘리베이터 내?외부에 임산부 배려공간 조성(엠블럼 부착)   - 임산부를 위해 해당 공간을 비워두고 양보하는 사회 분위기 확산 유도 ㅇ 임산...,,,,https://idea.seoul.go.kr/front/freeSuggest/view.do?sn=199042
PROP-198980,2025-03-27,N,미상,0.0,지자체별 출산지원금 통일 지급,"현황 및 문제점
서울의 경우에도
강북구과
강남구의
지원금이 상이
개선방안
동일시 내 지원금은 통일
기대효과
상대적 박탈감 해소",출산·산후 초기지원,출산가구 초기지원,출산지원금·출생축하,출산·산후 초기지원,가족건강팀,02-2133-9485,저출생사업1팀,1순위:가족건강팀 | 2순위:저출생사업1팀,0,,,,,,https://idea.seoul.go.kr/front/freeSuggest/view.do?sn=198980
PROP-198885,2025-03-24,N,미상,0.0,공립유치원 다자녀도 방과후 수업 신청할 수 있도록 해주세요.,"안녕하세요. 저는  만6,4,2,1세 애넷 엄마입니다. 요즘 저출산으로 인해 인구 감소가 심각한 상황인 현재 저는 결혼 후 출산을 하여 애넷을 낳았습니다. 작년 공립 유치원을 처음 보내게 되었습니다. 방과 후 수업 신청을 하고 싶었지만 맞벌이만 우선순위인지라 다자녀는 방과후반을 신청조차 하지 못하게 되어 있었습니다. 유치원 신청도 하늘에 별따기입니다. 보육문제로 인해 많은 다자녀 부모들이 힘들어하는 부분을 개선 부탁드리고자 글을 올리게 되었습니다. 저는 다자녀라 일을 하지 못하는 이 상황에 방과 후 신청만이라도 할 수 있도록 맞벌이와 동등한 기회를 줬으면 합니다.
출산 장려하는 많은 정책들이 생기는 이 시점에 정작 가장 필요한 보육문제를 개선할수 있도록 부탁드립니다.",보육·돌봄 인프라,초등돌봄,초등돌봄·방과후,보육·돌봄 인프라,돌봄사업팀,02-2133-6560,저출생사업1팀 | 생활지원팀,1순위:돌봄사업팀 | 2순위:저출생사업1팀 | 3순위:생활지원팀,5,영아 전담 아이돌봄서비스 | 외국인 가사(육아)인력 시범사업 | 1인 자영업자 등 배우자 출산휴가급여 지원 | 서울시 중소기업 워라밸 포인트제 | 1인 자영업자?프리랜서 배우자 출산휴가 지원금,"출산휴가, 육아휴직 후 복귀하는 맞벌이 가정을 지원하고자 영아 돌봄 교육을 이수한 전담 돌보미가 영아 이유식 먹이기, 젖병 소독 등 영아 특화 돌봄서비스 제공 | 맞벌이 부부 등 ‘육아 조력자’의 도움이 절실한 자녀양육 가정에 외국인 육아도우미를 활용한 양육지원사업 도입 | 1인 자영업자 등에 배우자(남편) 출산휴가급여 최대 120만원(15일분) 지원 (2026.1.1. 기준 출생아부터 적용) - 2025년 출생아는 최대 80만원(10일분) 지원 ㅇ 지원대상에 대한 자격요건 완화(202... | 양육친화 및 일?생활 균형을 위한 중소기업의 다양한 노력을 인정하고 중소기업이 아이 키우기 좋은 기업으로 성장할 수 있도록 지원하는 사업 ① 양육친화 및 일?생활 균형 실적에 따른 포인트 적립 ② 적립 포인트에 따른... | 1인 자영업자 등에 배우자 출산휴가급여 80만원 지원",,,,https://idea.seoul.go.kr/front/freeSuggest/view.do?sn=198885
PROP-198861,2025-03-22,N,미상,5.0,아이들.청소년을위한공간들,"안녕하세요.어린이들과 청소년을위한 공간..
난나..청소년센터에대해 규제철폐를 요청합니다
한부모.저소득아이들을위해 저렴하게..혹은 무상으로 아이들운동과 예술분야늘 배울수있는 좋은공간이라고생각하는데요..초1부터 여러가지배울수 있다는 장점이있는반면 혜택을받으려면 만9세가 넘어야한다는데..3학년이지만  12월생인 아이들은 만9세가 되지않는다는 이유로 혜택을못받고 전액수강료를 지급해야만 된다는데요..초1..학교를 다니고있다면 혜택을받을수있게 규제를 바꿔주시길바랍니다",정보·상담·교육·거버넌스,정보 접근성,일반 출산정책 안건,정보·상담·교육·거버넌스,가족지원팀,02-2133-6562,저출생사업1팀,1순위:가족지원팀 | 2순위:저출생사업1팀,0,,,,,"TAG_REVIEW:현재 태그=정보·상담·교육·거버넌스, 태그 핵심어 약함 || TAG_REVIEW:현재 태그=정보·상담·교육·거버넌스, 태그 핵심어 약함",https://idea.seoul.go.kr/front/freeSuggest/view.do?sn=198861
PROP-198843,2025-03-21,N,미상,1.0,과속방지카메라로 아이들의 안전을,"？
？안녕하세요~^^
저는 율현초에서 근무하는 어린이교통안전지도사입니다~
서울시 강남구 율현동 율현초등학교 후문 앞은 작은 이차도로 입니다
그런데 이곳이 신호가 없고 지름길이다보니 어린이안전보호구역인데도 대부분 과속으로 차들이 운전을 합니다
특히나 아이들이 이곳을 지나 학교에 등교를 하는데 상가에서 나오는 차량과 이차도로에 오고가는 차량으로 등교길이 매우 위험하고 오늘도 출근시간에 과속하던 차량 사고가 바로 학생들이 들어오는 후문 앞에서 있었고 다행히 아이들 등교시간 전이라 인명사고는 없었지만 매일매일이 아이들한텐 사고의 위험이 도사리고 있는곳입니다
더 큰 사고가 일어나기 전에 학교 후문에 과속방지카메라를 달아주시어 학부님과 학생들이 좀 더 안심하고 안전하게 등교할 수 있도록 부탁드립니다",정보·상담·교육·거버넌스,정보 접근성,일반 출산정책 안건,정보·상담·교육·거버넌스,저출생사업1팀,02-2133-5027,생활지원팀,1순위:저출생사업1팀 | 2순위:생활지원팀,0,,,,,"TAG_REVIEW:현재 태그=정보·상담·교육·거버넌스, 태그 핵심어 약함 || TAG_REVIEW:현재 태그=정보·상담·교육·거버넌스, 태그 핵심어 약함",https://idea.seoul.go.kr/front/freeSuggest/view.do?sn=198843
PROP-198826,2025-03-20,N,미상,0.0,보육지원 규제 완화를 통한 실질적 지원 확대 제안,"현재 대한민국의 저출산 문제는 심각한 사회적 이슈로 대두되고 있으며, 이에 대한 해결책 중 하나로 보육 지원 정책의 강화가 중요하게 논의되고 있습니다. 하지만 현행 보육지원제도는 과도한 행정 절차 및 경직된 지원 기준으로 인해 실질적으로 필요한 가정이 혜택을 받지 못하는 경우가 많습니다. 이에 따라, 보육지원 관련 규제를 완화하고 실질적인 지원이 이루어질 수 있도록 제안합니다.
먼저, 현재 보육지원제도의 문제점은 다음과 같습니다. 맞벌이 부부라 하더라도 소득 기준으로 인해 지원 대상에서 배제되는 경우가 있으며, 한부모 가정이라도 특정 요건을 충족하지 못하면 지원을 받기 어려운 실정입니다. 또한, 보육시설 운영에 있어서도 까다로운 규정으로 인해 유연한 운영이 어렵고, 부모들의 선택권이 제한되는 문제가 있습니다.
이를 해결하기 위해 다음과 같은 개선 방안을 제안합니다.
1. 보육료 지원 기준 완화: 맞벌이 가정 및 한부모 가정에 대한 소득 기준을 현실적으로 조정하여 더 많은 가정이 혜택을 받을 수 있도록 개선합니다.
2. 보육시설 규제 간소화: 유연한 운영이 가능하도록 시설 운영 관련 규제를 완화하여, 다양한 보육 모델(예: 시간제 보육, 직장 내 보육시설 확대 등)이 활성화될 수 있도록 합니다.
3. 보육지원 신청 절차 간소화: 현재 복잡한 서류 및 행정 절차를 간소화하여, 부모들이 보다 쉽게 지원을 받을 수 있도록 개선합니다.
4.정부 및 기업 협력 확대: 기업이 자체 보육시설을 운영할 수 있도록 지원을 강화하고, 민관 협력을 통한 보육 인프라 확대를 추진합니다.
보육지원 제도의 개선은 단순한 복지 확대가 아니라, 사회 전체의 활력을 높이고 저출산 문제 해결에도 기여할 수 있는 핵심 정책입니다. 따라서 불합리하고 불필요한 규제를 합리적으로 완화하여, 실질적인 지원이 이루어질 수 있도록 적극적인 검토를 요청드립니다.
기대 효과
보육지원 사각지대 해소를 통해 더 많은 가정이 실질적인 혜택을 받음
부모의 경제적 부담 감소 및 출산율 제고에 긍정적인 영향
보육시설 운영의 유연성을 높여 서비스 질 개선 및 선택권 확대
기업의 육아 친화적 환경 조성으로 근로자의 일·가정 양립 지원 강화",보육·돌봄 인프라,어린이집·유치원,보육시설·유아교육,보육·돌봄 인프라,돌봄사업팀,02-2133-6560,저출생사업1팀 | 생활지원팀,1순위:돌봄사업팀 | 2순위:저출생사업1팀 | 3순위:생활지원팀,5,외국인 가사(육아)인력 시범사업 | 영아 전담 아이돌봄서비스 | 서울형 육아휴직장려금(사업종료) | 서울시 중소기업 워라밸 포인트제 | 서울형 강소기업 지원,"맞벌이 부부 등 ‘육아 조력자’의 도움이 절실한 자녀양육 가정에 외국인 육아도우미를 활용한 양육지원사업 도입 | 출산휴가, 육아휴직 후 복귀하는 맞벌이 가정을 지원하고자 영아 돌봄 교육을 이수한 전담 돌보미가 영아 이유식 먹이기, 젖병 소독 등 영아 특화 돌봄서비스 제공 | ○ 자녀 1인당 최대 120만원 지원 - 육아휴직기간 연속 6개월 시 60만원, 연속 12개월 경과 시 60만원 추가지급 ※ 부?모 모두 육아휴직 시 각각 지급 (자녀 1인에 대해 가구당 최대 240만원 지급) | 양육친화 및 일?생활 균형을 위한 중소기업의 다양한 노력을 인정하고 중소기업이 아이 키우기 좋은 기업으로 성장할 수 있도록 지원하는 사업 ① 양육친화 및 일?생활 균형 실적에 따른 포인트 적립 ② 적립 포인트에 따른... | ① 청년 정규직 채용 시, 사내복지 개선 등 근무환경개선금 최대 45백만원 지원 ② 육아휴직자 대체 청년인턴에 최대 23개월 인건비 지원으로 업무공백 해소 ③ 육아친화 및 일?생활 균형 조직문화 조성을 위한 교육?컨...",,,,https://idea.seoul.go.kr/front/freeSuggest/view.do?sn=198826
PROP-198762,2025-03-18,N,미상,4.0,송파산모건강증진센터 면회관련 제안,"안녕하세요 송파구에서 살며, '25. 8월 출산을 앞두고 있는 예비 아빠 입니다.
현재 산후조리원을 알아보고있는데요
다행이 정부에서 운용하고있는 공공산후조리원이 송파지역에도 있어서
송파산모건강증진센터 산후조리원을 입소를 희망하고 있습니다.
금액적으로나 센터내 시설 후기를 보니 너무 좋았습니다.
그러나, 민간시설과 다르게 면회가 제한적이라는 사실을 듣고 잘못된 제도 인듯하여 제안합니다.
요즘 산모들은 대다수 재왕절게를 많이하며, 수술이후 케어가 많이 필요하나, 배우자 마저 산후조리원에 들어가지못하며,
혼자서 외롭게 2주를 보내야 한다는 것이 불합리 하다고 생각합니다. 민간산후조리원은 코로나 이후
배우자까지는 현재 산후조리원을 같이 이용하여, 배우자케어에 같이 도움을 주고있으나 공공산후조리원에
경우 시설내 출입불가, 면회는 통문으로만 가능(직접대면금지)하도록 되어있어 불합리하다고 생각하여
배우자까지는 시설내 출입이 가능하도록 허가 해주실 것을 제안 드립니다.
저출산 시대 올해 가장 중요하다고 생각하는데 공공산후조리원에서 이러한 규제로 인한
시민들이 많이 비용을 들여 민간산후조리원을 이용하는 것은 바람직하지 않다고 생각합니다.",출산·산후 초기지원,산모 회복·건강관리,산후우울·산후검진·수유상담,출산·산후 초기지원,가족건강팀,02-2133-9485,저출생사업1팀,1순위:가족건강팀 | 2순위:저출생사업1팀,0,,,,,,https://idea.seoul.go.kr/front/freeSuggest/view.do?sn=198762
PROP-198759,2025-03-18,N,미상,2.0,신혼부부 주거 지원정책,"안녕하십니까, 저희는 신혼부부 전세대출을 받아 서울에서 거주중인 결혼 3개월차 부부입니다.
전세사기가 걱정되어 허그 보증보험을 신청했었고 신혼부부일 경우, 서울시에서 30만원까지 지원을 받을 수 있다고 하여 알아보았습니다.
하지만 해당 지원정책은 전세 보증금 3억한도 내의 주택만 가능하여 지원을 하지 못했습니다.
현 정책 규제의 특별한 이유가 있는지 궁금하기도 하고 가능하다면 주택의 전세보증금 한도를 상향조정하거나 폐지 가능한지 제안하려 합니다.
그 이유로는 현실적으로 전세자금대출시에 전세금 한도가 4억이기 때문에 그 한도내에서 보통 집을 구하게 되고 저희 역시 곧 출산할 자녀계획을 고려하여 대출 가능한 4억한도 내의 집을 선택했었습니다.
공공주택이 아닌 서울시내의 교통이 편리한 곳에서 원룸이 아닌이상 3억 이하의 전세집을 구하기 어려웠습니다.
둘째로 지원 한도 금액이 30만원으로 되어있는 만큼 전세금액의 제한이 3억으로 책정되어있는 것은 불필요한 규제는 아닐까 라는 생각에 제안하게 되었습니다.
현재 시행되는 지원 정책의 조건에 부합하여 지원하는 신혼부부가 많지 않다면 규제를 완화하여 혜택을 받을 수 있는 신혼부부들이 늘어나길 희망합니다.",주거·교통·도시생활환경,출산가구 주거,신혼부부·출산가구 주거지원,주거·교통·도시생활환경,저출생사업1팀,02-2133-5025,가족지원팀,1순위:저출생사업1팀 | 2순위:가족지원팀,5,신혼부부 결혼ㆍ살림비용 지원 | 자녀출산 무주택가구 주거비 지원 | 신혼희망타운 | 신혼부부 전용 주택 구입 자금 대출 | 신혼부부 임차보증금 이자 지원,"ㅇ 결혼ㆍ살림 비용 최대 100만원 지원    - 결혼준비 및 혼인살림 장만 관련 비용 지출    ※ 생애 1회 지급   ? 결혼준비 : 혼수, 예식장, 신혼여행, 청첩장 등    ? 혼인살림 : 전자제품, 주방가전... | 월 최대 30만원(2년간 최대 720만원) 주거비 지원 | 신혼희망타운 분양?임대주택 공급 및 청약 자격 제공 | 연 2.55~3.85% 금리로 주택구입 자금 대출, 최대 3억 2천만 원 한도 | - 임차보증금 대출금: 최대 3억원(임차보증금의 90% 이내) - 이자지원 금리: 최대 4.5% - 지원기간: 최장 10년(25.11.20. 부터 최장 12년) ※ 자세한 사항은 서울주거포털 공고문 참조",,,,https://idea.seoul.go.kr/front/freeSuggest/view.do?sn=198759
PROP-198739,2025-03-17,N,미상,1.0,지하철 노약자석 및 임산부석의 필요성에 대한 재고,지하철 노약자석 및 임산부석의 필요성에 대한 재고,임신·난임·생식건강,임산부 건강·배려,임산부 건강관리·배려,임신·난임·생식건강,건강임신지원팀,02-2133-9491,고령사회정책팀 | 저출생사업1팀,1순위:건강임신지원팀 | 2순위:고령사회정책팀 | 3순위:저출생사업1팀,1,임산부 배려공간 조성,ㅇ 교통 약자인 임산부의 엘리베이터 안전사고 예방 및 배려문화 확산을 위해 엘리베이터 내?외부에 임산부 배려공간 조성(엠블럼 부착)   - 임산부를 위해 해당 공간을 비워두고 양보하는 사회 분위기 확산 유도 ㅇ 임산...,,,,https://idea.seoul.go.kr/front/freeSuggest/view.do?sn=198739
PROP-198713,2025-03-16,Y,마포구,102.0,마포구 대흥로20안길 어린이 보호구역 및 일방통행  지정 제안,"안녕하세요. 노고가 많으십니다.
첫번째로 마포구의 용강초등학교 등굣길을 개선 제안하고자 글을 올립니다.
학교로 진입하는 길 중 백범로17길과 대흥로20안길이 있는데 백범로17길은 어린이 보호구역으로 지정이 되어 있고 대흥로 20안길은 지정이 안되어 있어. 학교로 등교하는 모든 길이 안전한 등굣길로 개선되고자 제안을 합니다.
똑같이 학교로 진입하는 길인데 차별을 두는건 안된다고 생각합니다. 어린이의 안전에는 차별이 없습니다.
두번째로는  백범로17길은 어린이 안전구역이다 보니 불법주차가 거의 없는데 대흥로 20안길은 불법 주차로 아이들 등교와 출근하는 차와 맞물려 위험에 노출된 상태에서 불법 주차된 차량들로 좁은길이 더 좁아져 위험성이 더 높습니다.
더군다나 양방향으로 차량이 다닐 수 있다보니 양쪽에서 챠랑이 오면 차는 물론이고 아이들 및 어른들도 어디로 피해야 할지 모르는 상황이 올 때가 많습니다. 이에 어린이 보호구역은 물론 일방통행 길로 지정을 하여 위험수위를 낮추고자 제안합니다.
세번째로 주차로 주민들 간의 싸움이 있습니다. 혼자 불법 주차하겠다고 오토바이, 자전거, 배너 간판 등 여러 물건으로 자리를 차지한 다음 다른 차는 주정차를 못하게 막아 놓고 혹여나 다른 차가 잠시 주정차를 하고 있으면 당장 빼라고 싸웁니다. 근데 알고 보면 그 사람도 그 집 앞이나 그 동네 사는 사람이 아닙니다. 그리고 최근 빌라들도 몇 개 생겨 주차장이 있는 건물들이 생겼는데 이른 아침이나 늦은 밤 차량 입출차를 못해 차량 주인 찾는다고 큰소리로 차주를 찾는 경우도 있습니다.
대흥로 20안길에 주차를 할 수 있게 그냥 두실거면 싸우지 않고, 주차장이 있는 차주들이 차량을 입출차 못하는 상황이 없게
거주자우선주차 구역으로 몇 개 만들어 주셨으면 합니다. 벽에는 마포구청 이름으로 주차금지라고 쓰여 있는데 왜 어린이 보호구역이며, 일방통행, 주차단속을 안하는지 모르겠습니다.
위험과 불편이 많은 대흥로20안길의 개선을 제안합니다. 용강초등학교에서도 학교 주변 길의 일방통행 학부모 의견 수렴을 했었습니다. 이는 아이들의 안전한 등교를 위함으로 여겨집니다.
1. 어린이 보호구역 지정으로 아이들의 안전한 등굣길 확보
2. 일방통행 지정으로 차량 및 사람 통행 보호 확보
3. 거주자우선주차 지정으로 이웃간의 불화 해소 및 불편 해소
이중 하나라도 이행해 주시기 바랍니다.",정보·상담·교육·거버넌스,정보 접근성,일반 출산정책 안건,정보·상담·교육·거버넌스,저출생사업1팀,02-2133-5027,가족건강팀 | 가족지원팀,1순위:저출생사업1팀 | 2순위:가족건강팀 | 3순위:가족지원팀,0,,,,,"TAG_REVIEW:현재 태그=정보·상담·교육·거버넌스, 태그 핵심어 약함 || TAG_REVIEW:현재 태그=정보·상담·교육·거버넌스, 태그 핵심어 약함",https://idea.seoul.go.kr/front/freeSuggest/view.do?sn=198713
PROP-198705,2025-03-15,N,미상,0.0,"신축 아파트 설계  시에, 어린이집 정원 증가","안녕하십니까, 서울시 주민입니다  신축 아파트에 입주하여 아이를 낳고 키우면서, 그 때 느꼈던 아쉬운 점이 있어 글을 작성합니다
다름아니라, 어린이집 정원 문제입니다  저의 아이는 외벌이에 외동이였어서, 순위가 많이 밀렸고 유치원에 보낼 수 잇는 5살이 되어서야 단지 내 어린이집 입학이 가능하다는 전화를 받았었습니다  가까운 곳에 어린이집이 있음에도 보내지 못 함에 아쉬운 마음이 있었습니다
그러다, 인터넷에서 다른 신축 아파트도 외벌이에 외동이면 단지 내 어린이집은 거의 가기 힘들다 라는 문구를 봤었습니다 아... 우리 아파트만 그런 것이 아니구나 싶었습니다
그래서, 어린이집이 대단히 유용한 시설이고 외벌이이에 외동인 가정도 둘째를 계획하는 등 아이를 어린이집에 보내면 훨씬 육아가 쉬워짐을 느낍니다
그래서 신축 아파트 설계를 할 때, 좀 더 어린이집을 많이 짓도록 규정을 하면 어떨런지 제안하고 싶습니다  현재 저희 아파트 단지 내 어린이집은 1층인데, 만약 설계시에  2층 정도로 짓고 그 옆동은 필로티 및 한 층 더 높게 짓도록 허용을 하는 등 혜택을 살짝 더 주도록 규정하면 어떨까 싶습니다
현재는 저의 경우와 같이, 어린이집 공급이 수요를 못 따라가기에 신축 아파트 설계 시에 어린이집 규모를 더 크게 하고 대신에 그만큼 조금 더 혜택 (필로티를 높게 하고, 1층 상향 등) 을 주면 어떨런지 제안하고 싶습니다 출산율을 높이기 위해서는 어린이집이 많아야 하지 않나... 하는 생각이 들어 제안합니다
감사합니다",보육·돌봄 인프라,어린이집·유치원,보육시설·유아교육,보육·돌봄 인프라,돌봄사업팀,02-2133-6560,가족건강팀,1순위:돌봄사업팀 | 2순위:가족건강팀,5,어린이집 영유아 방문건강관리 서비스 지원 | 서울형어린이집 | 서울형 0세 전담반 어린이집(사업종료) | 서울형 0세 전담반 어린이집 | 서울형 시간제 전문 어린이집,어린이집으로 방문건강간호사가 찾아가서 건강관리 및 건강교육서비스 제공 | 공인평가를 통하여 우수한 민간 어린이집을 선정하고 인건비 및 운영비를 지원함으로써 향상된 보육서비스를 안정적으로 제공 | 12개월 미만의 영아 보육에 적합한 ‘0세 전담반’  어린이집 100개반 선정 운영 | 12개월 미만의 영아 보육에 적합한 ‘0세 전담반’  어린이집 100개반 선정 운영 | 가정양육 또는 타 기관 이용 보호자 등 누구나 필요시 시간 단위로 이용할 수 있는 보육서비스,,,,https://idea.seoul.go.kr/front/freeSuggest/view.do?sn=198705
PROP-198658,2025-03-13,N,미상,0.0,"지하철 장애인석(임산부, 경로석) 에 대한 정책 제안","지하철 장애인석(임산부, 경로석) 에 대한 정책 제안",임신·난임·생식건강,임산부 건강·배려,임산부 건강관리·배려,임신·난임·생식건강,건강임신지원팀,02-2133-9491,아동보호팀 | 고령사회정책팀,1순위:건강임신지원팀 | 2순위:아동보호팀 | 3순위:고령사회정책팀,1,임산부 배려공간 조성,ㅇ 교통 약자인 임산부의 엘리베이터 안전사고 예방 및 배려문화 확산을 위해 엘리베이터 내?외부에 임산부 배려공간 조성(엠블럼 부착)   - 임산부를 위해 해당 공간을 비워두고 양보하는 사회 분위기 확산 유도 ㅇ 임산...,,,,https://idea.seoul.go.kr/front/freeSuggest/view.do?sn=198658
PROP-198646,2025-03-12,N,미상,2.0,어린이보호구역 속도규제,등하교 시간이 훨씬 지난 밤 9시부터 아침 8시에는 30키로라는 속도 제한을 풀어야한다고 봅니다. 백번 양보해서 밥ㅁ 10시부터 아침 7시라도 풀어서 귀가하거나 아침 일찍 출근 하는 사람에게 도움이 되는 정책이 필요해요. 왜 아이들이 다니지 않는 시간에도 속도제한을 두는 겁니까?,정보·상담·교육·거버넌스,정보 접근성,일반 출산정책 안건,정보·상담·교육·거버넌스,저출생사업1팀,02-2133-5025,가족지원팀,1순위:저출생사업1팀 | 2순위:가족지원팀,0,,,,,"TAG_REVIEW:현재 태그=정보·상담·교육·거버넌스, 태그 핵심어 약함 || TAG_REVIEW:현재 태그=정보·상담·교육·거버넌스, 태그 핵심어 약함",https://idea.seoul.go.kr/front/freeSuggest/view.do?sn=198646
PROP-198631,2025-03-11,Y,미상,70.0,난임부부지원사업 관련,"안녕하세요.
오랜 기간 난임을 겪어온 13년차 부부입니다.
저희는 결혼해서부터 아이를 원했었는데, 불행하게도 아직까지도 없는 상황입니다.
결국 결혼 한지 1년 만에 의학 기술의 힘을 빌리기로 했고, 꾸준히 진행하고 있는데 단 한번도 성공한 적이 없었습니다.
12년 동안 정부 지원이 확대되었고, 지자체 지원 또한 확대되어 경제적, 심리적 부담이 덜 한 편입니다.
그런데 오랜 기간 진행했음에도 불구하고 착상이 단 한번도 되지 않았기에 추가 검사를 했고,
부부염색체 이상이 발견되어, 시험관 시술을 진행할 때 저희 부부는 의료진이 필수로 염색체 검사를 해야 한다고 했습니다.
그러나 염색체 검사는 비급여 항목입니다.
배아 1개당 35~40만원까지 검사비를 지출 해야 합니다.
지원금 110만원은 사용할 수 있는 항목이 정해져있으므로, 저의 경우 70~80만원 가량 쓰고 지원금이 남음에도 불구하고
개인이 사용 해야 하는 비용은 서울시의 경우, 본인 부담금 10%를 포함해 배아 수에 따라 다르지만 많을 때는 약 160만원 정도 되더군요.
지금까지 염색체 검사를 진행한 총 8번 중 단 한 개만 통과를 했으며, 장기적으로 통과 배아를 만들어야 하는 상황입니다.
시험관 시술 결과 상담할 때마다 염색체 검사를 통과하지 못했다는 이야기를 들음과 동시에 비용 걱정을 해야 합니다.
물론 개인의 문제일 수도 있습니다. 그리고 모든 정책이 모든 사람에게 만족 시킬 수 없다는 것도 충분히 알고 있습니다.
그러나 난임은 나에게든, 아님 내 주변사람에게든 올 수 있습니다. 그 고통 또한 상당하고요,
""선택""에 의해 염색체 검사를 받는 난임부부들에 대한 지원까지 바라는 것이 아닙니다.
""필수""로 해야하는 난임부부들에게 100%지원이 아니더라도 남는 지원금을 사용할 수 있는 실효성 있는 정책이 실행되면 좋을 것 같습니다.
그럼에도 불구하고, 지원해주심에 감사합니다.",임신·난임·생식건강,난임 지원,난임시술·주사·시술비,임신·난임·생식건강,건강임신지원팀,02-2133-9491,가족지원팀,1순위:건강임신지원팀 | 2순위:가족지원팀,5,서울형 난임부부 시술비 지원 | 서울권역 난임?우울증 상담센터 운영 | 서울시 한의약 난임치료 지원 | 서울시 난임?임산부심리상담센터 운영 | 난임부부 지원,"난임시술 비용의 본인부담액에 대한 시술별 지원상한액 지원 - 횟수 : 총 25회(누적) - 지원금액: 시술별 1회당 최대 30만원~110만원 | 난임부부, 유산?사산 경험부부, 임산부 및 양육모의 정서적 안정을 위해 전담 상담사가 등록부터 종결까지 1:1 상담 및 다양한 프로그램을 운영 | 원인불명의 난임진단 부부에게  한의약 난임치료 첩약비용(3개월)의 본인부담금 90%(상한 1,200천원) 지원 | 난임부부, 유산?사산 경험부부, 임산부 및 양육모의 정서적 안정을 위해 전담 상담사가 등록부터 종결까지 1:1 상담 및 다양한 프로그램을 운영 | o 난임시술 비용의 본인부담액에 대한 시술별 지원상한액 지원      -(횟수) 출산당 총25회 (보조생식술 시작일이 '24.11.1.일 이후부터)      -(지원금액) 시술별 1회당 최대 30만원~110만원  o...",,,,https://idea.seoul.go.kr/front/freeSuggest/view.do?sn=198631
PROP-198624,2025-03-11,N,미상,4.0,조건없는 다자녀 교육혜택확대 방안,"서울시 규제철폐 활력제안 공모전 제출 제안서
제목: 모든 조건 없이 다자녀 가정 우선 지원을 위한 온라인 학습 지원 및 교육비 부담 완화
Ⅰ. 문제 제기
서울시는 저출산 문제 해결을 위해 다양한 지원책을 운영하고 있지만, 여전히
다자녀 가정의 교육비 부담
은 큰 문제로 남아 있습니다. 특히,
온라인 학습 비용(인터넷 요금, 유료 강의, 학습 앱 등)뿐만 아니라 방과 후 학습비 및 학원비까지 추가적인 부담
이 되고 있습니다.
이로 인해 많은 가정이
경제적 이유로 두 명 이상의 자녀를 갖는 것을 망설이며, 다자녀 출산을 기피하는 현상
이 나타나고 있습니다. 따라서,
다자녀 가정을 우선적으로 지원하는 정책이 필요
하며, 이를 통해
교육비 부담을 완화하고 학습 환경을 개선하는 규제 개선
이 이루어져야 합니다.
Ⅱ. 해외 사례 분석
？
프랑스
: 3자녀 이상 가정의 대학 등록금 면제 + 교육비 보조금 지원
？
핀란드
: 모든 학생에게 무료 온라인 학습 콘텐츠 제공, 다자녀 가정에는 추가 지원
？
미국
: 다자녀 가정에 인터넷 요금 할인 및 학습용 데이터 무료 제공
위 사례에서 보듯이,
온라인 학습 지원은 공교육 보완 및 교육 격차 해소에 효과적이며, 다자녀 가정을 우선적으로 배려하는 정책이 저출산 해결에도 기여
할 수 있습니다.
Ⅲ. 규제 철폐 및 개선 제안
1. 제안 내용
？
온라인 학습 지원 확대
공공 학습 플랫폼(EBS, AI 튜터, 학습 앱) 유료 강의비 지원
교육청과 협력하여 방과 후 온라인 강의 할인 혜택 제공
2자녀 이상 가정 대상 인터넷 요금 감면 및 교육용 데이터 지원
？
다자녀 가정 우선 지원 정책 도입
다자녀 가정이
모든 교육·복지 혜택에서 최우선 지원
을 받을 수 있도록 정책 개선
자녀 수가 많을수록 우선순위를 차등 적용
하여 혜택을 강화 (예: 3자녀 이상 가정은 추가 지원)
국공립 어린이집, 공립유치원, 방과 후 돌봄 서비스에서
다자녀 가정 우선 입소 기준 적용
주거·의료·복지 지원에서
다자녀 가정의 우선순위 강화
？
방과 후 학습비 및 학원비 지원
서울시 내 공립학교 및 방과 후 프로그램 수업료 지원
다자녀 가정을 대상으로 수학, 영어 등 필수 과목 학원비 일부 지원
사교육비 부담 완화를 위한 교육비 보조금 지급
？
공공기관 무료 온라인 학습 확대
서울시뿐만 아니라 각 구 및 동 단위의 공공도서관 및 청소년센터에서 학습실 운영 및
학습 콘텐츠 제공
？
디지털 교과서 활용 확대
현재 교육부에서 지원하는 디지털 교과서를 적극 활용
하여 다자녀 가정의 교재비 부담 경감
Ⅳ. 기대 효과
？ 다자녀 가정의
교육비 부담 경감
？
디지털 교육 격차 해소 및 학습 접근성 향상
？
출산율 제고 및 서울시 인구 증가 기여
？
정책 형평성 강화
를 통한 실질적 혜택 제공
？
사교육비 절감
으로 가계 부담 완화 및 공교육 강화 효과
？
자녀 수에 따라 차등 지원 적용으로 형평성 있는 혜택 제공
Ⅴ. 결론
다자녀 가정의 교육비 부담 완화는
출산율 증가 및 미래 인재 육성을 위해 필수적인 정책
입니다. 또한,
다자녀 가정이 여러 다양한 조건과 관계없이 우선 지원될 수 있도록 우선순위를 재조정
하는 것이 필요합니다.
이에 따라,
2자녀 이상 가정을 대상으로 온라인 학습비 지원 및 인터넷 요금 감면 정책을 도입하고, 방과 후 학습비 및 학원비 지원을 확대하며, 자녀 수가 많을수록 혜택을 차등 적용하는 정책을 시행할 것을 제안
합니다.
또한,
현재 교육부에서 지원하는 디지털 교과서를 적극 활용하여 다자녀 가정이 별도의 교재 구매 부담 없이 양질의 교육을 받을 수 있도록 지원을 확대
해야 합니다. 이를 통해
사교육비 절감 효과를 극대화하고, 공교육 내에서 디지털 학습 환경을 보다 효과적으로 구축할 수 있을 것으로 기대됩니다.",다자녀·양육비·생활지원,다자녀 혜택,다자녀 기준·할인·감면,다자녀·양육비·생활지원,저출생사업1팀,02-2133-5021,생활지원팀,1순위:저출생사업1팀 | 2순위:생활지원팀,0,,,,,,https://idea.seoul.go.kr/front/freeSuggest/view.do?sn=198624
PROP-198621,2025-03-10,N,미상,1.0,다둥이 단축 근무시간 시행부탁합니다,"서울시는 전국적으로 출생률이 가장 낮은 도시입니다. 각종 지원책에도 불구하고 출생률은 좀처럼 오르지않죠.
또한, 서울시는 워킹맘이 가장많은 도시이기도 하죠. 물가가 세겨적으로 비싼 서울에서 아이들을 양육하려면 맞벌이를 하지않고서는 힘들기 때문입니다.
이러한 서울에서 19세이하 미성년 아이들 3명이상을 낳고 키우며 일을하는 워킹맘에게는 서울시가 전폭적인 지원을 해주어야합니다.
우선 서울시에서 정책적으로 보장하여, 회사근무시간을 5시간정도로 줄이도록 해야합니다.  줄인시간만큼 서울시에서는 회사에 보조금 및 장려금을 연봉에 맞게 지급해야 합니다. (통상시급 계산)
그리고 출퇴근하랴 육아하랴 힘든 워킹맘들을 위해 아이한명당 월50 만원의 지원금을 지급해야합니다.
위 두가지 정책을 시행한다면,
서울시는 워킹맘이 가장 살기좋은도시가 될것이며, 출산률도 급격히 오를것입니다.
당장 바로 시행해주시길 부탁드립니다",다자녀·양육비·생활지원,다자녀 혜택,다자녀 기준·할인·감면,다자녀·양육비·생활지원,저출생사업1팀,02-2133-5027,생활지원팀,1순위:저출생사업1팀 | 2순위:생활지원팀,5,영아 전담 아이돌봄서비스 | 외국인 가사(육아)인력 시범사업 | 서울형 新일?생활 균형 3종 패키지 | 서울형 일?생활 균형 3종 패키지 | 1인 자영업자?프리랜서 배우자 출산휴가 지원금,"출산휴가, 육아휴직 후 복귀하는 맞벌이 가정을 지원하고자 영아 돌봄 교육을 이수한 전담 돌보미가 영아 이유식 먹이기, 젖병 소독 등 영아 특화 돌봄서비스 제공 | 맞벌이 부부 등 ‘육아 조력자’의 도움이 절실한 자녀양육 가정에 외국인 육아도우미를 활용한 양육지원사업 도입 | 양육 친화 기업문화 조성을 위해 서울형 新 일?생활 균형 3종 패키지를 시행함으로써 초저출생 위기 극복 및 일?생활 균형 문화 확산 ? 배우자 출산휴가 의무제(10일) ? 육아휴직 사용 활성화 ? 육아기 근로시간 단... | 양육 친화 기업문화 조성을 위해 서울형 일?생활 균형 3종 패키지를 시행함으로써 초저출생 위기 극복 및 일?생활 균형 문화 확산 ? 배우자 출산휴가 의무제(10일) ? 육아휴직 사용 활성화 ? 육아기 근로시간 단축 ... | 1인 자영업자 등에 배우자 출산휴가급여 80만원 지원",,,,https://idea.seoul.go.kr/front/freeSuggest/view.do?sn=198621
PROP-198620,2025-03-10,N,미상,0.0,다둥이 워킹맘 근무시간단축해주세요,"서울시는 전국적으로 출생률이 가장 낮은 도시입니다. 각종 지원책에도 불구하고 출생률은 좀처럼 오르지않죠.
또한, 서울시는 워킹맘이 가장많은 도시이기도 하죠. 물가가 세겨적으로 비싼 서울에서 아이들을 양육하려면 맞벌이를 하지않고서는 힘들기 때문입니다.
이러한 서울에서 19세이하 미성년 아이들 3명이상을 낳고 키우며 일을하는 워킹맘에게는 서울시가 전폭적인 지원을 해주어야합니다.
우선 서울시에서 정책적으로 보장하여, 회사근무시간을 5시간정도로 줄이도록 해야합니다.  줄인시간만큼 서울시에서는 회사에 보조금 및 장려금을 연봉에 맞게 지급해야 합니다. (통상시급 계산)
그리고 출퇴근하랴 육아하랴 힘든 워킹맘들을 위해 아이한명당 월50 만원의 지원금을 지급해야합니다.
위 두가지 정책을 시행한다면,
서울시는 워킹맘이 가장 살기좋은도시가 될것이며, 출산률도 급격히 오를것입니다.
당장 바로 시행해주시길 부탁드립니다",다자녀·양육비·생활지원,다자녀 혜택,다자녀 기준·할인·감면,다자녀·양육비·생활지원,저출생사업1팀,02-2133-5027,생활지원팀,1순위:저출생사업1팀 | 2순위:생활지원팀,5,영아 전담 아이돌봄서비스 | 외국인 가사(육아)인력 시범사업 | 1인 자영업자?프리랜서 배우자 출산휴가 지원금 | 배우자 출산휴가 지원금 | 서울형 新일?생활 균형 3종 패키지,"출산휴가, 육아휴직 후 복귀하는 맞벌이 가정을 지원하고자 영아 돌봄 교육을 이수한 전담 돌보미가 영아 이유식 먹이기, 젖병 소독 등 영아 특화 돌봄서비스 제공 | 맞벌이 부부 등 ‘육아 조력자’의 도움이 절실한 자녀양육 가정에 외국인 육아도우미를 활용한 양육지원사업 도입 | 1인 자영업자 등에 배우자 출산휴가급여 80만원 지원 | ㅇ 임산부 배우자를 둔 1인 자영업자?프리랜서에 배우자 출산휴가 지원금 80만원 지원 | 양육 친화 기업문화 조성을 위해 서울형 新 일?생활 균형 3종 패키지를 시행함으로써 초저출생 위기 극복 및 일?생활 균형 문화 확산 ? 배우자 출산휴가 의무제(10일) ? 육아휴직 사용 활성화 ? 육아기 근로시간 단...",,,,https://idea.seoul.go.kr/front/freeSuggest/view.do?sn=198620
PROP-198619,2025-03-10,N,미상,0.0,다둥이 워킹맘 근무단축제 및 보조금 지급제,다둥이 워킹맘 근무단축제 및 보조금 지급제,다자녀·양육비·생활지원,다자녀 혜택,다자녀 기준·할인·감면,다자녀·양육비·생활지원,저출생사업1팀,02-2133-5027,아동보호팀 | 생활지원팀,1순위:저출생사업1팀 | 2순위:아동보호팀 | 3순위:생활지원팀,0,,,,,,https://idea.seoul.go.kr/front/freeSuggest/view.do?sn=198619
PROP-198618,2025-03-10,N,미상,0.0,다둥이 워킹맘 근무단축제 시행,"서울시는 전국적으로 출생률이 가장 낮은 도시입니다. 각종 지원책에도 불구하고 출생률은 좀처럼 오르지않죠.
또한, 서울시는 워킹맘이 가장많은 도시이기도 하죠. 물가가 세겨적으로 비싼 서울에서 아이들을 양육하려면 맞벌이를 하지않고서는 힘들기 때문입니다.
이러한 서울에서 19세이하 미성년 아이들 3명이상을 낳고 키우며 일을하는 워킹맘에게는 서울시가 전폭적인 지원을 해주어야합니다.
우선 서울시에서 정책적으로 보장하여, 회사근무시간을 5시간정도로 줄이도록 해야합니다.  줄인시간만큼 서울시에서는 회사에 보조금 및 장려금을 연봉에 맞게 지급해야 합니다. (통상시급 계산)
그리고 출퇴근하랴 육아하랴 힘든 워킹맘들을 위해 아이한명당 월50 만원의 지원금을 지급해야합니다.
위 두가지 정책을 시행한다면,
서울시는 워킹맘이 가장 살기좋은도시가 될것이며, 출산률도 급격히 오를것입니다.
당장 바로 시행해주시길 부탁드립니다",다자녀·양육비·생활지원,다자녀 혜택,다자녀 기준·할인·감면,다자녀·양육비·생활지원,가족지원팀,02-2133-6562,저출생사업1팀,1순위:가족지원팀 | 2순위:저출생사업1팀,5,영아 전담 아이돌봄서비스 | 외국인 가사(육아)인력 시범사업 | 1인 자영업자?프리랜서 배우자 출산휴가 지원금 | 배우자 출산휴가 지원금 | 서울형 新일?생활 균형 3종 패키지,"출산휴가, 육아휴직 후 복귀하는 맞벌이 가정을 지원하고자 영아 돌봄 교육을 이수한 전담 돌보미가 영아 이유식 먹이기, 젖병 소독 등 영아 특화 돌봄서비스 제공 | 맞벌이 부부 등 ‘육아 조력자’의 도움이 절실한 자녀양육 가정에 외국인 육아도우미를 활용한 양육지원사업 도입 | 1인 자영업자 등에 배우자 출산휴가급여 80만원 지원 | ㅇ 임산부 배우자를 둔 1인 자영업자?프리랜서에 배우자 출산휴가 지원금 80만원 지원 | 양육 친화 기업문화 조성을 위해 서울형 新 일?생활 균형 3종 패키지를 시행함으로써 초저출생 위기 극복 및 일?생활 균형 문화 확산 ? 배우자 출산휴가 의무제(10일) ? 육아휴직 사용 활성화 ? 육아기 근로시간 단...",,,,https://idea.seoul.go.kr/front/freeSuggest/view.do?sn=198618
PROP-198591,2025-03-09,N,미상,2.0,뉴행복다둥이카드,"동작구시설관리공단 주차관리팀
공영주차장에 2년근무를 하였습니다
3곳공영주차장 근무 하면서
2곳은노상이고  1개소는자동화시스템
이였습니다
행복다둥이카드가 주차장요금
결제시 문제가 제일 많이 발생하였습니다
부모라는것을 증명도 잘안되고
카드발급 받은것만 보고 주차요금50 퍼센트 할인해주고 했습니다
카드앞면에 자동차 번호를
기재해 발급하면  주의 지인들한테 빌려주면서 안할듯합니다
이전에 발급용은 폐기와
차량이 바뀌면  빠르게 카드교체
하는법이 있으면 좋겠습니다
스마트카드사용을
귄장하는것도 좋겠습니다",다자녀·양육비·생활지원,다자녀 혜택,다자녀 기준·할인·감면,다자녀·양육비·생활지원,저출생사업1팀,02-2133-5025,가족지원팀,1순위:저출생사업1팀 | 2순위:가족지원팀,0,,,,,,https://idea.seoul.go.kr/front/freeSuggest/view.do?sn=198591
PROP-198582,2025-03-09,N,미상,2.0,어린이보호구역(스쿨존) 속도 제한을 시간대에 따라 탄련적으로 운형하는 개선 방안 모색,"스쿨존은 초등학교 정문을 중심으로
300m
이내의 도로에 자동차의 최대 속도를
30km/h
이내로 제한하고 있다
.
위반 속도에 따라 벌금이나 과태료를 부과받는다
.
교통사고의 위험으로부터 어린이를 보호하기 위하여 지정된 구역으로 필요성에 공감한다
.
전국의 모든 초등학교 앞 통학로에
24
시간 적용하는 것은 차량 운행자로서는 불합리한 면도 있다고 생각한다
.
등하교 시간엔 당연히 학생들의 이동이 많으므로 규정 속도를 지켜야 어린이들의 안전을 보장할 가능성이 크다
.
하지만 늦은 밤이나 새벽
,
인적이 드문 지방 도로나 오지조차도 초등학교가 있다고 같은 규정을 적용하는 것이 적절한지는 의문이다
.
코로나 팬데믹 시절
,
강원도 횡성의 오지 마을로 불리는 면 소재지에서 생활했다
.
그곳 역시 초등학교 인근에는 어린이보호구역으로 속도를 규제했다
.
학생 수가 교사보다 적은 지역이고
,
평소에도 이동 차량이 도시보다 상대적으로 적을 뿐 아니라 늦은 시간이나 새벽엔 인적은 물론 차량 통행이 거의 없다
.
그런데도 어린이보호구역을 통과할 때는 속도 제한 때문에 운행 시 주의가 필요하다
.
지난달
,
오랜만에 지인을 만나기 위해 그곳에 갔더니
40km
구간으로 변경한 것을 확인할 수 있었다
.
그렇게 변경할 수 있다면 지역의 차량 이동과 여건에 따라 탄력적으로 운영하는 것도 가능한 건 아닌가란 생각이 들었다
.
어린이보호구역의 필요성은 유지해야 하나 특정한 시간대에는 속도 제한을 탄력적으로 운영하는 것이 효율적이라 여긴다
.
예를 들면
,
등하교와 관련이 적은 밤
9
시부터 새벽
6
시
,
또는 저녁
6
시 이후부터 새벽
7
시까지
,
혹은 그 외 적절한 시간 동안에는 규정 속도를 시내 운행 속도처럼
50km
로 바꾸는 것이다
.
아파트 단지가 밀집된 도시의 주거지 근처에는 대부분 초등학교가 있기 마련이다
.
초등학교 품은 아파트
(
초품아
)
라고 불린 정도로 인기까지 높다
.
이런 곳은 출퇴근 시간에 차량이 더 많아진다
.
출근 시간은 등교 시간과 비슷할 수도 있지만
,
퇴근 시간은 대부분 학생이 많지 않다
.
그런데도 속도 제한 때문에 오히려 차량이 늘어나 막히는 현상마저 있다
.
갑자기 속도를 줄여야 하는 불편도 있어 자칫 속도위반 과태료 고지서를 받기 쉽다
.
도로는 보행자와 차량 운행자 모두를 보호해야 하므로 어린이 교통안전 교육과 더불어 시간대에 따라 탄력적으로 운행 속도를 조절하는 스쿨존이었으면 좋겠다
.
보행자인 어린이 보호의 취지와 함께 운전자의 운행 여건도 충분히 고려한 정책이었으면 좋겠다
.",정보·상담·교육·거버넌스,정보 접근성,일반 출산정책 안건,정보·상담·교육·거버넌스,저출생사업1팀,02-2133-5021,생활지원팀,1순위:저출생사업1팀 | 2순위:생활지원팀,0,,,,,,https://idea.seoul.go.kr/front/freeSuggest/view.do?sn=198582
PROP-198575,2025-03-08,N,미상,0.0,서울 자영업자에게 다둥이 행복카드를!,서울 자영업자에게 다둥이 행복카드를!,다자녀·양육비·생활지원,다자녀 혜택,다자녀 기준·할인·감면,다자녀·양육비·생활지원,저출생사업1팀,02-2133-5021,다문화지원팀,1순위:저출생사업1팀 | 2순위:다문화지원팀,5,1인 자영업자 등 배우자 출산휴가급여 지원 | 1인 자영업자?프리랜서 배우자 출산휴가 지원금 | 배우자 출산휴가 지원금 | 임산부 출산급여 지원 | 서울시 중소기업 워라밸 포인트제,1인 자영업자 등에 배우자(남편) 출산휴가급여 최대 120만원(15일분) 지원 (2026.1.1. 기준 출생아부터 적용) - 2025년 출생아는 최대 80만원(10일분) 지원 ㅇ 지원대상에 대한 자격요건 완화(202... | 1인 자영업자 등에 배우자 출산휴가급여 80만원 지원 | ㅇ 임산부 배우자를 둔 1인 자영업자?프리랜서에 배우자 출산휴가 지원금 80만원 지원 | ㅇ 임산부 출산급여 90만원 지원 ※고용노동부 ‘고용보험 미적용자 출산급여’ 150만원에 추가지원 | 양육친화 및 일?생활 균형을 위한 중소기업의 다양한 노력을 인정하고 중소기업이 아이 키우기 좋은 기업으로 성장할 수 있도록 지원하는 사업 ① 양육친화 및 일?생활 균형 실적에 따른 포인트 적립 ② 적립 포인트에 따른...,,,,https://idea.seoul.go.kr/front/freeSuggest/view.do?sn=198575
PROP-198485,2025-03-04,N,미상,2.0,서울시 남녀 임신준비사업.. 방문시간이 너무 짧아요,"일단 남자 여자 모두 검사를 받으려면 9-11시 사이에 평일에 연차를 내어야 참여가 가능한데 방문 시간 늘려주시면 좋을거같아요 . 18시 까지 늘려주시면 더 참여가 늘지 않을까요 ?
서울시 가임기 남녀 모두 경제활동을 하는데 비현실적인 시간으로 정해져 있는 것 같아서 아쉽습니다.
그리고 홈페이지가 너무 자주 에러가 나는데 고치지도 않아서 신청 페이지 까지 도달하지도 못합니다 .",임신·난임·생식건강,임신 준비·가임력 지원,가임력검사·난자냉동·예비부부검진,임신·난임·생식건강,건강임신지원팀,02-2133-9491,결혼문화팀,1순위:건강임신지원팀 | 2순위:결혼문화팀,0,,,,,,https://idea.seoul.go.kr/front/freeSuggest/view.do?sn=198485
PROP-198483,2025-03-04,N,미상,0.0,어린이보호구역 야간 시간 해제,"어린이보호구역의 시간을 정하면 교통 체증의 해소에 도움이 될것으로 보입니다.
어린이들의 이동 시간인 오전 8시~오후 8시까지 어린이보호구역 속도제한을 하되,
그 이후 시간에는 일반 도로의 속도 제한이면 좋겠습니다.",정보·상담·교육·거버넌스,정보 접근성,일반 출산정책 안건,정보·상담·교육·거버넌스,저출생사업1팀,02-2133-5027,생활지원팀 | 다문화지원팀,1순위:저출생사업1팀 | 2순위:생활지원팀 | 3순위:다문화지원팀,0,,,,,"TAG_REVIEW:현재 태그=정보·상담·교육·거버넌스, 태그 핵심어 약함 || TAG_REVIEW:현재 태그=정보·상담·교육·거버넌스, 태그 핵심어 약함",https://idea.seoul.go.kr/front/freeSuggest/view.do?sn=198483
PROP-198432,2025-03-01,N,미상,0.0,"하위계층, 한부모가정 지원혜택 철저히 조사","하위계층, 한부모가정 지원혜택 철저히 조사",취약·다양가족 사각지대,한부모·위기임산부,한부모·미혼부모·위기임산부,취약·다양가족 사각지대,가족지원팀,02-2133-6562,,1순위:가족지원팀,0,,,,,,https://idea.seoul.go.kr/front/freeSuggest/view.do?sn=198432
PROP-198406,2025-02-28,N,미상,2.0,다자녀감면 시 공영주차장은 되고 자치구 내 공영주차장은 안되는 규제 해제,"다자녀 감면은 서울시 공영주차장에서만 적용되므로, 자치구 내 주차장에서는 해당 할인이 적용되지 않음에 양해 부탁드립니다.",다자녀·양육비·생활지원,다자녀 혜택,다자녀 기준·할인·감면,다자녀·양육비·생활지원,저출생사업1팀,02-2133-5027,상담팀,1순위:저출생사업1팀 | 2순위:상담팀,0,,,,,POLICY_REMOVED:공공요금 감면 요구가 아닌 제안에 공공요금 정책 후보: 다자녀 가구 하수도사용료 감면 || POLICY_REMOVED:차량 취득세 요구가 아닌 제안에 취득세 정책 후보: 다자녀 가구 자동차 취득세 감면 || POLICY_REMOVED:차량 취득세 요구가 아닌 제안에 취득세 정책 후보: 다자녀가구 자동차 취득세 취약계층 감면 || POLICY_REMOVED:공공요금 감면 요구가 아닌 제안에 공공요금 정책 후보: 다자녀 가구 하수도사용료 감면 || POLICY_REMOVED:차량 취득세 요구가 아닌 제안에 취득세 정책 후보: 다자녀 가구 자동차 취득세 감면 || POLICY_REMOVED:차량 취득세 요구가 아닌 제안에 취득세 정책 후보: 다자녀가구 자동차 취득세 취약계층 감면 || POLICY_REMOVED:공공요금 감면 요구가 아닌 제안에 공공요금 정책 후보: 다자녀 가구 하수도사용료 감면 || POLICY_REMOVED:차량 취득세 요구가 아닌 제안에 취득세 정책 후보: 다자녀 가구 자동차 취득세 감면 || POLICY_REMOVED:차량 취득세 요구가 아닌 제안에 취득세 정책 후보: 다자녀가구 자동차 취득세 취약계층 감면,https://idea.seoul.go.kr/front/freeSuggest/view.do?sn=198406
PROP-198295,2025-02-22,N,미상,2.0,저출산으로 30년뒤 대한민국은 사라진다고 합니다..,"저출산으로 올 미래에대해
대한민국만 걱정안하고 있다는데..
다자녀면 모두다 주는 혜택의 폭을 크게넓히고
티도 나지않는 공공주차요금 전기세 최대 13000원..
수도비 몇천원 이런걸로 다자녀지원하고 있다고
티내지 맙시다!!!
구에서 시에서 뜨는 다자녀혜택이라서 들어가보면 70 프로이상이
양쪽부모 월수입이 건강보험기준으로 월 500 넘으면 지원 받을수 없는 것들로만 다~~~~~~~
만들어져 있다는거 그리고 계속 그렇게 하고 있다는거!!!
아이 셋 이상키우는데..  요즘같이 물가 폭등에 금리폭등인 이 시대에 5식구가 살수 있을까요???
전체적으로 좀 크게 넖게들 보시고 앞으로 대한민국의 저출산이 진심으로 걱정된다면 지금 키우고있는 다자녀가정들이 너도나도 느낄수 있는 생활에 티나는  지원들을 물어보고 조사해서 지원하는 서울시 자치구들로 신속하게 변화되길 전심으로 바랍니다~~~!!",출산·산후 초기지원,출산가구 초기지원,출산지원금·출생축하,출산·산후 초기지원,가족건강팀,02-2133-9485,저출생사업1팀,1순위:가족건강팀 | 2순위:저출생사업1팀,0,,,,,POLICY_REMOVED:공공요금 감면 요구가 아닌 제안에 공공요금 정책 후보: 다자녀 가구 하수도사용료 감면 || POLICY_REMOVED:차량 취득세 요구가 아닌 제안에 취득세 정책 후보: 다자녀 가구 자동차 취득세 감면 || POLICY_REMOVED:차량 취득세 요구가 아닌 제안에 취득세 정책 후보: 다자녀가구 자동차 취득세 취약계층 감면,https://idea.seoul.go.kr/front/freeSuggest/view.do?sn=198295
PROP-198288,2025-02-21,N,미상,19.0,다자녀 아이들 혜택,"초등학생 3명 다자녀를 양육하는 엄마입니다.
요즘 저출산 시대에 출산을했다면 정말 많은혜택과
지원을받았을듯하네요~
남편혼자 외벌이 가정이지만 지원받는거라고는
전기요금.가스요금 몇천원할인..
방학때 간식이나 도시락은 저소득만 지원이되고
방과후 금액이나.. 그런것들도 일단 저소득..
그 기준도 너무 낮고..
영양플러스. 쌀지원. 문화누리카드.
방과후지원. 꿈나무카드. 바우처지원
학용품지원 등 .. 알아보면 너무 다양한데
저희는 자가도 아니고 연봉도 많지않고
그럼에도 실직적인 도움이없네요
아이들을 위해서
다자녀아이들에게 혜택이 주워지면합니다.
교육비 의류비 식비 생활비
너무 많이들지만
저소득.한부모.장애아. 아니면
혜택없는게 좀 아쉽네요
수술후 병원입원했을때도 도우미 쓸수있다해서
알아보니 진단서상 해당되는부분도까다롭고..
누가 애 많이 낳으랫냐 할수있지만
낳아키우는동안 나라에서도
관심과 애정 부탁드립니다.",다자녀·양육비·생활지원,다자녀 혜택,다자녀 기준·할인·감면,다자녀·양육비·생활지원,저출생사업1팀,02-2133-5025,,1순위:저출생사업1팀,1,다자녀 가구 하수도사용료 감면,하수도 사용료 30% 감면,,,POLICY_REMOVED:차량 취득세 요구가 아닌 제안에 취득세 정책 후보: 다자녀 가구 자동차 취득세 감면 || POLICY_REMOVED:차량 취득세 요구가 아닌 제안에 취득세 정책 후보: 다자녀 가구 자동차 취득세 감면 || POLICY_REMOVED:차량 취득세 요구가 아닌 제안에 취득세 정책 후보: 다자녀 가구 자동차 취득세 감면 || POLICY_REMOVED:차량 취득세 요구가 아닌 제안에 취득세 정책 후보: 다자녀가구 자동차 취득세 취약계층 감면,https://idea.seoul.go.kr/front/freeSuggest/view.do?sn=198288
PROP-198270,2025-02-20,N,미상,1.0,기후동행카드 다둥이할인 적용제안,"현황 및 문제점
다둥이카드는 현재 공공기관 할인, 공용주차장할인등 다양한 할인해택이 있지만 아직 대중교통할인혜택이 없다
개선방안
티머니홈페이지에 다둥이행복카드를 등록한다음 기후동행카드충전시 할인가격으로 충전할 수 있게한다
기대효과
다둥이행복카드 보유자들에게도 청년과 같은 할인을 적용함으로써 대중교통이용 활성화",다자녀·양육비·생활지원,다자녀 혜택,다자녀 기준·할인·감면,다자녀·양육비·생활지원,저출생사업1팀,02-2133-5027,생활지원팀,1순위:저출생사업1팀 | 2순위:생활지원팀,0,,,,,,https://idea.seoul.go.kr/front/freeSuggest/view.do?sn=198270
PROP-198269,2025-02-20,N,미상,1.0,어린이집 관리 문서 간소화 방안 제안 : 보육 교직원의 업무 효율성을 높여 양질의 보육 서비스 제공에 집중하기 위함,"현재
어린이집의
문제점
:
과도한
문서
작업으로
인해
보육
교직원들이
서류
작성에
많은
시간을
할애하고
있습니다
.
이는
양질의
보육
서비스
제공에
어려움을
초래하고
있으며
,
교직원들의
업무
스트레스와
피로도를
증가시키는
요인으로
작용합니다
.
아이들
하원이
완료된
뒤
필요한
문서
작업을
하게
되기
때문에
수시로
야근하게
됩니다
.
개선
목표
:
불필요한
문서를
줄이고
,
효율적인
문서
관리
시스템을
구축하여
보육
교직원의
업무
부담을
경감합니다
.
확보된
시간을
보육
서비스
질
향상에
활용하여
아이들에게
더욱
풍성하고
질
높은
교육
환경을
제공합니다
.
교직원의
업무
만족도를
높여
안정적인
근무
환경을
조성합니다
.
관리
문서
간소화
방안
:
1.
문서
종류
및
내용
재검토
필수
문서
선정
:
법적으로
반드시
작성해야
하는
문서와
어린이집
운영에
필수적인
문서만
선별합니다
.
중복
문서
통합
:
유사한
내용의
문서를
통합하여
작성
횟수를
줄입니다
.
간소화된
서식
활용
:
핵심
내용만
담을
수
있도록
서식을
간소화하고
,
불필요한
항목은
삭제합니다
.
2.
전자
문서
시스템
도입
전자
결재
시스템
:
종이
문서
대신
전자
결재
시스템을
도입하여
문서
작성
및
결재
시간을
단축합니다
.
클라우드
기반
문서
관리
:
클라우드
기반
문서
관리
시스템을
활용하여
문서
접근성을
높이고
,
자료
공유를
용이하게
합니다
.
모바일
환경
지원
:
모바일
기기를
활용하여
언제
어디서든
문서
확인
및
작성이
가능하도록
합니다
.
3.
문서
관리
책임자
지정
문서
관리
담당자
:
보육교사
외
문서
관리
책임자를
지정하여
문서의
효율적인
관리
및
운영을
담당하도록
합니다
.
정기적인
문서
점검
:
아웃소싱
전문
업체를
양성
/
개발하여
정기적으로
문서
관리
상태를
점검하고
,
불필요한
문서는
폐기합니다
.
부모들은 아이가 안전한 환경에서 전문적인 보살핌을 받기를 기대합니다. 이러한 부모들의 믿음에 부응하기 위해서는 보육 교사의 전문성과 함께
안정적인 업무 환경이 필수
적입니다.",보육·돌봄 인프라,어린이집·유치원,보육시설·유아교육,보육·돌봄 인프라,돌봄사업팀,02-2133-6560,저출생사업1팀,1순위:돌봄사업팀 | 2순위:저출생사업1팀,5,어린이집 영유아 방문건강관리 서비스 지원 | 서울형어린이집 | 다문화 보육료 | 서울형 0세 전담반 어린이집(사업종료) | 시간제 보육,"어린이집으로 방문건강간호사가 찾아가서 건강관리 및 건강교육서비스 제공 | 공인평가를 통하여 우수한 민간 어린이집을 선정하고 인건비 및 운영비를 지원함으로써 향상된 보육서비스를 안정적으로 제공 | 만0세: (기본)540,000원, (야간)540,000원, (24시간)810,000원 만1세반: (기본)475,000원, (야간)475,000원, (24시간)712,500원 만2세반: (기본)394,000원, (야간... | 12개월 미만의 영아 보육에 적합한 ‘0세 전담반’  어린이집 100개반 선정 운영 | 만6개월~36개월 부모급여 또는 양육수당 수급 아동대상 시간제보육 지원",,,"TAG_REVIEW:현재 태그=취약·다양가족 사각지대, 태그 핵심어 약함",https://idea.seoul.go.kr/front/freeSuggest/view.do?sn=198269
PROP-198265,2025-02-20,Y,미상,54.0,서울시 공영주차장 다자녀 감면 혜택 확대 제안,"안녕하세요.
현재 서울시에서 운영하는 공영주차장의 다자녀 감면 혜택은 서울시에 거주하는 시민들에게만
적용되고 있습니다. 하지만 서울을 오가는 직장인, 서울을 방문하는 관광객 중에서도 다자녀 가정이 많으며, 이들에게도 혜택이 주어진다면 더 많은 긍정적인 효과를 기대할 수 있습니다.
제안 내용:
서울시 공영주차장의 다자녀 감면 혜택을 서울시민뿐만 아니라 서울로 출퇴근하는 직장인 및 서울을 방문하는 타지역 다자녀 가정에도 확대해 주실 것을 제안합니다.
기대 효과:
1) 다자녀 가정 지원 확대
: 대한민국 전반적으로 저출산 문제가 심각한 상황에서, 서울시가 선도적으로
다자녀 가정을 배려하는 정책을 펼친다면 전국적으로 좋은 본보기가 될 것입니다
2) 서울 방문 활성화 및 지역경제 기여
:
서울을 찾는 관광객 중 다자녀 가정이 감면 혜택을 받을 수 있다면, 보다 많은 다자녀
가정이 서울을 방문하게 되고, 이는 서울의 관광산업 및 지역경제 활성화에도 기여할 것입니다.
3) 출퇴근 직장인의 혜택 확대
: 서울로 출퇴근하는 직장인 중에서도 다자녀 가정이 많습니다. 이들에게도 혜택을 제공함
으로써 실질적인 교통비 부담을 완화하고, 서울시의 다자녀 친화적인 정책을 더욱 강화
할 수 있습니다.
서울시는 대한민국의 중심 도시로서 다양한 정책을 통해 모범적인 사례를 만들어가고 있습니다.
다자녀 가정에 대한 공영주차장 감면 혜택을 확대한다면, 서울시가 더욱 다자녀 친화적인 도시로 자리 잡을 뿐만 아니라, 전국적으로 좋은 정책 모델을 제시할 수 있을 것이라 생각합니다.
긍정적으로 검토되어 더 많은 다자녀 가정이 혜택을 받을 수 있기를 바랍니다.",다자녀·양육비·생활지원,다자녀 혜택,다자녀 기준·할인·감면,다자녀·양육비·생활지원,저출생사업1팀,02-2133-5021,,1순위:저출생사업1팀,3,서울형 新일?생활 균형 3종 패키지 | 서울형 일?생활 균형 3종 패키지 | 1인 자영업자 등 배우자 출산휴가급여 지원,양육 친화 기업문화 조성을 위해 서울형 新 일?생활 균형 3종 패키지를 시행함으로써 초저출생 위기 극복 및 일?생활 균형 문화 확산 ? 배우자 출산휴가 의무제(10일) ? 육아휴직 사용 활성화 ? 육아기 근로시간 단... | 양육 친화 기업문화 조성을 위해 서울형 일?생활 균형 3종 패키지를 시행함으로써 초저출생 위기 극복 및 일?생활 균형 문화 확산 ? 배우자 출산휴가 의무제(10일) ? 육아휴직 사용 활성화 ? 육아기 근로시간 단축 ... | 1인 자영업자 등에 배우자(남편) 출산휴가급여 최대 120만원(15일분) 지원 (2026.1.1. 기준 출생아부터 적용) - 2025년 출생아는 최대 80만원(10일분) 지원 ㅇ 지원대상에 대한 자격요건 완화(202...,,,POLICY_REMOVED:차량 취득세 요구가 아닌 제안에 취득세 정책 후보: 다자녀 가구 자동차 취득세 감면 || POLICY_REMOVED:공공요금 감면 요구가 아닌 제안에 공공요금 정책 후보: 다자녀 가구 하수도사용료 감면 || POLICY_REMOVED:차량 취득세 요구가 아닌 제안에 취득세 정책 후보: 다자녀 가구 자동차 취득세 감면 || POLICY_REMOVED:공공요금 감면 요구가 아닌 제안에 공공요금 정책 후보: 다자녀 가구 하수도사용료 감면 || POLICY_REMOVED:차량 취득세 요구가 아닌 제안에 취득세 정책 후보: 다자녀 가구 자동차 취득세 감면 || POLICY_REMOVED:공공요금 감면 요구가 아닌 제안에 공공요금 정책 후보: 다자녀 가구 하수도사용료 감면,https://idea.seoul.go.kr/front/freeSuggest/view.do?sn=198265
PROP-198258,2025-02-20,N,미상,0.0,임산부 교통비 지원 확대,"임산부 교통비 지원 혜택을 정말 잘 사용하고 있는 서울 시민입니다.
다만 아쉬운 점이 주유비 결제는 되는데 주차비 결제가 안 된다는 점이라서 주차비 결제도 포함시켜 주셨으면 하여 제안 드립니다.
사설 주차장까지는 적용이 어려워도 공영 주차장 정도만 포함 시켜주셔도 큰 도움이 될 것 같습니다 :)
또한, 임산부 자동차 등록(보건소에서 주차 표지 발급)시, 구 별로 주차비 할인 혜택이 있는 구도 있고 없는 구도 있는 걸로 알고 있는데 (저희 구는 출산율이 좋은 건지, 구 예산이 없는 건지 혜택이 없네요) 공영 주차장에 한해서라도 서울시 내 전체 적용해주시면 좋을 것 같습니다.
임산부석이 있다고는 하나 사실상 출근길 전철 버스에서 누구나 힘든 상황인데 임산부석 양보를 부탁 드리기도 어렵고, 다른 노약자분들이 자주 앉아 계시는데 양보해 달라고 하기도 어려워 이용이 어렵습니다. (저도 31주 동안 딱 2번 앉아봤습니다.) 또한, 겨울 같은 경우는 낙상이 두려워서 가까운 거리도 걷기보단 아무래도 차 타고 가게 되더라구요.
저는 임신 후반기인 데다가 둘째 생각도 없어서 지원이 확대된다 해도 제게 도움이 되진 않겠지만, 임신 기간 내내 잘 사용해온 정책이라 조금만 더 시정하면 큰 도움이 될 수 있을 것 같아 건의 드립니다 :)",임신·난임·생식건강,임산부 건강·배려,임산부 건강관리·배려,임신·난임·생식건강,건강임신지원팀,02-2133-9491,가족지원팀 | 저출생사업1팀,1순위:건강임신지원팀 | 2순위:가족지원팀 | 3순위:저출생사업1팀,1,임산부 배려공간 조성,ㅇ 교통 약자인 임산부의 엘리베이터 안전사고 예방 및 배려문화 확산을 위해 엘리베이터 내?외부에 임산부 배려공간 조성(엠블럼 부착)   - 임산부를 위해 해당 공간을 비워두고 양보하는 사회 분위기 확산 유도 ㅇ 임산...,,,,https://idea.seoul.go.kr/front/freeSuggest/view.do?sn=198258
PROP-198243,2025-02-19,N,미상,4.0,다자녀 적용 범위 동일 적용,"1. 배경 : 지자체별(2자녀와 3자녀) 지원 기준이 상이하여 다자녀(2자녀 이상) 적용에 대한 동일한 적용을 통한 저출생,
고령화 시대를 극복해 나갈 수 있는 기초 마련
2. 현상분석 : 지자체별 다자녀 지원기준 상이
* 예시 :하수도 요금 및 전기요금 감면 등 기준 적용 기준 상시
3. 추진안 : 다자녀(2자녀) 가정에 대한 지원 기준 동일 적용
4. 기대효과
1) 다자녀(2자녀 이상) 가정에 대한 지원 기준 적용을 동일하게 함으로 시대적, 사회적 극복과제인 저출생, 고령화 사회를
극복해 나갈 수 있는 실효적인 제도 적용",다자녀·양육비·생활지원,다자녀 혜택,다자녀 기준·할인·감면,다자녀·양육비·생활지원,저출생사업1팀,02-2133-5027,생활지원팀,1순위:저출생사업1팀 | 2순위:생활지원팀,1,다자녀 가구 하수도사용료 감면,하수도 사용료 30% 감면,,,POLICY_REMOVED:차량 취득세 요구가 아닌 제안에 취득세 정책 후보: 다자녀 가구 자동차 취득세 감면 || POLICY_REMOVED:차량 취득세 요구가 아닌 제안에 취득세 정책 후보: 다자녀가구 자동차 취득세 취약계층 감면 || POLICY_REMOVED:차량 취득세 요구가 아닌 제안에 취득세 정책 후보: 다자녀 가구 자동차 취득세 감면 || POLICY_REMOVED:차량 취득세 요구가 아닌 제안에 취득세 정책 후보: 다자녀가구 자동차 취득세 취약계층 감면 || POLICY_REMOVED:차량 취득세 요구가 아닌 제안에 취득세 정책 후보: 다자녀 가구 자동차 취득세 감면 || POLICY_REMOVED:차량 취득세 요구가 아닌 제안에 취득세 정책 후보: 다자녀가구 자동차 취득세 취약계층 감면,https://idea.seoul.go.kr/front/freeSuggest/view.do?sn=198243
PROP-198232,2025-02-18,N,미상,3.0,서울형키즈카페 등 이용시간 연장,"서울시 정책으로 여러 지역에 서울형키즈카페가 생겨서 아주 유용히 이용 하고 있음에 정말 감사드립니다
하지만 이용가능 시간이 워킹맘들에겐 맞지 않아 제안드립니다
보통 워킹맘들은 아이를 어린이집에 보내서 하원하러 가면 16:30분 정도 입니다
하지만 서울형 키즈카페, 용산 꿈나무놀이터, 여러 박물관 등 의 평일 이용시간이 17:30분 까지 밖에 안되어 한시간도 채 이용을 못하는 경우가 많습니다
18:00로 30분이라도 더 늘려 주시면 육아에 많은 도움이 될것 같습니다
꼭좀 반영 부탁드립니다",보육·돌봄 인프라,아동 놀이·체험공간,공공키즈카페·수유실·유아휴게실,보육·돌봄 인프라,돌봄사업팀,02-2133-6560,저출생사업1팀 | 생활지원팀,1순위:돌봄사업팀 | 2순위:저출생사업1팀 | 3순위:생활지원팀,0,,,,,,https://idea.seoul.go.kr/front/freeSuggest/view.do?sn=198232
PROP-198207,2025-02-18,N,미상,1.0,미혼모 미혼부,"미혼모 또는 미혼부.
일상에서 혜택을 못받고있는것같아요.
이혼해야 미혼이 아니라 별거사별 해도 인정해주고혜택을 주어야되는 것같은데
지금도 어디선가 혼자 아이를 키우고 계실 미혼모.부
모든분이 골구로 혜택을 받았으면 좋겠습니다.",취약·다양가족 사각지대,한부모·위기임산부,한부모·미혼부모·위기임산부,취약·다양가족 사각지대,가족지원팀,02-2133-6562,저출생사업1팀,1순위:가족지원팀 | 2순위:저출생사업1팀,0,,,,,,https://idea.seoul.go.kr/front/freeSuggest/view.do?sn=198207
PROP-198203,2025-02-17,N,미상,3.0,야간 어린이 보호구역 30km속도제한 해제,"어린이 보호구역 속도 제한에 관해서
어린이 보호구역 속도 제한에 동의하지만
어린이를 보호하는 목적으로 생긴 속도제한이
야간에도 이뤄지는게 맞는건가 싶은 생각을
갖고있던 사람으로 제안 드립니다
최소 00시부터 06시까지는 어린이 보호구역
속도제한 단속이 해제 되어야된다고 생각합니다
어린이 통학시간도 아니고 어린이들이 없는 시간까지 속도제한과 단속이 이뤄진다는게 주변학교가 많은곳에 사는 사람으로 매우 불편함을 느낍니다
어린이 보호 목적은 좋지만 버스전용도로 단속과 같이 일정 시간에는 풀어주는것도 좋은거같습니다",정보·상담·교육·거버넌스,정보 접근성,일반 출산정책 안건,정보·상담·교육·거버넌스,저출생사업1팀,02-2133-5027,가족건강팀 | 생활지원팀,1순위:저출생사업1팀 | 2순위:가족건강팀 | 3순위:생활지원팀,0,,,,,"TAG_REVIEW:현재 태그=정보·상담·교육·거버넌스, 태그 핵심어 약함 || TAG_REVIEW:현재 태그=정보·상담·교육·거버넌스, 태그 핵심어 약함",https://idea.seoul.go.kr/front/freeSuggest/view.do?sn=198203
PROP-198192,2025-02-17,N,미상,0.0,다자녀관련 공영주차장요금 할인,"안녕하세요. 저는 서울시민은 아니지만 서울 근처 도시에 살고 있는 대한민국 국민입니다.
서울에는 개인일이나 가족들과 나들이로 자주 가고 있습니다.
자가를 이용하여 갈 경우가 많은데 공영주차장에 주차를 많이 합니다.
저출산으로 다자녀가 2자녀 이상으로 바뀌어 해택을 주고 있는데, 공영주차장에서도 해택을 줍니다.
그런데 서울시에서는 서울시민 다자녀에게만 공영주차장 해택을 주더라고요. 제가 있는 지역은 지역적 차별이 없는데요. 물론 시에게 세금으로 운영을 하면 어느정도 차등을 주는 것까지는 이해하지만 서울 다자녀 아니면 안된다는 것은 이해가 안되었습니다.
그래서 이점 반영하여 주면 좋겠습니다. 서울시는 서울시민에게 뿐만아니라 대한민국 전체 국민에게도 수도입니다. 주차장뿐만아니라 전반적으로 시에서 운영하는 곳들이 지역차별없이 운영되면 좋겠습니다.",다자녀·양육비·생활지원,다자녀 혜택,다자녀 기준·할인·감면,다자녀·양육비·생활지원,저출생사업1팀,02-2133-5027,생활지원팀,1순위:저출생사업1팀 | 2순위:생활지원팀,0,,,,,POLICY_REMOVED:공공요금 감면 요구가 아닌 제안에 공공요금 정책 후보: 다자녀 가구 하수도사용료 감면 || POLICY_REMOVED:차량 취득세 요구가 아닌 제안에 취득세 정책 후보: 다자녀 가구 자동차 취득세 감면 || POLICY_REMOVED:차량 취득세 요구가 아닌 제안에 취득세 정책 후보: 다자녀가구 자동차 취득세 취약계층 감면 || POLICY_REMOVED:공공요금 감면 요구가 아닌 제안에 공공요금 정책 후보: 다자녀 가구 하수도사용료 감면 || POLICY_REMOVED:차량 취득세 요구가 아닌 제안에 취득세 정책 후보: 다자녀 가구 자동차 취득세 감면 || POLICY_REMOVED:차량 취득세 요구가 아닌 제안에 취득세 정책 후보: 다자녀가구 자동차 취득세 취약계층 감면 || POLICY_REMOVED:공공요금 감면 요구가 아닌 제안에 공공요금 정책 후보: 다자녀 가구 하수도사용료 감면 || POLICY_REMOVED:차량 취득세 요구가 아닌 제안에 취득세 정책 후보: 다자녀 가구 자동차 취득세 감면 || POLICY_REMOVED:차량 취득세 요구가 아닌 제안에 취득세 정책 후보: 다자녀가구 자동차 취득세 취약계층 감면,https://idea.seoul.go.kr/front/freeSuggest/view.do?sn=198192
PROP-198151,2025-02-15,Y,미상,51.0,저출산 해결을 위한 문제점  및 실효성 있는 해결 방안,"문제점 및 현 상황
아이를 낳고 기르는 데 있어 가장 중요한 요소 중 하나가 경제적인 안정인데, 제시하신 문제점은 매우 현실적이고 중요한 부분입니다.
맞벌이와 경력 단절, 그리고 경제적인 어려움이 많은 가구에서 두 번째, 세 번째 아이를 낳는 데 큰 장애물이 되고 있습니다. 특히 비정규직, 공무직(※)  근로자들은 급여와 고용 안정성에서 더 큰 불안감을 느낄 수밖에 없습니다.
현재 저출산 대책은 주로 출산 시 지원에 집중되고 있습니다. 그러나
부모들이 자녀를 낳을지 고민할 때 가장 중요한 고려 사항은 아이들이 성장하면서 드는
의식주 비용
과
사교육비
등
입니다. 특히 아이가 클수록 비용이 크게 증가하기 때문에,
부모들의
월급 인상
이 출산 결정을 내리는 데 중요한 요인
이 된다고 생각합니다.
(※
공무직은 정규직과 달리
호봉
이나
승진
이 없으며,
무기계약직
에 가까운 개념
입니다. 즉, 1년을 일하든 10년을 일하든 급여는 동일하고, 경력에 따른 급여 인상이나 승진 기회가 제공되지 않습니다. 이는 정규직과의 큰 차이점으로, 고용 안정성이나 급여 향상에 있어 큰 어려움을 겪게 만듭니다.)
개선 방안
:
다자녀 부모를 위한
정규직 전환
과
우선 채용
정책을 공공기관에서 먼저 시행하자는 제안
은 매우 긍정적인 방향으로, 아이를 키우는 데 있어 경제적 부담을 줄일 수 있는 방법입니다. 고용 안정성을 보장하고, 급여를 인상하는 정책이 아이를 더 낳는 데 중요한 역할을 할 수 있습니다.
기대 효과:
경제적 안정성
:
부모들이 경제적인 부담을 덜고 더 많은 아이를 낳을 수 있게 될 것입니다. 특히 맞벌이 부부에게는 고용 안정성이 중요한 요소이며, 정규직 전환과 급여 인상이 중요한 역할을 할 것입니다.
출산율 증가
:
경제적 지원만큼 중요한 것이 고용 안정성입니다. 여성들이 경력 단절을 걱정하지 않고, 가족을 키우면서 일을 할 수 있도록 지원하는 시스템이 마련된다면, 출산율 증가에도 긍정적인 영향을 미칠 것입니다.
사회적 인식 변화
:
다자녀 가정을 긍정적으로 바라보는 사회적 분위기가 형성된다면, 부모들은 경제적 불안감을 덜고 두 번째, 세 번째 아이를 갖는 데 용기를 가질 수 있을 것입니다.
실행 방안:
공공기관 우선 적용
:
공공기관에서 다자녀 부모를 우선 채용하고 정규직으로 전환하는 정책을 먼저 시행한 뒤, 이를 민간 기업으로 확산시킬 수 있도록 한다.
급여 인상
:
다자녀 부모에 대해 고용 안정뿐만 아니라, 자녀가 많을수록 급여 인상이 이루어지도록 하는 정책을 검토할 수 있습니다. 이는 실질적인 경제적 지원으로 작용할 것입니다.
이와 같은 정책이 확대되어, 아이를 낳고 키우는 부모들이 부담 없이 자녀를 더 낳을 수 있는 환경이 마련되기를 바랍니다.",출산·산후 초기지원,출산가구 초기지원,출산지원금·출생축하,출산·산후 초기지원,가족건강팀,02-2133-9486,저출생사업1팀,1순위:가족건강팀 | 2순위:저출생사업1팀,5,서울시 중소기업 워라밸 포인트제 | 서울형 아이돌봄비 지원 | 서울형 손주돌봄수당 지원(민간형) | 서울형 손주돌봄수당 지원(친인척형) | 1인 자영업자 등 배우자 출산휴가급여 지원,양육친화 및 일?생활 균형을 위한 중소기업의 다양한 노력을 인정하고 중소기업이 아이 키우기 좋은 기업으로 성장할 수 있도록 지원하는 사업 ① 양육친화 및 일?생활 균형 실적에 따른 포인트 적립 ② 적립 포인트에 따른... | 영아를 키우는 가정에서 조부모(4촌 이내 친인척 포함)가 영아를 돌보는 경우 또는 서울시에서 지정한 민간기관의 아이돌봄서비스를 이용 시 돌봄 비용을 지원(택1)하여 가정의 양육부담 경감 ① 친인척 조력자 아이돌봄비 ... | 영아를 키우는 가정에서 조부모(4촌 이내 친인척 포함)가 영아를 돌보는 경우 또는 서울시에서 지정한 민간기관의 손주돌봄 서비스를 이용 시 돌봄 비용을 지원(택1)하여 가정의 양육부담 경감 ① 친인척 조력자 손주돌봄수... | 영아를 키우는 가정에서 조부모(4촌 이내 친인척 포함)가 영아를 돌보는 경우 또는 서울시에서 지정한 민간기관의 손주돌봄 서비스를 이용 시 돌봄 비용을 지원(택1)하여 가정의 양육부담 경감 ① 친인척 조력자 손주돌봄수... | 1인 자영업자 등에 배우자(남편) 출산휴가급여 최대 120만원(15일분) 지원 (2026.1.1. 기준 출생아부터 적용) - 2025년 출생아는 최대 80만원(10일분) 지원 ㅇ 지원대상에 대한 자격요건 완화(202...,,,,https://idea.seoul.go.kr/front/freeSuggest/view.do?sn=198151
PROP-198142,2025-02-14,N,미상,0.0,신혼부부 답답,"40대 예비신혼부부입니다
둘다 가정현편이 좋지않아 여태부모님 생활비며 학비값느라 여태 집을마련을못했습니다
저희와같은 예비신혼부부들 생각보다 매우 많죠
하지만 현실은 청년들에게 혜택몰아주기입니다.
여타 나라위해 일한 4,50대들에게 혜택이너무없네요 생애최초 내집마련에대한 혜택이 턱없이 부족합니다. 1%대 저금리 대출진행해주세요
3%대도너무비싸고 아파트 청약당청기회도 바늘에 코끼리넣기입니다 금액도 너무비쌉니다 싸게 더푸셔한다생각듭니다",주거·교통·도시생활환경,출산가구 주거,신혼부부·출산가구 주거지원,주거·교통·도시생활환경,저출생사업1팀,02-2133-5025,가족지원팀,1순위:저출생사업1팀 | 2순위:가족지원팀,5,신혼부부 결혼ㆍ살림비용 지원 | 자녀출산 무주택가구 주거비 지원 | 신혼희망타운 | 신혼부부 전용 주택 구입 자금 대출 | 신혼부부 임차보증금 이자 지원,"ㅇ 결혼ㆍ살림 비용 최대 100만원 지원    - 결혼준비 및 혼인살림 장만 관련 비용 지출    ※ 생애 1회 지급   ? 결혼준비 : 혼수, 예식장, 신혼여행, 청첩장 등    ? 혼인살림 : 전자제품, 주방가전... | 월 최대 30만원(2년간 최대 720만원) 주거비 지원 | 신혼희망타운 분양?임대주택 공급 및 청약 자격 제공 | 연 2.55~3.85% 금리로 주택구입 자금 대출, 최대 3억 2천만 원 한도 | - 임차보증금 대출금: 최대 3억원(임차보증금의 90% 이내) - 이자지원 금리: 최대 4.5% - 지원기간: 최장 10년(25.11.20. 부터 최장 12년) ※ 자세한 사항은 서울주거포털 공고문 참조",,,,https://idea.seoul.go.kr/front/freeSuggest/view.do?sn=198142
PROP-198137,2025-02-14,N,미상,9.0,조부모아이돌봄 36개월제한 완화신청,"서울에서 아이셋을 키우며 일하는 워킹맘입니다.
조부모아이돌봄지원사업이 있어서 현재 이용중인데요,
36개월까지만 가능하다는게 아쉽습니다.
정말 육아에 능한 조부모님이 아니시고는 최소24개월이상~ 말좀하게되는 30개월쯤은 되야 돌보실수있습니다.
이제 시작한지 얼마안되었는데 36개월까지만 이용할수있다는게 아쉽습니다.
개월수제한을 완화해주시면
일하면서 애키우는 엄마들에게 큰 도움이 될듯합니다.
아울러 예산을 넓혀 30만원->50만원정도 상향하는방법도 좋을것같습니다.
육아들 도와주시는 조부모님들께 적게는 100만원많게는 200만원이상씩 드리는게
현 시세와 상황입니다....
긍정적으로 검토 부탁드립니다.",보육·돌봄 인프라,가족돌봄,아이돌봄·조부모돌봄,보육·돌봄 인프라,돌봄사업팀,02-2133-6560,저출생사업1팀 | 생활지원팀,1순위:돌봄사업팀 | 2순위:저출생사업1팀 | 3순위:생활지원팀,5,병원동행 전담 아이돌봄서비스 | 아픈아이 전담 아이돌봄서비스 | 영아 전담 아이돌봄서비스 | 영아종일제 아이돌봄 서비스 | 초등돌봄교실,"부모의 맞벌이 등으로 아픈 자녀의 병원 동행을 할 수 없는 경우 아이돌보미가 병원 동행 및 가정 내 돌봄 서비스 제공 | 부모의 맞벌이 등으로 아픈 자녀의 병원 동행을 할 수 없는 경우 아이돌보미가 병원 동행 및 가정 내 돌봄 서비스 제공('23년은 5개구 시범운영 중 : 성동, 동대문, 강북, 강서, 서초) | 출산휴가, 육아휴직 후 복귀하는 맞벌이 가정을 지원하고자 영아 돌봄 교육을 이수한 전담 돌보미가 영아 이유식 먹이기, 젖병 소독 등 영아 특화 돌봄서비스 제공 | 양육공백 가정에 아이돌보미가 찾아가 영아 이유식 먹이기, 젖병 소독, 기저귀 갈기, 목욕 등 돌봄 서비스 제공  ※ 정부지원 아이돌봄 서비스는 서울형 아이돌봄비(조부모 돌봄수당 등)와 별개의 사업   - 서울형 아이... | 돌봄, 교육 및 일부 급?간식비 지원",,,,https://idea.seoul.go.kr/front/freeSuggest/view.do?sn=198137
PROP-198127,2025-02-14,N,미상,1.0,저출산 극복,"제 동생은 만성골수성 백혈병
혈액암으로 약을 복용하고 있습니다
그런데 이 약은 독성이 있어서
약을 복용하며 임신을 할 수 없습니다
이번에 희망을 갖고 약을 잠시 중단하고 난자를 채취했지만 이내 수치가 올라서 다시
약을 복용하지 않으면 생명에 지장이
있다는 소리까지 들었습니다
저는 동생을 위해 채취한 난자로 제가 대신
대리모를 해주고 싶지만 우리나라에서는
이것이 불법이며 본인의 난자를 해외로
반출할 수도 없습니다
저출산 정책 100가지 보다 이렇게
질병으로 아이를 갖고 싶지만 못 갖는
사람들에게만 규제를 일부 풀어주세요
생명윤리 소중합니다 하지만
그보다 간절한 것이 더 존재한다
말씀드리고 싶습니다
제 동생도 엄마가 될 수 있게
도와주세요",출산·산후 초기지원,출산가구 초기지원,출산지원금·출생축하,출산·산후 초기지원,가족건강팀,02-2133-9485,,1순위:가족건강팀,0,,,,,,https://idea.seoul.go.kr/front/freeSuggest/view.do?sn=198127
PROP-198104,2025-02-13,N,미상,1.0,서울시 아이돌봄비 지원 대상 확대,"안녕하세요 아이를 키우는 서울 시민으로서 최근들어 양육 혜택이 많아지는 걸 체감하며 서울시의 행정서비스에 감사드린다는 말씀을 먼저 드립니다.
아이가 만2세가 되면서 '서울시 아이돌봄비' 사업 혜택을 받고 있는데요, 다른 지인에게 많이 소개 했는데 많이들 모르고 있더라구요. 육아하랴 일하랴 바쁘게 살다보면 어떤 혜택이 추가로 생겼는지 챙겨볼 겨를이 없습니다. 다행히 아직 서울시 아이돌봄비 사업 지원 대상에 해당하면 지원 받을 수 있겠지만, 아이가 곧 만 3세가 되면 지원받을 수 있는 개월 수가 별로 없어 아쉬워하는 지인 부모가 많았습니다. 최대 13개월 동안 지원받을 수 있는 걸로 알고 있는데요, 현재는 만 2세~3세 만 지원 대상인데 아이 나이로 지원 대상을 한정짓지 말고 '만 2세부터 4~5세까지 최대 13개월동안 지원 가능' 이런 식으로 지원받을 수 있는 기간을 여유있게 설정하면 어떨까요? 4~5세가 되어도 도움을 받아야 하는 상황은 변함이 없고, 바쁜 일상을 살아가는 중에 아이가 23개월이 되는 달에 신청하는 것을 놓쳐 지원을 덜 받는 경우가 생기면 아쉬울 것 같습니다",보육·돌봄 인프라,가족돌봄,아이돌봄·조부모돌봄,보육·돌봄 인프라,돌봄사업팀,02-2133-6560,저출생사업1팀,1순위:돌봄사업팀 | 2순위:저출생사업1팀,5,병원동행 전담 아이돌봄서비스 | 아픈아이 전담 아이돌봄서비스 | 영아 전담 아이돌봄서비스 | 영아종일제 아이돌봄 서비스 | 초등돌봄교실,"부모의 맞벌이 등으로 아픈 자녀의 병원 동행을 할 수 없는 경우 아이돌보미가 병원 동행 및 가정 내 돌봄 서비스 제공 | 부모의 맞벌이 등으로 아픈 자녀의 병원 동행을 할 수 없는 경우 아이돌보미가 병원 동행 및 가정 내 돌봄 서비스 제공('23년은 5개구 시범운영 중 : 성동, 동대문, 강북, 강서, 서초) | 출산휴가, 육아휴직 후 복귀하는 맞벌이 가정을 지원하고자 영아 돌봄 교육을 이수한 전담 돌보미가 영아 이유식 먹이기, 젖병 소독 등 영아 특화 돌봄서비스 제공 | 양육공백 가정에 아이돌보미가 찾아가 영아 이유식 먹이기, 젖병 소독, 기저귀 갈기, 목욕 등 돌봄 서비스 제공  ※ 정부지원 아이돌봄 서비스는 서울형 아이돌봄비(조부모 돌봄수당 등)와 별개의 사업   - 서울형 아이... | 돌봄, 교육 및 일부 급?간식비 지원",,,,https://idea.seoul.go.kr/front/freeSuggest/view.do?sn=198104
PROP-198063,2025-02-11,N,미상,2.0,자녀수와 연계한 보증금지원형 장기안심주택 지원 세분화,자녀수와 연계한 보증금지원형 장기안심주택 지원 세분화,정보·상담·교육·거버넌스,정보 접근성,일반 출산정책 안건,정보·상담·교육·거버넌스,저출생사업1팀,02-2133-5027,생활지원팀,1순위:저출생사업1팀 | 2순위:생활지원팀,0,,,,,"TAG_REVIEW:현재 태그=정보·상담·교육·거버넌스, 태그 핵심어 약함 || TAG_REVIEW:현재 태그=정보·상담·교육·거버넌스, 태그 핵심어 약함",https://idea.seoul.go.kr/front/freeSuggest/view.do?sn=198063
PROP-198050,2025-02-10,N,미상,0.0,지하철역사내 유휴공간을 활용한 고객휴개실 또는 육아실 조성 제안,"현황 및 문제점
지하철역사보면 간혹 전에는 사용하다가 시간이 지나면서 사라지거나 이전되면서 빈공간이 있고 잠겨있는등의 공간이 있는데 계속 방치되어있어 지하철역사 미관에도 안좋고 흉물스럽다는 문제가 있다
개선방안
이러한 공간들을 이용하여 고객 휴게실이나 아니면 임산부들을 위한 육아실등으로 조성한다
기대효과
지하철 역사의 미관이 좋아지고 지하철역 이용객들의 편의성이 향상되며 요즘 밖에서 육아실을 보기 힘든만큼 임산부의 편의성도 향상된다.",정보·상담·교육·거버넌스,정보 접근성,일반 출산정책 안건,정보·상담·교육·거버넌스,저출생사업1팀,02-2133-5027,생활지원팀,1순위:저출생사업1팀 | 2순위:생활지원팀,1,임산부 배려공간 조성,ㅇ 교통 약자인 임산부의 엘리베이터 안전사고 예방 및 배려문화 확산을 위해 엘리베이터 내?외부에 임산부 배려공간 조성(엠블럼 부착)   - 임산부를 위해 해당 공간을 비워두고 양보하는 사회 분위기 확산 유도 ㅇ 임산...,,,"TAG_REVIEW:현재 태그=정보·상담·교육·거버넌스, 태그 핵심어 약함 || TAG_REVIEW:현재 태그=정보·상담·교육·거버넌스, 태그 핵심어 약함",https://idea.seoul.go.kr/front/freeSuggest/view.do?sn=198050
PROP-197999,2025-02-08,N,미상,4.0,어린이보호구역,"？어린이보호구역  자동차속도 제한
일요일과 공휴일, 폐지 평일은
오후 7시이후 부터 오전7까지 속도제한  풀어주실 수는 없는건지 건의 드립니다",정보·상담·교육·거버넌스,정보 접근성,일반 출산정책 안건,정보·상담·교육·거버넌스,저출생사업1팀,02-2133-5025,가족지원팀,1순위:저출생사업1팀 | 2순위:가족지원팀,0,,,,,"TAG_REVIEW:현재 태그=정보·상담·교육·거버넌스, 태그 핵심어 약함 || TAG_REVIEW:현재 태그=정보·상담·교육·거버넌스, 태그 핵심어 약함",https://idea.seoul.go.kr/front/freeSuggest/view.do?sn=197999
PROP-197993,2025-02-07,N,미상,3.0,어린이 ㆍ노인 보호구역 시차제 적용,"관악구 인헌초등학교 ~ 서울과학전시관까지 어린이 보호구역과 노인보호구역 지정뿐 아니라  서울시민대학 다시가는 캠퍼스 (구, 관악복합평생교육센터)로 인해 , 과속방지 후면 카메라 단속도 실시되어 30  50  속도로 차량이동이 이루어지고 있다. 인헌동 주민들도 낙성대 터널을 경유하여 서울대입구 지하철 방면으로 이동시에 통과하는 지역이고,  반대로 인헌동으로 가기 위해 거치는 도로인데 ,  주로 어린이 노인이 이용하는 평일 0900~1800을 제외한  시차제라도 도입해 주었으면 한다 (물론 단속을 다소 완화해 주면 더 좋겠지만 ？)",정보·상담·교육·거버넌스,정보 접근성,일반 출산정책 안건,정보·상담·교육·거버넌스,저출생사업1팀,02-2133-5027,가족건강팀 | 생활지원팀,1순위:저출생사업1팀 | 2순위:가족건강팀 | 3순위:생활지원팀,0,,,,,,https://idea.seoul.go.kr/front/freeSuggest/view.do?sn=197993
PROP-197942,2025-02-05,N,미상,3.0,서울형 아이돌봄비 지원대상 범위 확대 요구,"서울형 아이돌봄비 지원 대상이 현재는 24개월에서 36개월인 것으로 알고있습니다.
그래서 3개월 정도 저희 아이는 조부모 돌봄으로 지원을 받고 37개월이 되었을 때 부터 지원받지 못했습니다.
시작 종료 시간도 체크하고 좋은 제도입니다.
허나, 지원대상 범위를 좀 늘려주시면 어떨지 건의드립니다.
아이들이 초등학교 고학년이 될 때까지는 손이 많이 필요한데
조부모들 연세도 많아지시고 벌이가 점점 줄어들어서
손주들 봐주시면서 지원금 받는 것이 좋은 제도인 거 같습니다.
검토 부탁드립니다...",보육·돌봄 인프라,가족돌봄,아이돌봄·조부모돌봄,보육·돌봄 인프라,돌봄사업팀,02-2133-6560,저출생사업1팀,1순위:돌봄사업팀 | 2순위:저출생사업1팀,5,병원동행 전담 아이돌봄서비스 | 아픈아이 전담 아이돌봄서비스 | 영아 전담 아이돌봄서비스 | 영아종일제 아이돌봄 서비스 | 초등돌봄교실,"부모의 맞벌이 등으로 아픈 자녀의 병원 동행을 할 수 없는 경우 아이돌보미가 병원 동행 및 가정 내 돌봄 서비스 제공 | 부모의 맞벌이 등으로 아픈 자녀의 병원 동행을 할 수 없는 경우 아이돌보미가 병원 동행 및 가정 내 돌봄 서비스 제공('23년은 5개구 시범운영 중 : 성동, 동대문, 강북, 강서, 서초) | 출산휴가, 육아휴직 후 복귀하는 맞벌이 가정을 지원하고자 영아 돌봄 교육을 이수한 전담 돌보미가 영아 이유식 먹이기, 젖병 소독 등 영아 특화 돌봄서비스 제공 | 양육공백 가정에 아이돌보미가 찾아가 영아 이유식 먹이기, 젖병 소독, 기저귀 갈기, 목욕 등 돌봄 서비스 제공  ※ 정부지원 아이돌봄 서비스는 서울형 아이돌봄비(조부모 돌봄수당 등)와 별개의 사업   - 서울형 아이... | 돌봄, 교육 및 일부 급?간식비 지원",,,,https://idea.seoul.go.kr/front/freeSuggest/view.do?sn=197942
PROP-197934,2025-02-05,N,미상,4.0,어린이보호구역,"어린이보호구역 시속30키로 규제를 심야시간과 주말,공휴일은 해제했으면 합니다",정보·상담·교육·거버넌스,정보 접근성,일반 출산정책 안건,정보·상담·교육·거버넌스,저출생사업1팀,02-2133-5025,가족지원팀,1순위:저출생사업1팀 | 2순위:가족지원팀,0,,,,,"TAG_REVIEW:현재 태그=정보·상담·교육·거버넌스, 태그 핵심어 약함 || TAG_REVIEW:현재 태그=정보·상담·교육·거버넌스, 태그 핵심어 약함",https://idea.seoul.go.kr/front/freeSuggest/view.do?sn=197934
PROP-197918,2025-02-04,N,미상,1.0,어린이보호구역 시간제 운영,"어린이 보호구역 시간제 운영 제안합니다
예를들면 저녁 9시 이후부터 익일 오전 6시까지 속도제한 해제 및 어린이보호구역 일시 해제
새벽 한두시에 어린이집 앞 초등학교 앞 횡단보도 길건너는 아이들이 누가있다고..
실효성에 대해 생각해봤으면 합니다",정보·상담·교육·거버넌스,정보 접근성,일반 출산정책 안건,정보·상담·교육·거버넌스,저출생사업1팀,02-2133-5025,가족지원팀,1순위:저출생사업1팀 | 2순위:가족지원팀,0,,,,,"TAG_REVIEW:현재 태그=정보·상담·교육·거버넌스, 태그 핵심어 약함 || TAG_REVIEW:현재 태그=정보·상담·교육·거버넌스, 태그 핵심어 약함",https://idea.seoul.go.kr/front/freeSuggest/view.do?sn=197918
PROP-197913,2025-02-04,N,미상,9.0,조부모 아이돌봄 수당 30만원 36개월이 아닌 초등학교 1학년까지 확대 필요합니다,"안녕하세요, 서울에서 맞벌이 부부로 애둘을 양육하고 있습니다.
사실 친정부모님의 도움없이는 서울에서 맞벌이로 살아가는게 힘듭니다.
우선, 4~5시가 되면 어린이집 아이들이 거의 모두 하원을 하기 때문에
퇴근 후에 늦게 6시반에 가게 되면 어린이집에 남아있는 아이들은 이미 극소수 입니다.
이런 상황에서 부모님의 도움 없이 아이들을 하원하는 것에 어려움이 있습니다.
더욱이 초등학교 1학년이면 오전만 학교에 갔다가 하원하지요.
그런데 맞벌이로 근무하면서 어떻게 하원할 수 있을까요?
그런데 36개월 까지 조부모 수당은 주고 끝입니다.
출산율을 높이고 싶다면 어렸을 때 잠깐에 그치는 생색내기식 정책이 아니라
현실적인 것을 반영하여 기간을 늘려 정책이 반영되었으면 하는 바람입니다.",보육·돌봄 인프라,가족돌봄,아이돌봄·조부모돌봄,보육·돌봄 인프라,돌봄사업팀,02-2133-6560,저출생사업1팀 | 다문화지원팀,1순위:돌봄사업팀 | 2순위:저출생사업1팀 | 3순위:다문화지원팀,5,영아 전담 아이돌봄서비스 | 외국인 가사(육아)인력 시범사업 | 서울형 육아휴직장려금 | 서울형 육아휴직장려금(사업종료) | 서울형 아이돌봄비 지원,"출산휴가, 육아휴직 후 복귀하는 맞벌이 가정을 지원하고자 영아 돌봄 교육을 이수한 전담 돌보미가 영아 이유식 먹이기, 젖병 소독 등 영아 특화 돌봄서비스 제공 | 맞벌이 부부 등 ‘육아 조력자’의 도움이 절실한 자녀양육 가정에 외국인 육아도우미를 활용한 양육지원사업 도입 | ○ 자녀 1인당 최대 120만원 지원 - 육아휴직기간 연속 6개월 시 60만원, 연속 12개월 경과 시 60만원 추가지급 ※ 부?모 모두 육아휴직 시 각각 지급 (자녀 1인에 대해 가구당 최대 240만원 지급) | ○ 자녀 1인당 최대 120만원 지원 - 육아휴직기간 연속 6개월 시 60만원, 연속 12개월 경과 시 60만원 추가지급 ※ 부?모 모두 육아휴직 시 각각 지급 (자녀 1인에 대해 가구당 최대 240만원 지급) | 영아를 키우는 가정에서 조부모(4촌 이내 친인척 포함)가 영아를 돌보는 경우 또는 서울시에서 지정한 민간기관의 아이돌봄서비스를 이용 시 돌봄 비용을 지원(택1)하여 가정의 양육부담 경감 ① 친인척 조력자 아이돌봄비 ...",,,,https://idea.seoul.go.kr/front/freeSuggest/view.do?sn=197913
PROP-197910,2025-02-04,N,미상,1.0,다둥이 등 서울런 대상자 대폭 확대,"다둥이 가정 등을 서울런 대상으로 확대하고자
기재부와 지속적으로 노력하고 계신 점 잘 알고 있습니다.
먼저 수고에 거듭 감사드립니다!
규제철폐를 목표 시장님께서 정책적을 강하게 드라이브를 걸어주고 계시니,
이때 다둥이도 서울런 대상에 확대 추진되었으면 좋겠습니다.
아이들은 자라나고,
학습 지원이 필요한 시기는 정해져 있는데 야속한 시간만 계속 흘러가고 있습니다..
꼭 부탁드립니다!",다자녀·양육비·생활지원,다자녀 혜택,다자녀 기준·할인·감면,다자녀·양육비·생활지원,저출생사업1팀,02-2133-5021,생활지원팀,1순위:저출생사업1팀 | 2순위:생활지원팀,0,,,,,,https://idea.seoul.go.kr/front/freeSuggest/view.do?sn=197910
PROP-197901,2025-02-04,N,미상,0.0,도서관 가족회원 통합의 건,"최근 도서관을 자주 이용하게 되면서 불편한 점이 있어 개선 요청 드립니다.
현재 도서관 회원에 가입 및 가족회원으로 등록히게 되면 가족이 같이 가지 않아도 깉이 빌릴 수 있게 되어있습니다.
이는 너무 좋으나 홈페이지에서 검색했을때는 가족이 대여한 도서 목록은 함께 검색이 되지 않아 건건이 로그인을 해서 반납일 등을 확인해야하는 번거로움이 있습니다.
가족회원으로 등록된 경우 한 아이디로 로그인시에도 타 가족의 도서 목록도 조회가 가능하도록 요청 드립니다.
혹 가족간에도 목록 열람을 비공개 원할시에는 통합 조회여부에 대해 선택할 수 있도록 하면 하면 될듯 합니다.",정보·상담·교육·거버넌스,정보 접근성,일반 출산정책 안건,정보·상담·교육·거버넌스,저출생사업1팀,02-2133-5025,가족지원팀,1순위:저출생사업1팀 | 2순위:가족지원팀,0,,,,,"TAG_REVIEW:현재 태그=정보·상담·교육·거버넌스, 태그 핵심어 약함 || TAG_REVIEW:현재 태그=정보·상담·교육·거버넌스, 태그 핵심어 약함",https://idea.seoul.go.kr/front/freeSuggest/view.do?sn=197901
PROP-197873,2025-02-03,Y,미상,85.0,청년안심주택 반려동물 양육 및 출입금지 규정 폐지 요청드립니다.,"현재 sh공사에서 모집하는 구 역세권 청년주택 현 청년안심주택에서 반려동물 양육 및 출입금지를 주요 퇴거사항으로 기재해 놓고 있습니다.
흡연이나 층간소음 등 기타 다른세대에 불편을 끼치는 사항은 당연히 금지되어야 하나 반려동물의 양육 심지어 출입까지 금지시키는 것은 시대착오적 규정이라고 생각합니다.
해당규정때문에 기존에 반려동물을 양육중인 청년 또는 신혼부부는 입주를 포기하거나 파양하는 등 오히려 반려동물의 유기를 조장하고 있습니다.
반려동물이 시설을 훼손하는 경우 퇴거시 복구의무를 부여하면 되는 것이지 원천금지하는 것은 과한 규정이라고 생각합니다.
반려동물을 양육하는 세대가 갈수록 늘어나고 있는 만큼 관련규정도 다시 검토해주시길 부탁드립니다.
감사합니다.",정보·상담·교육·거버넌스,정보 접근성,일반 출산정책 안건,정보·상담·교육·거버넌스,저출생사업1팀,02-2133-5027,아동보호팀,1순위:저출생사업1팀 | 2순위:아동보호팀,0,,,,,"TAG_REVIEW:현재 태그=정보·상담·교육·거버넌스, 태그 핵심어 약함 || TAG_REVIEW:현재 태그=정보·상담·교육·거버넌스, 태그 핵심어 약함",https://idea.seoul.go.kr/front/freeSuggest/view.do?sn=197873
PROP-197859,2025-02-03,N,미상,0.0,36개월 아이도 등하원돌봄이 필요합니다,"？
2023년 9월부터 서울시민 대상으로 조부모 돌봄수당이 시행되었습니다.
맞벌이로 인해 조부모에게 실질적으로 양육을 의전헤야하는 서울시 양육자에게 꼭 필요한 사업이었고 이러한 정책이 약 10년만의 서울시 출생율을 올리는데 일조했다고 생각합니다!
하지만 지원대상이 24-36개월로, 도움이 많이 필여하고 4시 30분을 어린이집 기존 하원시간으로 정해진
36~48개월, 즉 법적 영아에게는 아무 지원이 없습니다!
최소한 48개월 영아 또는 7세 미만의 미취학 영유아가 스스로 등하원을 할 수 없음을. 서울시에서 정책적으로 지원하기를 희망합니다!!
이는 서울시의 출생율증가와 시니어에 대한 일자리 증가와 사회참여도 증가에 기여할 것입니다.",보육·돌봄 인프라,초등돌봄,초등돌봄·방과후,보육·돌봄 인프라,돌봄사업팀,02-2133-6560,저출생사업1팀 | 생활지원팀,1순위:돌봄사업팀 | 2순위:저출생사업1팀 | 3순위:생활지원팀,5,영아 전담 아이돌봄서비스 | 외국인 가사(육아)인력 시범사업 | 1인 자영업자 등 배우자 출산휴가급여 지원 | 서울형 新일?생활 균형 3종 패키지 | 서울형 강소기업 지원,"출산휴가, 육아휴직 후 복귀하는 맞벌이 가정을 지원하고자 영아 돌봄 교육을 이수한 전담 돌보미가 영아 이유식 먹이기, 젖병 소독 등 영아 특화 돌봄서비스 제공 | 맞벌이 부부 등 ‘육아 조력자’의 도움이 절실한 자녀양육 가정에 외국인 육아도우미를 활용한 양육지원사업 도입 | 1인 자영업자 등에 배우자(남편) 출산휴가급여 최대 120만원(15일분) 지원 (2026.1.1. 기준 출생아부터 적용) - 2025년 출생아는 최대 80만원(10일분) 지원 ㅇ 지원대상에 대한 자격요건 완화(202... | 양육 친화 기업문화 조성을 위해 서울형 新 일?생활 균형 3종 패키지를 시행함으로써 초저출생 위기 극복 및 일?생활 균형 문화 확산 ? 배우자 출산휴가 의무제(10일) ? 육아휴직 사용 활성화 ? 육아기 근로시간 단... | ① 청년 정규직 채용 시, 사내복지 개선 등 근무환경개선금 최대 45백만원 지원 ② 육아휴직자 대체 청년인턴에 최대 23개월 인건비 지원으로 업무공백 해소 ③ 육아친화 및 일?생활 균형 조직문화 조성을 위한 교육?컨...",,,,https://idea.seoul.go.kr/front/freeSuggest/view.do?sn=197859
PROP-197853,2025-02-03,N,미상,5.0,영유아 가정에 '거주자우선주차' 가산점을 드리면 어떨까요? 저출산 극복!,"안녕하세요?
서울에는 아파트 보다 빌라, 다가구, 단독주택이 더 많이 있습니다.
결론은 많은 사람들이 아파트가 아닌 곳에서 주차 문제로 힘들어하며 살고 계시다는 것이죠?
특히, 젊은 신혼부부의 경우 아파트에서 시작하기는 더욱 어려울 것입니다.
결론 부터 말씀드리자면
신혼 부부들이 빌라나 다세대에서 아이를 낳고 기르기 좋은 환경을 만들어주자 입니다.
3세 미만의 영유아 가정에 거주자우선주차 가산점 5점 이상을 주시면 어떨까요?
거주자우선주차는 그 지역에 오래 살았다는 이유만으로 30점을 받는 분들이 아주 많습니다.
그 분들이 계속 높은 점수로 거주자우선주차를 사용하시기 때문에 결혼해서 새로 이사를 온 신혼부부들은
신생아를 낳고 병원에 가야 할 일들도 많은데 주차 문제로 힘들어하시는 경우가 아주 많이 있습니다.
그래서 3세 이하의 영유아 가정에 거주자우선주차 가산점을 5점이라도 드린다면
저출산 극복에도 도움이 될 것 같아 제안합니다.
글재주가 없어서 두서 없이 썼지만 이 분들에게 꼭 도움이 될 수 있는 정책을 펼쳐 주시면 감사하겠습니다.",출산·산후 초기지원,출산가구 초기지원,출산지원금·출생축하,출산·산후 초기지원,가족건강팀,02-2133-9485,,1순위:가족건강팀,0,,,,,,https://idea.seoul.go.kr/front/freeSuggest/view.do?sn=197853
PROP-197755,2025-01-23,N,미상,0.0,키움센터 추가 개소는 어려울까요,"서울에서 초등학생을 키우고 있는 맞벌이 엄마입니다.
지금까지 집에서 아이 키우다가 이제 아이가 10살이 되어 다시 사회로 돌아가려고 아이 보육에 대해 알아보던 중 우리동네 키움센터라는 좋은 시설이 있는걸 알게 되서 신청하려고 하니
다행히 집 주변에 있긴 하지만 거리가 멀고 수용 인원도 불안하고..
학원을 보내면 좋겠지만 저도 사교육은 좀 덜시키고 어릴 땐 좀 자유롭게 키우고 싶어서 키움센터 이용해서 그곳에서 엄마 퇴근할 때 까지 학교 숙제도 하고 또래 아이들과 어울려 놀다가 엄마 아빠랑 집에서 편하게 보내면 좋겠다 하는데 아쉽더라구요 거리나 수용 인원이나
제가 거주하는 은평구에는 특히 다자녀도 많고 아이가 많습니다.
은평 신사 초등학교 아이들이 도보로 갈 수 있는 거리에 추가 개소는 불가할까요?",보육·돌봄 인프라,초등돌봄,초등돌봄·방과후,보육·돌봄 인프라,돌봄사업팀,02-2133-6560,저출생사업1팀 | 생활지원팀,1순위:돌봄사업팀 | 2순위:저출생사업1팀 | 3순위:생활지원팀,5,영아 전담 아이돌봄서비스 | 외국인 가사(육아)인력 시범사업 | 서울형 손주돌봄수당 지원(민간형) | 서울형 손주돌봄수당 지원(친인척형) | 서울형 아이돌봄비 지원,"출산휴가, 육아휴직 후 복귀하는 맞벌이 가정을 지원하고자 영아 돌봄 교육을 이수한 전담 돌보미가 영아 이유식 먹이기, 젖병 소독 등 영아 특화 돌봄서비스 제공 | 맞벌이 부부 등 ‘육아 조력자’의 도움이 절실한 자녀양육 가정에 외국인 육아도우미를 활용한 양육지원사업 도입 | 영아를 키우는 가정에서 조부모(4촌 이내 친인척 포함)가 영아를 돌보는 경우 또는 서울시에서 지정한 민간기관의 손주돌봄 서비스를 이용 시 돌봄 비용을 지원(택1)하여 가정의 양육부담 경감 ① 친인척 조력자 손주돌봄수... | 영아를 키우는 가정에서 조부모(4촌 이내 친인척 포함)가 영아를 돌보는 경우 또는 서울시에서 지정한 민간기관의 손주돌봄 서비스를 이용 시 돌봄 비용을 지원(택1)하여 가정의 양육부담 경감 ① 친인척 조력자 손주돌봄수... | 영아를 키우는 가정에서 조부모(4촌 이내 친인척 포함)가 영아를 돌보는 경우 또는 서울시에서 지정한 민간기관의 아이돌봄서비스를 이용 시 돌봄 비용을 지원(택1)하여 가정의 양육부담 경감 ① 친인척 조력자 아이돌봄비 ...",,,,https://idea.seoul.go.kr/front/freeSuggest/view.do?sn=197755
PROP-197727,2025-01-19,N,미상,7.0,서울시 자녀출산 무주택가구 지원 정책 소득 기준 관련 제안,"서울시 자녀출산 무주택가구 지원 정책 소득 기준 관련 제안
안녕하세요.
항상 서울 시민을 위해 좋은 정책을 고민해주시는 서울시장님 및 관계자 여러분께 감사드립니다.
서울시에서 발표한
자녀출산 무주택가구 지원 정책
관련
하여 의견을 드리고자 합니다.
1월 8일에 발행된 “내 손안에 서울” 간행물을 통해, 이번 정책에
소득 기준
이 추가된 것을 확인했습니다. 이에 대해
소득 기준을
제외해주실 것을 제안
드립니다.
■ 요청 사유
1. 주거에 대한
이미 충분한 기준 존재
- 주거 형태(무주택)와 주거비(전세 3억 이하, 월세 130만 이하)라는 기준이 이미 설정되어 있습니다. 또한 임대/공공주택 거주자 제외와 주거관련 금융 지원을 받은 사람은 제외힌다는 이 기준만으로도 지원 대상의 적합성을 충분히 검증할 수 있으므로, 소득 기준까지 추가하는 것은 불필요한 제약이라고 생각합니다.
2. 출산 전/후 소득 변동성 문제
- 정책 시행이 2025년 5월로 예정되어 있으니, 기준이 되는 소득은 2025년 4월 건강보험료를 통해 산정될 것입니다. 그럼 2024년 소득을 반영하게 되는데, 출산가구의 경우 2024년의 소득이 2025년에 그대로 유지되지 않을 가능성이 큽니다.
예를 들어 출산 후 육아휴직, 출산 전 계약직/임시직 근무, 일시적 소득 발생 등의 이유로 소득은 변동성이 큽니다.
이러한 변동성으로 인해
2024년 한 해의 소득
을 기준으로 정책 대상에서 제외되는 사례가 발생할 수 있습니다. 출산 전 소득을 기준으로 출산 후 정책의 수혜 여부를 판단함으로서 발생되는 문제입니다.
3. 출산/육아의 특수성 고려 필요
- 특히 출산과 육아는 다른 상황과 달리 신혼부부들이 빠듯한 생활비 속에서 육아를 해야 하는 특수성이 있습니다. 앞서 이야기한 출산 전후 소득 변동과 같이 출산 전 소득이 출산 후에도 지속되지 않기에 발생하는 특수한 어려움들이 있습니나. 기존 다른 정책과는 다르게 출산/육아 정책의 경우 이러한 특수성을 고려하여 대상자 선정 및 집행되어야 한다고 생각합니다.
■ 제안 내용
주거비 지원 정책이므로 **주거 형태(무주택)**와 **주거비 기준(전세 3억 이하, 월세 130만 이하)**공공임대 거주 또는 주거관련 정부 지원 기수혜자 제외를 충족하는
주거 관련 조건은 유지하되, 소득 조건은 제외
해 주시길 제안드립니다.
이러한 개선이 이루어진다면, 정책이 더욱 실질적으로 필요한 대상에게 혜택이 돌아갈 것입니다.
서울시장님께서 저출산 대책의 일환으로 발표하신 주거비 지원 정책은 출산·육아로 어려움을 겪는 가구에게 큰 희망이 될 수 있을거라 생각합니다.
이 정책이 더욱 많은 출산 가정에
실질적인 도움이 될 수 있도록, 5월 세부 기준 공개와 정책 시행 시 제안을 반영해 주시길 부탁드립니다.
감사합니다.",출산·산후 초기지원,출산가구 초기지원,출산지원금·출생축하,출산·산후 초기지원,가족지원팀,02-2133-6562,가족건강팀,1순위:가족지원팀 | 2순위:가족건강팀,5,서울형 육아휴직장려금(사업종료) | 서울형 육아휴직장려금 | 육아휴직장려금 | 1인 자영업자 등 배우자 출산휴가급여 지원 | 영아 전담 아이돌봄서비스,"○ 자녀 1인당 최대 120만원 지원 - 육아휴직기간 연속 6개월 시 60만원, 연속 12개월 경과 시 60만원 추가지급 ※ 부?모 모두 육아휴직 시 각각 지급 (자녀 1인에 대해 가구당 최대 240만원 지급) | ○ 자녀 1인당 최대 120만원 지원 - 육아휴직기간 연속 6개월 시 60만원, 연속 12개월 경과 시 60만원 추가지급 ※ 부?모 모두 육아휴직 시 각각 지급 (자녀 1인에 대해 가구당 최대 240만원 지급) | ○ 1인 최대 120만원 지원 - 육아휴직기간 연속 6개월 시 60만원, 연속 12개월 경과 시 60만원 추가지급 ※ 부?모 동시 육아휴직 시 각각 지급 (자녀 1인에 대해 가구당 최대 240만원 지급) | 1인 자영업자 등에 배우자(남편) 출산휴가급여 최대 120만원(15일분) 지원 (2026.1.1. 기준 출생아부터 적용) - 2025년 출생아는 최대 80만원(10일분) 지원 ㅇ 지원대상에 대한 자격요건 완화(202... | 출산휴가, 육아휴직 후 복귀하는 맞벌이 가정을 지원하고자 영아 돌봄 교육을 이수한 전담 돌보미가 영아 이유식 먹이기, 젖병 소독 등 영아 특화 돌봄서비스 제공",,,,https://idea.seoul.go.kr/front/freeSuggest/view.do?sn=197727
PROP-197723,2025-01-16,N,미상,1.0,임산부 시내버스 탑승 편의 개선 제안,임산부 시내버스 탑승 편의 개선 제안,임신·난임·생식건강,임산부 건강·배려,임산부 건강관리·배려,임신·난임·생식건강,건강임신지원팀,02-2133-9492,저출생사업1팀 | 가족지원팀,1순위:건강임신지원팀 | 2순위:저출생사업1팀 | 3순위:가족지원팀,1,임산부 배려공간 조성,ㅇ 교통 약자인 임산부의 엘리베이터 안전사고 예방 및 배려문화 확산을 위해 엘리베이터 내?외부에 임산부 배려공간 조성(엠블럼 부착)   - 임산부를 위해 해당 공간을 비워두고 양보하는 사회 분위기 확산 유도 ㅇ 임산...,,,,https://idea.seoul.go.kr/front/freeSuggest/view.do?sn=197723
PROP-197702,2025-01-12,N,미상,3.0,다자녀 서울런 확대 강력히 요청합니다,"재수생,중학생,고등학생 둔 세아이 엄마입니다.
서울런 다자녀도 들을 수 있게 확대시행한다 들었는데 기대하고 사이트 들어가 보니 다자녀는 없네요.
다둥이 카드로 어떤 교육적 혜택도 못 받고 있는게 현실이고 아이들에게도 와닿는 실질적인 혜택인 서울런이라도 빨리 확대 시행부탁드립니다.",다자녀·양육비·생활지원,다자녀 혜택,다자녀 기준·할인·감면,다자녀·양육비·생활지원,저출생사업1팀,02-2133-5021,생활지원팀,1순위:저출생사업1팀 | 2순위:생활지원팀,0,,,,,POLICY_REMOVED:공공요금 감면 요구가 아닌 제안에 공공요금 정책 후보: 다자녀 가구 하수도사용료 감면 || POLICY_REMOVED:차량 취득세 요구가 아닌 제안에 취득세 정책 후보: 다자녀 가구 자동차 취득세 감면 || POLICY_REMOVED:차량 취득세 요구가 아닌 제안에 취득세 정책 후보: 다자녀가구 자동차 취득세 취약계층 감면 || POLICY_REMOVED:공공요금 감면 요구가 아닌 제안에 공공요금 정책 후보: 다자녀 가구 하수도사용료 감면 || POLICY_REMOVED:차량 취득세 요구가 아닌 제안에 취득세 정책 후보: 다자녀 가구 자동차 취득세 감면 || POLICY_REMOVED:차량 취득세 요구가 아닌 제안에 취득세 정책 후보: 다자녀가구 자동차 취득세 취약계층 감면 || POLICY_REMOVED:공공요금 감면 요구가 아닌 제안에 공공요금 정책 후보: 다자녀 가구 하수도사용료 감면 || POLICY_REMOVED:차량 취득세 요구가 아닌 제안에 취득세 정책 후보: 다자녀 가구 자동차 취득세 감면 || POLICY_REMOVED:차량 취득세 요구가 아닌 제안에 취득세 정책 후보: 다자녀가구 자동차 취득세 취약계층 감면,https://idea.seoul.go.kr/front/freeSuggest/view.do?sn=197702
PROP-197676,2025-01-05,N,미상,2.0,애완견 외출시 기저귀 채워 주세요,"근래 애완견을 기르는 인구가 폭발적으로 늘어나고 있습니다.
그런데 주변분들에게 많은 피해를 주고 있습니다.
본인은 사랑하는 애완견이지만
개를 싫어하는 분들에게는 혐오물이 될 수 있습니다.
1. 짖어서 소음
2. 털이 빠져 날려서 호흡기 장애
3. 주면에 냄새
요즘 개를 데리고 운동시킨다며 다니는데
개는 외출하면 습관적으로 소변으로 표시하는 버릇이 있습니다.
어떤 때는 똥을 싸고 치우지도 않아 눈살을 찌푸리게 합니다.
그래서 길거리나 공원 등에 냄새가 많이 납니다.
그리고 병균을 옮길 수도 있습니다.
그래서 캠페인을 해 주셨으면 합니다.
애완견 외출시 기저귀를 채우자",다자녀·양육비·생활지원,양육비·생활비 지원,분유·기저귀·아동수당·부모급여,다자녀·양육비·생활지원,저출생사업1팀,02-2133-5027,가족건강팀 | 생활지원팀,1순위:저출생사업1팀 | 2순위:가족건강팀 | 3순위:생활지원팀,0,,,,,"TAG_REVIEW:현재 태그=다자녀·양육비·생활지원, 태그 핵심어 약함 || TAG_REVIEW:현재 태그=다자녀·양육비·생활지원, 태그 핵심어 약함",https://idea.seoul.go.kr/front/freeSuggest/view.do?sn=197676
PROP-197624,2024-12-25,N,미상,32.0,다둥이행복카드 소지 대상자 키즈카페머니 바우처 지급,다둥이행복카드 소지 대상자 키즈카페머니 바우처 지급,다자녀·양육비·생활지원,다자녀 혜택,다자녀 기준·할인·감면,다자녀·양육비·생활지원,저출생사업1팀,02-2133-5025,생활지원팀,1순위:저출생사업1팀 | 2순위:생활지원팀,3,저소득층 기저귀조제분유 취약계층 지원 (사회서비스전자바우처) | 농식품바우처 취약계층 지원 | 과학문화 바우처 취약계층 지원,"(출산가정/ⓧ/(기저귀)만2세 미만의 영아를 둔 기초생활보장, 차상위,, 한부모가족 수급 가구 대상. (조제분유)아동복지시설, 공동생활가정, 입양아동, 한부모 아동 등(별도 확인)/남여/기저귀, 조제분유 구매비용) | (생계급여 수급가구 중 임산부,영유아,아동이 포함된 가구/농협하나로마트 등의 공급처에서 국내산 과일, 채소, 흰우유, 신선계란, 육류, 잡곡류, 두부류를 구매할 수 있는 농식품바우처 제공) | (6세 이상(2019.12.31 이전 출생자) 기초생활수급자, 차상위계층/과학문화 상품 및 서비스 이용하는 온라인 포인트 5만원 지급/과학문화바우처 홈페이지)",,,,https://idea.seoul.go.kr/front/freeSuggest/view.do?sn=197624
PROP-197619,2024-12-24,N,미상,3.0,지하철 임산부석 해결 방안,"안녕하세요
임산부인 와이프가 출, 퇴근을 하며 임산부석과 관련하여 몸소 느낀 점과 평소 교통약자에 관심이 많았던 제가 생각을 정리하여 제안합니다.
임산부석은 지하철 일반승객이 탑승하는 칸에 마련되어 일반인들과 함께 탑승합니다. 그러므로 임산부석이 일반인들에게 앉고 싶은 상황에 많이 노출되어 있어, 주변에 임산부가 없다면 '잠깐 앉아 있자'라는 생각을 하게 됩니다. 저 또한 그런 상황을 많이 접했습니다. 그리고 일반인이 '잠깐 앉아 있다가 임산부 오면 비켜줘야겠다'라고 생각하고 앉았다면 임산부가 그 사람 앞에서 임산부 배지를 보이거나 말을 걸지 않는 한 임산부가 왔다는 것을 모를 것이며, 임산부 또한 말하기 어려우며 애매한 상황이 많습니다. 그래서 제가 제안드리는 방안은 임산부들만 탑승할 수 있는 지하철 1칸(핑크색)을 만드는 것입니다. 또한 그 칸을 관리하기 위한 '어르신'을 고용하여, 교통약자배려, 어르신 일자리 창출 등 일석이조 정책 효과를 발생시킬 수 있습니다. 대한민국은 현재 저출생이라는 큰 위기에 봉착했습니다. 저출산을 극복하기 위한 과감한 정책이 필요합니다. 이상입니다.",임신·난임·생식건강,임산부 건강·배려,임산부 건강관리·배려,임신·난임·생식건강,건강임신지원팀,02-2133-9491,가족지원팀 | 저출생사업1팀,1순위:건강임신지원팀 | 2순위:가족지원팀 | 3순위:저출생사업1팀,1,임산부 배려공간 조성,ㅇ 교통 약자인 임산부의 엘리베이터 안전사고 예방 및 배려문화 확산을 위해 엘리베이터 내?외부에 임산부 배려공간 조성(엠블럼 부착)   - 임산부를 위해 해당 공간을 비워두고 양보하는 사회 분위기 확산 유도 ㅇ 임산...,,,,https://idea.seoul.go.kr/front/freeSuggest/view.do?sn=197619
PROP-197605,2024-12-19,N,미상,1.0,서울시 신혼부부 전세대출 소급적용 요청,서울시 신혼부부 전세대출 소급적용 요청,주거·교통·도시생활환경,출산가구 주거,신혼부부·출산가구 주거지원,주거·교통·도시생활환경,저출생사업1팀,02-2133-5027,,1순위:저출생사업1팀,4,신혼부부 결혼ㆍ살림비용 지원 | 신혼희망타운 | 신혼부부 전용 주택 구입 자금 대출 | 신혼부부 임차보증금 이자 지원,"ㅇ 결혼ㆍ살림 비용 최대 100만원 지원    - 결혼준비 및 혼인살림 장만 관련 비용 지출    ※ 생애 1회 지급   ? 결혼준비 : 혼수, 예식장, 신혼여행, 청첩장 등    ? 혼인살림 : 전자제품, 주방가전... | 신혼희망타운 분양?임대주택 공급 및 청약 자격 제공 | 연 2.55~3.85% 금리로 주택구입 자금 대출, 최대 3억 2천만 원 한도 | - 임차보증금 대출금: 최대 3억원(임차보증금의 90% 이내) - 이자지원 금리: 최대 4.5% - 지원기간: 최장 10년(25.11.20. 부터 최장 12년) ※ 자세한 사항은 서울주거포털 공고문 참조",,,,https://idea.seoul.go.kr/front/freeSuggest/view.do?sn=197605
PROP-197602,2024-12-19,N,미상,26.0,자녀 출산 무주택 가구 주거비 지원 정책 조건 완화 제안,"안녕하세요. 내년 출산을 앞두고 있는 서울 시민입니다.
올해 열심히 서울시에서 홍보했던 '자녀 출산 무주택 가구 주거비 지원 정책'을 보고 출산의 용기를 얻고 내년 4월 출산을 하게 되었습니다.
다만 올 12월 들어 갑자기 조건이 거의 뒤집히다시피 변경되었다는 청천벽력같은 소식을 접하게 되었습니다.
전세가 기준이 당초 홍보 시 7억이었던 정책이 갑자기 3억으로 줄어들었습니다. 여성가족정책실에 문의해보니 저소득층 타겟으로 정책 방향성이 바뀌었다고 하는데 올해 내내 홍보한 정책을 이렇게 갑자기 방향성을 뒤틀어도 되는건지 의문입니다.
서울에 3억 아래인 전세 아파트가 얼마나 있는지도 의문이고 정책 시행 직전에 이런 변경은 출산의 용기를 얻은 서울 신혼부부들을 기만하는 것이라는 생각밖에 들지 않습니다.
이자지원 한도는 늘리고 주거지원 조건은 낮추는 부분을 보고 정책 방향성이 도무지 와닿지가 않습니다.
정책이 시행되기 전에 부디 지원조건 다시 완화할 수 있는 방안에 대해서 검토 부탁드립니다.",출산·산후 초기지원,출산가구 초기지원,출산지원금·출생축하,출산·산후 초기지원,가족건강팀,02-2133-9485,저출생사업1팀,1순위:가족건강팀 | 2순위:저출생사업1팀,2,자녀출산 무주택가구 주거비 지원 | 주거급여 (맞춤형 급여) 취약계층 지원,월 최대 30만원(2년간 최대 720만원) 주거비 지원 | (소득인정액이 기준 중위소득 48% 이내의 가구/ 타인의 주택 등에 거주하면서 임대차 계약 등을 체결하고 임차료를 지불하는 자에게 지역별 기준임대료를 상한으로 실제 임차료(월임차료+보증금 환산액) 지원ㆍ3급지(광역시...,,,,https://idea.seoul.go.kr/front/freeSuggest/view.do?sn=197602
PROP-197585,2024-12-16,N,미상,0.0,노인+유치원 공동 돌봄 시스템 운영,"새로운 제안이기 보다는 현재 중국에서 시행되고 있는 제도를 우리나라 시스템으로 도입해보면 어떨까 해서 제안드립니다.
* 노인과 유치원 공동 돌봄 시스템
- 노인과 유치원을 한건물에서 운영하며 서로의 부족한 점을 보완
1. 등하교시 노인을 활용하여 유치원 등하교 지원 / 점심 식사 보조로 활용 가능
2. 유치원 재롱잔치 및 생일잔치에 노인들과 함께 함으로써 노인들의 무료한 삶에 활력소로 작용
3. 고령인구 활용이라는 점과 육아환경이 어렵다는 점에서 위의 제도를 검토 부탁드립니다.",보육·돌봄 인프라,어린이집·유치원,보육시설·유아교육,보육·돌봄 인프라,돌봄사업팀,02-2133-6560,저출생사업1팀,1순위:돌봄사업팀 | 2순위:저출생사업1팀,5,병원동행 전담 아이돌봄서비스 | 아픈아이 전담 아이돌봄서비스 | 영아 전담 아이돌봄서비스 | 영아종일제 아이돌봄 서비스 | 초등돌봄교실,"부모의 맞벌이 등으로 아픈 자녀의 병원 동행을 할 수 없는 경우 아이돌보미가 병원 동행 및 가정 내 돌봄 서비스 제공 | 부모의 맞벌이 등으로 아픈 자녀의 병원 동행을 할 수 없는 경우 아이돌보미가 병원 동행 및 가정 내 돌봄 서비스 제공('23년은 5개구 시범운영 중 : 성동, 동대문, 강북, 강서, 서초) | 출산휴가, 육아휴직 후 복귀하는 맞벌이 가정을 지원하고자 영아 돌봄 교육을 이수한 전담 돌보미가 영아 이유식 먹이기, 젖병 소독 등 영아 특화 돌봄서비스 제공 | 양육공백 가정에 아이돌보미가 찾아가 영아 이유식 먹이기, 젖병 소독, 기저귀 갈기, 목욕 등 돌봄 서비스 제공  ※ 정부지원 아이돌봄 서비스는 서울형 아이돌봄비(조부모 돌봄수당 등)와 별개의 사업   - 서울형 아이... | 돌봄, 교육 및 일부 급?간식비 지원",,,,https://idea.seoul.go.kr/front/freeSuggest/view.do?sn=197585
PROP-197539,2024-12-06,N,미상,1.0,임산부석 이용 증진 관련,"임산부석에 임산부가 아닌 분들이 당당히 앉아있는 것을 보고 느끼는 바가 있어 제안해봅니다.
서울시에서 임산부 관련 교통 지원 사업을 하고 있는 것으로 알고 있습니다.
임산부 전용의 교통카드를 배포하여, 지하철 및 버스에 착석할때 찍을 별도의 카드 단말을 좌석에 설치하고, 태그하고 앉을 수 있도록 하면 좋을 것 같습니다. 좌석에는 센서를 설치하구요.
태그하지 않으면 거슬리는 비프음이 계속 들리게끔 하여 해당 좌석을 비해당자가 이용하지 못하도록 하여야 합니다.",임신·난임·생식건강,임산부 건강·배려,임산부 건강관리·배려,임신·난임·생식건강,건강임신지원팀,02-2133-9491,가족지원팀,1순위:건강임신지원팀 | 2순위:가족지원팀,1,임산부 배려공간 조성,ㅇ 교통 약자인 임산부의 엘리베이터 안전사고 예방 및 배려문화 확산을 위해 엘리베이터 내?외부에 임산부 배려공간 조성(엠블럼 부착)   - 임산부를 위해 해당 공간을 비워두고 양보하는 사회 분위기 확산 유도 ㅇ 임산...,,,,https://idea.seoul.go.kr/front/freeSuggest/view.do?sn=197539
PROP-197532,2024-12-05,N,미상,4.0,무용지물인 버스 임산부석 이용 개선 - 임산부벨 도입,무용지물인 버스 임산부석 이용 개선 - 임산부벨 도입,임신·난임·생식건강,임산부 건강·배려,임산부 건강관리·배려,임신·난임·생식건강,건강임신지원팀,02-2133-9492,저출생사업1팀 | 생활지원팀,1순위:건강임신지원팀 | 2순위:저출생사업1팀 | 3순위:생활지원팀,1,임산부 배려공간 조성,ㅇ 교통 약자인 임산부의 엘리베이터 안전사고 예방 및 배려문화 확산을 위해 엘리베이터 내?외부에 임산부 배려공간 조성(엠블럼 부착)   - 임산부를 위해 해당 공간을 비워두고 양보하는 사회 분위기 확산 유도 ㅇ 임산...,,,,https://idea.seoul.go.kr/front/freeSuggest/view.do?sn=197532
PROP-197512,2024-12-02,N,미상,0.0,신혼부부 전세대출 개선,"신혼부부 전세대출
우대금리 조건 중 결혼 예정자에게 0.2% 우대 지원을 해주고 있습니다.
결혼예정자는 결혼식 계약서 또는 청첩장을 만들어서 증빙하라는데
결혼식을 생략하는 경우에는 결혼예정인 커플이여도 혜택을 못 받습니다.
결혼식장 비용이 만만치가 않습니다.
젊은층에서 결혼식을 생략하는 경우도 있는데
이런 사람들도 같은 조건에서 혜택 받을수 있게 제도 개선이 필요한거 같습니다.
혼인신고 요건이 결혼식 계약이나 청첩장을 증빙해야하는건 아닌 만큼 고려해주시기 바랍니다.",주거·교통·도시생활환경,출산가구 주거,신혼부부·출산가구 주거지원,주거·교통·도시생활환경,저출생사업1팀,02-2133-5025,가족지원팀,1순위:저출생사업1팀 | 2순위:가족지원팀,5,신혼부부 결혼ㆍ살림비용 지원 | 자녀출산 무주택가구 주거비 지원 | 신혼희망타운 | 신혼부부 전용 주택 구입 자금 대출 | 신혼부부 임차보증금 이자 지원,"ㅇ 결혼ㆍ살림 비용 최대 100만원 지원    - 결혼준비 및 혼인살림 장만 관련 비용 지출    ※ 생애 1회 지급   ? 결혼준비 : 혼수, 예식장, 신혼여행, 청첩장 등    ? 혼인살림 : 전자제품, 주방가전... | 월 최대 30만원(2년간 최대 720만원) 주거비 지원 | 신혼희망타운 분양?임대주택 공급 및 청약 자격 제공 | 연 2.55~3.85% 금리로 주택구입 자금 대출, 최대 3억 2천만 원 한도 | - 임차보증금 대출금: 최대 3억원(임차보증금의 90% 이내) - 이자지원 금리: 최대 4.5% - 지원기간: 최장 10년(25.11.20. 부터 최장 12년) ※ 자세한 사항은 서울주거포털 공고문 참조",,,,https://idea.seoul.go.kr/front/freeSuggest/view.do?sn=197512
PROP-197507,2024-12-02,N,미상,7.0,서울시 자녀출산 무주택 가구 주거비 지원 대상 건의,"서울시 자녀출산 무주택 가구 주거비 지원 대상관련 건의드립니다.
최근자 뉴스보니 지원대상이
전세가 7억에서 3억/월130만으로 하향조정되어 내년 예산안 편성에 올라갔다고 보았습니다.
현실적으로 서울시 내 3억이하는 원룸이나 소형 빌라만 가능한수준으로 출산가구에 얼마나 혜택이 돌아갈지 의문이며
월세 130만원 기준은 그에 비해 합당하지않다고 생각됩니다. 제가 집알아볼시 보증금 억단위에 월세 100-130만원 많이 봤기때문입니다.
경기도에서 무리하여 전세보증금이자로 월 140만원정도를 내며 사는 신혼부부입장에서 서울시 출산가구 무주택 가구 지원소식은 이사했을때 매우 반가웠으나 출산할때쯔음 최근 뉴스를 찾아보다 전세가기준을 보고 아쉬운 마음에 건의드려봅니다.
차라리 월소득+자산기준으로 저소득층에게 혜택으로 돌아가는것도 아니고 전세가, 월세가 기준으로하면서 무주택 지원이라는 이름하에 출산장려정책은 맞지않다 생각합니다.
20대초반 직장후배가 원룸알아본곳이 전세가 2억 중반이라고합니다. 3인이상 출산가구에 맞는 대상기준 확대를 요청드립니다.",출산·산후 초기지원,출산가구 초기지원,출산지원금·출생축하,출산·산후 초기지원,가족건강팀,02-2133-9486,저출생사업1팀,1순위:가족건강팀 | 2순위:저출생사업1팀,5,1인 자영업자 등 배우자 출산휴가급여 지원 | 배우자 출산휴가 지원금 | 서울형 강소기업 지원 | 서울형 강소기업 지원(사업종료) | 임산부 출산급여 지원,"1인 자영업자 등에 배우자(남편) 출산휴가급여 최대 120만원(15일분) 지원 (2026.1.1. 기준 출생아부터 적용) - 2025년 출생아는 최대 80만원(10일분) 지원 ㅇ 지원대상에 대한 자격요건 완화(202... | ㅇ 임산부 배우자를 둔 1인 자영업자?프리랜서에 배우자 출산휴가 지원금 80만원 지원 | ① 청년 정규직 채용 시, 사내복지 개선 등 근무환경개선금 최대 45백만원 지원 ② 육아휴직자 대체 청년인턴에 최대 23개월 인건비 지원으로 업무공백 해소 ③ 육아친화 및 일?생활 균형 조직문화 조성을 위한 교육?컨... | ① 청년 정규직 채용 시, 사내복지 개선 등 근무환경개선금지원(최대 3명) ② 육아친화 및 일?생활 균형 조직문화 조성을 위한 교육?컨설팅 지원 ③ 마음챙김, 스트레스 관리로 신입사원 번아웃 예방을 위한 청년성장 프... | ㅇ 임산부 출산급여 90만원 지원 ※고용노동부 ‘고용보험 미적용자 출산급여’ 150만원에 추가지원",,,,https://idea.seoul.go.kr/front/freeSuggest/view.do?sn=197507
PROP-197491,2024-11-28,N,미상,0.0,출산장려정책은 역차별이다.,"출산율이 0.6까지 내려와서 저출산이 심각한 상황이 되었습니다. 하지만, 지금까지의 출산정책은 제대로 효과를 발휘하지 못하고 세원 낭비를 하며, 오히려 역차별이 된다고 생각합니다.
1. 소득별 출산율의 현황
소득별로 출산율을 계산하면, 우선 소득을 3부분으로 나눠서 고소득층, 중산층, 그리고 저소득층으로 나누면, 저소득층의 출산율은 10%정도 밖에 안됩니다. 이 데이터를 근거로 하면, 소득이 없으면 아이를 낳지 않는다는 얘기가 됩니다. 고소득자와 중산층은 정책을 하지 않아도 낳을 사람들이나, 이들이 전체 90%의 출산율을 차지하면서, 그들에게 출산정책의 혜택이 몰아가고 있습니다.
2. 출산정책의 역차별
소득이 없으면 아이를 낳지 않고, 소득이 있는 사람만 애를 낳는데, 그 애를 낳았다고 정부에서 지원까지 합니다. 이것은 일본에서 말하는 '미혼세금'이라고 볼 수 있습니다. 간접적 미혼세금으로 역차별로 인해, 소득이 없는 사람은 출산정책의 비용을 같이 부담함에도, 돈이 없어서 아이를 못 낳아 역차별을 받고 있습니다. 게다가, 위에서 언급했듯, 고소득자와 중산층은 출산정책 때문에 애를 낳는 사람들이 아니라, 그냥 여유가 있어서 충분히 애를 낳을 수 있는 사람들입니다.
3. 출산의 정책적 방향
애를 낳으면 무조건 정책적 보조를 하는 것이 아니라, 소득별 차등지원을 해야 합니다. 저소득자들에게 출산정책이 몰아주고, 소득이 있고 여유가 있는 사람들에게는 차등으로 주어야 합니다. 지금의 소득별 출산율을 보면, 고소득자들의 출산비율은 오히려 출산율이 떨어져도, 그 안에서의 비율은 올랐습니다. 즉, 그들은 뭘 해도 낳고 싶으면 낳는 사람입니다. 중산층 또한 마찬가지입니다. 출산율이 떨어졌는데도, 저소득자들의 전체 출산에서의 비중은 더 떨어졌습니다.
즉, 지금의 경제상황이 열악한 상태에서, 고소득자와 중산층은 경기에 변화와 둔감하게 낳고 싶으면 낳는 사람들이고, 저소득자들은 경기의 영향을 가장 많이 받는 집단입니다. 이들에게 출산에 대한 정책을 집중한다면, 지금까지 효과가 없다시피한 출산정책에 효과가 생긴다고 봅니다.
아울러, 간접적인 미혼세금이 되버린 출산정책을 보완하여 복지 정책의 한부분으로 정착시킬 수 있다고 생각합니다.",출산·산후 초기지원,출산가구 초기지원,출산지원금·출생축하,출산·산후 초기지원,가족건강팀,02-2133-9485,가족지원팀,1순위:가족건강팀 | 2순위:가족지원팀,0,,,,,"TAG_REVIEW:현재 태그=취약·다양가족 사각지대, 태그 핵심어 약함",https://idea.seoul.go.kr/front/freeSuggest/view.do?sn=197491
PROP-197374,2024-11-04,N,미상,1.0,난임치료 여성에게도 핑크색 배려를..!,"안녕하세요, 난임치료 중인 서울시민입니다. 너무 감사하게도 서울시는 난임으로 어려워하는 가정을 위해 소득기준의 벽을 과감히 부수고 총 20회까지도 지원이 가능한 것으로 알고 있습니다. 그 외 난임상담이나 약제비 지원 등 적극적으로 지원해주심에 다시 한 번 감사드립니다.
그러면서도 제안드리고 싶은 것은,
체외수정으로 인공수정 및 배아 이식 후 착상까지 4~5일 정도의 시간이 소요되고 임신 판정을 받기까지 5주 정도가 필요한데 그 사이 핑크색 뱃지를 받을 수 없는 난임인들은 인파가 많은 지하철을 이용하면서도 자리에 앉기가 쉽지 않습니다.
개인적으로 수면마취를 해야하는 난자채취를 3번 하였고 동결이식을 4차 진행하였으나 하루정도 연차를 내고 다음날 회복되지 않은 상태로 출근할 수 밖에 없었습니다.(난임휴가는 아직 유급 1일이고 남은 연차로 병원에 가야할 때 나눠쓰려면 아껴서 사용해야하기 때문이죠)
채취 후엔 자궁이 많이 부어 통증이 있고, 복수가 찰 수도 있습니다. 이식 후 아주 작은 배아가 혹여 착상하지 못하면 어쩌지하는 불안에 걷는 것도 조심하게 됩니다. 오늘도 이식 후 4일차 병원에 가야하는데 지하철 인파는 많고 핑크뱃지를 다신 분들도 많은 틈바구니에서 핑크색 의자는 꿈도 꾸기 어려웠습니다. 아직 임신은 아니지만 스스로는 어려운 과정을 지나고 있기에 너무 조심스러워 난임치료 중인 제가 갑자기 서글퍼 눈물이 왈칵 났습니다. 돌아오는 버스 안에서도 대학생으로 가득찬 버스에 올라 자리에 앉았지만 핑크뱃지를 하신 분에게 자리를 양보하며 ‘난 아직 임신을 하지 않았지’ 라며 스스로를 다독였습니다.
난임치료를 시작하면 여성이 평소 몸에서 자연생성되는 호르몬의 10배를 투입하여 과배란하고 이식 이후에도 임신을 돕는 호르몬을 8주까지는 주입해주어야 한다고 합니다. 일을 잘하는 서울시가 임산부 뱃지로 미래의 사랑둥이를 응원하듯이 난임인들이 치료과정에서도 소외되지 않고 이 난관을 잘 지나가도록 보다 폭넓은 응원을 해주시면 어떨까요? 미래 사랑둥이 준비하는 여성으로 난임치료 중인 여성들도 함께 응원해주시면 좋겠습니다!",임신·난임·생식건강,난임 지원,난임시술·주사·시술비,임신·난임·생식건강,건강임신지원팀,02-2133-9491,저출생사업1팀 | 생활지원팀,1순위:건강임신지원팀 | 2순위:저출생사업1팀 | 3순위:생활지원팀,1,임산부 배려공간 조성,ㅇ 교통 약자인 임산부의 엘리베이터 안전사고 예방 및 배려문화 확산을 위해 엘리베이터 내?외부에 임산부 배려공간 조성(엠블럼 부착)   - 임산부를 위해 해당 공간을 비워두고 양보하는 사회 분위기 확산 유도 ㅇ 임산...,,,,https://idea.seoul.go.kr/front/freeSuggest/view.do?sn=197374
PROP-197370,2024-11-04,N,미상,1.0,임산부 뱃지 제안,"안녕하세요?
저출생으로 국가적으로 출생을 장려하고 있는 요즘 생각보다 임산부석에 앉아 있는 사람이 많습니다. 피곤한 아침과 저녁 자리만 있다면 앉고 싶은 생각이 유혹하기도 합니다.
지난 29일 아버지와 병원 동행을 하던 중
임산부석에는 피곤한 직장인이 앉아 있었습니다.  그런데 옆에 서있는 사람은 귀하디 귀한 임산부님 베낭에 뱃지가 있었고 뒤에 있는 사람은 알아볼 수 있지만  피곤한 직장인 못받습니다.
제안: 옷에 부착하는 뱃지를 착용
임신부인줄 본인이 알리고자 할때는 여러방법을 통해 알릴 수 있게 하자입니다.",임신·난임·생식건강,임산부 건강·배려,임산부 건강관리·배려,임신·난임·생식건강,건강임신지원팀,02-2133-9491,가족지원팀 | 저출생사업1팀,1순위:건강임신지원팀 | 2순위:가족지원팀 | 3순위:저출생사업1팀,1,임산부 배려공간 조성,ㅇ 교통 약자인 임산부의 엘리베이터 안전사고 예방 및 배려문화 확산을 위해 엘리베이터 내?외부에 임산부 배려공간 조성(엠블럼 부착)   - 임산부를 위해 해당 공간을 비워두고 양보하는 사회 분위기 확산 유도 ㅇ 임산...,,,,https://idea.seoul.go.kr/front/freeSuggest/view.do?sn=197370
PROP-197368,2024-11-04,N,미상,1.0,임산부 교통카드를 만들어주세요~,"26주차 임산부입니다. 저는 임신중이지만 출퇴근을 하며 다니고 있는데요. 주로 버스를 이용합니다. 임신초기에도 물론 입덧 등으로 출퇴근이 힘들었지만 배가 불러오며 점점 힘들어지고 있습니다. 버스에도 물론 임산부 배려석이 있지만 버스에 앉은 승객은 앞을 보고 서있는 승객은 옆에 서있는 좌석배치로 임산부 뱃지나 배를 보지 못하는 경우도 많습니다. 그리고 주로 핸드폰을 보기 때문에 더욱더 임산부를 눈치 채고 비켜주는 경우가 없죠... 그래서 청소년카드처럼 카드를 찍었을때 임산부입니다 라는 소리가 나오고 그때 버스 기사님이 임산부가 탔으니 배려 부탁드립니다 하고 한마디만 해주신다면(그런 캠페인 진행) 좀 더 임산부가 임산부 배려석을 이용할수있지 않을까 생각합니다~ 더불어 할인 혜택도 있으면 더 좋겠죠?ㅎㅎ
아니면 임산부가 타면 뱃지에 반응해서 벨이 울리는 방식도 좋을것 같습니다! 살짝 호불호가 있을것 같지만... 지하철에 경우에 더 유용하게 쓰일것 같네요~~",임신·난임·생식건강,임산부 건강·배려,임산부 건강관리·배려,임신·난임·생식건강,건강임신지원팀,02-2133-9492,저출생사업1팀 | 가족지원팀,1순위:건강임신지원팀 | 2순위:저출생사업1팀 | 3순위:가족지원팀,1,임산부 배려공간 조성,ㅇ 교통 약자인 임산부의 엘리베이터 안전사고 예방 및 배려문화 확산을 위해 엘리베이터 내?외부에 임산부 배려공간 조성(엠블럼 부착)   - 임산부를 위해 해당 공간을 비워두고 양보하는 사회 분위기 확산 유도 ㅇ 임산...,,,,https://idea.seoul.go.kr/front/freeSuggest/view.do?sn=197368
PROP-197348,2024-10-30,N,미상,0.0,임산부 배려석 외국어 안내문 표기 확대 제안,임산부 배려석 외국어 안내문 표기 확대 제안,임신·난임·생식건강,임산부 건강·배려,임산부 건강관리·배려,임신·난임·생식건강,건강임신지원팀,02-2133-9492,저출생사업1팀 | 다문화지원팀,1순위:건강임신지원팀 | 2순위:저출생사업1팀 | 3순위:다문화지원팀,1,임산부 배려공간 조성,ㅇ 교통 약자인 임산부의 엘리베이터 안전사고 예방 및 배려문화 확산을 위해 엘리베이터 내?외부에 임산부 배려공간 조성(엠블럼 부착)   - 임산부를 위해 해당 공간을 비워두고 양보하는 사회 분위기 확산 유도 ㅇ 임산...,,,,https://idea.seoul.go.kr/front/freeSuggest/view.do?sn=197348
PROP-197311,2024-10-23,Y,미상,60.0,임산부 배려석 운영 정책 개선 제안,"안녕하세요.
지하철 임산부 배려석의 운영 방식에 대한 개선을 제안하고자 합니다.
0. 현 실태
- 현재 서울시 지하철 임산부 배려석은 임산부를 위한 자리 배려 취지로 운영되고 있지만, 실제로는 비임산부 승객들이 사용하는 경우가 많아 임산부들이 좌석을 이용하는데 어려움을 겪고 있는 실정입니다.
        또한, 임산부들을 위해 비워두는 여러 사람들의 배려를, 오히려 이기적이고 사회적 공감성이 낮은 부류의 사람들이 가로채고 있는 모습들을 보게 됨으로서, 사회적 질서와 배려에 대한 회의감과 분란마저 조장되고 있습니다.
1. 제안 : 임산부 인증기반 배려석 시스템 도입
- 평상시에는 배려석이 접혀있습니다.
      - 임산부가 임산부임을 인증할 수 있는 수단(예: 임산부 배지, 휴대폰 앱 등)으로써, 인증시스템에 태그를 완료한 후에만 좌석이 자동으로 활성화(펼쳐짐)되도록 합니다.
      - 하차를 위해 임산부가 좌석에서 일어나면 자동으로 다시 좌석이 비활성화(접힘)됩니다. 
      * 활성화/비활성화 상태는, 접히고 펴지는 방식이 아닌 더 적합한 다른 방식일 수 있습니다.
2. 효과
- 임산부가 필요할 때만 좌석이 활성화되므로, 배려석이 잘못 사용되는 문제가 없어집니다.
      - 임산부 배려석이 비활성화 상태에는, 비임산부 승객이 서 있을 수 있는 공간으로 활용될 수 있습니다.
      - 임산부들이 눈치를 보지 않고 편안하게 자리를 이용할 수 있어, 배려석의 본래 취지에 맞게 운영될 것입니다.
3. 부연
- 현재 타지자체에서 시행하고 있는, 앱을 통해  불빛, 안내음성 등이 나오게 함으로써 먼저 앉아있는 비임산부 승객이 자리를 양보하도록 유도 하는 방법은 다소 주위를 집중시키는 방식이어서 임산부들이 부담스러워 할 수 있습니다.
       - 하지만, 이 시스템은 소리나 불빛이 없어, 임산부들이 부담스러워 할 수 있는, '관심집중'이 줄어듭니다.  
       - 또한 서울시의 기존 방식은, 먼저 앉아 있던 승객이 일어나야하는 상황이라 임산부들이 미안한 마음이 생겨 차마 배려를 부탁하지 못하는 경우도 많습니다. 하지만, 이 시스템은 앉아있을 수 없는 상태이기 때문에 그런 난처한 상황이 생기지 않습니다.
4. 마무리 말
- 이 제안이 시행된다면,  배려석 공간은 상황에 맞게 효율적으로 사용함으로써, 임산부와 비임산부 모두에게 긍정적인 공간이 될 수 있습니다.
 그래서 대중교통 내 임산부 배려석 운영에 대한 부정적 실태가 없어지고, 임산부들이 보다 안전하고 쾌적한 환경에서 대중교통을 이용할 수 있을 것으로 기대합니다.
소중한 생명을 잉태한 존재라는 것만으로도, 신체적으로 보호가 필요한 존재라는 것만으로도, 임산부에 대한 배려는 반드시 이루어져야 하지만,
국가적 관점에서도, 현재 심각한 저출생 위기에 직면한 우리나라는 임산부들의 일상생활이 힘들지 않도록 최선의 노력을 기울여야 할 것입니다.  
 해당 시스템의 도입을 적극 검토해주시길 바랍니다.
감사합니다.",임신·난임·생식건강,임산부 건강·배려,임산부 건강관리·배려,임신·난임·생식건강,건강임신지원팀,02-2133-9492,가족지원팀 | 가족건강팀,1순위:건강임신지원팀 | 2순위:가족지원팀 | 3순위:가족건강팀,1,임산부 배려공간 조성,ㅇ 교통 약자인 임산부의 엘리베이터 안전사고 예방 및 배려문화 확산을 위해 엘리베이터 내?외부에 임산부 배려공간 조성(엠블럼 부착)   - 임산부를 위해 해당 공간을 비워두고 양보하는 사회 분위기 확산 유도 ㅇ 임산...,,,,https://idea.seoul.go.kr/front/freeSuggest/view.do?sn=197311
PROP-197295,2024-10-20,N,미상,0.0,어린이 등하굣길 교통안전지도 사업제안,"현황 및 문제점
아이들은 보통 안전을 위해 부모랑 같이 등교하는데  맞벌이 부부등은 아이랑 동행하는데 제약을 받는경우가 있어 간혹 혼자보내는 경우가 있을수 있는데 이런경우 아이들의 안전이 걱정될 우려가 있다는 문제가 있다
개선방안
초등학교 1~2학년을 대상으로 방향이 같은 8명 내의 아이들로 노선을 구성한 뒤 노선 당 1명의 지도사를 배치해 등 하굣길을 함께 한다
기대효과
맞벌이 부부등 아이랑 동행하기 어려운분들의 동행부담감 해소",정보·상담·교육·거버넌스,정보 접근성,일반 출산정책 안건,정보·상담·교육·거버넌스,저출생사업1팀,02-2133-5027,가족건강팀 | 생활지원팀,1순위:저출생사업1팀 | 2순위:가족건강팀 | 3순위:생활지원팀,5,영아 전담 아이돌봄서비스 | 외국인 가사(육아)인력 시범사업 | 1인 자영업자 등 배우자 출산휴가급여 지원 | 1인 자영업자?프리랜서 배우자 출산휴가 지원금 | 서울시 중소기업 워라밸 포인트제,"출산휴가, 육아휴직 후 복귀하는 맞벌이 가정을 지원하고자 영아 돌봄 교육을 이수한 전담 돌보미가 영아 이유식 먹이기, 젖병 소독 등 영아 특화 돌봄서비스 제공 | 맞벌이 부부 등 ‘육아 조력자’의 도움이 절실한 자녀양육 가정에 외국인 육아도우미를 활용한 양육지원사업 도입 | 1인 자영업자 등에 배우자(남편) 출산휴가급여 최대 120만원(15일분) 지원 (2026.1.1. 기준 출생아부터 적용) - 2025년 출생아는 최대 80만원(10일분) 지원 ㅇ 지원대상에 대한 자격요건 완화(202... | 1인 자영업자 등에 배우자 출산휴가급여 80만원 지원 | 양육친화 및 일?생활 균형을 위한 중소기업의 다양한 노력을 인정하고 중소기업이 아이 키우기 좋은 기업으로 성장할 수 있도록 지원하는 사업 ① 양육친화 및 일?생활 균형 실적에 따른 포인트 적립 ② 적립 포인트에 따른...",,,"TAG_REVIEW:현재 태그=정보·상담·교육·거버넌스, 태그 핵심어 약함 || TAG_REVIEW:현재 태그=정보·상담·교육·거버넌스, 태그 핵심어 약함",https://idea.seoul.go.kr/front/freeSuggest/view.do?sn=197295
PROP-197288,2024-10-18,N,미상,1.0,서울시 내 다둥이카드 사용 요건을 통일해 주세요.,서울시 내 다둥이카드 사용 요건을 통일해 주세요.,다자녀·양육비·생활지원,다자녀 혜택,다자녀 기준·할인·감면,다자녀·양육비·생활지원,저출생사업1팀,02-2133-5027,,1순위:저출생사업1팀,0,,,,,,https://idea.seoul.go.kr/front/freeSuggest/view.do?sn=197288
PROP-197271,2024-10-16,N,미상,5.0,임산부 배려석에 바닥 라이트를 설치해주세요.,임산부 배려석에 바닥 라이트를 설치해주세요.,임신·난임·생식건강,임산부 건강·배려,임산부 건강관리·배려,임신·난임·생식건강,건강임신지원팀,02-2133-9492,저출생사업1팀 | 가족지원팀,1순위:건강임신지원팀 | 2순위:저출생사업1팀 | 3순위:가족지원팀,1,임산부 배려공간 조성,ㅇ 교통 약자인 임산부의 엘리베이터 안전사고 예방 및 배려문화 확산을 위해 엘리베이터 내?외부에 임산부 배려공간 조성(엠블럼 부착)   - 임산부를 위해 해당 공간을 비워두고 양보하는 사회 분위기 확산 유도 ㅇ 임산...,,,,https://idea.seoul.go.kr/front/freeSuggest/view.do?sn=197271
PROP-197263,2024-10-16,N,미상,1.0,지하철 임산부석 알림음,"지하철에서 기존에 임산부석에 앉아 있던 승객이 임산부 배지를 보고도 자리를 양보하지 않거나 임산부 배지를 보지 못하는 경우, 임산부가 앉지 못하는 경우가 많습니다.
이를 방지하기 위해 지하철 임산부 석에 임산부 배지를 가징 산모가 접근하는 경우 알림음이나 안내 목소리가 나오는 기능이 추가되면 도움이 될 것 같습니다.",임신·난임·생식건강,임산부 건강·배려,임산부 건강관리·배려,임신·난임·생식건강,건강임신지원팀,02-2133-9491,가족지원팀 | 저출생사업1팀,1순위:건강임신지원팀 | 2순위:가족지원팀 | 3순위:저출생사업1팀,1,임산부 배려공간 조성,ㅇ 교통 약자인 임산부의 엘리베이터 안전사고 예방 및 배려문화 확산을 위해 엘리베이터 내?외부에 임산부 배려공간 조성(엠블럼 부착)   - 임산부를 위해 해당 공간을 비워두고 양보하는 사회 분위기 확산 유도 ㅇ 임산...,,,,https://idea.seoul.go.kr/front/freeSuggest/view.do?sn=197263
PROP-197259,2024-10-15,N,미상,0.0,"우리 아이들, 동네 아이들 안전하게 다닐수 있게 도와주세요!!!","안녕하세요.
저는 서울시 노원구 월계동에 살고있는 두아이 아빠 입니다.
바로드릴 말씀은 동네벽이 너무 낙후되어 뜯어지고 곰팡이에 절여져서 귀신동네가 되었습니다.
특히 아이들이 친구들은 챙피하고 무서워서 친한친구들 초대도 못하고 특히 밤에는 나가지도 못하고 있습니다.
배달로 먹고사는 아빠로서는 그져 미안한 마음만 느끼고 있습니다.
건의 드리고져 하는 사항은 (노후된 벽을 좋은 그림을) 그려주셔서 성장하는 아이들에게 기분좋은 동네로 만들어 주세요.
힘없는 동네 아버지가 인자하시고 힘있는 오세훈 서울시장 아버님께 간곡히 부탁드립니다.
노후된 벽에 좋은 그림으로 우리 꿈나무들에게 희망을 주세요.
이런 말씀드려서 안될줄 알지만 깨알같은 작은 희망으로 말씀드립니다.
귀신동네 벽이 있는곳은
(서울특별시 노원구 석계로 27-1  입니다.
감사합니다. 늘 행복하세요.",정보·상담·교육·거버넌스,정보 접근성,일반 출산정책 안건,정보·상담·교육·거버넌스,저출생사업1팀,02-2133-5027,생활지원팀,1순위:저출생사업1팀 | 2순위:생활지원팀,0,,,,,"TAG_REVIEW:현재 태그=정보·상담·교육·거버넌스, 태그 핵심어 약함 || TAG_REVIEW:현재 태그=정보·상담·교육·거버넌스, 태그 핵심어 약함",https://idea.seoul.go.kr/front/freeSuggest/view.do?sn=197259
PROP-197236,2024-10-15,N,미상,0.0,서울 소재 소기업 이상 사업장에 대해 어린이집 설립 인센티브 제공 제안,"안녕하세요
저출생 대책으로 제안합니다
아이를 키워보니, 집 근처 또는 직장 근처에 보육기관이 절실합니다
부모가 자녀를 출퇴근할 때 같이 함께 할 수 있도록
100인 이상 사업장의 경우 직장 어린이집을 설립/운영 할 수 있도록 권장하고,
운영하는 사업장의 경우 파격적인 인센티브를 제공해야 합니다
팍팍한 서울살이에서
아이를 낳아도 맞벌이를 하는 가정이 상당 수 입니다
아이를 보육기관에 안전하게 인계하고
직장에 출근할 수 있도록
친육악, 친보육 기업에 대해서는 파격적인 세금 혜택 등 제공해야 합니다
아이 낳아 잘 키울 수 있는 서울시가 되기를 바랍니다
감사합니다",보육·돌봄 인프라,어린이집·유치원,보육시설·유아교육,보육·돌봄 인프라,돌봄사업팀,02-2133-6560,가족건강팀,1순위:돌봄사업팀 | 2순위:가족건강팀,5,서울시 중소기업 워라밸 포인트제 | 영아 전담 아이돌봄서비스 | 외국인 가사(육아)인력 시범사업 | 1인 자영업자 등 배우자 출산휴가급여 지원 | 배우자 출산휴가 지원금,"양육친화 및 일?생활 균형을 위한 중소기업의 다양한 노력을 인정하고 중소기업이 아이 키우기 좋은 기업으로 성장할 수 있도록 지원하는 사업 ① 양육친화 및 일?생활 균형 실적에 따른 포인트 적립 ② 적립 포인트에 따른... | 출산휴가, 육아휴직 후 복귀하는 맞벌이 가정을 지원하고자 영아 돌봄 교육을 이수한 전담 돌보미가 영아 이유식 먹이기, 젖병 소독 등 영아 특화 돌봄서비스 제공 | 맞벌이 부부 등 ‘육아 조력자’의 도움이 절실한 자녀양육 가정에 외국인 육아도우미를 활용한 양육지원사업 도입 | 1인 자영업자 등에 배우자(남편) 출산휴가급여 최대 120만원(15일분) 지원 (2026.1.1. 기준 출생아부터 적용) - 2025년 출생아는 최대 80만원(10일분) 지원 ㅇ 지원대상에 대한 자격요건 완화(202... | ㅇ 임산부 배우자를 둔 1인 자영업자?프리랜서에 배우자 출산휴가 지원금 80만원 지원",,,,https://idea.seoul.go.kr/front/freeSuggest/view.do?sn=197236
PROP-197233,2024-10-15,N,미상,0.0,"서울지하철 주요 노선에 출산, 육아 장려 칸 도입 제안","안녕하세요
요즘 대한민국의 국가적 문제/과제 중 가장 이슈가 되는 것은 저출산입니다
최근 한국 전체 출산율이 0.7명, 심지어 서울은 0.5명 이라고 합니다
주변에도 아이를 양육하는 가정이 아이를 기르지 않는 가정 보다 확연히 적어진 것을 느낄 수 있습니다.
서울에서 출퇴근 할 때 압도적으로 이용률이 높은 대중교통은 지하철입니다
간혹 출근 시간 이나 퇴근 시간에 어린 아이와 함께 |꽉찬 지하철로 출퇴근 하는 엄마나 아빠를 보게 됩니다
아이를 기르는 입장에서 얼마나 힘들지 ?
아이가 처한 상황이 매우 안타깝기 까지 합니다
그래서 제안합니다
출퇴근 시간에 지하철 10량이든 8량이든 유지되는 지하철에서
1량(1칸)을 파격적으로 출산 및 육아 장령 칸으로 만드는 것입니다
법으로 강제할 수 는 없겠지만
해당 지하철 칸에는 출산과 자녀 양육을 상징하는 색 및 디자인 자리 배치 등을 하여
해당 칸은 육아 및 출산을 앞 둔 임신부 전용 객실로 운영하는 것입니다
1간이 힘들다면 0.5칸도 좋습니다
아이를 보육기관에 인계해야 하는데
보육기관이 직장어린이집인 경우가 많습니다
그리고 직장 어린이집이 있어도
직장어린이집 까지 아이와 함께 출퇴근이 어려워서 이용 못하는 가정도 많을 것 입니다
지하철 부터 시작하여
나아가 버스, 택시까지 교통수단에
저출산 대책에 대한 의지가 필요합니다
아이를 기르기 좋고 아이가 편안한 서울시가 되길 기원합니다
감사합니다",출산·산후 초기지원,출산가구 초기지원,출산지원금·출생축하,출산·산후 초기지원,가족건강팀,02-2133-9485,저출생사업1팀,1순위:가족건강팀 | 2순위:저출생사업1팀,5,1인 자영업자 등 배우자 출산휴가급여 지원 | 서울형 육아휴직장려금 | 서울형 육아휴직장려금(사업종료) | 외국인 가사(육아)인력 시범사업 | 1인 자영업자?프리랜서 배우자 출산휴가 지원금,"1인 자영업자 등에 배우자(남편) 출산휴가급여 최대 120만원(15일분) 지원 (2026.1.1. 기준 출생아부터 적용) - 2025년 출생아는 최대 80만원(10일분) 지원 ㅇ 지원대상에 대한 자격요건 완화(202... | ○ 자녀 1인당 최대 120만원 지원 - 육아휴직기간 연속 6개월 시 60만원, 연속 12개월 경과 시 60만원 추가지급 ※ 부?모 모두 육아휴직 시 각각 지급 (자녀 1인에 대해 가구당 최대 240만원 지급) | ○ 자녀 1인당 최대 120만원 지원 - 육아휴직기간 연속 6개월 시 60만원, 연속 12개월 경과 시 60만원 추가지급 ※ 부?모 모두 육아휴직 시 각각 지급 (자녀 1인에 대해 가구당 최대 240만원 지급) | 맞벌이 부부 등 ‘육아 조력자’의 도움이 절실한 자녀양육 가정에 외국인 육아도우미를 활용한 양육지원사업 도입 | 1인 자영업자 등에 배우자 출산휴가급여 80만원 지원",,,,https://idea.seoul.go.kr/front/freeSuggest/view.do?sn=197233
PROP-197204,2024-10-10,N,미상,18.0,신혼부부전세자금대출 이자지원사업 관련,신혼부부전세자금대출 이자지원사업 관련,주거·교통·도시생활환경,출산가구 주거,신혼부부·출산가구 주거지원,주거·교통·도시생활환경,저출생사업1팀,02-2133-5027,생활지원팀,1순위:저출생사업1팀 | 2순위:생활지원팀,4,신혼부부 결혼ㆍ살림비용 지원 | 신혼희망타운 | 신혼부부 전용 주택 구입 자금 대출 | 신혼부부 임차보증금 이자 지원,"ㅇ 결혼ㆍ살림 비용 최대 100만원 지원    - 결혼준비 및 혼인살림 장만 관련 비용 지출    ※ 생애 1회 지급   ? 결혼준비 : 혼수, 예식장, 신혼여행, 청첩장 등    ? 혼인살림 : 전자제품, 주방가전... | 신혼희망타운 분양?임대주택 공급 및 청약 자격 제공 | 연 2.55~3.85% 금리로 주택구입 자금 대출, 최대 3억 2천만 원 한도 | - 임차보증금 대출금: 최대 3억원(임차보증금의 90% 이내) - 이자지원 금리: 최대 4.5% - 지원기간: 최장 10년(25.11.20. 부터 최장 12년) ※ 자세한 사항은 서울주거포털 공고문 참조",,,,https://idea.seoul.go.kr/front/freeSuggest/view.do?sn=197204
PROP-197171,2024-10-07,N,미상,1.0,어린이보호구역 노인일자리,"어린이보호구역에 기존 녹색어머니나 시니어 외, 시에서 노인 일자리 제공 일환으로 수시로 관리감독하게 하면 좋겠습니다
아이들의 안전도 지키고 노인 일자리도 생기고요",정보·상담·교육·거버넌스,정보 접근성,일반 출산정책 안건,정보·상담·교육·거버넌스,저출생사업1팀,02-2133-5025,가족지원팀,1순위:저출생사업1팀 | 2순위:가족지원팀,0,,,,,"TAG_REVIEW:현재 태그=정보·상담·교육·거버넌스, 태그 핵심어 약함 || TAG_REVIEW:현재 태그=정보·상담·교육·거버넌스, 태그 핵심어 약함",https://idea.seoul.go.kr/front/freeSuggest/view.do?sn=197171
PROP-197063,2024-09-19,N,미상,3.0,산후조리원 어린이집 유치원 3천세대 이상은 필수로,"3000세대이상 재건축 시에는
어린이 집 유치원 산후조리원 초등학교 를 통합하는 복합시설을 지어 주거지에서 아이 기르기 편리한 시설이 되길 바랍니다.
산후조리원에 들어가면 온가족이 뿔뿔이 흩어져 지내지 않도록 주거지의 커뮤니티 센터에 필수 시설로 재건축 아파트를 지어 주거 생활 안정을 할수 있도록 해 주세요.
또한 어린이집 유치원 초등학교 가 인접해 양육과 교육이 안전하게 이루어지고 사회적 비용을 최소화 하도록 해주세요.
어린이 집과 유치원 초등학교를 함께하면 여러시설과 도서, 악기, 교구등을 교류할 수 있습니다.
적은 시설 비용과 효과적인 관리를 할 수 있습니다 교육 복합시설을 만들어주세요",출산·산후 초기지원,산후조리,산후조리·산모도우미,출산·산후 초기지원,가족건강팀,02-2133-9486,저출생사업1팀,1순위:가족건강팀 | 2순위:저출생사업1팀,5,어린이집 영유아 방문건강관리 서비스 지원 | 서울형어린이집 | 서울형 산모 산후조리경비 지원 | 서울형 0세 전담반 어린이집(사업종료) | 서울형 0세 전담반 어린이집,"어린이집으로 방문건강간호사가 찾아가서 건강관리 및 건강교육서비스 제공 | 공인평가를 통하여 우수한 민간 어린이집을 선정하고 인건비 및 운영비를 지원함으로써 향상된 보육서비스를 안정적으로 제공 | 산모 1인당 산후조리경비 100만원 산모 본인 명의 신용(체크)카드에 100만원 바우처 포인트 지급   ※ 단태아 100만원, 쌍태아 200만원, 삼태아 300만원 출산일로부터 60일 이내 신청   ※ ‘23. 7.... | 12개월 미만의 영아 보육에 적합한 ‘0세 전담반’  어린이집 100개반 선정 운영 | 12개월 미만의 영아 보육에 적합한 ‘0세 전담반’  어린이집 100개반 선정 운영",,,,https://idea.seoul.go.kr/front/freeSuggest/view.do?sn=197063
PROP-197030,2024-09-13,N,미상,2.0,친인척 조력자 아이돌봄비 지원 제도 개선 요청,"？친인척(조부모) 조력자 아이돌봄비 지원에 대한 제도 개선 요청입니다.
저희 손자가 다음달 10월에 생후  24개월 되어 서울시 친인척 조력자아이돌봄비를 신청하려고 합니다.
부모와 손자가 같이 서울시에 거주하고 있고 조부모는 따로 다른 구에 거주하고 있습니다.
소득기준등 제반 기준은 충족하고 있어 서울시 아이돌봄 등급결정은 받았고 복지로에 신청하여 승인중에 있습니다.
지금 현재도 토요일 오전10시부터 일요일 오후6시정도까지 매주  1박2일로 조부모 집에서 보육을 지원해 왔으므로 주8시간으로 하여 4주면 최소 32시간 정도로 조부모 아이돌봄비를 지원받을수 있겠다 싶어 준비중에 있었으나
본 제도 내용이 주40시간을 기본시간으로 하여 40시간에 미달하면 39시간이 되더라도 전혀 지원이 안된다는 사실을 알고 이는 매우 불합리하다는 생각이 들어 제도 개선을 요청하게 되었습니다.
하여
1. 친인척 조력자 아이돌봄비도 민간아이돌봄서비스이용권지원같이 월 20시간~40시간으로하여 시간당으로 지원할수 있도록 하여 보다 많은 분들이 지원을 받을수 있도록 하여 주시기 바랍니다.
2. 평일에는 유치원 등원시간을 고려하여 4시간으로 하는 것은 이해가 되나 토,일요일에는 거의 대부분을 집에서 보내게 되는데 평일과 같이 4시간만 인정하는 것은 문제가 있다고 보여지며 최소 6시간 내지 8시간정도로 확대하는 것이 바람직하다고 봅니다. 아이돌봄을 근로 성격으로 보는 것은 문제가 있지만 주말에는 평일보다 더 가중치를 두는게 맞지 않을 까요?
조부모가 아이돌봄을 할때 부모가 같이 있을수도 있겠지만 조부모가 아이돌봄을 하는 경우는 그시간을 통하여 부모가 본인들 볼일을 보거나 아이들로 부터 벗어날수 있는 시간을 주는 때도 많다는 것을 참고해 주시기 바랍니다.
여러가지로 바쁘실텐데 이에대해서도 조속한 보완과 제도 개선을 부탁드립니다.",보육·돌봄 인프라,가족돌봄,아이돌봄·조부모돌봄,보육·돌봄 인프라,돌봄사업팀,02-2133-6560,저출생사업1팀,1순위:돌봄사업팀 | 2순위:저출생사업1팀,5,병원동행 전담 아이돌봄서비스 | 아픈아이 전담 아이돌봄서비스 | 영아 전담 아이돌봄서비스 | 영아종일제 아이돌봄 서비스 | 초등돌봄교실,"부모의 맞벌이 등으로 아픈 자녀의 병원 동행을 할 수 없는 경우 아이돌보미가 병원 동행 및 가정 내 돌봄 서비스 제공 | 부모의 맞벌이 등으로 아픈 자녀의 병원 동행을 할 수 없는 경우 아이돌보미가 병원 동행 및 가정 내 돌봄 서비스 제공('23년은 5개구 시범운영 중 : 성동, 동대문, 강북, 강서, 서초) | 출산휴가, 육아휴직 후 복귀하는 맞벌이 가정을 지원하고자 영아 돌봄 교육을 이수한 전담 돌보미가 영아 이유식 먹이기, 젖병 소독 등 영아 특화 돌봄서비스 제공 | 양육공백 가정에 아이돌보미가 찾아가 영아 이유식 먹이기, 젖병 소독, 기저귀 갈기, 목욕 등 돌봄 서비스 제공  ※ 정부지원 아이돌봄 서비스는 서울형 아이돌봄비(조부모 돌봄수당 등)와 별개의 사업   - 서울형 아이... | 돌봄, 교육 및 일부 급?간식비 지원",,,,https://idea.seoul.go.kr/front/freeSuggest/view.do?sn=197030
PROP-197002,2024-09-09,N,미상,0.0,어린이보호구역내 속도제한의 탄력조정운영제안,"1. 현재상황
현행 어린이보호구역 및 동종지역(이하 '어린이보호구역등') 내 차량속도는 30km이하로 제한되어 있고 단속을 하고 있는 실정입니다.
그 외 대부분의 도심지 차량속도는 50km이하로 제한되어 있고 단속을 하고 있습니다. 이러한 속도제한과 단속은 모두 교통사고 예방에 큰 역할을 하고 있는 좋은 규제입니다. 다만, 야심한 때, 공휴일에도 천편일율적으로 그대로 적용하는 것은 교통흐름에지장을 초래하는 불편으로 시민들의 불만이 큰 것도 현실입니다.
2. 제안사항
어린이보호구역등의 제한속도를 하교시간 이후인 18시 이후부터 심야시간대, 토요일 오후시간부터 심야시간대, 그리고 공휴일에는 도심지 제한속도인 50km로 탄력운영할 수 있도록 조정하여 주시길 제안합니다. 도심지내 제한속도인 50mk 정도면 상당히 안전한 속도로 볼 수 있으므로 시민불편을 최소화하는 방안으로써 적극 검토하여 주시기 바랍니다.",정보·상담·교육·거버넌스,정보 접근성,일반 출산정책 안건,정보·상담·교육·거버넌스,저출생사업1팀,02-2133-5027,생활지원팀,1순위:저출생사업1팀 | 2순위:생활지원팀,0,,,,,"TAG_REVIEW:현재 태그=정보·상담·교육·거버넌스, 태그 핵심어 약함 || TAG_REVIEW:현재 태그=정보·상담·교육·거버넌스, 태그 핵심어 약함",https://idea.seoul.go.kr/front/freeSuggest/view.do?sn=197002
PROP-196964,2024-09-02,N,미상,0.0,대중교통 임산부석에 대한 제안,"오늘 신문기사를 보고 답답한 마음에 제안합니다. 오늘도 코로나, 날씨 또 가출인을 찾는 문자가 오던데... 퇴근 만원 버스에 임산부가 탓지만 모두 휴대폰을 들여다 보느라 관심도 없었 답니다. 버스 기사님이 답답한 마음에 신호 대기 중 뒤를 돌아보며 임산부에게 자리를 양보하라는 얘기를 해 다행히 누군가가 자리를 양보했답니다. 해서 임산부에게 가방에 달고 다니는 표시만으론 해결이 안되니 대중교통을 타면 휴대폰에 진동이 일어나는 신호기를 보급하면 좋을 것 같습니다. 물론 새롭게 개발을 하거나 예산상 문제도 있겠지만, 그리 많은 예산을 들이지 않고 좋은 효과를 볼 수 있다고 생각합니다. 수고 많이 하세요. 건강들 하시고요.",임신·난임·생식건강,임산부 건강·배려,임산부 건강관리·배려,임신·난임·생식건강,건강임신지원팀,02-2133-9491,저출생사업1팀,1순위:건강임신지원팀 | 2순위:저출생사업1팀,1,임산부 배려공간 조성,ㅇ 교통 약자인 임산부의 엘리베이터 안전사고 예방 및 배려문화 확산을 위해 엘리베이터 내?외부에 임산부 배려공간 조성(엠블럼 부착)   - 임산부를 위해 해당 공간을 비워두고 양보하는 사회 분위기 확산 유도 ㅇ 임산...,,,,https://idea.seoul.go.kr/front/freeSuggest/view.do?sn=196964
PROP-196927,2024-08-26,N,강남구,0.0,강남구 해찬솔 유아숲 체험 관련 건의사항입니다.,"수업 내용은 정말 유익했고, 선생님도 두분이셔서 수업 진행도 매우 매끄럽고 좋았습니다.
다만 만남의 장소를 좀 더 자세하게 공지해주시면 좋을 거 같습니다. 초행길에 공원에서 좀 찾아다니게 되더라구요.
또한 공원에 주차할 곳이 없는데, 주변 세곡문화센터 토요일 주차(유료) 가능한 점도 같이 안내해주시면 예약하는데 도움이 될거 같습니다.
즐거운 체험 감사했습니다.",정보·상담·교육·거버넌스,정보 접근성,일반 출산정책 안건,정보·상담·교육·거버넌스,저출생사업1팀,02-2133-5027,생활지원팀,1순위:저출생사업1팀 | 2순위:생활지원팀,0,,,,,,https://idea.seoul.go.kr/front/freeSuggest/view.do?sn=196927
PROP-196911,2024-08-22,N,미상,4.0,서울시 출산율 올리는 정책,"국가적으로나 서울시나 출산율을 올리기 위해 고군분투 중인대요.
서울시 및 산하기관은
육아휴직 후 복직 시, 원부서 복귀 의무화
육아 휴직 중에도, 승진 서열부에 올라갈 수 있게 추진
영유아를 키우는 육아 맘,대디들의 근무성적평정을 최소 우로 줄 수 있게 제도 개선하기 바랍니다.
(보통 다 낮게 주더라구요.)
이렇게 회사 내에서 출산으로 인한 차별이 없고 오히려 혜택을 주어야
출산율이 올라갈 거 같습니다.",출산·산후 초기지원,출산가구 초기지원,출산지원금·출생축하,출산·산후 초기지원,가족지원팀,02-2133-6562,가족건강팀,1순위:가족지원팀 | 2순위:가족건강팀,5,서울형 新일?생활 균형 3종 패키지 | 서울형 육아휴직장려금(사업종료) | 서울형 일?생활 균형 3종 패키지 | 영아 전담 아이돌봄서비스 | 서울형 육아휴직장려금,"양육 친화 기업문화 조성을 위해 서울형 新 일?생활 균형 3종 패키지를 시행함으로써 초저출생 위기 극복 및 일?생활 균형 문화 확산 ? 배우자 출산휴가 의무제(10일) ? 육아휴직 사용 활성화 ? 육아기 근로시간 단... | ○ 자녀 1인당 최대 120만원 지원 - 육아휴직기간 연속 6개월 시 60만원, 연속 12개월 경과 시 60만원 추가지급 ※ 부?모 모두 육아휴직 시 각각 지급 (자녀 1인에 대해 가구당 최대 240만원 지급) | 양육 친화 기업문화 조성을 위해 서울형 일?생활 균형 3종 패키지를 시행함으로써 초저출생 위기 극복 및 일?생활 균형 문화 확산 ? 배우자 출산휴가 의무제(10일) ? 육아휴직 사용 활성화 ? 육아기 근로시간 단축 ... | 출산휴가, 육아휴직 후 복귀하는 맞벌이 가정을 지원하고자 영아 돌봄 교육을 이수한 전담 돌보미가 영아 이유식 먹이기, 젖병 소독 등 영아 특화 돌봄서비스 제공 | ○ 자녀 1인당 최대 120만원 지원 - 육아휴직기간 연속 6개월 시 60만원, 연속 12개월 경과 시 60만원 추가지급 ※ 부?모 모두 육아휴직 시 각각 지급 (자녀 1인에 대해 가구당 최대 240만원 지급)",,,,https://idea.seoul.go.kr/front/freeSuggest/view.do?sn=196911
PROP-196838,2024-08-14,N,미상,2.0,"유치원, 초등학교 운동장에 선셰이드(햇빛 가림막)을 설치해 주세요.","유치원, 초등학교 운동장에 선셰이드(햇빛 가림막)을 설치해 주세요.",보육·돌봄 인프라,어린이집·유치원,보육시설·유아교육,보육·돌봄 인프라,돌봄사업팀,02-2133-6560,저출생사업1팀 | 생활지원팀,1순위:돌봄사업팀 | 2순위:저출생사업1팀 | 3순위:생활지원팀,0,,,,,,https://idea.seoul.go.kr/front/freeSuggest/view.do?sn=196838
PROP-196831,2024-08-13,N,미상,1.0,저출산 관련 정책 제안합니다,"안녕하세요 오세훈 서울시장님
서울에 거주하는 시민입니다
다름이 아니라
우리나라 최대 현안중 하나인 저출산 관련해서
여러 수당이나 지원금 관련 지원정책은 많고 홍보도 나름 되고 있다고 생각합니다
그런데 제가 최근에 본 기사중에
'서울시 임산부 카드'정책에 대해 보았는데요
임산부 지원정책도 많은데 임산부 증명하는 절차가 번거로워서 지원받기 난해한 상황을 타개하는데 참 좋은 정책이라고 보는데요
저는 아동수당이나 여러 아이들 관련 지원 수당이나 돌봄 서비스 지원
관련해서도 통합적으로 관리할 앱이 필요하다고 봅니다
제 글이 난해 할 수도 있을거 같은데
알아봐 읽어주셔서 감사합니다",출산·산후 초기지원,출산가구 초기지원,출산지원금·출생축하,출산·산후 초기지원,가족건강팀,02-2133-9485,,1순위:가족건강팀,0,,,,,,https://idea.seoul.go.kr/front/freeSuggest/view.do?sn=196831
PROP-196829,2024-08-13,N,동작구,19.0,우리 아이들이 안전하게 자랄 수 있도록 사당 15구역 재개발 추진해 주세요.,"존경하는 오세훈 시장님 안녕하십니까
,
저는 아이의 아버지이자 신혼부부인 한 사람입니다
.
저는 동작구 사당
1
동에 작은 빌라 하나를 가지고 있습니다
.
저는 어릴때부터 아이를 많이 가지는 것이 꿈이었습니다
.
하지만
,
서울의 집값이 너무 비싸고 지금 소유한 빌라의 여건 상
,
여러 아이에 부모님까지 모시고 살기에는 너무 작은 집이기에 그 꿈을 포기할 수 밖에 없었습니다
.
게다가
,
우리 사당
1
동은 차량이 지나다니기에도 길이 좁고 아이들이 뛰어놀기에도 위험하며
,
특히
'22
년을 포함하여 장마철에 자주 물에 잠기는 침수 지역으로 아이들을 마음 놓고 안전하게 키우기에는 많은 어려움이 있었습니다
.
이에 저는 저의 빌라가 넓고 안전한 아파트단지로 탈바꿈하여 아이를 많이 낳고 우리 아이들을 안전하게 차량 걱정 없이
,
수해 걱정 없이 키우려는 큰 꿈을 안고 우리 사당
1
동 사당
15
구역 신속통합구역에 대한 찬성표를 던졌습니다
.
우리 구역은 이번 부동산 대책으로 인한 용적률
330%
적용 시 조합원 이외에
1,000
세대 이상 일반분양이 가능하여 현재 공급 부족으로 천정부지로 치솟고 있는 서울시의 집값 안정화에도 일정부분 기여를 할 것이며
,
이는 시장님의
'
공급 확대를 통한 부동산 가격 안정화
'
라는 생각과도 일치합니다
.
하지만
,
우리 구역 내 신속통합 반대파
13%
들은 자신들이 원주민이고 빌라 소유자들로
'
사업성이 떨어진다
'
라는 계산으로 우리 구역 내의 순수한 찬성 주민
60%
의 의도를 왜곡하며 절대 소수임에도 우리 구역의 지정을 막고 있습니다
.
그들의 왜곡과 다르게, 빌라 소유주들은 소위 '거지'가 아니며 분담금을 부담하고 정당하게 새로운 아파트를 얻게 될 것입니다.
사당
1
동은 그들만의 것이 아닌
,
구역민 전체의 것이고 나아가 재개발 후 새로 사당동에 살게 될 새로운 주민들과 우리 미래 세대 모두의 것이기도 합니다
.
저는 오늘도 현재 구역민과 새로 분양받아 입주하는 새로운 주민들
,
그리고 임대 혜택에 의해 더불어 살게될 주민들이 모두 함께 안전하고 수해와 차량사고 걱정없이 살아가는
4,000
세대의 새로운 사당
1
동을 꿈꿉니다
.
부디 저와 우리 구역민들의 간절한 소원과 같이 서울 핵심지인 우리 사당
1
동에
1,000
세대 이상 고품질 주거공간 추가 공급과 우리 아이들의 미래를 위한 안전한 터전을 위한 사당
15
구역 지정과 신속한 추진을 부탁드립니다
.",정보·상담·교육·거버넌스,정보 접근성,일반 출산정책 안건,정보·상담·교육·거버넌스,저출생사업1팀,02-2133-5027,생활지원팀,1순위:저출생사업1팀 | 2순위:생활지원팀,0,,,,,"TAG_REVIEW:현재 태그=정보·상담·교육·거버넌스, 태그 핵심어 약함 || TAG_REVIEW:현재 태그=정보·상담·교육·거버넌스, 태그 핵심어 약함",https://idea.seoul.go.kr/front/freeSuggest/view.do?sn=196829
PROP-196806,2024-08-12,Y,강서구,67.0,마곡유치원 공항고등학교 앞 부지에 도서관 건립 요청드려요,마곡유치원 공항고등학교 앞 부지에 도서관 건립 요청드려요,보육·돌봄 인프라,어린이집·유치원,보육시설·유아교육,보육·돌봄 인프라,돌봄사업팀,02-2133-6560,저출생사업1팀 | 생활지원팀,1순위:돌봄사업팀 | 2순위:저출생사업1팀 | 3순위:생활지원팀,0,,,,,,https://idea.seoul.go.kr/front/freeSuggest/view.do?sn=196806
PROP-196795,2024-08-09,N,미상,0.0,중곡역 서울형키즈카페,"키즈카페애 수용인원이 점점 늘어나요
부모님들 까지 오면 100명입니다
안전사고 걱정됩니다
아직 어린아기들이 오는 곳인데 감염 위험도요 수",보육·돌봄 인프라,아동 놀이·체험공간,공공키즈카페·수유실·유아휴게실,보육·돌봄 인프라,돌봄사업팀,02-2133-6560,가족지원팀 | 저출생사업1팀,1순위:돌봄사업팀 | 2순위:가족지원팀 | 3순위:저출생사업1팀,0,,,,,,https://idea.seoul.go.kr/front/freeSuggest/view.do?sn=196795
PROP-196793,2024-08-09,N,미상,0.0,서울형 아이돌봄비 지원금 관련 의견,"안녕하세요!
서울에서 아이 둘을 키우고 있는 평범한 시민입니다 :)
최근 '서울형 아이돌봄비 지원금'이라는 걸 알게 되었고
이 내용을 보면서 지원을 받으면 정말 큰 도움이 되겠구나 하는 생각을 하였습니다.
그런데, 아쉽게도 자격 조건에 ""만24개월~36개월""이 있어 신청을 못하는 상황인데요
이 제한을 좀 더 풀어줄 계획은 없는지 궁금합니다.
예를들어, 1년은 육아 휴직을 하더라도 어린이집을 보내기 전까지는
가정 보육을 해야하는데 '만24개월~' 조건이 있어서 진짜 필요한 가정에서 많이 이용을 못할 것 같습니다.
좋은 복지 정책을 생각해주셔서 감사드리며, 가능하시다면 검토 부탁드립니다!",보육·돌봄 인프라,가족돌봄,아이돌봄·조부모돌봄,보육·돌봄 인프라,돌봄사업팀,02-2133-6560,저출생사업1팀 | 생활지원팀,1순위:돌봄사업팀 | 2순위:저출생사업1팀 | 3순위:생활지원팀,5,병원동행 전담 아이돌봄서비스 | 아픈아이 전담 아이돌봄서비스 | 영아 전담 아이돌봄서비스 | 영아종일제 아이돌봄 서비스 | 초등돌봄교실,"부모의 맞벌이 등으로 아픈 자녀의 병원 동행을 할 수 없는 경우 아이돌보미가 병원 동행 및 가정 내 돌봄 서비스 제공 | 부모의 맞벌이 등으로 아픈 자녀의 병원 동행을 할 수 없는 경우 아이돌보미가 병원 동행 및 가정 내 돌봄 서비스 제공('23년은 5개구 시범운영 중 : 성동, 동대문, 강북, 강서, 서초) | 출산휴가, 육아휴직 후 복귀하는 맞벌이 가정을 지원하고자 영아 돌봄 교육을 이수한 전담 돌보미가 영아 이유식 먹이기, 젖병 소독 등 영아 특화 돌봄서비스 제공 | 양육공백 가정에 아이돌보미가 찾아가 영아 이유식 먹이기, 젖병 소독, 기저귀 갈기, 목욕 등 돌봄 서비스 제공  ※ 정부지원 아이돌봄 서비스는 서울형 아이돌봄비(조부모 돌봄수당 등)와 별개의 사업   - 서울형 아이... | 돌봄, 교육 및 일부 급?간식비 지원",,,,https://idea.seoul.go.kr/front/freeSuggest/view.do?sn=196793
PROP-196769,2024-08-03,N,미상,13.0,서울시 대중교통  임산부석 개선 요청합니다.,서울시 대중교통  임산부석 개선 요청합니다.,임신·난임·생식건강,임산부 건강·배려,임산부 건강관리·배려,임신·난임·생식건강,건강임신지원팀,02-2133-9491,저출생사업1팀,1순위:건강임신지원팀 | 2순위:저출생사업1팀,1,임산부 배려공간 조성,ㅇ 교통 약자인 임산부의 엘리베이터 안전사고 예방 및 배려문화 확산을 위해 엘리베이터 내?외부에 임산부 배려공간 조성(엠블럼 부착)   - 임산부를 위해 해당 공간을 비워두고 양보하는 사회 분위기 확산 유도 ㅇ 임산...,,,,https://idea.seoul.go.kr/front/freeSuggest/view.do?sn=196769
PROP-196732,2024-07-27,N,미상,1.0,서울시에서 홍보한 교량호텔 인원제한포함 숙박시설 다둥이 인원제한관련 의견,서울시에서 홍보한 교량호텔 인원제한포함 숙박시설 다둥이 인원제한관련 의견,다자녀·양육비·생활지원,다자녀 혜택,다자녀 기준·할인·감면,다자녀·양육비·생활지원,저출생사업1팀,02-2133-5027,생활지원팀,1순위:저출생사업1팀 | 2순위:생활지원팀,0,,,,,,https://idea.seoul.go.kr/front/freeSuggest/view.do?sn=196732
PROP-196722,2024-07-25,N,미상,1.0,어린이 보호 구역 시점과 종점 바닥 그리고 어린이 보호구역에 있는 방호 울타리를 전부 노란색으로 칠해 주세요.,"현황)
어린이 보호구역에서의 사고는 많이 일어나고 있습니다. 특히 운전자의 입장에서는 어린이 보호구역인지도 모르고 운전하는 경우가 많았습니다. 지금은 그나마 경찰청에서는 운전자가 어린이 보호구역에 진입했다는 것을 알수 있도록 어린이 보호구역이 시작되는 지점에는 기점 표시, 끝나는 지점에는 종점 표시를 아스팔트에 그리고 있습니다. 그런데 이게 실효성이 있을까요?
좀 더 눈에 확 들어오게 할 필요가 있습니다.
개선방안)
어린이 보호 구역 시점과 종점 바닥 그리고 어린이 보호구역에 있는 방호 울타리를 노란색으로 칠하는 것입니다. 그러면 운전자의 입장에서는 어린이 보호구역에 진입했다는 것을 확실하게 알 수 있습니다. 어린이 보호구역에서 사고를 낸 운전자의 대부분은 자신이 어린이 보호구역에 진입했는지 몰랐다고 합니다. 그렇다면 어린이 보호 구역 시점과 종점 바닥 그리고 어린이 보호구역에 있는 방호 울타리를 노란색으로 칠해서 온통 주변이 노란색으로 만들면 될 것입니다. 주변이 온통 노란색인데, 누가 속도를 높일까요?
도색비용이 많이 들 것을 우려하겠지만, 그 비용으로 어린이의 생명을 구하거나 부상을 예방할 수 있다면 세금이 효율적으로 사용되는 것이라 생각됩니다.
기대효과)
어린이 보호 구역 시점과 종점 바닥 그리고 어린이 보호구역에 있는 방호 울타리를 노란색으로 칠하면 어린이 보호구역에서 사고를 낸 운전자의 대부분은 자신이 어린이 보호구역에 진입했는지 몰랐다고 하는 변명이 통하지 않을 것입니다. 그리고 그 보다도 어린이 보호구역에 진입을 인지하고 나서부터는 운전자들이 더 조심해서 운전할 것이고, 어린이 보호구역에서의 사고는 더 줄어들 것 입니다.",정보·상담·교육·거버넌스,정보 접근성,일반 출산정책 안건,정보·상담·교육·거버넌스,저출생사업1팀,02-2133-5027,생활지원팀 | 아동보호팀,1순위:저출생사업1팀 | 2순위:생활지원팀 | 3순위:아동보호팀,0,,,,,"TAG_REVIEW:현재 태그=정보·상담·교육·거버넌스, 태그 핵심어 약함 || TAG_REVIEW:현재 태그=정보·상담·교육·거버넌스, 태그 핵심어 약함",https://idea.seoul.go.kr/front/freeSuggest/view.do?sn=196722
PROP-196711,2024-07-24,N,미상,1.0,장난감도서관의 소독시간 폐지,"？양천구 기준으로, 장난감 도서관 및 공동육아방은 소독시간이 있습니다.
하지만, 코로나 등 전염병이 있지 않은 상황에서 소독시간이 꼭 필요한지 확인이 필요할거같습니다. 다른 도서관 등에 비해 이용객이 많지도 않은데 소독시간에는 문을 걸어잠궈 방문시 기다린적이 있습니다. 안에서는 실질적으로 소독이 아닌 휴식을 취하시고 계시더라고요. 다른 도서관이나 공무원분들하고의 형평성에 맞지않을뿐더러 어른에 비해 컨디션 관리가 어려운 아이들에게 점심시간에 오후소독시간까지 피해서 방문하려니 남는시간이 적게만 느껴집니다. 출산률 저조 등으로 이용객이 줄어드는데 꼭 중간에 휴식 시간을 만들어야하는지 고민이 필요한거 같습니다. 기타 성인 도서관에 준하여 운영시간을 동일하게 하는게 맞을거 같습니다.",보육·돌봄 인프라,아동 놀이·체험공간,공공키즈카페·수유실·유아휴게실,보육·돌봄 인프라,돌봄사업팀,02-2133-6560,저출생사업1팀 | 생활지원팀,1순위:돌봄사업팀 | 2순위:저출생사업1팀 | 3순위:생활지원팀,0,,,,,,https://idea.seoul.go.kr/front/freeSuggest/view.do?sn=196711
PROP-196686,2024-07-21,N,미상,1.0,신혼부부만 서울시 시민인가요??,"서울시에서 실행하고 있는 장기전세 행복주택은
7년이내 신혼부부 예비신혼부부만 혜택이 주어지는데요
그 전에 애 낳고 사는 40대 유자녀들을 키우는 부부는
혜택이 전혀 없네요..
아무리 저출산이라고 해도 40대 애 둘을 키우는 사람들은 앞으로도 혜택이 전혀 없는건가요???
서울시에서는 이런 혜택을 왜 차별성을 두고 있나요??
지금 혜택주는 신혼부부는 나중에 찬반신세가 되는데...유자녀들을 키우고 있는 우리 40대 부부들한테도 혜택을 주세요..
차별성을 주지 말고 서울시에서 애들 키우기 좋은 혜택
집 걱정 없는 서울시를 만들어 주셔야지...
서울시에 정착을 하고 살지요..결국에는 혜택이 없으면
지방으로 가는 방법밖에 없습니다.",주거·교통·도시생활환경,출산가구 주거,신혼부부·출산가구 주거지원,주거·교통·도시생활환경,저출생사업1팀,02-2133-5027,,1순위:저출생사업1팀,4,신혼부부 결혼ㆍ살림비용 지원 | 신혼희망타운 | 신혼부부 전용 주택 구입 자금 대출 | 신혼부부 임차보증금 이자 지원,"ㅇ 결혼ㆍ살림 비용 최대 100만원 지원    - 결혼준비 및 혼인살림 장만 관련 비용 지출    ※ 생애 1회 지급   ? 결혼준비 : 혼수, 예식장, 신혼여행, 청첩장 등    ? 혼인살림 : 전자제품, 주방가전... | 신혼희망타운 분양?임대주택 공급 및 청약 자격 제공 | 연 2.55~3.85% 금리로 주택구입 자금 대출, 최대 3억 2천만 원 한도 | - 임차보증금 대출금: 최대 3억원(임차보증금의 90% 이내) - 이자지원 금리: 최대 4.5% - 지원기간: 최장 10년(25.11.20. 부터 최장 12년) ※ 자세한 사항은 서울주거포털 공고문 참조",,,,https://idea.seoul.go.kr/front/freeSuggest/view.do?sn=196686
PROP-196628,2024-07-17,N,미상,2.0,신혼부부만 시민??,"서울시는 왜 신혼부부 청년한테 혜택을 주나요??
그 전에 애.낳고 사는 사람들은 서울 시민 아닌가요??
장기전세 행복주택 다 시작이 신혼부부 청년이네요?
다른 사람들에게 돌아가야되는게 평등하게 혜택이 아닌가요??정부든 서울이든 그 전 시민들은 버리는 느낌이네요",주거·교통·도시생활환경,출산가구 주거,신혼부부·출산가구 주거지원,주거·교통·도시생활환경,저출생사업1팀,02-2133-5025,가족지원팀,1순위:저출생사업1팀 | 2순위:가족지원팀,5,신혼부부 결혼ㆍ살림비용 지원 | 자녀출산 무주택가구 주거비 지원 | 신혼희망타운 | 신혼부부 전용 주택 구입 자금 대출 | 신혼부부 임차보증금 이자 지원,"ㅇ 결혼ㆍ살림 비용 최대 100만원 지원    - 결혼준비 및 혼인살림 장만 관련 비용 지출    ※ 생애 1회 지급   ? 결혼준비 : 혼수, 예식장, 신혼여행, 청첩장 등    ? 혼인살림 : 전자제품, 주방가전... | 월 최대 30만원(2년간 최대 720만원) 주거비 지원 | 신혼희망타운 분양?임대주택 공급 및 청약 자격 제공 | 연 2.55~3.85% 금리로 주택구입 자금 대출, 최대 3억 2천만 원 한도 | - 임차보증금 대출금: 최대 3억원(임차보증금의 90% 이내) - 이자지원 금리: 최대 4.5% - 지원기간: 최장 10년(25.11.20. 부터 최장 12년) ※ 자세한 사항은 서울주거포털 공고문 참조",,,,https://idea.seoul.go.kr/front/freeSuggest/view.do?sn=196628
PROP-196601,2024-07-15,N,미상,2.0,서울런 다자녀 혜택,"서울런 혜택이 확대되었지만
다자녀도 혜택대상에 들어가면 좋겠습니다.
(2자녀 혹은 3자녀라도요)
자녀를 양육하며 사교육비를 줄이려
하는데 서울시에서 서울런지원해주시면
큰 도움이 될 것같습니다.
소득이 60프로인데 정말 몇십만원
차이로 못받게 되고
이제 곧 첫째가 학교들어가면 가정에서
서울런으로 교육하고 싶습니다.
검토해주시면 감사합니다",다자녀·양육비·생활지원,다자녀 혜택,다자녀 기준·할인·감면,다자녀·양육비·생활지원,저출생사업1팀,02-2133-5025,,1순위:저출생사업1팀,0,,,,,POLICY_REMOVED:공공요금 감면 요구가 아닌 제안에 공공요금 정책 후보: 다자녀 가구 하수도사용료 감면 || POLICY_REMOVED:차량 취득세 요구가 아닌 제안에 취득세 정책 후보: 다자녀 가구 자동차 취득세 감면 || POLICY_REMOVED:공공요금 감면 요구가 아닌 제안에 공공요금 정책 후보: 다자녀 가구 하수도사용료 감면 || POLICY_REMOVED:차량 취득세 요구가 아닌 제안에 취득세 정책 후보: 다자녀 가구 자동차 취득세 감면 || POLICY_REMOVED:공공요금 감면 요구가 아닌 제안에 공공요금 정책 후보: 다자녀 가구 하수도사용료 감면 || POLICY_REMOVED:차량 취득세 요구가 아닌 제안에 취득세 정책 후보: 다자녀 가구 자동차 취득세 감면 || POLICY_REMOVED:차량 취득세 요구가 아닌 제안에 취득세 정책 후보: 다자녀가구 자동차 취득세 취약계층 감면,https://idea.seoul.go.kr/front/freeSuggest/view.do?sn=196601
PROP-196561,2024-07-10,N,미상,2.0,2025년 출산 무주택가구에 30만원씩 주거비용 지원 정책에 대한 건의,"2025출생 무주택가구에 매월 30만원씩 주거비용을 지원한다는 정책을 보았습니다.
출생아 수의 감소로 인해 출산가구에 대한 지원은 점차 확대되는데 반해,
다자녀 가구에 대한 지원은 많이 부족한 것 같습니다.
출산가구보다 다자녀가구가 서울에 거주하기 더 어렵습니다.
소득에 따른 복지혜택을 준다면  무주택 출산가구나 다자녀 가구 모두 혜택을 볼 수 있지 않을까요?
다자녀가구의 주거문제에도 관심을 가져주시길 부탁드립니다.",출산·산후 초기지원,출산가구 초기지원,출산지원금·출생축하,출산·산후 초기지원,가족건강팀,02-2133-9485,,1순위:가족건강팀,2,자녀출산 무주택가구 주거비 지원 | 주거급여 (맞춤형 급여) 취약계층 지원,월 최대 30만원(2년간 최대 720만원) 주거비 지원 | (소득인정액이 기준 중위소득 48% 이내의 가구/ 타인의 주택 등에 거주하면서 임대차 계약 등을 체결하고 임차료를 지불하는 자에게 지역별 기준임대료를 상한으로 실제 임차료(월임차료+보증금 환산액) 지원ㆍ3급지(광역시...,,,,https://idea.seoul.go.kr/front/freeSuggest/view.do?sn=196561
PROP-196543,2024-07-08,N,미상,28.0,난임부부를 위한 유전자검사(PGT-A) 비용 지원 건의,"안녕하세요~
저출산시대이지만 누구보다도 아이있는 삶을 원하고있는, 하지만 방법이 시험관 시술뿐이라 시험관 시술을 진행중인 30대 중반 서울시민입니다.
서울시에서 난임 치료 지원을 적극해주시는 부분에 대하여 감사드리오나 사정상 제가 시험관을 진행하며 건강한 아기 출산을 위해 PGT-A검사를 진행해야하는 상황입니다.
올해 이식 이전이지만 채취해서 배아를 동결해놓는 것만으로도 지원금제외 본인부담금으로 약 450만원이 들었습니다. 소중하게 키운 5일배양 배아 12개를 모두 PGT-A검사(Bx비용 포함)로 맡겼더니 검사비로만(수정비, 냉동비 등 제외) 260만원이 들더군요. 통과배아는 겨우 2개이지만 2개의 건강한 배아를 모으기위해 한 번 시술에만 본인부담금이 약 500만원(기타 진료, 약제비, 검사비 포함)이 드니 2-3번 채취 및 동결했다가는 너무 부담스러운 금액입니다.
건강한 아이출산을 위한 과정이기에 하고있긴하나 생각보다 많은 시험관 비용에 직장을 병행하며 다닐수밖에 없고 난임 상황에 집중하기도 힘듭니다.
혹시 저와 같이 이런 상황의 난임 부부들에게 임신 준비 시 유전자검사비나 관련 검사비 일부라도 지원을 해주시면 어떨까 합니다.
PGT검사는 보통 반복되는 유산이나 저희 난임 부부처럼 특수한 상황을 가진 부부에게 필요한 검사인데 일부 유전질환을 가진 사람이나 의사의 판단 하 특수한 상황에 놓인 난임 부부에 한하여 지원을 해주면 어떨까하는 생각입니다.
살펴봐주셔서 감사합니다.",임신·난임·생식건강,난임 지원,난임시술·주사·시술비,임신·난임·생식건강,건강임신지원팀,02-2133-9492,가족건강팀,1순위:건강임신지원팀 | 2순위:가족건강팀,5,1인 자영업자?프리랜서 배우자 출산휴가 지원금 | 1인 자영업자 등 배우자 출산휴가급여 지원 | 난임부부 시술비 지원 | 난임부부 지원 | 서울시 중소기업 워라밸 포인트제,1인 자영업자 등에 배우자 출산휴가급여 80만원 지원 | 1인 자영업자 등에 배우자(남편) 출산휴가급여 최대 120만원(15일분) 지원 (2026.1.1. 기준 출생아부터 적용) - 2025년 출생아는 최대 80만원(10일분) 지원 ㅇ 지원대상에 대한 자격요건 완화(202... | o 난임시술 비용의 본인부담액에 대한 시술별 지원상한액 지원 -(횟수) 출산당 총25회 (보조생식술 시작일이 '24.11.1.일 이후부터) -(지원금액) 시술별 1회당 최대 30만원~110만원 -(지원범위) 체외수정... | o 난임시술 비용의 본인부담액에 대한 시술별 지원상한액 지원 -(횟수) 출산당 총25회 (보조생식술 시작일이 '24.11.1.일 이후부터) -(지원금액) 시술별 1회당 최대 30만원~110만원 o 난임시술 중단 의료... | 양육친화 및 일?생활 균형을 위한 중소기업의 다양한 노력을 인정하고 중소기업이 아이 키우기 좋은 기업으로 성장할 수 있도록 지원하는 사업 ① 양육친화 및 일?생활 균형 실적에 따른 포인트 적립 ② 적립 포인트에 따른...,,,,https://idea.seoul.go.kr/front/freeSuggest/view.do?sn=196543
PROP-196541,2024-07-08,N,미상,3.0,대중교통 임산부 배려석,"지하철을 타다보면 임산부 배려석에 나이드신 여성분들이 대부분 앉아서 이용하고 있고 가끔 젊은 여성 및 남성분들도 중년 이상 되신분들이 버젓이 앉아서 이용 하는데 어떻게 생각 하면 빈자리이니 그럴수도 있겠다 생각이 들지만 한편으로 생각하면 꼴불변 이란 생각도 든다
주위분들에게 몇차례 나의 생각을 타진해 보았는데 한번 건의를 해보라고 말씀들을 하는데  한편으로는 지하철을 이용하는 시민들이 피곤 해서 그럴수도 있겠다는 생각이 들어 망설이다 제안 사항을 건의합니다.
* 건의 내용
버스 및 지하철 임산부 좌석에 시스템화 하는 것입니다
- 스피커를 이용하여 임산부가 아닌자가 좌석에 착석을 하면
ex) 여기는 임산부 좌석 입니다 좌석을 비워주세요  또는 다른 좌석을이용해주세요 라는 멘트가 송출 되도록 하는방법
임산부는  표식에 칩을 사용하여  좌석 시스템에 테그를 하면 사용 가능 합니다 라는 멘트가 되어 편하게 이용 할 수 있도록
개선 하는 제안입니다.  임산부 표식 칩의 사용기간은 1년으로 한정하면 문제가 없을것 같습니다.",임신·난임·생식건강,임산부 건강·배려,임산부 건강관리·배려,임신·난임·생식건강,건강임신지원팀,02-2133-9491,가족지원팀 | 저출생사업1팀,1순위:건강임신지원팀 | 2순위:가족지원팀 | 3순위:저출생사업1팀,1,임산부 배려공간 조성,ㅇ 교통 약자인 임산부의 엘리베이터 안전사고 예방 및 배려문화 확산을 위해 엘리베이터 내?외부에 임산부 배려공간 조성(엠블럼 부착)   - 임산부를 위해 해당 공간을 비워두고 양보하는 사회 분위기 확산 유도 ㅇ 임산...,,,,https://idea.seoul.go.kr/front/freeSuggest/view.do?sn=196541
PROP-196514,2024-07-03,N,미상,1.0,서울시 신혼부부 전세대출,전에 서울시 신혼부부 전세대출을 받았다가 이사후 보증금이 올라가서 그당시 대출한도가 2억이라 상환후 타대출로 갈아탔고 고금리로 이용중인데 이번에 신혼부부전세대출 이자지원 등이 확대되는데 상환후엔 재 신청이 불가하다고해서요. 생애최초가 아니라서요. 부디 재신청이 가능토록해주세요...,주거·교통·도시생활환경,출산가구 주거,신혼부부·출산가구 주거지원,주거·교통·도시생활환경,저출생사업1팀,02-2133-5025,가족지원팀,1순위:저출생사업1팀 | 2순위:가족지원팀,5,신혼부부 결혼ㆍ살림비용 지원 | 자녀출산 무주택가구 주거비 지원 | 신혼희망타운 | 신혼부부 전용 주택 구입 자금 대출 | 신혼부부 임차보증금 이자 지원,"ㅇ 결혼ㆍ살림 비용 최대 100만원 지원    - 결혼준비 및 혼인살림 장만 관련 비용 지출    ※ 생애 1회 지급   ? 결혼준비 : 혼수, 예식장, 신혼여행, 청첩장 등    ? 혼인살림 : 전자제품, 주방가전... | 월 최대 30만원(2년간 최대 720만원) 주거비 지원 | 신혼희망타운 분양?임대주택 공급 및 청약 자격 제공 | 연 2.55~3.85% 금리로 주택구입 자금 대출, 최대 3억 2천만 원 한도 | - 임차보증금 대출금: 최대 3억원(임차보증금의 90% 이내) - 이자지원 금리: 최대 4.5% - 지원기간: 최장 10년(25.11.20. 부터 최장 12년) ※ 자세한 사항은 서울주거포털 공고문 참조",,,,https://idea.seoul.go.kr/front/freeSuggest/view.do?sn=196514
PROP-196500,2024-07-01,N,미상,3.0,서울달 다둥이할인도 추가 부탁드려요,"서울달 운행시 아이들 있는 가족들이 더 많이 이용할수있게
다둥이 할인도 포함 시켜주세요.
말로만 아이들 낳아서 키우라고 하지마시고
좀더 아이들하고 같이 즐길수있는 그런 환경을 만들어 주세요.
둘이상 있는 가족들은 금액문제때문에 이런건 도전하기가 어렵습니다.
앞으로도 저념하게 아이들하고 놀수 있는 환경을 부탁드립니다.
수고하세요.",다자녀·양육비·생활지원,다자녀 혜택,다자녀 기준·할인·감면,다자녀·양육비·생활지원,저출생사업1팀,02-2133-5027,생활지원팀,1순위:저출생사업1팀 | 2순위:생활지원팀,0,,,,,,https://idea.seoul.go.kr/front/freeSuggest/view.do?sn=196500
PROP-196496,2024-06-30,N,미상,28.0,출산 여성 보건소 골밀도 검사 대상 포함 요청건,"안
녕하세
요.
서울시 강동구에 사는 30대 여성입니다.
작년 10월 출산 후 최근에 동네 정형외과에서 골밀도 검사를 해보라는 제안을 받았습니다.
골밀도 검사가 가능한 병원을 찾아보던 중 서울시 보건소에서 골밀도 검사를 받을 수 있다는 기사를 접하였고,
거주 지역인 강동구 보건소 홈페이지를 확인해보니 검사 대상이 60세 이상 주민으로 되어 있었습니다.
모두 확인하지는 못했지만 서울시 그외 지역 보건소도 비슷한 상황으로 보였습니다.
이와 관련하여, 골밀도 측정 검사 대상을 출산 여성 (나이 제한 없음) 으로 확대해주실 것을 제안드립니다.
저를 포함하여 제 주변인들 중에는 출산 후 출산 전에 없던 관절 통증이나 골다공증 등으로 불편을 겪는 사례가 많은데 육아로 바쁜 일상과 정보 부족으로 인해 적절한 시기에 알맞은 치료를 받기 힘든 것이 현실입니다.
그런데, 지역 보건소에서 골밀도 측정 검사 대상에 출산 여성을 포함해주시고 이에 관한 홍보를 해주신다면
보건소 산전 검사처럼 임신, 출산을 경험하는 여성들에게 큰 도움이 될 것 같습니다.
긍정적으로 검토해주시면 감사하겠습니다.",출산·산후 초기지원,출산가구 초기지원,출산지원금·출생축하,출산·산후 초기지원,가족건강팀,02-2133-9486,아동보호팀,1순위:가족건강팀 | 2순위:아동보호팀,0,,,,,,https://idea.seoul.go.kr/front/freeSuggest/view.do?sn=196496
PROP-196494,2024-06-30,N,미상,14.0,장애아를 위한 서울형키즈카페 제안,"안녕하세요? 7세 자폐성 장애를 가진 조카가 있습니다. 4세부터 장애를 알게 되었고 서울형 키즈카페를 여러군데, 여러번 이용해보았습니다. 저렴한 가격으로 깨끗하고 안전한 시설들로만 잘 꾸며져서 아이들이 이용하기 좋았습니다. 하지만 상대적으로 소통이 어렵고 질서 지키기가 잘 안되는 장애 아이의 특성상 일반 아이들과 같은 공간에서 놀기에 어려운점이 많습니다. 상주직원들의 장애아에 대한 이해도 부족합니다. 일반 아이들과 부모들과 직원들의 눈치를 보지 않고 장애아이들과 부모들이 좀더 즐겁고 마음 편하게 시간을 보낼 수 있는 장애아들만을 위한 서울형 키즈카페를 만들어주셨으면 좋겠습니다. 감각통합 놀잇감과 장애아의 특성을 이해해줄수 있는 상주직원들도 있으면 좋을거 같습니다.",보육·돌봄 인프라,아동 놀이·체험공간,공공키즈카페·수유실·유아휴게실,보육·돌봄 인프라,돌봄사업팀,02-2133-6560,가족건강팀 | 저출생사업1팀,1순위:돌봄사업팀 | 2순위:가족건강팀 | 3순위:저출생사업1팀,0,,,,,,https://idea.seoul.go.kr/front/freeSuggest/view.do?sn=196494
PROP-196484,2024-06-28,N,미상,0.0,"보차혼용도로에 대한 미흡점 개선 제안 (서울시내 보차혼용도로에 위치한 어린이집, 유치원, 초등학교, 중학교, 고등학교 스쿨존 설정 및 인도 설치 의무화와 서울시내 어린이집의 스쿨존 지정(전체 불가시 보차혼용도로내 위치한 어린이들이라도 우선 지정))","현실태
차도와 인도가 분리되지 않은 '보차 혼용도로'가 많습니다. 그리고 그런 곳에서 사고가 많이 납니다. 특히 이런 보차 혼용도로 주변에 학교나 어린이집이 있으면 더욱 위험한데, 그런 위험에 대해 아직 사각지대가 있습니다. 지난해 12월 언북초 앞 스쿨존 보차 혼용도로에서 이 학교에 다니는 3학년 어린이가 만취한 30대 남성이 운전한 차에 치여 숨지는 사고가 발생하기도 하여 언북초 앞 도로에 보도가 설치되었으며, 해당 도로는 일방통행로로 지정되기도 하였습니다. 이런 조치는 잘 되기는 하였으나 사후약방문으로 소 잃고 외양간 고치는 격입니다. 이미 이런 사고가 나지 않도록 보도가 설치되고 일방통행로로 지정되었어야 합니다. 서울시에는 이런 곳이 많이 있습니다. 게다가 유치원이나 학교는 정원에 관계없이 스쿨존으로 지정되는데, 어린이집은 그렇지 않습니다. 또한 어린이 집에 정원이 100명이상이 되는 경우 스쿨존 지정대상이 됩니다. 부모의 입장에서 어린이 집은 보호되어야 하는 대상이라고 생각하는데, 100명이상이 되어야 스쿨존 지정대상이 되어야 한다는 점은 이해가 되지 않습니다. 특히 어린이집 정원이 100명이상인 경우라도 스쿨존 지정이 강행 규정이 아니라는 점은 이해가 가지 않은 점입니다.
개선방안
1. 서울시내 보차혼용도로에 위치한 어린이집, 유치원, 초등학교, 중학교, 고등학교 스쿨존 설정 및 인도 설치 의무화
=> 출산율이 0.7도 안 되는 시점에 자라나는 아이들이 안전하게 학업을 마치고 성장할 수 있도록 안전장치는 마련해 주어야 합니다. 따라서 사고 위험이 많은 서울시내 보차혼용도로에 위치한 어린이집, 유치원, 초등학교, 중학교, 고등학교를 전수조사한 후 서울시의원들이 각 자치구의 실태를 파악한 후 스쿨존으로 설치되어 있지 않으면 스쿨존으로 설치할 수 있도록 하고 주변에 인도가 없어 보차혼용도로를 가로질러 등하교를 한다면 인도를 설치해 주어야 합니다. 어린이들이나 학생들이 사고가 나면 '해당 도로를 다니는 이용자들이 불편해서 설치할 수 없었다'는 행정당국의 말은 이제는 변명이 안 됩니다. 어린이들이나 학생들이 사고 나면 해당 가정은 일상이 무너집니다. 그런 점은 크게 보면 또 다른 출산율 저조로 이어집니다. 이런 점을 방지하기 위해서라도 서울시내 보차혼용도로에 위치한 초등학교, 중학교, 고등학교 스쿨존 설정 및 인도 설치 의무화가 필요합니다.
2. 서울시내 어린이집의 스쿨존 지정(전체 불가시 보차혼용도로내 위치한 어린이들이라도 우선 지정)
=> 이 점은 이해가 가지 않는 점입니다. 유치원이나 학교는 정원에 상관없이 스쿨존으로 지정되는데, 어린이 집은 정원이 100명이상이 되어야 스쿨존 지정대상이 되고, 어린이집 정원이 100명이상인 경우라도 스쿨존 지정이 강행 규정이 아니라 스쿨존이 될 수도 있고, 안 될 수도 있다는 점은 행정당국의 숫자 놀음이 아닐까 합니다. 따라서 서울시내 어린이 집은 모두 스쿨존으로 지정될 필요가 있습니다. 전체 불가시 보차혼용도로내 위치한 어린이들이라도 우선 지정되어야 합니다. 보차혼용도로들을 가서 보면 인도도 없고 주정차된 차량들이 많아서 다니는데, 사각지대가 많은 상태에서 아이들이 경적을 울리는 차들을 피해 걸어 가는 등 사고 위험이 많습니다. 이 글을 읽는 분의 아이 손을 잡고 그런 곳을 지나 아이를 어린이집에 맡겨야 한다면 어떤 생각이 들까요?
기대효과
1. 서울시내 보차혼용도로에 위치한 어린이집, 유치원, 초등학교, 중학교, 고등학교 스쿨존 설정 및 인도 설치 의무화는 자라나는 아이들이나 학생들의 안전은 물론 아이들이나 학생들 부모님들에게 '내 아이가 다니는 길이 어느 정도 안전하게 되어 안전한 통학로' 라는 이미지는 물론 서울시 의회의 안전 대책에 신뢰를 줄 수 있습니다.
2. 서울시내 어린이집의 스쿨존 지정(전체 불가시 보차혼용도로내 위치한 어린이들이라도 우선 지정)을 통해 어린이 집이 정원 수로 차별받지 않도록 해 줄 수 있습니다. 이는 어린이집에 아이들을 보내는 부모님들에게는 걱정거리를 덜 하나의 정책이자 출산율 0.7이하의 시기에 이미 태어난 아이들을 보호하는 정책입니다.",보육·돌봄 인프라,어린이집·유치원,보육시설·유아교육,보육·돌봄 인프라,돌봄사업팀,02-2133-6560,저출생사업1팀,1순위:돌봄사업팀 | 2순위:저출생사업1팀,5,어린이집 영유아 방문건강관리 서비스 지원 | 서울형어린이집 | 서울형 0세 전담반 어린이집(사업종료) | 서울형 0세 전담반 어린이집 | 서울형 시간제 전문 어린이집,어린이집으로 방문건강간호사가 찾아가서 건강관리 및 건강교육서비스 제공 | 공인평가를 통하여 우수한 민간 어린이집을 선정하고 인건비 및 운영비를 지원함으로써 향상된 보육서비스를 안정적으로 제공 | 12개월 미만의 영아 보육에 적합한 ‘0세 전담반’  어린이집 100개반 선정 운영 | 12개월 미만의 영아 보육에 적합한 ‘0세 전담반’  어린이집 100개반 선정 운영 | 가정양육 또는 타 기관 이용 보호자 등 누구나 필요시 시간 단위로 이용할 수 있는 보육서비스,,,,https://idea.seoul.go.kr/front/freeSuggest/view.do?sn=196484
PROP-196482,2024-06-27,N,미상,4.0,출퇴근길 자전거 도로에 유모차나 보행자가 걷지 못하게 해주세요.,"여의도에서 자전거로 출퇴근하는 직장인입니다.
인도가 버젓이 있음에도 불구하고 자전거 길로 통행하는 유모차 보행인, 심지어 강아지를 데리고 다니는 보행인 때문에
차가 다니는 길로 방향을 틀다가 마주 오는 자전거들과 충돌할 뻔 하면서 아슬아슬하게 사고를 면했습니다.
인도는 비어 있었고, 한 블럭 전체에 통행인은 2명 정도였습니다.
그런데 강아지 동반 보행인은 ""자기 강아지가 사람들에게 부딪힐까 봐서""라며 자전거 길로 보행했으며,
여러 대의 자전거가 찻길로 운행해야만 했습니다.
애견인으로서 부끄러운 짓을 하는 보행인에게 인도로 올라가시라고 말을 했지만, 되려 큰 소리를 쳤습니다.
자기 강아지가 편하게 가야 한다고. 그러니 자전거는 찻길로 다니라는 겁니다. 자전거 도로에서요.
자전거 도로는 자전거 이용자들을 위한 안전이 보장되어야 하는데
이런 보행인들 때문에 사고 위험이 높아진다는 건 옳지 않다고 봅니다.
보행자는 교통약자가 아닙니다. 이런 경우에는 보행자의 을질입니다. 더구나 반려견을 데리고 이런 행위는 더욱 위험합니다.
택시 승하차처럼 잠시 내려오는 경우가 아닌, 길게 이어진 자전거 도로에서 쭉 방해하며 걷고 있었습니다.
이런 보행자들에게는 벌금을 메겨 주세요.",주거·교통·도시생활환경,유모차 이동권,유모차·유아차 이동편의,주거·교통·도시생활환경,저출생사업1팀,02-2133-5027,생활지원팀,1순위:저출생사업1팀 | 2순위:생활지원팀,5,서울시 중소기업 워라밸 포인트제 | 서울형 육아휴직장려금 | 서울형 육아휴직장려금(사업종료) | 1인 자영업자 등 배우자 출산휴가급여 지원 | 1인 자영업자?프리랜서 배우자 출산휴가 지원금,"양육친화 및 일?생활 균형을 위한 중소기업의 다양한 노력을 인정하고 중소기업이 아이 키우기 좋은 기업으로 성장할 수 있도록 지원하는 사업 ① 양육친화 및 일?생활 균형 실적에 따른 포인트 적립 ② 적립 포인트에 따른... | ○ 자녀 1인당 최대 120만원 지원 - 육아휴직기간 연속 6개월 시 60만원, 연속 12개월 경과 시 60만원 추가지급 ※ 부?모 모두 육아휴직 시 각각 지급 (자녀 1인에 대해 가구당 최대 240만원 지급) | ○ 자녀 1인당 최대 120만원 지원 - 육아휴직기간 연속 6개월 시 60만원, 연속 12개월 경과 시 60만원 추가지급 ※ 부?모 모두 육아휴직 시 각각 지급 (자녀 1인에 대해 가구당 최대 240만원 지급) | 1인 자영업자 등에 배우자(남편) 출산휴가급여 최대 120만원(15일분) 지원 (2026.1.1. 기준 출생아부터 적용) - 2025년 출생아는 최대 80만원(10일분) 지원 ㅇ 지원대상에 대한 자격요건 완화(202... | 1인 자영업자 등에 배우자 출산휴가급여 80만원 지원",,,,https://idea.seoul.go.kr/front/freeSuggest/view.do?sn=196482
PROP-196474,2024-06-26,N,미상,2.0,임산부 등 노약자석 무단 착석 대처방법,임산부 등 노약자석 무단 착석 대처방법,임신·난임·생식건강,임산부 건강·배려,임산부 건강관리·배려,임신·난임·생식건강,건강임신지원팀,02-2133-9492,저출생사업1팀 | 가족지원팀,1순위:건강임신지원팀 | 2순위:저출생사업1팀 | 3순위:가족지원팀,5,"35세 이상 임산부 외래 진료 및 검사비 지원 | 임산부 엽산제, 철분제 지원 | 서울시 난임?임산부심리상담센터 운영 | 맘편한 임신 원스톱서비스(임산부?출산전 제공) | 임산부 출산급여 지원","의료비 부담이 큰 35세 이상 산모 대상 외래진료 및 검사에 소요되는 비용을 소득과 무관하게 최대 50만원까지 지원 (24년 3월 사회보장제도 신설 협의 완료, 24년 8월까지 사업추진을 위한  사전절차 진행 예정으... | 지원내용 (엽산제) 임신 전후 3개월까지 엽산제 지원  (철분제) 임신 16주부터 철분제 5개월분  신청방법 주소지 보건소에 방문하거나 온라인(정부24)으로 신청 | 난임부부, 유산?사산 경험부부, 임산부 및 양육모의 정서적 안정을 위해 전담 상담사가 등록부터 종결까지 1:1 상담 및 다양한 프로그램을 운영 | 임산부 엽산제?철분제 지급 등 임신 전?중 통합 서비스 제공 | ㅇ 임산부 출산급여 90만원 지원     ※고용노동부 ‘고용보험 미적용자 출산급여’ 150만원에 추가지원",,,,https://idea.seoul.go.kr/front/freeSuggest/view.do?sn=196474
PROP-196468,2024-06-25,N,미상,2.0,지하철 임산부 배려석에   지하철 보완요원  수시검사,지하철 임산부 배려석에   지하철 보완요원  수시검사,임신·난임·생식건강,임산부 건강·배려,임산부 건강관리·배려,임신·난임·생식건강,건강임신지원팀,02-2133-9492,저출생사업1팀 | 가족지원팀,1순위:건강임신지원팀 | 2순위:저출생사업1팀 | 3순위:가족지원팀,1,임산부 배려공간 조성,ㅇ 교통 약자인 임산부의 엘리베이터 안전사고 예방 및 배려문화 확산을 위해 엘리베이터 내?외부에 임산부 배려공간 조성(엠블럼 부착)   - 임산부를 위해 해당 공간을 비워두고 양보하는 사회 분위기 확산 유도 ㅇ 임산...,,,,https://idea.seoul.go.kr/front/freeSuggest/view.do?sn=196468
PROP-196434,2024-06-20,N,미상,1.0,고등학생 하원 택시 운영제도,"한국 고등학생들은 평일에 학교와 학원을 오가며 하루 평균 10시간 이상을 교육기관에서 보내고 있습니다. 학교 수업 이후 추가적인 학습을 위해 학원까지 다니는 생활 패턴은 고등학생들에게 극도의 스트레스와 피로감을 유발합니다. 학업 외적으로도 학생들의 생활 품질과 안전을 저해하는 요소를 개선하기 위해 지방자치단체 고유의 고등학생 하원 택시 운영제도 운영을 제안합니다.
학원이 끝나는 오후 9시~11시에는 택시 이용자가 소속학교 인증을 통해 학생임을 인증할 경우 지방자치단체가 적용한 저렴한 택시 요금으로 집까지 하원할 수 있게 하는겁니다. 또, 학생 혼자 택시를 타면 위험에 노출되기 쉽다는 문제를 해결하기 위해 생각한 방안으로는 해당 옵션의 택시 기사는 엄격한 운전자 선발 과정을 통과해야 하게 하는 것이 있습니다. 또는 자율주행자동차 기술을 이 정책에 활용하면 가장 좋을 것 같습니다.
학생들이 안전한 교통 이동을 보장받아 스트레스와 피로감을 줄일 수 있다는 가장 큰 장점이 있고, 학생들과 학부모들의 시간 관리 및 생활 편의성이 향상될 것입니다. 또, 공공 교통의 활용도가 높아지면서 개인 차량 운행으로 인한 환경 부담을 줄 일 수도 있습니다. 최종적으로는 혁신적인 교통 정책 도입으로 인해 지방자치단체의 이미지와 사회적 신뢰도가 향상될 것을 기대할 수 있습니다.",보육·돌봄 인프라,초등돌봄,초등돌봄·방과후,보육·돌봄 인프라,돌봄사업팀,02-2133-6560,저출생사업1팀 | 생활지원팀,1순위:돌봄사업팀 | 2순위:저출생사업1팀 | 3순위:생활지원팀,0,,,,,"TAG_REVIEW:현재 태그=보육·돌봄 인프라, 태그 핵심어 약함 || TAG_REVIEW:현재 태그=보육·돌봄 인프라, 태그 핵심어 약함",https://idea.seoul.go.kr/front/freeSuggest/view.do?sn=196434
PROP-196356,2024-06-12,N,미상,4.0,임산부 배려석 관련해서 제안드립니다.,임산부 배려석 관련해서 제안드립니다.,임신·난임·생식건강,임산부 건강·배려,임산부 건강관리·배려,임신·난임·생식건강,건강임신지원팀,02-2133-9492,저출생사업1팀 | 가족지원팀,1순위:건강임신지원팀 | 2순위:저출생사업1팀 | 3순위:가족지원팀,1,임산부 배려공간 조성,ㅇ 교통 약자인 임산부의 엘리베이터 안전사고 예방 및 배려문화 확산을 위해 엘리베이터 내?외부에 임산부 배려공간 조성(엠블럼 부착)   - 임산부를 위해 해당 공간을 비워두고 양보하는 사회 분위기 확산 유도 ㅇ 임산...,,,,https://idea.seoul.go.kr/front/freeSuggest/view.do?sn=196356
PROP-196336,2024-06-10,N,미상,1.0,출산률 향상을 위한 저출산 대책,"1. 현황 및 문제점
가
)
결혼 적령기에 있는 청년 및 신혼부부가 결혼 과 출산을 하기에 앞서
가장 고민하는 부분이 안정적인 주거 환경에
있다
.
나
)
현재 주택 청약
(
신혼
)
제도는 결혼을 앞둔 청년 및 신혼부부에게 불리한 부분이 있어
,
결혼한 이후에도 아파트
분양을 받기 위하여 혼인신고 및 출산 계획을 미루고 있는 것이 현실이다
.
다
)
현재 주택청약 가산점제는 인적 가산점을
1
인
5
점으로 하고 있는데
,
부모 봉양을 이유로 실제 부모와 같이 거주 및 부양하지 않으면서 서류만 등재하여 가산점을 올리기 위한
수단으로 이용되고 있어 부모 부양 가산점을 폐지하고
,
자녀 출산 시 가산점을 높게 부여하여 출산률 향상에
기폭제가 될 수 있는 동기가 필요하다
.
2. 개선 대책
가) 청년 및 신혼부부의 경우 주택 청약 가산점이 낮아 안정적 주거 환경으로 여기는 아파트 당첨 확률 어려움이
있어 결혼을 미루거나 출산을 미루는 경우가 있는데 주택 청약 가점제 변경은
국가 재정이 투입되지 않아도
출산률 향상에 기여할 수 있는 기폭제 역할을 할 수 있는 동기가 충분하다
.
나) 결혼한 신혼부부가 출산하면 아파트 청약 시 가산점이 유리하도록 부모 부양 가산점을 폐지하고
,
자녀
1
명
10
점
, 2
명 이상
20
점 등으로 주택 청약 가산점 제도를 변경하고 아파트 당첨되면 대출금리 지원 등이
필요하다
.
다) 문제점이 있었던 직접적 현금 지급보다 안정적 지원 방법으로
,
부부 합산 소득이
1
억 이하의 경우 소득세 또는 건강 보험료를 자녀
1
명
50%
감면
, 2
명 이상 면제하는 등의 방법으로 자녀가
20
세까지 성장하는 동안 장기적이고 안정적으로 세제 혜택을 줌으로 단독 세대가 자녀가 있는 세대를 부러워 할 수 있도록 차별화 할 것을 제안합니다
.",출산·산후 초기지원,출산가구 초기지원,출산지원금·출생축하,출산·산후 초기지원,가족건강팀,02-2133-9486,,1순위:가족건강팀,0,,,,,,https://idea.seoul.go.kr/front/freeSuggest/view.do?sn=196336
PROP-196331,2024-06-09,N,미상,2.0,북아현지역 우리동네 키움센터,"안녕하세요.
서대문구 북아현동에 거주하는 세아이의 엄마 입니다.
맞벌이 가정이라 이사온지 얼마 안된 이 동네의 돌봄센타를 알아보고 있는데
꽤나 많은 어린이 및 신혼부부들이 있는걸로 알고있는 북아현동 아파트단지쪽에는 돌봄센터가 하나도 없네요.
신규 돌봄센터 개설을 제안하는 바 입니다.
항상 감사드립니다.",보육·돌봄 인프라,초등돌봄,초등돌봄·방과후,보육·돌봄 인프라,돌봄사업팀,02-2133-6560,저출생사업1팀 | 생활지원팀,1순위:돌봄사업팀 | 2순위:저출생사업1팀 | 3순위:생활지원팀,5,영아 전담 아이돌봄서비스 | 외국인 가사(육아)인력 시범사업 | 서울시 중소기업 워라밸 포인트제 | 1인 자영업자 등 배우자 출산휴가급여 지원 | 1인 자영업자?프리랜서 배우자 출산휴가 지원금,"출산휴가, 육아휴직 후 복귀하는 맞벌이 가정을 지원하고자 영아 돌봄 교육을 이수한 전담 돌보미가 영아 이유식 먹이기, 젖병 소독 등 영아 특화 돌봄서비스 제공 | 맞벌이 부부 등 ‘육아 조력자’의 도움이 절실한 자녀양육 가정에 외국인 육아도우미를 활용한 양육지원사업 도입 | 양육친화 및 일?생활 균형을 위한 중소기업의 다양한 노력을 인정하고 중소기업이 아이 키우기 좋은 기업으로 성장할 수 있도록 지원하는 사업 ① 양육친화 및 일?생활 균형 실적에 따른 포인트 적립 ② 적립 포인트에 따른... | 1인 자영업자 등에 배우자(남편) 출산휴가급여 최대 120만원(15일분) 지원 (2026.1.1. 기준 출생아부터 적용) - 2025년 출생아는 최대 80만원(10일분) 지원 ㅇ 지원대상에 대한 자격요건 완화(202... | 1인 자영업자 등에 배우자 출산휴가급여 80만원 지원",,,,https://idea.seoul.go.kr/front/freeSuggest/view.do?sn=196331
PROP-196309,2024-06-05,N,미상,40.0,임산부 좌석 태그시행 제도,"(개요) 지하철 임산부석 임산부카드 태그제
(현황및문제점)
임산부 배려 정책의 일환으로 임산부 지정석 제도가 시행된 이래, 임산부가 아님에도 임산부석을 이용하는 일반승객으로 본래의 취지가 몰각되고 이에 따라 임산부석 운영제도가 형해화되고 있는 실정임
- 임산부석이 존재한다는 이유로 일반좌석으로부터의 배려를 더 기대하기 어려운것이 현실임
(개선방안)
1.임산부석에 착석 여부를 감지할수 있는 센서 부착
2.임산부석 좌우측 측면에 카드 태그 인식기 설치
3.임산부들은 보건소 등으로부터 발급받은 임산부 카드를 태그한 후 착석
*임산부카드가 태그되지 아니한 채 착석이 감지되면 ""삐 삐, 임산부 카드를 태그하여 주시기 바랍니다.""라는 내용의 문구가 안내되도록 설치
** 미태그시 임산부석 하단에서도 깜빡이 불빛이 나오도록 설계
***임산부카드를 앱과 연동할 수 있도록 연계
(기대효과) 임산부석을 비워두는 관행을 배려가 아닌 의무화함으로써 임산부 지정석 제도를 다시 활성화시키고 시민의식 제고
(참고) 특정사이트 임산부석 설문조사 결과 1.항상 비워둬야한다는 의견(약49%), 2.앉아있다가 임산부가 있을시 비켜줘도 된다는 의견(약48%)이 팽팽하였으며 이와 같은 현행 체계에서는 개선될 여지가 없음",임신·난임·생식건강,임산부 건강·배려,임산부 건강관리·배려,임신·난임·생식건강,건강임신지원팀,02-2133-9491,가족지원팀 | 저출생사업1팀,1순위:건강임신지원팀 | 2순위:가족지원팀 | 3순위:저출생사업1팀,1,임산부 배려공간 조성,ㅇ 교통 약자인 임산부의 엘리베이터 안전사고 예방 및 배려문화 확산을 위해 엘리베이터 내?외부에 임산부 배려공간 조성(엠블럼 부착)   - 임산부를 위해 해당 공간을 비워두고 양보하는 사회 분위기 확산 유도 ㅇ 임산...,,,,https://idea.seoul.go.kr/front/freeSuggest/view.do?sn=196309
PROP-196294,2024-06-02,N,관악구,0.0,관악구에도 거점 키움센터가 있었으면 좋겠습니다~,관악구에도 거점 키움센터가 있었으면 좋겠습니다~,보육·돌봄 인프라,초등돌봄,초등돌봄·방과후,보육·돌봄 인프라,돌봄사업팀,02-2133-6560,다문화지원팀 | 저출생사업1팀,1순위:돌봄사업팀 | 2순위:다문화지원팀 | 3순위:저출생사업1팀,0,,,,,,https://idea.seoul.go.kr/front/freeSuggest/view.do?sn=196294
PROP-196279,2024-05-30,N,미상,3.0,정부 아이돌봄서비스 개선 요청,"현재 실시하고 있는 정부
인증 아이돌봄서비스는 몇 가지의 문제점이 존재합니다
.
바로 서비스의 공급과 수요 균형이 맞지 않는 것이다
.
아이돌보미 현황은
2019
년
24,677
명을 시작으로
2020
년
24,469
명
, 2021
년
25,917
명
, 2022
년
26,675
명
, 2023
년
28,071
명으로 그 숫자가 미세하게 증가하였지만
,
이용자는
2019
년
70,485
를
시작으로
2020
년
59,663, 2021
년
71,789, 2022
년
78212, 2023
년
86,100
으로 아직 공급이 수요를 맞추기 어려운 상황입니다
.
이
때문에 아이돌봄서비스를 신청해도 배정을 받는데 적지 않은 시간이 걸리게 됩니다
.
아이돌봄서비스 후기를
살펴보다가 맞벌이를 위해 아이돌봄서비스를 신청한 글을 보게 되었는데 이는 아이돌봄서비스의 단점을 잘 보여주고 있었습니다
.
윗 글은 금전적인 문제로 맞벌이를 선택함으로써
(
직장
)
합격 문자를 받은 후 당장 한 달 뒤에 출근해야 하는 상황이었습니다
.
출퇴근
시간을 고려하여 자녀의 어린이집 등원은 가능하였지만
,
퇴근이 늦은 탓에 정부에서 실시하는 아이돌봄서비스를
신청하게 되었습니다
.
하지만 대기 번호
34
번을 받았으며
,
신청 일자를 기준으로 약
3
개월 뒤에 아이돌봄서비스 면접을 보게
되었습니다
.
미리 서비스를 신청하여 제때
(
서비스
)
이용하였으면 좋았겠지만 위 글쓴이는
(
직장
)
합격 문자를 받기 전 서비스를 신청하기에는 어려움이 있어 그러지도 못하였으며 결국 아이의 하원을 도와주고
,
돌봐줄 사람이 없었기에 늦은 시간에 직접 어린이집으로 가 하원을 시켜야 하는 번거로움을 겪게 되었습니다
.
윗 글에서 기다린
3
개월은 짧으면 짧다고 생각할 수 있는 기간이지만
상황이 급한 사람들에게는 긴 기간으로 느껴질 수 있습니다
.
이처럼 아이돌봄서비스의 대기 기간
(
시간
)
도 하나의 문제점으로 들 수 있으며 그렇다 보니 위 문제에 대응하기
위해서 서비스 이용자들은 민간 아이돌봄서비스로 눈을 돌리게 된 것입니다
.
여가부에서 아이돌봄서비스 지원
예산을
4,679
억으로 지난해보다
32%(1133
억 원
)
증가했다고는 하지만 민간
(
돌보미서비스
)
지원 예산은 거의 없는 수준입니다
.
정부의 서비스를 이용하는 사용자에게만
좋은 일이지 서비스에서 소외되는 사람들 즉 정부 서비스의 대기를 뚫지 못하는 이들은 혜택을 받지 못하는 구조입니다
.
민간서비스
(
맘시터
)
의
가격은 보통
12,000
원
, 15,000
원이며 많게는
20,000
원 정도로 책정되어 있습니다
.
매칭이 쉽게 이루어진다는
이점 덕분에 수요가 늘었지만
,
이는 정부 서비스와 비교했을 때 더 큰 비용을 내야 한다는 것이 부담으로
다가올 것입니다
.
최영 중앙대 교수는
“
아이돌봄서비스에 대한
만족도가 높은 건 사실이지만
,
정부가 모두 하겠다는 건 비효율적
”
이라며
“
민간 돌봄에도 재정을 지원하거나 세제 혜택 등을 부여해 서비스를 확대할 필요가 있다
”
고 하였습니다
.
현재 대한민국은 거의 유일하게 중앙정부가 돌봄서비스를
운영하는 나라이며 관련 전문가들은 민간 서비스 확대를 통한 돌봄 강화의 필요성이 커지고 있다고 밝혔습니다
.
아무래도
민간서비스는 플랫폼 근로 형태다 보니 근무시간을 자유롭게 정할 수 있으며
, 80
시간 교육 등 까다로운
조건이 없는 탓에 활동하는 돌보미가 정부에 비해 많을 수밖에 없을 것입니다
.
그러므로 위
(
아이돌봄서비스
)
문제를 해결 및 개선하기 위한 방법으로는
다음과 같은 방법이 있습니다
.
첫 번째로는
(
특히 수요가
몰리는 특정 시간대의 시간제
)
아이돌봄서비스 공급원을 민간 아이돌봄서비스
,
학부모
,
조부모로 확대하여 공급과 수요의 차이를 줄이는 것입니다
.
이와 같은 공급원의 확대는 위 수요자가 합리적인 비용으로 위 서비스를 이용할 수 있을 뿐만 아니라 비교적 시간이
남아도는 학부모
,
조부모의 일자리 사업과 연계하여 정부의 재정 절감을 도모할 수 있다는 것에 큰 이점이
있습니다
.
물론 무분별한 공급원의 확대는 서비스 제공자의 전문성 및 품질 저하의 측면에서 문제가 될
수 있지만 위와 같은 인력의 질적 문제는 정부 주도의 교육 및 프로그램을 통해 개선될 수 있으며
,
이때
투입되는 비용은 앞서 말했듯 장기적인 측면에서 시간적 여유가 남는 사람들 혹은 퇴직한 노인들을 고용함으로써 세수 징수
,
시장경제 활성화뿐만 아니라 아이돌봄서비스를 원활하게 사용하는 부모들의 경력 단절
,
외벌이로 인한 금전적인 문제 등
(
공급이 늘고 어느 정도 수요와 비슷해지면
사설 보육 기관에 맡기지 않아도 되므로 이 또한 부모들의 금전적인 문제를 해소할 수 있게 됨
)
을 개선
및 해결할 수 있게 됩니다
.
이는 즉 아이를 낳고 기르는 부모들을 위한 정책임과 동시에 거시적 측면에서
볼 때 나라 전체의 이익을 위한 일이기도 합니다
.
두 번째로는 정부가 민간 아이돌봄 서비스를 지원하는
것입니다
.
앞서 말한 정부의 아이돌봄서비스는 많은 장점이 존재하고 그렇기 때문에 수요가 몰리게 됩니다
.
그 결과 수요와 공급의 균형이 맞지 않아 수많은 사람이 서비스를 이용하고자 하는 상황에 그러지 못하고 있습니다
.
이에 따라 맞벌이 혹은 다른 불가피한 이유로 아이를 돌볼 시간
,
상황이
안될 경우 민간 아이돌봄서비스를 이용하게 됩니다
.
현재 정부도
(
아이돌봄서비스
)
수요와 공급의 균형 즉 당장 돌보미 수를 늘리기 어렵다고 생각하여 점진적인 개혁을 추진하고 있는 상황을 보았을
때 이는 적어도 몇 년이 지난 후 에야 안정될 일이며 지금 당장 서비스가 필요한 사람에게는 큰 도움이 되지 못할 것입니다
.
그러므로 민간서비스를 지원함으로써 정부 아이돌봄서비스를 이용하지 못하는 이들을 도와주어야 합니다
.
이와 더불어 정부 아이돌봄서비스와 민간 아이돌봄서비스는 서로가 갖고 있는 다른 장점들이 있으며
,
서로의 단점들을 상호 보완해 줄 특징을 가지고 있습니다
.
정부 아이돌봄서비스의
장점으로는 경제적 부담 경감
,
신뢰성 및 안전성
,
넓은 범위의
접근성이 있습니다
.
정부는 서비스를 이용하면서 비용을 일부 보조해 줄 수 있으며
,
저소득
,
다자녀의 경우에는 보다 큰 혜택을 받을 수 있습니다
(
비용 보조
).
또한 소득에 따라 바우처를 제공하여 돌봄 서비스를 합리적인
가격에 이용할 수 있으며
(
바우처 제도
).
정부에서 시행하는
서비스의 경우 이에 고용되고
,
서비스를 제공하는 도우미는 일정 기준을 충족해야 할 뿐만 아니라 까다로운
절차를 거쳐야 합니다
(
정부 인증
).
이에 더해 서비스의 질을
유지하기 위해 이루어지는 정기적인 평가와 모니터링은 서비스 이용자에게 신뢰성과 안전성을 느끼도록 합니다
(
정기
평가 및 모니터링
).
다양한 이용자를 지원하는 위 서비스는 저소득층
,
한부모 가정 등 다양한 가정을 대상으로 지원 프로그램을 운영하기에 많은 가정이 혜택을 받을 수 있고
(
다양한
이용자 지원
),
광고 등 다양한 홍보를 통해 위 서비스가 필요한 부모들이 쉽게 접근할 수 있도록 돕기도
합니다
(
홍보 및 안내
).
하지만 이는 제한된 자원
,
서비스의 다양성 부족
,
복잡한 행정 절차 등의 단점이 존재합니다
.
정부 아이돌봄서비스는 수요 대비 공급이 부족하기 때문에 수많은 사람들이 오랜 대기 시간을 기다려야 하며
,
지원금
,
바우처 금액 이외에 부모들이 추가로 부담해야 하는 비용이
존재합니다
.
또한 정부의 서비스는 표준화되어 있으며
,
각
가정의 특수성
(
맞춤형 서비스 부족
)
을 전부 반영하기 어려울
뿐만 아니라 서비스 운영 시간이 고정되어 있기에 여러 상황에 대하여 유연하게 대처하기 어려울 수 있다는 단점이 있습니다
(
유연성
).
지원을 받기 위한 복잡한 행정 절차 또한 오랜 시간이 걸릴
뿐만 아니라 신청 과정에서 필요로 하는 서류 제출은 이용자가 번거로움을 느끼게 할 수 있습니다
(
신청
절차의 복잡성
).
반면에 민간 아이돌봄서비스의 장점은 다양성과 유연성
,
신속한 접근성
,
선택의 다양성이 있습니다
.
가족의
특수성 및 여러 가지 상황에 대해 반응 및 대처하기 쉬운 편이며
(
맞춤형 서비스 제공
),
부모의 근무
,
퇴근 시간 혹은 긴급한 상황에 대하여 유연한 대응을
하기 쉽기 때문에 근무
,
퇴근 시간이 불규칙한 부부 혹은 맞벌이 부부에게 큰 도움이 될 수 있습니다
(
운영 시간의 유연성
).
민간 아이돌봄서비스는 정부의 서비스보다는 비교적
자유로우며 다양한 서비스 제공자가 존재하기에 부모들은 자신이 원하는 서비스를 찾고
,
선택할 수 있습니다
(
다양한 서비스 제공자
).
정부 서비스에 비해 수요와 공급의 비율이
어느 정도 고르기 때문에 서비스를 이용하면서 대기 시간이 짧아 필요할 때 바로 이용할 수 있고
(
대기
시간 단축
)
서비스 이용 절차가 간편하며
,
복잡한 절차 없이
쉽게 접근이 가능합니다
(
간편한 절차
).
하지만 이는 높은
비용 부담
,
신뢰성 문제의 단점이 존재합니다
.
민간 서비스는
말 그대로 민간 기업이 이윤을 남기기 위해 실시하는 활동이기에 서비스 이용자는 비용적인 측면에서 부담이 될 수 있습니다
(
비용이 많이 듦
).
또한 민간에서의 서비스는 공식적인 평가
,
감독이 부족할 수 있는데 이는 서비스의 질 보장에 어려움을 초래할 수도 있습니다
(
평가 및 감독의 한계
).
이는 신뢰성의 문제이기도 하며 민간 서비스에
대한 평가 및 리뷰가 부족할 경우 부모들은 서비스를 선택하면서 어려움을 겪을 수 있습니다
(
신뢰할 수
있는 정보 부족
).
신뢰가 부족한 민간 서비스 제공자는 아이의 안전에 위험을 줄 수 있을 뿐만 아니라
부모들은 불안감을 느끼게 될 것입니다
(
안전 문제
).
이처럼
정부와 민간의 아이돌봄서비스는 각기 다른 장점이 있으며
,
위 단점들은 서로의 단점들을 보완해 줄 수
있기에 정부는 민간 서비스에 적절한 지원을 함으로써 저출산의 원인 중 하나인 돌봄 및 교육 부문 문제를 개선 및 해결하도록 해야 합니다
.
정부가 민간 서비스에 지원할 방법은 다양하며 이것에는 재정
,
인력
양성 및 교육
,
인증
,
평가시스템 도입 홍보 측면에서의 지원이
있습니다
.
재정적 지원은 운영비
,
교육비 지원 등이
,
인력 양성 및 교육 지원에는 관련 전문가를 초빙해 돌보미들의 지식 및 역량을 강화하는 것이 있습니다
.
인증
,
평가시스템 도입은 정부가 직접 민간 아이돌봄 서비스에 대해
인증 및 평가 실시가 있습니다
.
정부의 인증을 받은 업체는 국민들의 안심을 받을 것이며
,
이는 국민들이 위 민간 서비스를 안심하고 사용할 수 있을 것입니다
.
홍보는
정부가 민간 서비스의 편리함
,
신속함 등의 이점을 국민들에게 알려 서비스 이용자를 늘림으로써 관련 업체가
발전할 수 있도록 돕는 방법이 있습니다
.
위 지원들은 민간 서비스의 평판 및 사용자의 수를 늘려줄 것이며
,
결과적으로 관련 산업이 성장하는 데 큰 도움을 줄 것입니다
.
그
후 정부는
(
정부의 지원을 통해 이익을 얻고 성장한
)
회사에
이용자들이 서비스를 이용하면서 겪을 불편함 및 단점들을 개선 및 해결을 시정하도록 함으로써 정부 아이돌봄서비스를 이용하지 못하는 사람이 발생하더라도
차선책인 민간 아이돌봄서비스를 큰 문제없이 사용하게 하여 부모들은 육아에 대한 걱정을 줄일 수 있을 것입니다.",보육·돌봄 인프라,가족돌봄,아이돌봄·조부모돌봄,보육·돌봄 인프라,돌봄사업팀,02-2133-6560,저출생사업1팀,1순위:돌봄사업팀 | 2순위:저출생사업1팀,5,서울형 손주돌봄수당 지원(친인척형) | 서울형 아이돌봄비 지원 | 서울형 손주돌봄수당 지원(민간형) | 서울형 산후조리경비 지원 | 서울형 육아휴직장려금(사업종료),"영아를 키우는 가정에서 조부모(4촌 이내 친인척 포함)가 영아를 돌보는 경우 또는 서울시에서 지정한 민간기관의 손주돌봄 서비스를 이용 시 돌봄 비용을 지원(택1)하여 가정의 양육부담 경감 ① 친인척 조력자 손주돌봄수... | 영아를 키우는 가정에서 조부모(4촌 이내 친인척 포함)가 영아를 돌보는 경우 또는 서울시에서 지정한 민간기관의 아이돌봄서비스를 이용 시 돌봄 비용을 지원(택1)하여 가정의 양육부담 경감 ① 친인척 조력자 아이돌봄비 ... | 영아를 키우는 가정에서 조부모(4촌 이내 친인척 포함)가 영아를 돌보는 경우 또는 서울시에서 지정한 민간기관의 손주돌봄 서비스를 이용 시 돌봄 비용을 지원(택1)하여 가정의 양육부담 경감 ① 친인척 조력자 손주돌봄수... | 출산에 소요되는 경제적 부담을 경감하고, 출산 이후 산모의 건강권을 확보하기 위하여 산후조리경비 지원 1. 지원금액 : 자녀 수에 따른 <b class='font-color-primary'>차등지원</b> ※ 첫째 ... | ○ 자녀 1인당 최대 120만원 지원 - 육아휴직기간 연속 6개월 시 60만원, 연속 12개월 경과 시 60만원 추가지급 ※ 부?모 모두 육아휴직 시 각각 지급 (자녀 1인에 대해 가구당 최대 240만원 지급)",,,,https://idea.seoul.go.kr/front/freeSuggest/view.do?sn=196279
PROP-196273,2024-05-29,N,미상,2.0,저출산 문제 해결방안,"우리나라의 낮은 출산율은 이미 우리 모두가 아는 사실입니다.
그 동안 출산율을 높이기 위한 많은 당근 정책이 쏟아져 나왔고, 엄청난 정부 예산이 투입되고 있는데도 불구하고 결과는 절망적일 정도로 좋아질 기미가 없습니다.
왜 사람들은 애를 낳지 않을까요?
이 문제를 해결하기 위한 접근법으로 가장 근본적인 원인을 먼저 파악해 볼 필요가 있다고 생각합니다.
이미 많은 전문가들이 진단하고 있는 근본적인 원인은 두 가지로 압축되고 있습니다.
첫째, 과다한 교육비에 대한 걱정으로 애를 낳고 훌륭히 교육시킬 자신들이 없기 때문입니다
둘째, 과도하게 비싼 집값으로 인해 주거비용이 너무 높아서 자신들이 살기에도 팍팍한데 자식 까지 낳아서 기를 자신들이 없는 이유 때문입니다.
따라서, 이러한 저출산 문제를 해결하기 위해서는 근본적인 원인 2가지와 바로 직결된 정책을 내고 시행해야만 비로소 적절한 효과가 나오지 않을까 생각됩니다.
제시하는 방안은 아래의 2가지 방안입니다.
1. 둘째 아이를 낳는 집에게 강남3구, 마용성의 인기아파트 분양권을 무상으로 제공하는 방법입니다. 둘째 아이를 낳게 되면 그런 인기 아파트를 청약 받기 위해 아파트 청약가점을 만점 가까이 쌓지 않아도 되기 때문에 분양권 차익 몇 억을 직접적으로 보상 받는 효과가 있을 것입니다.
아파트를 재개발 재건축 할 때 서울시가 일정 분양권 물량을 제도적으로 확보하여 그들에게 제공하는 방법인데, 이 방안을 시행하게 되면 서울시는 재정 예산 단돈 10원도 쓰지 않고 왠 만큼의 정책 목표를 달성할 수 있을 것으로 생각됩니다.
진짜 이런 제도를 도입하면 꽤 많은 사람들이 둘째 아이를 만드는 일에 도전하지 않을까요?
2. 셋째 아이를 낳는 집에게는 그 집의 아이 3명 모두를 서울대학교 등의 원하는 국립대학에 그냥 무시험으로 입학시켜 주는 겁니다. 물론 졸업은 마음대로 쉽게 해주지 않는 거죠. 충분히 학사 졸업을 할 수 있는 성적이 되어야만 졸업을 시켜주는 겁니다. 상당수의 학생들이 졸업을 못하고 중퇴자가 될 수도 있습니다. 중요한 점은 자신의 아이가 서울대학교에 진학하여 졸업까지 할 수 있을 아이인지는 본인들이 더 잘 안다는 것이죠. 하지만, 아이를 낳는 시점에는 자기의 아이가 나중에 커서 서울대학교를 갈수도 있을 것이라는 기대감은 누구에게나 있을 것입니다. 그래서 많은 사람들이 셋째 아이를 만드는 일에 도전할 것으로 생각됩니다.
한가지 짚어야 할 점은 서울대학교 등의 국립대학들은 이 제도에 대해 손해를 볼 일이 있느냐 하는 점입니다. 더 많은 신입생이 들어오면 등록금 수입이 증가하여 학교 재정은 오히려 좋아질 것이고 그 돈으로 학교 발전을 위해 사용한다면 학교의 성장에 오히려 도움이 될 것입니다. 학교는 입학 정원 보다는 졸업 정원에 보다 Focus를 맞추어 학교를 운영하게 되면 학교의 Reputation도 왠 만큼 유지될 것으로 판단됩니다. 하지만, 이 제도를 시행하게 되면 아마도 기존 서울대학교 선배 졸업생들의 반발은 꽤 있을 것으로 생각됩니다만, 대의적으로 생각하고 동의해 주었으면 좋겠습니다. 저 역시 서울대학교 출신이지만 이런 제도가 만들어진다면 쌍수를 들고 찬성할 것입니다.
이 방안을 구체화 하여 서울시가 주도적으로 문화체육관광부, 서울대학교 등과 많은 소통을 하면서 Detail을 가다듬으면 좋을 것 같습니다.
이상으로 저출산 문제에 대한 해결방안을 간략히 제안 드렸습니다.
이 글을 읽는 많은 분들이 이 Agenda에 대해 공감하면서 추가적인 토론을 통해 제도의 완결성을 제고해 나갔으면 하는 바램입니다.
감사합니다.",출산·산후 초기지원,출산가구 초기지원,출산지원금·출생축하,출산·산후 초기지원,가족건강팀,02-2133-9485,,1순위:가족건강팀,5,신혼부부 결혼ㆍ살림비용 지원 | 자녀출산 무주택가구 주거비 지원 | 신혼희망타운 | 신혼부부 전용 주택 구입 자금 대출 | 신혼부부 임차보증금 이자 지원,"ㅇ 결혼ㆍ살림 비용 최대 100만원 지원    - 결혼준비 및 혼인살림 장만 관련 비용 지출    ※ 생애 1회 지급   ? 결혼준비 : 혼수, 예식장, 신혼여행, 청첩장 등    ? 혼인살림 : 전자제품, 주방가전... | 월 최대 30만원(2년간 최대 720만원) 주거비 지원 | 신혼희망타운 분양?임대주택 공급 및 청약 자격 제공 | 연 2.55~3.85% 금리로 주택구입 자금 대출, 최대 3억 2천만 원 한도 | - 임차보증금 대출금: 최대 3억원(임차보증금의 90% 이내) - 이자지원 금리: 최대 4.5% - 지원기간: 최장 10년(25.11.20. 부터 최장 12년) ※ 자세한 사항은 서울주거포털 공고문 참조",,,,https://idea.seoul.go.kr/front/freeSuggest/view.do?sn=196273
PROP-196265,2024-05-29,N,미상,1.0,저출산 대책 베이비씨터 돌봄비용,"안녕하세요, 용산구에사는 40대 워킹맘 입니다.
30대 후반에 결혼하여 두 자녀를 두고있는데요... 맞벌이 부부이다보니 입주 이모님을 두고있습니다. 둘이 합쳐서 소득이 되어서 정부 지원을 받을 수 있지는 않습니다.
2022년도 첫째 때는 입주이모님 월급이 250이었는데... 23년도에는 340이 되더니... 최근 아이들 돌봐주시던 이모님이 갑자기 수술하시는 상황이 되어 다시 구하려고 보니 또 올라서 380을 달라고하네요... 조선족 이모님 비용이 이렇고, 한국분으로 구하려고하니 450은 줘야 안 그만두시는 분으로 구할 수 있다고 합니다.
전일 소개업체랑 통화를 하고 너무속상하고 화가 나서 여기까지 오게 되었습니다... 돈 열심히 벌어서 아이들키우는데 들어가고나면 남는게 하나도 없고, 내 월급은 안오르는데 이모님 월급은 해마다 50만원 이상씩 오르네요.... 세금없이 월 450이면 연봉 7천은 되겠어요... 웬만한 직장인분들의 월급보다 많습니다.
소개소에서 월급의 20%를 수수료로 받는식으로 되어있어서 수수료를 많이 받기위해서 계속 이모님 몸값을 올리더라고요... 연결 업체를 서울시에서 관리 혹은 운영을 해 주실 수는 없는걸까요?
이모님 비용은 다 현금으로 드리기 때문에 세제 해택도 못받고, 이분들은 심지어 직업이 없는걸로 되어있어서 정부 지원금도 나옵니다.
이모님 한번 구하려면 소개비 80만원..... 구해놓으면 주변 시세보고 더 많이 주는데 있으면 금새 옮기셔서 또 다시구하고... 아이는 매번 적응하느라 힘들고....
대학등록금... 정관수술 복귀 비용, 출산 장려금... 이런거보다 당장 키울 수 있는 환경을 만들어주세요.",출산·산후 초기지원,출산가구 초기지원,출산지원금·출생축하,출산·산후 초기지원,가족건강팀,02-2133-9485,,1순위:가족건강팀,5,배우자 출산휴가 지원금 | 영아 전담 아이돌봄서비스 | 외국인 가사(육아)인력 시범사업 | 1인 자영업자 등 배우자 출산휴가급여 지원 | 1인 자영업자?프리랜서 배우자 출산휴가 지원금,"ㅇ 임산부 배우자를 둔 1인 자영업자?프리랜서에 배우자 출산휴가 지원금 80만원 지원 | 출산휴가, 육아휴직 후 복귀하는 맞벌이 가정을 지원하고자 영아 돌봄 교육을 이수한 전담 돌보미가 영아 이유식 먹이기, 젖병 소독 등 영아 특화 돌봄서비스 제공 | 맞벌이 부부 등 ‘육아 조력자’의 도움이 절실한 자녀양육 가정에 외국인 육아도우미를 활용한 양육지원사업 도입 | 1인 자영업자 등에 배우자(남편) 출산휴가급여 최대 120만원(15일분) 지원 (2026.1.1. 기준 출생아부터 적용) - 2025년 출생아는 최대 80만원(10일분) 지원 ㅇ 지원대상에 대한 자격요건 완화(202... | 1인 자영업자 등에 배우자 출산휴가급여 80만원 지원",,,,https://idea.seoul.go.kr/front/freeSuggest/view.do?sn=196265
PROP-196238,2024-05-25,N,미상,0.0,청년 복지를 줄이는게 오히려 저출산 해결에 도움됩니다,"제가 이상한 소리하고 반대로 말 하는거라 생각하시나요?
그렇게 생각하시면 틀렸습니다. 이미 서울시민뿐만 아니라 전국민이 다 알고 있습니다.
수도권 집중과 서울공화국 현상때문이라는거 다 압니다
그러면 반대로 서울시에서 청년 복지를 줄이고 다른지역이 청년 복지를 확대하고, 출산복지를 더 많이 해주면 알아서 지방이나 다른 지역으로 인구가 퍼져서 분산되고 국토균형발전에 도움이 됩니다.
애 낳으면 서울시에서 돈을 준다면서 서울시가 출산지원을 하는건 출산율 증가에 도움이 되지 않습니다. 오히려 지방 사람들까지 서울시에서 주는 혜택 받으려고 인구가 더 서울로 몰리는 효과를 만듭니다.
사실 지금도 강원도나, 전라남도 등 타지역의 인구는 주소지만 해당지역이지 서울에 기숙사로 살거나 고시원에서 살거나, 친인척 집에서 살거나 하는 경우 생각하면 실제 지방소멸은 훨씬 심각할 겁니다.
저출산 해결은 한국에서 출산율이 높은 지역인 전남 영광군과 해남군처럼 다른 지역에 맡겨야지 서울에서 해결하겠다고 하면 안됩니다.
어차피 청년 월세지원해도 그 돈 전부 집주인이 가져가고, 저출산을 심화시킬뿐입니다. 지방에 인구가 분산될 수 있게 해야지. 서울로 인구가 몰려서 더 저출산과 더 수도권 집중이 일어나게 하면 안됩니다",출산·산후 초기지원,출산가구 초기지원,출산지원금·출생축하,출산·산후 초기지원,가족건강팀,02-2133-9485,,1순위:가족건강팀,0,,,,,"TAG_REVIEW:현재 태그=주거·교통·도시생활환경, 태그 핵심어 약함",https://idea.seoul.go.kr/front/freeSuggest/view.do?sn=196238
PROP-196215,2024-05-21,N,미상,22.0,저출산 문제 해결을 위한 폐교부지 활용,"저출산 문제 해결을 위한 폐교부지 활용방안
우리나라의 심각한 저츨산 문제는 국가적 주요 아젠다입니다
.
최근에는 취학 인구의 감소로 인한  전국의 폐교가 점증되고 있습니다
.
전국에 산재해 있는 폐교부지를 청년이나 퇴직자에 대한 교육시설로 활용할 것을 제언합니다
.
이들 폐교 부지에 건설분야 식품가공분야 도시농업분야 등의
2
년제 전문교육 과정을 개설하여 유럽의 마이스터 양성과정처럼  전액 무료로 기숙 교육 실시하여 전문 기술인력을 양성하여 배출하고 국가 공공기관 사회단체 기업 등 국가적으로 일자리를 주선하여 안착시켜 준다면
청년실업을 해소할 수 있으며 이는 사회적 불안을 해소하는 하나의 모티베이션이 될 수 있고저출산 문제를 해소할 수 있는 정책이라고 생각합니다
.
특히 청년들에는 전원 기숙 교육을 함으로써 부모로부터 독립하여 자립할 수 있는 기회를
마련하는 사회적 교육 방법이 될 것입니다
.
또한 조기 퇴직하는 초기 노인들에 대한 재교육을 통한 인생의 이모작으로 보다 활력있는 노후를 국가가 마련해 주는 것이며 이는 노인의 빈곤문제 등을 해소하는 정책이 될 수 있습니다
.",출산·산후 초기지원,출산가구 초기지원,출산지원금·출생축하,출산·산후 초기지원,가족건강팀,02-2133-9486,,1순위:가족건강팀,0,,,,,"TAG_REVIEW:현재 태그=주거·교통·도시생활환경, 태그 핵심어 약함",https://idea.seoul.go.kr/front/freeSuggest/view.do?sn=196215
PROP-196209,2024-05-20,N,미상,7.0,지하철 임산부석 앱 설치 건의,"부산시에서 지하펄 임산부석을 앱을 활용하여 제어한다는 기사를 보고 참 앞서가고 좋은 방안이라는 생각을 했습니다. 서울의 지하철을 타다보면 임산부석에 남녀노소 할 것 없이 아무나 앉아서 가서 이 좌석이 무슨 의미가 있나, 진짜 임산부들이 타도 앉을 수가 없겠구나 하는 생각을 많이 했습니다. 부산시에서 앞선 생각을 했지만 서울에서도 이런 좋은 방법을 도입해서 임산부석을 제대로 활용했으면 좋겠습니다. 나라의 미래를 위해 애를 많이 낳아야한다고 아무리 떠들어도 진짜 피부로 와닿는 정책은 없는 것 같고, 그나마 전에 주던 지자체별 출산장려금도 오히려 없어진 것 같아 참으로 씁쓸한 생각이 듭니다, 대한민국의 특별시 서울시가 모든 분야에서 좀 더 앞서나가는 정책을 펼치길 바랍니다.",임신·난임·생식건강,임산부 건강·배려,임산부 건강관리·배려,임신·난임·생식건강,건강임신지원팀,02-2133-9492,가족건강팀 | 저출생사업1팀,1순위:건강임신지원팀 | 2순위:가족건강팀 | 3순위:저출생사업1팀,1,임산부 배려공간 조성,ㅇ 교통 약자인 임산부의 엘리베이터 안전사고 예방 및 배려문화 확산을 위해 엘리베이터 내?외부에 임산부 배려공간 조성(엠블럼 부착)   - 임산부를 위해 해당 공간을 비워두고 양보하는 사회 분위기 확산 유도 ㅇ 임산...,,,,https://idea.seoul.go.kr/front/freeSuggest/view.do?sn=196209
PROP-196158,2024-05-11,N,미상,0.0,영유아 부모 우대 교통 정책,"영유아 자녀둔 부모를 위한 전용주차공간:
성차별적이고 비실효적인 여성주차공간 없애고, 영유아 자녀둔 부모용 주차공간 제공.
남용방지를 위해, 차량이 두대여도 한 가구당 1대로 허가 스티커 수량 제한.
가장 어린 아이 초등학교 입학시 허가 스티커 종료.
대형 suv 중과세와 면제:
서울은 좁습니다. 길도 좁고, 주차공간도 좁고. 하지만 영유아자녀의 경우 차공간이 넉넉히 필요할수있죠.
영유아자녀가 없는 세대에 대한 대형 SUV 보유자에대한 세금 중과
반대로 영유아 자녀가 있는 세대에대한 세금 감면 및 면제",정보·상담·교육·거버넌스,정보 접근성,일반 출산정책 안건,정보·상담·교육·거버넌스,저출생사업1팀,02-2133-5027,가족지원팀 | 아동보호팀,1순위:저출생사업1팀 | 2순위:가족지원팀 | 3순위:아동보호팀,0,,,,,"TAG_REVIEW:현재 태그=정보·상담·교육·거버넌스, 태그 핵심어 약함 || TAG_REVIEW:현재 태그=정보·상담·교육·거버넌스, 태그 핵심어 약함",https://idea.seoul.go.kr/front/freeSuggest/view.do?sn=196158
PROP-196115,2024-05-06,N,미상,0.0,임산부를 위한 제안,"제 딸이 결혼해서 서울에서 살고있습니다.염창역에서 여의도역까지 9호선으로 출퇴근하는데.  제가 오늘 9호선을 타보니 임산부석이 한칸에 좌석 하나가 있네요.
한칸을 아예 임산부전용칸으로 지정하면 어떨까요",임신·난임·생식건강,임산부 건강·배려,임산부 건강관리·배려,임신·난임·생식건강,건강임신지원팀,02-2133-9491,가족지원팀 | 저출생사업1팀,1순위:건강임신지원팀 | 2순위:가족지원팀 | 3순위:저출생사업1팀,1,임산부 배려공간 조성,ㅇ 교통 약자인 임산부의 엘리베이터 안전사고 예방 및 배려문화 확산을 위해 엘리베이터 내?외부에 임산부 배려공간 조성(엠블럼 부착)   - 임산부를 위해 해당 공간을 비워두고 양보하는 사회 분위기 확산 유도 ㅇ 임산...,,,,https://idea.seoul.go.kr/front/freeSuggest/view.do?sn=196115
PROP-196096,2024-04-30,N,미상,25.0,서울시 자녀출산 무주택가구 주거비 지원,"서울시 자녀출산 무주택가구 주거비 지원 기준과 관련하여 제안합니다.
2024년 1월 1일 부터 시행된 신생아 특례대출의 기준도
3. (출산) 대출신청일 기준 2년 내 출산(입양)한 가구
입니다.
기준일을 2025년 1월 1일 이후 출산한 가구부터 라고 정한것에 대하여 합리적이고 서울시민 모두가 받아들일 수 있는 기준으로
재고해주실것을 제안합니다. 입양아는 출생 후 48개월 이내이면서 출산은 25년도 이후부터 적용인것도 어떤 기준으로 정해 진 것인지 의구심을 갖게합니다.
2024년 후반기 출산을 앞둔 가정들도 서울시의 시민이며 똑같이 주거 불안정을 겪고있습니다.
맞벌이 하던 부부들은
아이가 태어남의 있어서 출산휴가, 육아휴직 등으로
고정수입부재로 더욱더 대출이자 및 월세를 납부하는데 불안함을 느끼는 상황입니다.
이런 상황에서 25년도 출산한 서울시민만을 챙기겠다는 정책은 24년도 출산한 가구에게
상대적 박탈감을 조장한다고 생각합니다.
모든 서울에 사는 시민이 행복해질수 있도록 기준에 대하여 재고를 제안드립니다.
？
？",출산·산후 초기지원,출산가구 초기지원,출산지원금·출생축하,출산·산후 초기지원,가족건강팀,02-2133-9485,저출생사업1팀,1순위:가족건강팀 | 2순위:저출생사업1팀,5,영아 전담 아이돌봄서비스 | 서울형 新일?생활 균형 3종 패키지 | 서울형 일?생활 균형 3종 패키지 | 서울형 육아휴직장려금 | 서울형 육아휴직장려금(사업종료),"출산휴가, 육아휴직 후 복귀하는 맞벌이 가정을 지원하고자 영아 돌봄 교육을 이수한 전담 돌보미가 영아 이유식 먹이기, 젖병 소독 등 영아 특화 돌봄서비스 제공 | 양육 친화 기업문화 조성을 위해 서울형 新 일?생활 균형 3종 패키지를 시행함으로써 초저출생 위기 극복 및 일?생활 균형 문화 확산 ? 배우자 출산휴가 의무제(10일) ? 육아휴직 사용 활성화 ? 육아기 근로시간 단... | 양육 친화 기업문화 조성을 위해 서울형 일?생활 균형 3종 패키지를 시행함으로써 초저출생 위기 극복 및 일?생활 균형 문화 확산 ? 배우자 출산휴가 의무제(10일) ? 육아휴직 사용 활성화 ? 육아기 근로시간 단축 ... | ○ 자녀 1인당 최대 120만원 지원 - 육아휴직기간 연속 6개월 시 60만원, 연속 12개월 경과 시 60만원 추가지급 ※ 부?모 모두 육아휴직 시 각각 지급 (자녀 1인에 대해 가구당 최대 240만원 지급) | ○ 자녀 1인당 최대 120만원 지원 - 육아휴직기간 연속 6개월 시 60만원, 연속 12개월 경과 시 60만원 추가지급 ※ 부?모 모두 육아휴직 시 각각 지급 (자녀 1인에 대해 가구당 최대 240만원 지급)",,,,https://idea.seoul.go.kr/front/freeSuggest/view.do?sn=196096
PROP-196094,2024-04-30,N,미상,43.0,서울시 자녀출산 무주택가구 주거비 지원,"안녕하세요. 저는 현재 무주택 상태이며, 11개월 아기를 육아 중이며, 더불어 8주차 임신중으로 2024년 12월에 출산을 앞둔 육아맘입니다.
최근 서울시가 발표한 정책에 따르면, 2025년부터 아이를 낳는 무주택 가정에게 월 30만원의 출산 지원금을 2년 동안 제공할 예정이라고 합니다. 이러한 지원은 경제적 부담을 덜어주고, 아이를 키우는데 큰 도움이 될 것으로 기대됩니다.
저를 비롯한 많은 예비 부모들은 이와 같은 정책을 환영하며 큰 희망을 가지고 있습니다.
그러나 저와 같이 이미 육아를
하거나 2025년 이전에 출산으로 이 중요한 지원을 받지 못하게 됩니다.
경제적으로 더 큰 부담을 느낄 수 밖에 없습니다.
지원대상을 보면 입양아는 출생기준이 48개월 이하로 되어있습니다.
출생아도 동일한 기준으로 바꿔줘야하는 것이 형평성에 옳다고 생각합니다.
2025년 1월 1일부터 출생일로부터 48개월 이하의 입양아,출생아로 지원대상이어야 함을 간곡히 요청드립니다
실제로 출산과 육아 초기 비용은 예상보다 훨씬 많이 들며, 정책의 소급 적용이 없다면 저희와 같은 시기에 출산하는 가정은 상당한 불이익을 받게 됩니다.
저를 포함한 저출산 시대임에도 불구하고 물가불안정시대에 고생하고 있는 많은 육아 가정이 보다 안정적인 환경에서 자녀를 양육할 수 있을 것이며, 출산과 육아에 대한 사회적 지원이 실질적으로 강화될 것입니다.
자치구에서 지원하던 출산장려금이 있던곳도 둘째낳으려고 보니 없어진 곳이 많습니다. 산후조리원비용도 계속 오르는데 둘째낳고 조리원을 갈수있을까란 경제적인 고민도 생기게 됩니다. 이와중에 무주택가정에 대한 지원이 꽤나 감사했는데 세부적인것을 읽다보니 절망만되고 임신을 늦게 했어야 했나 싶기도 했십니다.
지원하는 정책이 2년 지원기간인 만큼 출생일로부터 48개월 이하의 아기를 양육하는 모든 가정이 평등하게 지원을 받음으로써, 지금 아기를
낳는것 보다 좀 더 늦게 출산하는것이 낫지 않을까 망설임을 촉구하지 않도록 지원대상을 수정해주신다면 둘째출산장려에 더욱 더 기여할 수 있을 것입니다.
본 정책의 지원대상을 수정함을 심사숙고되어 결정될 수 있도록 귀 기관의 적극적인 검토를 부탁드립니다.
저와 같은 상황에 있는 많은 가정이 답변을 기다리고 있습니다. 감사합니다.",출산·산후 초기지원,출산가구 초기지원,출산지원금·출생축하,출산·산후 초기지원,가족건강팀,02-2133-9485,저출생사업1팀,1순위:가족건강팀 | 2순위:저출생사업1팀,2,자녀출산 무주택가구 주거비 지원 | 주거급여 (맞춤형 급여) 취약계층 지원,월 최대 30만원(2년간 최대 720만원) 주거비 지원 | (소득인정액이 기준 중위소득 48% 이내의 가구/ 타인의 주택 등에 거주하면서 임대차 계약 등을 체결하고 임차료를 지불하는 자에게 지역별 기준임대료를 상한으로 실제 임차료(월임차료+보증금 환산액) 지원ㆍ3급지(광역시...,,,,https://idea.seoul.go.kr/front/freeSuggest/view.do?sn=196094
PROP-196093,2024-04-30,Y,미상,106.0,서울시 자녀출산 무주택 가구 주거비 지원,"안녕하세요. 저는 현재 무주택 상태이며, 2024년 12월에 출산을 앞둔 예비 엄마입니다.
최근 서울시가 발표한 정책에 따르면, 2025년부터 아이를 낳는 무주택 가정에게 월 30만원의 출산 지원금을 2년 동안 제공할 예정이라고 합니다. 이러한 지원은 경제적 부담을 덜어주고, 아이를 키우는데 큰 도움이 될 것으로 기대됩니다.
저를 비롯한 많은 예비 부모들은 이와 같은 정책을 환영하며 큰 희망을 가지고 있습니다.
그러나 저와 같이 2024년 말에 출산 예정인 부모들은 단지 몇 주 차이로 인해 이 중요한 지원을 받지 못하게 되어, 경제적으로 더 큰 부담을 느낄 수 밖에 없습니다. 실제로 출산과 육아 초기 비용은 예상보다 훨씬 많이 들며, 정책의 소급 적용이 없다면 저희와 같은 시기에 출산하는 가정은 상당한 불이익을 받게 됩니다.
이에 저는 서울시 및 관련 정부 기관에 2024년 12월에 출산하는 가정도 2025년부터 시행되는 출산 지원금 혜택을 받을 수 있도록 정책의 소급 적용을 강력히 요청드립니다. 소급 적용이 이루어진다면, 저를 포함한 많은 가정이 보다 안정적인 환경에서 자녀를 양육할 수 있을 것이며, 출산과 육아에 대한 사회적 지원이 실질적으로 강화될 것입니다.
이와 같은 소급 적용은 단지 금전적인 부분만이 아니라, 사회 전반에 긍정적인 영향을 미칠 것이라 확신합니다. 출산을 앞둔 모든 가정이 평등하게 지원을 받음으로써, 저출산 문제 해결과 인구 감소 방지에도 기여할 수 있을 것입니다.
본 정책의 소급 적용이 심사숙고되어 결정될 수 있도록 귀 기관의 적극적인 검토를 부탁드립니다.
저와 같은 상황에 있는 많은 가정이 답변을 기다리고 있습니다. 감사합니다.",출산·산후 초기지원,출산가구 초기지원,출산지원금·출생축하,출산·산후 초기지원,가족건강팀,02-2133-9485,저출생사업1팀,1순위:가족건강팀 | 2순위:저출생사업1팀,2,자녀출산 무주택가구 주거비 지원 | 주거급여 (맞춤형 급여) 취약계층 지원,월 최대 30만원(2년간 최대 720만원) 주거비 지원 | (소득인정액이 기준 중위소득 48% 이내의 가구/ 타인의 주택 등에 거주하면서 임대차 계약 등을 체결하고 임차료를 지불하는 자에게 지역별 기준임대료를 상한으로 실제 임차료(월임차료+보증금 환산액) 지원ㆍ3급지(광역시...,,,,https://idea.seoul.go.kr/front/freeSuggest/view.do?sn=196093
PROP-195893,2024-04-18,N,미상,19.0,서울시 공영주차장 다자녀 할인 혜택의 거주지 기준 재검토 요청,"귀하의 건승을 기원합니다. 저는 경기도 남양주시에 거주하는 3자녀를 둔 부모입니다. 본 공문을 통해 서울시 공영주차장의 다자녀 할인 혜택과 관련하여 현재의 거주지 기준에 대한 재검토를 요청드리고자 합니다.
저는 서울에서 근무하고 있으며, 서울시의 발전에 기여하고 있는 직장인입니다. 하지만 주거비의 급격한 상승으로 인해 서울에 거주하는 것이 불가능해져 불가피하게 경기도 남양주시로 거주지를 옮길 수밖에 없었습니다. 이로 인해, 저와 같이 서울에서 근무하면서도 경기도에 거주하는 다자녀 가정은 서울시에서 제공하는 공영주차장 다자녀 할인 혜택을 받을 수 없는 상황에 처해 있습니다.
우리나라의 저출산 문제는 이미 국가적인 위기로 인식되고 있으며, 저 역시 3자녀를 둔 부모로서 이 문제의 극복에 기여하고자 노력하고 있습니다. 다자녀 가정에 대한 지원은 단순히 경제적인 부담을 경감시키는 것을 넘어서, 사회적으로도 저출산 극복을 위한 긍정적인 메시지를 전달하는 중요한 수단입니다.
따라서, 서울시 공영주차장의 다자녀 할인 혜택을 서울시 거주자에 한정하는 현행 기준을 재검토하여, 서울에서 근무하는 다자녀 가정도 이 혜택을 받을 수 있도록 거주지 기준의 수정을 간곡히 요청드립니다. 이는 서울시가 저출산 문제의 극복과 가족 친화적인 도시 환경 조성을 위해 앞장서는 중요한 발걸음이 될 것입니다.
본 요청이 긍정적으로 검토되어 더 많은 다자녀 가정이 경제적, 사회적으로 지원받을 수 있는 환경이 마련되기를 바랍니다. 귀하의 따뜻한 고려와 긍정적인 답변을 기다리겠습니다.
감사합니다.",다자녀·양육비·생활지원,다자녀 혜택,다자녀 기준·할인·감면,다자녀·양육비·생활지원,저출생사업1팀,02-2133-5027,,1순위:저출생사업1팀,5,서울시 중소기업 워라밸 포인트제 | 서울형 新일?생활 균형 3종 패키지 | 서울형 일?생활 균형 3종 패키지 | 1인 자영업자 등 배우자 출산휴가급여 지원 | 서울형 강소기업 지원,"양육친화 및 일?생활 균형을 위한 중소기업의 다양한 노력을 인정하고 중소기업이 아이 키우기 좋은 기업으로 성장할 수 있도록 지원하는 사업 ① 양육친화 및 일?생활 균형 실적에 따른 포인트 적립 ② 적립 포인트에 따른... | 양육 친화 기업문화 조성을 위해 서울형 新 일?생활 균형 3종 패키지를 시행함으로써 초저출생 위기 극복 및 일?생활 균형 문화 확산 ? 배우자 출산휴가 의무제(10일) ? 육아휴직 사용 활성화 ? 육아기 근로시간 단... | 양육 친화 기업문화 조성을 위해 서울형 일?생활 균형 3종 패키지를 시행함으로써 초저출생 위기 극복 및 일?생활 균형 문화 확산 ? 배우자 출산휴가 의무제(10일) ? 육아휴직 사용 활성화 ? 육아기 근로시간 단축 ... | 1인 자영업자 등에 배우자(남편) 출산휴가급여 최대 120만원(15일분) 지원 (2026.1.1. 기준 출생아부터 적용) - 2025년 출생아는 최대 80만원(10일분) 지원 ㅇ 지원대상에 대한 자격요건 완화(202... | ① 청년 정규직 채용 시, 사내복지 개선 등 근무환경개선금 최대 45백만원 지원 ② 육아휴직자 대체 청년인턴에 최대 23개월 인건비 지원으로 업무공백 해소 ③ 육아친화 및 일?생활 균형 조직문화 조성을 위한 교육?컨...",,,,https://idea.seoul.go.kr/front/freeSuggest/view.do?sn=195893
PROP-195827,2024-04-07,N,미상,1.0,서울시 합계출산율 최저 기록에 대한 대책,"2022년 기준 서울시는 합계 출산율 0.5명을 기록하며 가장 낮은 합계출산율을 기록하고 있다. 서울시가 가장 낮은 출산율을 보인건 비단 2022년 뿐만 아니라 훨신 더 이전부터 몇 년간 이어져오고 있다. 정책으론 그저 지원금에 집중하고 있는데, 지원금으로는 출산율을 늘리는 데에 한계가 있다는 걸 깊게 느꼈을 것이라고 생각한다. 저출산 정책 자금으로 더 많은 돈을 들이게 된 만큼 그저 지원금을 늘리는 것보단 아이를 낳고 기르기 바람직한 환경을 조성하는 것이 중요하다고 생각했다.
서울특별시가 저출생 문제를 해결하기 위해선 우리나라에서 가장 바람직하게 해결해나가고 있는 세종특별자치시의 정책을 어느정도 모방할 필요가 있다고 생각한다. 일단 가장 큰 문제는 서울의 어마어마한 집 값이다. 집값을 부담하며 아이까지 부양해야하는 현실은 쉽지 않고, 그에 따라 많은 사람들이 차선책으로 수도권을 선택하게 되어 자연스레 서울시 출생으로 주민등록되는 아이들의 수가 줄어들 수 밖에 없다. 세종시는 특별 분양에 더불어 전세값이 서울의 반 정도 낮은데, 이도 출산율에 크게 기여를 했다고 생각한다. 그래서 일단 첫번째로는 집값 안정화가 가장 중요하다고 생각한다. 두번째로는 보육시설 확충이다. 요즘 맞벌이를 하지 않는 가정이 드문만큼 아이들을 돌봄에 있어 보육시설은 필수적이다. 세종시엔 많은 보육시설이 포진되어있고 유치원 또한 대부분 국공립으로 늦게까지 아이들을 믿고 맡길 수 있는 환경이 된다. 서울시도 이를 모방하여 국공립 유치원 설립과 믿고 맡길 수 있는 보육시설을 더 많이 만드는 게 중요하다고 생각한다.
서울의 집값이 안정화 된다면 자연스레 수도권으로 빠지는 젊은 부부들을 붙잡을 수 있을 가능성이 증가한다. 거기에 보육시설과 국공립 유치원으로 아이들을 맡기고 출근할 수 있는 환경이 잘 조성된다면 안정적으로 아이들을 키울 수 있는 환경이 조성된다고 생각한다. 그런 환경에 따라 자연스럽게 젊은 부부가 이전보다는 조금 더 아이에 대해서 생각해볼 수 있는 여유가 생길 것 같다.",출산·산후 초기지원,출산가구 초기지원,출산지원금·출생축하,출산·산후 초기지원,가족건강팀,02-2133-9485,,1순위:가족건강팀,5,영아 전담 아이돌봄서비스 | 외국인 가사(육아)인력 시범사업 | 1인 자영업자 등 배우자 출산휴가급여 지원 | 1인 자영업자?프리랜서 배우자 출산휴가 지원금 | 서울형 육아휴직장려금,"출산휴가, 육아휴직 후 복귀하는 맞벌이 가정을 지원하고자 영아 돌봄 교육을 이수한 전담 돌보미가 영아 이유식 먹이기, 젖병 소독 등 영아 특화 돌봄서비스 제공 | 맞벌이 부부 등 ‘육아 조력자’의 도움이 절실한 자녀양육 가정에 외국인 육아도우미를 활용한 양육지원사업 도입 | 1인 자영업자 등에 배우자(남편) 출산휴가급여 최대 120만원(15일분) 지원 (2026.1.1. 기준 출생아부터 적용) - 2025년 출생아는 최대 80만원(10일분) 지원 ㅇ 지원대상에 대한 자격요건 완화(202... | 1인 자영업자 등에 배우자 출산휴가급여 80만원 지원 | ○ 자녀 1인당 최대 120만원 지원 - 육아휴직기간 연속 6개월 시 60만원, 연속 12개월 경과 시 60만원 추가지급 ※ 부?모 모두 육아휴직 시 각각 지급 (자녀 1인에 대해 가구당 최대 240만원 지급)",,,,https://idea.seoul.go.kr/front/freeSuggest/view.do?sn=195827
PROP-195811,2024-04-02,N,미상,2.0,다둥이 카드 사용기간 연장,"나라에서 출산률 높인다고 이것 저것 발표하지만
정작 가장만이 사용하는 다둥이카드 사용기간이 19세 미만이라 기간혜택이 너무 작습니다.
19세 이상부터 애들 학원비부터 각종 돈이 만이들어가는데 정작필요로 한때 사용기산 혜택이 적습니다.
강원도 처럼 24세로 늘려주시면 좋을것 같습니다.",다자녀·양육비·생활지원,다자녀 혜택,다자녀 기준·할인·감면,다자녀·양육비·생활지원,저출생사업1팀,02-2133-5025,가족지원팀,1순위:저출생사업1팀 | 2순위:가족지원팀,0,,,,,,https://idea.seoul.go.kr/front/freeSuggest/view.do?sn=195811
PROP-195788,2024-03-25,N,미상,0.0,소득제한을 두지 않는 보편적 한부모 혜택,소득제한을 두지 않는 보편적 한부모 혜택,취약·다양가족 사각지대,한부모·위기임산부,한부모·미혼부모·위기임산부,취약·다양가족 사각지대,가족지원팀,02-2133-6562,,1순위:가족지원팀,0,,,,,,https://idea.seoul.go.kr/front/freeSuggest/view.do?sn=195788
PROP-195744,2024-03-18,N,미상,0.0,스쿨존 어린이 스마트폰 사용 제안,"진짜 요즘에 스쿨존에서 크고 작은  아이들 교통사고가
교통단속과 단속카메라, 과속방지턱 등
차량의 안전운전을 위한 방안들도 중요하지만
최소한의 이동중에는 사용을 조금 제안 하여
안전에 좀더 신경쓸수 있도록
서울강서초등학교 앞에도 설치 부탁드립니다!!
민식이 법으로 운전자들도 힘듭니다
꼭 시행됐으면 좋겠습니다
스쿨존 보행안전 지킴이!! 가즈아",정보·상담·교육·거버넌스,정보 접근성,일반 출산정책 안건,정보·상담·교육·거버넌스,저출생사업1팀,02-2133-5027,가족건강팀 | 생활지원팀,1순위:저출생사업1팀 | 2순위:가족건강팀 | 3순위:생활지원팀,0,,,,,"TAG_REVIEW:현재 태그=정보·상담·교육·거버넌스, 태그 핵심어 약함 || TAG_REVIEW:현재 태그=정보·상담·교육·거버넌스, 태그 핵심어 약함",https://idea.seoul.go.kr/front/freeSuggest/view.do?sn=195744
PROP-195730,2024-03-16,N,미상,2.0,소아과와 어린이집 유치원 보육시설 연계가 있었으면 좋겠습니다.,"안녕하세요!
직장맘이자, 2019년생 쌍둥이를 키우고 있습니다.
태어나자마자 4년5개월째 모든 바이러스와 싸우고 있습니다.
특히 5세까지는 많이 아프다고 들었는데 이렇게까지 1년내내 약을 먹어도 되나 싶을 정도로 소아과 오픈런을 해야합니다.
아이들의 경우 면역력이 약해 선풍기 바람만 씌어도 다음날 고열이 나고, 콧물이 나고, 기침이나고 봄/가을엔 아침 저녁으로 기온차이때문에 감기가 심해지고, 여름엔 물놀이, 에어컨 때문에 감기가 걸리고, 겨울엔 전국민 감기로 독감이 걸립니다.
이렇게 1년내내 아파도 되나 싶을정도로 병원을 자주 가야합니다.
직장 어린이집이 있다고 하던데,
반대로 생각하면 병원 내부에도 어린이집, 유치원 보육시설이 있으면 좋겠다는 생각을 여러번 했습니다.
한번에 병원이랑 어린이집 유치원 학교가 연계가 되어 병원을 멀리 가지 않아도, 아프다고 연락이 와서 갑자기 휴가내고
애를 데리고 급하게 응급을 가지 않아도 되는 연계 시스템이 되었으면 합니다.
그렇게 되면 건강한 데이타를 기반으로 학교학습 까지 연계 될수 있게끔 여러 전략도 짤수있지 않을까 싶습니다.
긴글 읽어 주셔서 감사합니다.
아이를 낳고 계속 하던 생각인데 한번 적어봤습니다.
감사합니다.",보육·돌봄 인프라,아동 건강·의료 접근성,소아응급·야간진료·영유아검진,보육·돌봄 인프라,돌봄사업팀,02-2133-6560,가족건강팀 | 저출생사업1팀,1순위:돌봄사업팀 | 2순위:가족건강팀 | 3순위:저출생사업1팀,5,서울형 육아휴직장려금 | 서울형 육아휴직장려금(사업종료) | 1인 자영업자 등 배우자 출산휴가급여 지원 | 1인 자영업자?프리랜서 배우자 출산휴가 지원금 | 서울시 중소기업 워라밸 포인트제,"○ 자녀 1인당 최대 120만원 지원 - 육아휴직기간 연속 6개월 시 60만원, 연속 12개월 경과 시 60만원 추가지급 ※ 부?모 모두 육아휴직 시 각각 지급 (자녀 1인에 대해 가구당 최대 240만원 지급) | ○ 자녀 1인당 최대 120만원 지원 - 육아휴직기간 연속 6개월 시 60만원, 연속 12개월 경과 시 60만원 추가지급 ※ 부?모 모두 육아휴직 시 각각 지급 (자녀 1인에 대해 가구당 최대 240만원 지급) | 1인 자영업자 등에 배우자(남편) 출산휴가급여 최대 120만원(15일분) 지원 (2026.1.1. 기준 출생아부터 적용) - 2025년 출생아는 최대 80만원(10일분) 지원 ㅇ 지원대상에 대한 자격요건 완화(202... | 1인 자영업자 등에 배우자 출산휴가급여 80만원 지원 | 양육친화 및 일?생활 균형을 위한 중소기업의 다양한 노력을 인정하고 중소기업이 아이 키우기 좋은 기업으로 성장할 수 있도록 지원하는 사업 ① 양육친화 및 일?생활 균형 실적에 따른 포인트 적립 ② 적립 포인트에 따른...",,,,https://idea.seoul.go.kr/front/freeSuggest/view.do?sn=195730
PROP-195711,2024-03-08,N,미상,0.0,[공동육아 스타트업] 서울시육아지원정부사업_협력/홍보 문의,"안녕하세요, 오세훈 시장님
,
'우동육아(우리 동네, 공동육아)'라는 공동육아 앱을 개발하고 있는 한원준이라고 합니다.
저희는 두 명의 30대 청년으로 구성된 스타트업이며,
지역사회 내에서 공동육아를 활성화
하고자 앱을 개발하고 있습니다.
요즘 양질의 육아 모임을 찾기 어려운 것은 물론, 가까운 이웃과 친분을 쌓는 것조차 힘든 상황입니다.
그래서 저희의 목표는 육아하시는 부모님들끼리, 도보 거리 내에서 자주 만나 서로의 육아 경험을 나누고,
아이들에게는 동네 친구를 만들 수 있는 환경을 조성하는 것입니다.
올해 1월에 프로젝트를 시작해서, 현재 서울과 경기권을 중심으로 70명 정도 활동하고 계시며,
모임을 더 활성화하고자
서울시에서 운영하는 다양한 육아지원정부사업과 협력 및 홍보할 수 있는
기회
를 모색하고자 연락드립니다.
(공동육아방 및 서울형키즈카페 내 홍보물 부착, 예약 홈페이지 배너 광고 등)
아울러, 우동육아에 대한 정보는 저희 홈페이지와 인스타그램에서 확인하실 수 있습니다.
인스타그램:
https://www.instagram.
com/udonyuga/
홈페이지:
https://slashpage.com/
udonyuga
그 외 더 궁금하신 게 있으실 경우 언제든지 이메일로 회신하시거나, 제 연락처(010-****-****)로 전화 주셔도 좋습니다. 또한, 직접 만나 뵙고 협력 방안에 대해 논의하고 싶습니다.
감사합니다.
한** 드림",정보·상담·교육·거버넌스,부모·가족 교육/상담,초보부모·공동육아·육아정보,정보·상담·교육·거버넌스,저출생사업1팀,02-2133-5027,생활지원팀,1순위:저출생사업1팀 | 2순위:생활지원팀,0,,,,,,https://idea.seoul.go.kr/front/freeSuggest/view.do?sn=195711
PROP-195684,2024-03-02,N,미상,1.0,유급 육아시간 확대 사용 건의,"현재 유급 육아시간은  만24개월 사용할 수 있습니다.
건의사항: 유급 육아시간을 만72개월 사용할 수 있기를 조심스레 건의해봅니다.
아이가 보육시설을 장시간 이용하고 있으나 유급 육아시간이 좀 더 늘어난다면 자녀도 돌보며  일할 수 있기를 기대해 봅니다.",정보·상담·교육·거버넌스,정보 접근성,일반 출산정책 안건,정보·상담·교육·거버넌스,저출생사업1팀,02-2133-5021,생활지원팀,1순위:저출생사업1팀 | 2순위:생활지원팀,0,,,,,"TAG_REVIEW:현재 태그=정보·상담·교육·거버넌스, 태그 핵심어 약함 || TAG_REVIEW:현재 태그=정보·상담·교육·거버넌스, 태그 핵심어 약함",https://idea.seoul.go.kr/front/freeSuggest/view.do?sn=195684
PROP-195676,2024-02-26,N,미상,1.0,서울런 다자녀 확대 시기,"안녕하세요
서울시 강남구에서 세아이를 키우는 학부모 박**입니다
다자녀관련 좋은 정책을 계획하고 진행하려 많이 애써주고 계시는것 감사합니다
작년에 이곳으로 이사오게되며 서울런 확대를 알고 기쁘게 기다렸는데, 새학기가 다가오는 이 시점까지 일정이 미정이라는 이야기를 해당부서에 들어서 기다려야하는지 개인적으로 결재해야하는지 고민이 되네요
언제 진행될수 있는지 알게된다면 가정에 많이 도움이 될것 같습니다
감사합니다
박** 드림",다자녀·양육비·생활지원,다자녀 혜택,다자녀 기준·할인·감면,다자녀·양육비·생활지원,저출생사업1팀,02-2133-5025,,1순위:저출생사업1팀,0,,,,,POLICY_REMOVED:공공요금 감면 요구가 아닌 제안에 공공요금 정책 후보: 다자녀 가구 하수도사용료 감면 || POLICY_REMOVED:차량 취득세 요구가 아닌 제안에 취득세 정책 후보: 다자녀 가구 자동차 취득세 감면 || POLICY_REMOVED:공공요금 감면 요구가 아닌 제안에 공공요금 정책 후보: 다자녀 가구 하수도사용료 감면 || POLICY_REMOVED:차량 취득세 요구가 아닌 제안에 취득세 정책 후보: 다자녀 가구 자동차 취득세 감면 || POLICY_REMOVED:공공요금 감면 요구가 아닌 제안에 공공요금 정책 후보: 다자녀 가구 하수도사용료 감면 || POLICY_REMOVED:차량 취득세 요구가 아닌 제안에 취득세 정책 후보: 다자녀 가구 자동차 취득세 감면 || POLICY_REMOVED:차량 취득세 요구가 아닌 제안에 취득세 정책 후보: 다자녀가구 자동차 취득세 취약계층 감면,https://idea.seoul.go.kr/front/freeSuggest/view.do?sn=195676
PROP-195671,2024-02-26,N,미상,32.0,[제도개선]다자녀 가정의 시·도 간 주차요금 감면 혜택 제도적 보완 제안,"안녕하십니까?
다자녀 가정의 시·도 간 주차요금 감면 혜택에 제도적 보완을 제안합니다.
일례로 위례신도시 지역의 광역(서울-경기) 간 호환성 부족으로 인한 문제점을 예로 들겠습니다.
□ 개 요
○ 송파 위례신도시 다자녀 가정의 주차 요금감면 혜택 제한
- 하남시민의 다자녀 가정(두 자녀 이상, 막내가 15세 이하)은 부설주차장 이용 시 주차 요금 50퍼센트 감면
- 하남시 위례도서관의 이용자는 하남시민, 성남시민, 송파구민 등 다양한 지역에 거주
- 송파구민은 하남시 위례도서관의 부설주차장을 이용할 경우, 다자녀 가정 혜택 제한
※ 하남-성남은 경기 아이 플러스(I-Plus)카드를 이용하여 혜택 수혜 가능
□ 주요논의(쟁점)사항
○ 2017.11.2. 위례신도시 주민 불편 해소를 위한 업무협약서 체결
※첨부파일 참조
○ 도서관 이용은 가능하지만 다자녀 가정의 혜택의 부재
○ 광역(경기-서울) 간 다자녀 가정 혜택 호환성 논의
※ 업무협약서 제2조(협력 사항) 참조
□ 결론
저출산 고령사회기본법 제10조(경제적 부담의 경감)에 따르면
“국가 및 지방자치단체는 자녀의 임신ㆍ출산ㆍ양육 및 교육에 소요되는 경제적 부담을 경감하기 위하여 필요한 시책을 강구하여야 한다.”
고 명시되어 있습니다. 따라서 시·도 구분 없이 다자녀 주차할인을 받기 위해 제도적인 보완이 필요한 사안입니다. 제도적 보완을 위해 관련 부서에 의견을 전달하여주시고, 시민들의 불편사항 개선에 만전을 기하여 주시기 바랍니다. 감사합니다.",다자녀·양육비·생활지원,다자녀 혜택,다자녀 기준·할인·감면,다자녀·양육비·생활지원,저출생사업1팀,02-2133-5027,생활지원팀,1순위:저출생사업1팀 | 3순위:생활지원팀,0,,,,,POLICY_REMOVED:공공요금 감면 요구가 아닌 제안에 공공요금 정책 후보: 다자녀 가구 하수도사용료 감면 || POLICY_REMOVED:차량 취득세 요구가 아닌 제안에 취득세 정책 후보: 다자녀 가구 자동차 취득세 감면 || POLICY_REMOVED:차량 취득세 요구가 아닌 제안에 취득세 정책 후보: 다자녀가구 자동차 취득세 취약계층 감면 || POLICY_REMOVED:공공요금 감면 요구가 아닌 제안에 공공요금 정책 후보: 다자녀 가구 하수도사용료 감면 || POLICY_REMOVED:차량 취득세 요구가 아닌 제안에 취득세 정책 후보: 다자녀 가구 자동차 취득세 감면 || POLICY_REMOVED:차량 취득세 요구가 아닌 제안에 취득세 정책 후보: 다자녀가구 자동차 취득세 취약계층 감면 || POLICY_REMOVED:공공요금 감면 요구가 아닌 제안에 공공요금 정책 후보: 다자녀 가구 하수도사용료 감면 || POLICY_REMOVED:차량 취득세 요구가 아닌 제안에 취득세 정책 후보: 다자녀 가구 자동차 취득세 감면 || POLICY_REMOVED:차량 취득세 요구가 아닌 제안에 취득세 정책 후보: 다자녀가구 자동차 취득세 취약계층 감면,https://idea.seoul.go.kr/front/freeSuggest/view.do?sn=195671
PROP-195665,2024-02-25,N,미상,1.0,우리는 왜 출산하지 않을까? Part 3,"part 3
제이제이라는 브런치 작가가 천 개의 글을 써도 아무 영향력이 없다.
방송, 언론, 미디어등 영향력 있는 오피니언리더들이 계몽해야 한다. 일제강점기에 물산장려운동처럼 IMF때 금 모으기 운동처럼 구국의 신념으로 출산장려 운동이라도 해야 한다. 안타까운 것은 계몽운동을 해야 할 중요한 위치에 있는 사람들이 비혼주의자이고 딩크족이기도 하다.
그것을 탓하는 것은 아니나 그것이 선(善) 인양
종용하는 사람은 옳지 않다. 결혼해서 행복하지 않은 것이 아니라 결혼을 잘못해서 행복하지 않은 것이다. 혼동하면 안 된다. 돈이 없어서 결혼을 못하는 것도 맞지만 기대치가 높아서 결혼을 못하는 경우도 많다. 생각과 관점의 차이다. 머리 좋은 사람들이 바꾸어 놓은 것들 때문에 세상은 흥(
興)
하기도 하지만 망(亡) 하기도 한다.
빛과 그림자는 공존하기 마련이다.
편리한 만큼 환경은 파괴되고 인간은 불행해진다. 머리만 좋다고 행복한 것이 아니다. 먹고살기 힘든 시절에도 출산율은 높았고 행복지수도 높았다. 드라마 ""응답하라 1988""에 답이 있다. 출산율과 행복지수가 비례하는 것은 아니지만 일단 태어나야 행복하든 불행하든 할 것 아닌가? 불행과 행복은 한 끗 차이다. 지금 불행하다고 영원히 불행하지 않다.
결혼과 출산으로 얻는 기쁨과 행복을 전파해야 한다.
결혼과 출산은
신계계(
新世界)다. 이를 경험하지 않고 내가 그동안 살아온 삶이 전부라고 생각하면 안 된다. 생각한 데로 살지 않으면 사는 데로 생각하게 된다고 했다. 솔로의 시간이 길고 솔로의 습성이 오랫동안 몸에 배일수록 결혼의 세계에 적응하는 시간도 오래 걸린다.
결혼하면 버라이어티 한 삶의 여정을 경험할 수 있다.
""결혼은 인생의 무덤이다""
""결혼은 미친 짓이다""
""나 혼자 산다""
이런 현혹될만한 문구로 한 세대를 잘 이용했으면 이제 출산 계몽운동도 해야 한다.
""결혼은 인생의 꽃""
""출산할 결심""
""호랑이는 죽어서 가죽을 남기고, 사람은 죽어서 가족(家族)을 남긴다""
이런 희망적이고 긍정적의 말로
결혼과 출산을 계몽을 해야 한다. 우리가 안 한다고 말하는 것의 대부분은 못하는 것이다.
해보지도 않고 힘들다고 하는 사람이 얼마나 많던가? 나도 반성한다. 공부만 하고 스펙만 쌓고, 성과만 올리고, 돈에 혈안이 되어 있는 사람들을 보면 안타깝기다. 훗날 그들의 묘비명에는 아마 이런 문구가 쓰일 수도 있다.
""아무개, 일생을 스펙 쌓다가 잠들다.""
행복도 타이밍이고 때(the moment)가 있다.
그 순간에 느껴야 할 행복들이 있다. 10대 때는 10대의 행복이 있고, 50대는 50대의 행복이 있다. 이순신 장군이나 안중근 의사가 개인의 안녕(
安寧)
과 행복이 싫어서 포기한 것은 아닐 것이다. 우리가 위인전의 위인이 될 수는 없어도 사랑하는 사람을 위해서 그 정도의 희생은 각오해야 하는 것 아닐까?
희생해도 즐겁다는 행복감은 경험해 본 자만 안다.
부자들이 안 먹어도 배부르다는 표현과 비슷하다. 먼저 가치관을 심어주고, 결혼과 출산의 풍토를 조성하고, 그다음에 제도를 만드는 것이다. 제도는 꼭 필요하지만 나중의 문제다. 그리고 열렬히 사랑해야 한다. 그래야 물질이 부족해도 헤쳐나갈 수 있는 힘이 생긴다.
그 외 복잡한 문제들은 필요이상으로 생각하지 않아도 된다.
살면서 풀어가면 된다. 무지하면 안 되지만 완벽할 필요도 없다. 이혼이나 비혼도 존중한다. 하지만 신중해야 한다. 잘못된 선택은 아니었는지. 아니면 됐다. 죽을 때 후회 없는 삶이면 된다. 끝으로 본인은 기혼자로서 기혼자의 생각을 적은 것이니 다른 오해는 없기 바란다. <끝>",출산·산후 초기지원,출산가구 초기지원,출산지원금·출생축하,출산·산후 초기지원,가족건강팀,02-2133-9485,저출생사업1팀,1순위:가족건강팀 | 2순위:저출생사업1팀,0,,,,,,https://idea.seoul.go.kr/front/freeSuggest/view.do?sn=195665
PROP-195663,2024-02-25,N,미상,1.0,우리는 왜 출산하지 않을까? Part 2,"Part 2
제도보다 중요한 것이 가치관이라고 생각한다.
가치관 형성이 첫 번째 채워야 할 단추라고 생각한다.
무지해서 고출산도 아니고
똑똑해서 저출산도 아니다. part 1에서 열거한 세 가지가 저출산의 원인이기도 하지만
의식과 가치관의 변화가 없다면 근본적인 문제는 해결되기는 힘들다는 생각이다. 생각이 바뀌면 문제가 해결될 수 있다고 본다. 물론 생각만 바뀌어서는 안 된다. 제도적인 뒷받침도 꼭 필요하다.
지금 세대는 그렇다손 치더라도
다음 세대인 10대들에게는 출산에 대한 새로운 가치관을 심어 줘야 한다. 결혼과 출산이 존엄하고 숭고하고 행복한 일이라는 생각을 심어 주어야 한다. 4차 커뮤니케이션 혁명이라고 말하는 SNS도 비혼과 저출산에 직간접적으로 영향을 준다. SNS는 어느새 계급이 되었다. 부자와 빈자를 나누기도 하고 그로 인한 열등감은 연애, 결혼, 출산에도 영향을 끼친다.
한 낱 SNS에 휘둘리지 말고
고급 자동차에 현혹되지 않게 자존감을 키워야 한다. 부모가 행복한 모습을 보여주고 긍정적인 말을 해주면 아이들은 자라서 결혼을 하고 출산을 하고 싶은 마음이 생길 것이다. 경제적인 문제가 중요하지 않다는 것은 아니고 경제적인 문제 때문만은 아니라는 얘기다.
출처: 네이버 블로그인지 카페였는지 기억이 잘 안남
사랑받고 자란 아이가 사랑도 주듯이,
부모가 행복하게 사는 모습을 보아야 아이들도 배운다. 그래야 행복에 대한 자신감과 믿음이 생긴다. 타인의 말을 경청해야 하지만 타인의 말만 믿어서도 안된다. 결혼도 출산도 소신(
所信)
이 있어야 한다. 아내는 첫 째를 낳은 후 둘째를 낳을 것인가? 낳지 않을 것인가를 고민했다. 결국 둘 째를 낳기로 결정했고 지금은 둘째 때문에 산다고 해고 과언이 아닐 정도로 극진히 애정한다.
남이 써 놓은 책만 읽다가 생을 마감하지 말자.
결국은 나의 삶을 살아야 하고, 나의 글을 써야 하고, 나의 책을 써야 한다.
자기 계발은 그만해도 된다. 너무 많이 해서 탈이다. 새소리 물소리 바람소리 한 번 더 듣는 게 인생에 훨씬 도움이 될 수도 있다. 더 소중한 가치와 행복을 위해 결단하고 배팅하는 것이다. 출산장려금과 육아휴직은 기본이다.
가치관은 어떻게 변화시켜야 하는 것일까?
집에서는 부모가, 국가에서는 정부가, 사회에서는 오피니언 리더들이 해야 한다. 제도적인 혜택은 결혼과 출산을 결심한 사람들에게만 해당되는 것이다. 결혼과 출산에 관심이 없거나 부정적인 마음을 갖고 있는 사람은 혜택의 기회조차 없다. 사람의 마음을 변화시키는 것이 첫 번째다.",출산·산후 초기지원,출산가구 초기지원,출산지원금·출생축하,출산·산후 초기지원,가족건강팀,02-2133-9485,저출생사업1팀,1순위:가족건강팀 | 2순위:저출생사업1팀,5,서울형 新일?생활 균형 3종 패키지 | 서울형 육아휴직장려금 | 서울형 육아휴직장려금(사업종료) | 서울형 일?생활 균형 3종 패키지 | 영아 전담 아이돌봄서비스,"양육 친화 기업문화 조성을 위해 서울형 新 일?생활 균형 3종 패키지를 시행함으로써 초저출생 위기 극복 및 일?생활 균형 문화 확산 ? 배우자 출산휴가 의무제(10일) ? 육아휴직 사용 활성화 ? 육아기 근로시간 단... | ○ 자녀 1인당 최대 120만원 지원 - 육아휴직기간 연속 6개월 시 60만원, 연속 12개월 경과 시 60만원 추가지급 ※ 부?모 모두 육아휴직 시 각각 지급 (자녀 1인에 대해 가구당 최대 240만원 지급) | ○ 자녀 1인당 최대 120만원 지원 - 육아휴직기간 연속 6개월 시 60만원, 연속 12개월 경과 시 60만원 추가지급 ※ 부?모 모두 육아휴직 시 각각 지급 (자녀 1인에 대해 가구당 최대 240만원 지급) | 양육 친화 기업문화 조성을 위해 서울형 일?생활 균형 3종 패키지를 시행함으로써 초저출생 위기 극복 및 일?생활 균형 문화 확산 ? 배우자 출산휴가 의무제(10일) ? 육아휴직 사용 활성화 ? 육아기 근로시간 단축 ... | 출산휴가, 육아휴직 후 복귀하는 맞벌이 가정을 지원하고자 영아 돌봄 교육을 이수한 전담 돌보미가 영아 이유식 먹이기, 젖병 소독 등 영아 특화 돌봄서비스 제공",,,,https://idea.seoul.go.kr/front/freeSuggest/view.do?sn=195663
PROP-195661,2024-02-24,N,미상,1.0,우리는 왜 출산하지 않을까? Part 1,"이 글은 브런치 작가로 활동하고 있는 다음(Daum)의 브런치 스토리에 올린 글입니다.
중학생과 고등학생을 키우고 있는 부모로써 저출산 문제의 심각성을 느끼며
개인적인 생각을 적은 글입니다. 정책에 참고가 되면 좋겠다는 생각으로 올려봅니다.
-----------------------------------------------------------------------------------
저출산 문제가 심각하다. 우리는 왜 결혼과 출산을 하지 않을까? 우리 회사 20-30대
직원들에게 물어보았다.
3가지 정도로 요약이 되는 것 같다.
1. 경제적으로 부담스럽다.
2. 출산과 육아보다 나의 행복이 더 소중하다.
3. 필요성을 못 느낀다.
정부는 2005년부터 지금까지 많은 재원을 쏟아부으며 저출산 대책을 내놓고 있지만 출산율은 역대 최저라고 한다.
재정적 지원과 출산 복지 정책도 있어야 하지만 근본적인 문제는 다른 것에 있지 않을까? 생각해 본다. 가장 근본적인 원인은 가치관의 변화가 아닐까 싶다. 나는 어떻게 결혼을 했었나? 기억을 더듬어 본다.
1. 경제적인 문제
결혼 당시 경제적 상황은 좋지 못했다. 10년 간 평범한 직장생활을 했고 통장에는 1억 원 정도의 현금이 있었으나 투자를 잘못해서 60% 이상의 손실을 보았다. 아이러니한 것은 가장 어려운 그때 결혼을 해야겠다는 결심을 했다. 빡빡한 살림살이는 시작되었으나 경제적인 문제로 아내와 싸우는 일은 없었다.
2. 나의 행복이 소중해서
아이가 생기면 행복하지 않을까? 그 건 아니다. 아이에게 투자되는 노력과 희생에 비해 내가 느끼는 행복감이 크지 않아서 그렇게 느끼는 것이다. 나도 결혼 전에는 내 행복이 가장 중요했다. 그런데 결혼 후에 행복의 기준이 바뀌었다. 나보다 가족(아이)으로 바뀐다. 가족이 탄생하면 누구나 그렇게 바뀐다.
경험하지 않은 세계를 미리 상상하며 부정적인 생각을 할 필요는 없다. 산에 올라보기도 전에 ""산은 힘들어.
올라가 봐야 볼 것도 없어.""라고 단정 지을 필요 없다. 산을 싫어하는 사람도 한두 번 오르다 보면 산이 좋아지는 경우도 많다.
3. 필요성을 못 느껴서
필요(needs)에 의해 결혼을 하기도 한다. 나는 살면서 믿고 의지 할 사람이 필요했다. 외로운 게 싫었고 오랫동안 곁에 있어줄 사람이 필요했다. 유튜브와 넷플릭스는 외로움을 해결해 줄 수 없다. 감정을 교류할 수 있어야 한다. 개나 고양이는 유튜브보다는 낳지만 대화가 불가능했다.
결혼해서 행복한가?
대한민국 유부남들의 ""3대 공공의 적""이 있다.
1. 최수종, 하희라 부부
2. 차인표, 신애라 부부
3. 션, 정혜영 부부
(웃자고 쓴 표현. 실제로는 존경스러운 사람들이다.)
우리 가족이 이들처럼 모범적인 가정은 아니겠지만
그들보다 행복하지 않다고 생각한 적은 없다. 연예인이어서 얻는 행복감보다 민간인이어서 누릴 수 있는 자유가 더 많고 공인이 아니기 때문에 사회적 책임감도 덜하다.
넉넉한 삶도 아니고, 부모로서 해야 할 숙제도 많고, 고단한 삶의 여정은 계속되지만
결혼을 후회한 적은 없다. 모든 것을 감내해도 그 보다 큰 행복을 느끼기 때문이다. 결혼자들은 공감할 것이다. 미혼자들은 결혼자들이 말하는 넋두리나 푸념을 순진하게 그대로 믿으면 안 된다. 기혼자들 대부분은 비혼일 때보다 훨씬 더 행복해한다.",출산·산후 초기지원,출산가구 초기지원,출산지원금·출생축하,출산·산후 초기지원,가족건강팀,02-2133-9485,저출생사업1팀,1순위:가족건강팀 | 2순위:저출생사업1팀,5,1인 자영업자 등 배우자 출산휴가급여 지원 | 1인 자영업자?프리랜서 배우자 출산휴가 지원금 | 서울시 중소기업 워라밸 포인트제 | 서울형 육아휴직장려금(사업종료) | 서울형 산후조리경비 지원,"1인 자영업자 등에 배우자(남편) 출산휴가급여 최대 120만원(15일분) 지원 (2026.1.1. 기준 출생아부터 적용) - 2025년 출생아는 최대 80만원(10일분) 지원 ㅇ 지원대상에 대한 자격요건 완화(202... | 1인 자영업자 등에 배우자 출산휴가급여 80만원 지원 | 양육친화 및 일?생활 균형을 위한 중소기업의 다양한 노력을 인정하고 중소기업이 아이 키우기 좋은 기업으로 성장할 수 있도록 지원하는 사업 ① 양육친화 및 일?생활 균형 실적에 따른 포인트 적립 ② 적립 포인트에 따른... | ○ 자녀 1인당 최대 120만원 지원 - 육아휴직기간 연속 6개월 시 60만원, 연속 12개월 경과 시 60만원 추가지급 ※ 부?모 모두 육아휴직 시 각각 지급 (자녀 1인에 대해 가구당 최대 240만원 지급) | 출산에 소요되는 경제적 부담을 경감하고, 출산 이후 산모의 건강권을 확보하기 위하여 산후조리경비 지원 1. 지원금액 : 자녀 수에 따른 <b class='font-color-primary'>차등지원</b> ※ 첫째 ...",,,,https://idea.seoul.go.kr/front/freeSuggest/view.do?sn=195661
PROP-195657,2024-02-22,N,미상,0.0,다자녀 할인 확대,"안녕하세요 자녀가 둘인 엄마입니다.
서울시에서 지속 확대를 해주셔서 구에서 운영하는 운동시설 할인도 이제 3자녀 → 2자녀로 확대가 되었는데요.
서울시에서 관할 하는건 아니지만 통신비 할인도  3자녀 → 2자녀로 확대될 수 있도록 제안 드립니다.",다자녀·양육비·생활지원,다자녀 혜택,다자녀 기준·할인·감면,다자녀·양육비·생활지원,저출생사업1팀,02-2133-5025,,1순위:저출생사업1팀,0,,,,,POLICY_REMOVED:공공요금 감면 요구가 아닌 제안에 공공요금 정책 후보: 다자녀 가구 하수도사용료 감면 || POLICY_REMOVED:차량 취득세 요구가 아닌 제안에 취득세 정책 후보: 다자녀 가구 자동차 취득세 감면 || POLICY_REMOVED:공공요금 감면 요구가 아닌 제안에 공공요금 정책 후보: 다자녀 가구 하수도사용료 감면 || POLICY_REMOVED:차량 취득세 요구가 아닌 제안에 취득세 정책 후보: 다자녀 가구 자동차 취득세 감면 || POLICY_REMOVED:공공요금 감면 요구가 아닌 제안에 공공요금 정책 후보: 다자녀 가구 하수도사용료 감면 || POLICY_REMOVED:차량 취득세 요구가 아닌 제안에 취득세 정책 후보: 다자녀 가구 자동차 취득세 감면 || POLICY_REMOVED:차량 취득세 요구가 아닌 제안에 취득세 정책 후보: 다자녀가구 자동차 취득세 취약계층 감면,https://idea.seoul.go.kr/front/freeSuggest/view.do?sn=195657
PROP-195640,2024-02-15,N,미상,0.0,서울시 임산부의 건강을 위한 지원사업을 요청합니다,서울시 임산부의 건강을 위한 지원사업을 요청합니다,임신·난임·생식건강,임산부 건강·배려,임산부 건강관리·배려,임신·난임·생식건강,건강임신지원팀,02-2133-9491,결혼문화팀,1순위:건강임신지원팀 | 2순위:결혼문화팀,5,"35세 이상 임산부 외래 진료 및 검사비 지원 | 임산부 엽산제, 철분제 지원 | 서울시 난임?임산부심리상담센터 운영 | 맘편한 임신 원스톱서비스(임산부?출산전 제공) | 임산부 출산급여 지원","의료비 부담이 큰 35세 이상 산모 대상 외래진료 및 검사에 소요되는 비용을 소득과 무관하게 최대 50만원까지 지원 (24년 3월 사회보장제도 신설 협의 완료, 24년 8월까지 사업추진을 위한  사전절차 진행 예정으... | 지원내용 (엽산제) 임신 전후 3개월까지 엽산제 지원  (철분제) 임신 16주부터 철분제 5개월분  신청방법 주소지 보건소에 방문하거나 온라인(정부24)으로 신청 | 난임부부, 유산?사산 경험부부, 임산부 및 양육모의 정서적 안정을 위해 전담 상담사가 등록부터 종결까지 1:1 상담 및 다양한 프로그램을 운영 | 임산부 엽산제?철분제 지급 등 임신 전?중 통합 서비스 제공 | ㅇ 임산부 출산급여 90만원 지원     ※고용노동부 ‘고용보험 미적용자 출산급여’ 150만원에 추가지원",,,,https://idea.seoul.go.kr/front/freeSuggest/view.do?sn=195640
PROP-195595,2024-02-01,N,미상,2.0,키움센터 정기돌봄 선정을 추첨으로 해주시길 제안합니다.,"안녕하세요? 저는 초등학교 1학년 아이를 둔 학부모입니다. 방과 후 엄마, 아빠의 퇴근 시간까지 두세 시간의 돌봄공백 때문에
많은 학부모들이 우리동네키움센터의 정기돌봄 서비스를 이용하고 싶어합니다. 하지만 정원이 부족해서 몇년째 서비스를 이용하지 못하고 있습니다. 그러다보니 정기돌봄 신청을 하는 날이면 전쟁을 치르듯 사이트가 열리는 시간에 맞춰 자판을 두르려야 합니다. 수요를 정확히 파악해서 서비스가 그만큼 이뤄지면 좋겠지만 당장 그게 어렵다면 일정 시간 동안 신청을 받은 뒤에 공정한 추첨을 통해 대상자를 선정하는 방식으로 변경을 부탁드립니다. 학부모들이 사이트 오픈 시각에 맞춰 일제히 대기해야 하는 지금의 방식은 학부모들에게 너무한 처사라는 생각입니다. 잘 검토해주시길 부탁드립니다.",보육·돌봄 인프라,초등돌봄,초등돌봄·방과후,보육·돌봄 인프라,돌봄사업팀,02-2133-6560,저출생사업1팀 | 생활지원팀,1순위:돌봄사업팀 | 2순위:저출생사업1팀 | 3순위:생활지원팀,5,병원동행 전담 아이돌봄서비스 | 아픈아이 전담 아이돌봄서비스 | 영아 전담 아이돌봄서비스 | 영아종일제 아이돌봄 서비스 | 초등돌봄교실,"부모의 맞벌이 등으로 아픈 자녀의 병원 동행을 할 수 없는 경우 아이돌보미가 병원 동행 및 가정 내 돌봄 서비스 제공 | 부모의 맞벌이 등으로 아픈 자녀의 병원 동행을 할 수 없는 경우 아이돌보미가 병원 동행 및 가정 내 돌봄 서비스 제공('23년은 5개구 시범운영 중 : 성동, 동대문, 강북, 강서, 서초) | 출산휴가, 육아휴직 후 복귀하는 맞벌이 가정을 지원하고자 영아 돌봄 교육을 이수한 전담 돌보미가 영아 이유식 먹이기, 젖병 소독 등 영아 특화 돌봄서비스 제공 | 양육공백 가정에 아이돌보미가 찾아가 영아 이유식 먹이기, 젖병 소독, 기저귀 갈기, 목욕 등 돌봄 서비스 제공  ※ 정부지원 아이돌봄 서비스는 서울형 아이돌봄비(조부모 돌봄수당 등)와 별개의 사업   - 서울형 아이... | 돌봄, 교육 및 일부 급?간식비 지원",,,,https://idea.seoul.go.kr/front/freeSuggest/view.do?sn=195595
PROP-195593,2024-01-31,N,미상,2.0,서울시 신혼부부 전세자금대출 증액 가능하도록 정정 부탁 드립니다.,서울시 신혼부부 전세자금대출 증액 가능하도록 정정 부탁 드립니다.,주거·교통·도시생활환경,출산가구 주거,신혼부부·출산가구 주거지원,주거·교통·도시생활환경,저출생사업1팀,02-2133-5027,,1순위:저출생사업1팀,4,신혼부부 결혼ㆍ살림비용 지원 | 신혼희망타운 | 신혼부부 전용 주택 구입 자금 대출 | 신혼부부 임차보증금 이자 지원,"ㅇ 결혼ㆍ살림 비용 최대 100만원 지원    - 결혼준비 및 혼인살림 장만 관련 비용 지출    ※ 생애 1회 지급   ? 결혼준비 : 혼수, 예식장, 신혼여행, 청첩장 등    ? 혼인살림 : 전자제품, 주방가전... | 신혼희망타운 분양?임대주택 공급 및 청약 자격 제공 | 연 2.55~3.85% 금리로 주택구입 자금 대출, 최대 3억 2천만 원 한도 | - 임차보증금 대출금: 최대 3억원(임차보증금의 90% 이내) - 이자지원 금리: 최대 4.5% - 지원기간: 최장 10년(25.11.20. 부터 최장 12년) ※ 자세한 사항은 서울주거포털 공고문 참조",,,,https://idea.seoul.go.kr/front/freeSuggest/view.do?sn=195593
PROP-195558,2024-01-18,N,미상,3.0,육아휴직 프리랜서 자영업 개선,"프리랜서및 자영업자 육아휴직 개선
제안합니다
자영업자도 신혼부부지만 육아휴직을 주고싶어도 힘들고 받고싶어도 못받습니다
프리랜서 헬스트레이너 필라테스강사등도 같습니다
4대보험 적용도 못받는계약으로
아이둘을 육아휴직없이 무급으로 키우고있습니다
이정책만 바뀌어도 표가 달라질겁니다
자영업자는
부과세또는 세금 성실 사업자
중 육아휴직 보조수당
프리랜서는 건강보험료 납부및 등으로
육아휴직 보조수당 받을수있도록
신청합니다",일·가정 양립·부모 노동,육아휴직·근로시간,휴직·휴가·단축근무,일·가정 양립·부모 노동,가족지원팀,02-2133-6562,저출생사업1팀,1순위:가족지원팀 | 2순위:저출생사업1팀,5,1인 자영업자?프리랜서 배우자 출산휴가 지원금 | 1인 자영업자 등 배우자 출산휴가급여 지원 | 배우자 출산휴가 지원금 | 임산부 출산급여 지원 | 서울형 육아휴직장려금,"1인 자영업자 등에 배우자 출산휴가급여 80만원 지원 | 1인 자영업자 등에 배우자(남편) 출산휴가급여 최대 120만원(15일분) 지원 (2026.1.1. 기준 출생아부터 적용)  - 2025년 출생아는 최대 80만원(10일분) 지원  ㅇ 지원대상에 대한 자격요건 완화(2... | ㅇ 임산부 배우자를 둔 1인 자영업자?프리랜서에 배우자 출산휴가 지원금 80만원 지원 | ㅇ 임산부 출산급여 90만원 지원     ※고용노동부 ‘고용보험 미적용자 출산급여’ 150만원에 추가지원 | ○ 자녀 1인당 최대 120만원 지원     - 육아휴직기간 연속 6개월 시 60만원, 연속 12개월 경과 시 60만원 추가지급      ※ 부?모 모두 육아휴직 시 각각 지급 (자녀 1인에 대해 가구당 최대 240...",,,,https://idea.seoul.go.kr/front/freeSuggest/view.do?sn=195558
PROP-195523,2024-01-10,N,미상,18.0,서울시 신혼부부 전세대출 한도 증액,"안녕하세요. 서울시신혼부부전세대출 이용중인 신혼부부입니다. 저는 대출을 22년도에 전세대출을 받아 전세집에서 거주중입니다. 23.5.2일 날짜를 기준으로 최대 대출한도가 2억->3억으로 증액되었습니다.
기준대출 계약 연장자도 2억->3억 증액 가능하도록 제발 바꿔주세요...22년도 말에 계약한 신혼부부는 증액이 안되고...5개월 뒤에 대출을 받은 신혼부부는 23.5.2일부터는 3억까지 대출이 가능하다니요...형평성에 어긋납니다.
그리고 이자율 계속 많이 올라가서 이자부담금이 매우 높습니다ㅠㅠ다른 이자지원방안을 모색해주십시요(처음 이자비용에 비해 지금 2.5배 이자비용이 더 나가서부담이 되고 2세를 더 미뤄야할 거 같가는 생각이 듭니다)오세훈시장님 제발 봐주세요!!!ㅠㅠㅠㅠㅠ",주거·교통·도시생활환경,출산가구 주거,신혼부부·출산가구 주거지원,주거·교통·도시생활환경,저출생사업1팀,02-2133-5027,,1순위:저출생사업1팀,4,신혼부부 결혼ㆍ살림비용 지원 | 신혼희망타운 | 신혼부부 전용 주택 구입 자금 대출 | 신혼부부 임차보증금 이자 지원,"ㅇ 결혼ㆍ살림 비용 최대 100만원 지원    - 결혼준비 및 혼인살림 장만 관련 비용 지출    ※ 생애 1회 지급   ? 결혼준비 : 혼수, 예식장, 신혼여행, 청첩장 등    ? 혼인살림 : 전자제품, 주방가전... | 신혼희망타운 분양?임대주택 공급 및 청약 자격 제공 | 연 2.55~3.85% 금리로 주택구입 자금 대출, 최대 3억 2천만 원 한도 | - 임차보증금 대출금: 최대 3억원(임차보증금의 90% 이내) - 이자지원 금리: 최대 4.5% - 지원기간: 최장 10년(25.11.20. 부터 최장 12년) ※ 자세한 사항은 서울주거포털 공고문 참조",,,,https://idea.seoul.go.kr/front/freeSuggest/view.do?sn=195523
PROP-195496,2024-01-03,N,미상,0.0,연령별출산대책,"우선  최근 젊은층 결혼 시기가 늦어져서
자녀 출산율 떨어진다고 생각들어
연령별  대책을 제안 하자면
20대초？
20대중
20대말
30대초
30대중
30대말
나이 순으로 서울시 대책이 필요하다
생각이들어요
30대 중반의 여성이 자녀2ㆍ3명은 무리
40대 초반의 여성은 1자녀도 힘들고",출산·산후 초기지원,출산가구 초기지원,출산지원금·출생축하,출산·산후 초기지원,가족건강팀,02-2133-9485,가족지원팀,1순위:가족건강팀 | 2순위:가족지원팀,5,신혼부부 결혼ㆍ살림비용 지원 | 자녀출산 무주택가구 주거비 지원 | 신혼희망타운 | 신혼부부 전용 주택 구입 자금 대출 | 신혼부부 임차보증금 이자 지원,"ㅇ 결혼ㆍ살림 비용 최대 100만원 지원    - 결혼준비 및 혼인살림 장만 관련 비용 지출    ※ 생애 1회 지급   ? 결혼준비 : 혼수, 예식장, 신혼여행, 청첩장 등    ? 혼인살림 : 전자제품, 주방가전... | 월 최대 30만원(2년간 최대 720만원) 주거비 지원 | 신혼희망타운 분양?임대주택 공급 및 청약 자격 제공 | 연 2.55~3.85% 금리로 주택구입 자금 대출, 최대 3억 2천만 원 한도 | - 임차보증금 대출금: 최대 3억원(임차보증금의 90% 이내) - 이자지원 금리: 최대 4.5% - 지원기간: 최장 10년(25.11.20. 부터 최장 12년) ※ 자세한 사항은 서울주거포털 공고문 참조",,,"TAG_REVIEW:현재 태그=임신·난임·생식건강, 태그 핵심어 약함",https://idea.seoul.go.kr/front/freeSuggest/view.do?sn=195496
PROP-195492,2024-01-03,N,미상,0.0,한강 유람선을 탈 때 유모차나 휠체어 타고 그대로 탈 수 있게 해 주면 좋겠습니다. 지하철처럼(호주 사례 첨부),"작년 하반기 호주 여행을 다녀왔습니다. 호주 브리즈번 리버는 한강을 보는 듯 했습니다. 더 좋은 모습이 있었습니다. 강을 따라 상행, 하행의 코스로 교통운송선이 다니고 있었습니다. 모든 시민, 관광객도 무료였습니다. 그리고 유모차도 그대로 끌고 탈 수 있게 했습니다. 사진을 첨부합니다.",주거·교통·도시생활환경,유모차 이동권,유모차·유아차 이동편의,주거·교통·도시생활환경,저출생사업1팀,02-2133-5027,생활지원팀,1순위:저출생사업1팀 | 2순위:생활지원팀,0,,,,,,https://idea.seoul.go.kr/front/freeSuggest/view.do?sn=195492
PROP-195491,2024-01-03,N,미상,0.0,휘경2동 아이들을 위한 시설을 만들어 주세요,휘경2동 아이들을 위한 시설을 만들어 주세요,정보·상담·교육·거버넌스,정보 접근성,일반 출산정책 안건,정보·상담·교육·거버넌스,저출생사업1팀,02-2133-5027,가족건강팀 | 생활지원팀,1순위:저출생사업1팀 | 2순위:가족건강팀 | 3순위:생활지원팀,0,,,,,"TAG_REVIEW:현재 태그=정보·상담·교육·거버넌스, 태그 핵심어 약함 || TAG_REVIEW:현재 태그=정보·상담·교육·거버넌스, 태그 핵심어 약함",https://idea.seoul.go.kr/front/freeSuggest/view.do?sn=195491
PROP-195464,2023-12-27,N,미상,4.0,구에서 운영하는 체육시설에 대해 다자녀 3명 → 2명으로 변경 제한 드립니다.,"저출산에 2인 다녀에 대한 다양한 혜택이 조금 더 확대되면 좋겠습니다.
강북구도시관리공단에서 운영하는 오동골프를 이용하는데
다른곳은 다자녀 3명 → 2명으로 혜택이 변경되는 곳도 많은데 강북도시관리공단도 24년에는 변경되면 좋겟습니다.",다자녀·양육비·생활지원,다자녀 혜택,다자녀 기준·할인·감면,다자녀·양육비·생활지원,저출생사업1팀,02-2133-5027,생활지원팀,1순위:저출생사업1팀 | 2순위:생활지원팀,0,,,,,POLICY_REMOVED:공공요금 감면 요구가 아닌 제안에 공공요금 정책 후보: 다자녀 가구 하수도사용료 감면 || POLICY_REMOVED:차량 취득세 요구가 아닌 제안에 취득세 정책 후보: 다자녀 가구 자동차 취득세 감면 || POLICY_REMOVED:차량 취득세 요구가 아닌 제안에 취득세 정책 후보: 다자녀가구 자동차 취득세 취약계층 감면 || POLICY_REMOVED:공공요금 감면 요구가 아닌 제안에 공공요금 정책 후보: 다자녀 가구 하수도사용료 감면 || POLICY_REMOVED:차량 취득세 요구가 아닌 제안에 취득세 정책 후보: 다자녀 가구 자동차 취득세 감면 || POLICY_REMOVED:차량 취득세 요구가 아닌 제안에 취득세 정책 후보: 다자녀가구 자동차 취득세 취약계층 감면 || POLICY_REMOVED:공공요금 감면 요구가 아닌 제안에 공공요금 정책 후보: 다자녀 가구 하수도사용료 감면 || POLICY_REMOVED:차량 취득세 요구가 아닌 제안에 취득세 정책 후보: 다자녀 가구 자동차 취득세 감면 || POLICY_REMOVED:차량 취득세 요구가 아닌 제안에 취득세 정책 후보: 다자녀가구 자동차 취득세 취약계층 감면,https://idea.seoul.go.kr/front/freeSuggest/view.do?sn=195464
PROP-195458,2023-12-24,N,미상,0.0,"부모 교육 확대, 기업 본사 이전 면세 혜택,  자동·의무 육아휴직제- 저출산 정책 제안","안녕하세요
!
저희는 경희대학교 세계와 시민이라는 과목에서
1
조 팀
<
일조하다
>
입니다
.
이번에 저희는 저출산과 관련하여 글로벌 프로젝트를 진행하고 이에 대한 정책 제안을 하게 되었습니다
.",출산·산후 초기지원,출산가구 초기지원,출산지원금·출생축하,출산·산후 초기지원,가족건강팀,02-2133-9486,,1순위:가족건강팀,5,서울형 강소기업 지원 | 서울형 육아휴직장려금 | 서울형 육아휴직장려금(사업종료) | 영아 전담 아이돌봄서비스 | 서울형 新일?생활 균형 3종 패키지,"① 청년 정규직 채용 시, 사내복지 개선 등 근무환경개선금 최대 45백만원 지원 ② 육아휴직자 대체 청년인턴에 최대 23개월 인건비 지원으로 업무공백 해소 ③ 육아친화 및 일?생활 균형 조직문화 조성을 위한 교육?컨... | ○ 자녀 1인당 최대 120만원 지원 - 육아휴직기간 연속 6개월 시 60만원, 연속 12개월 경과 시 60만원 추가지급 ※ 부?모 모두 육아휴직 시 각각 지급 (자녀 1인에 대해 가구당 최대 240만원 지급) | ○ 자녀 1인당 최대 120만원 지원 - 육아휴직기간 연속 6개월 시 60만원, 연속 12개월 경과 시 60만원 추가지급 ※ 부?모 모두 육아휴직 시 각각 지급 (자녀 1인에 대해 가구당 최대 240만원 지급) | 출산휴가, 육아휴직 후 복귀하는 맞벌이 가정을 지원하고자 영아 돌봄 교육을 이수한 전담 돌보미가 영아 이유식 먹이기, 젖병 소독 등 영아 특화 돌봄서비스 제공 | 양육 친화 기업문화 조성을 위해 서울형 新 일?생활 균형 3종 패키지를 시행함으로써 초저출생 위기 극복 및 일?생활 균형 문화 확산 ? 배우자 출산휴가 의무제(10일) ? 육아휴직 사용 활성화 ? 육아기 근로시간 단...",,,,https://idea.seoul.go.kr/front/freeSuggest/view.do?sn=195458
PROP-195405,2023-12-05,N,미상,5.0,서울지하철 임산부배려석 실효성 높이는 방안 제안합니다,서울지하철 임산부배려석 실효성 높이는 방안 제안합니다,임신·난임·생식건강,임산부 건강·배려,임산부 건강관리·배려,임신·난임·생식건강,건강임신지원팀,02-2133-9491,저출생사업1팀 | 생활지원팀,1순위:건강임신지원팀 | 2순위:저출생사업1팀 | 3순위:생활지원팀,1,임산부 배려공간 조성,ㅇ 교통 약자인 임산부의 엘리베이터 안전사고 예방 및 배려문화 확산을 위해 엘리베이터 내?외부에 임산부 배려공간 조성(엠블럼 부착)   - 임산부를 위해 해당 공간을 비워두고 양보하는 사회 분위기 확산 유도 ㅇ 임산...,,,,https://idea.seoul.go.kr/front/freeSuggest/view.do?sn=195405
PROP-195367,2023-11-28,N,미상,2.0,타지역 다둥이도 서울시 공공시설물에 주차 할인을 해주세요~,타지역 다둥이도 서울시 공공시설물에 주차 할인을 해주세요~,다자녀·양육비·생활지원,다자녀 혜택,다자녀 기준·할인·감면,다자녀·양육비·생활지원,저출생사업1팀,02-2133-5027,,1순위:저출생사업1팀,0,,,,,,https://idea.seoul.go.kr/front/freeSuggest/view.do?sn=195367
PROP-195272,2023-11-03,N,미상,0.0,지하철 임산부좌석,"？임산부을 위한 좌석이 나이많은 사람들의 전용석으로 사용되어
실제 임산부들이 앞에서있어도 일어나지도 않을뿐더러
설령 자리을 양보해주어도 임산부가 앉아있기가 힘들겁니다
취지는 좋으나 관리안하면 더 불만만 쌓일것이라 생각합니다
임산부가 아닌 승객이 앉으면 벌금을 부과할수있는 제도을 바라며
좌석뒤에다 임산부가 아닌자가 여기에 앉으면 벌금이 얼마 부과된다는 사실을
명확하게 주지한다면 개선되지않을까 생각합니다
애들 안 낳는다고 타박말고 작은것 하나라도 확실하게 해주었으면합니다
아니면
임산부 전용칸을 작게 만들어서 임산부만의 공간이되면 의사소통도 할수있을테고
출퇴근에도 좋을것갔습니다.",임신·난임·생식건강,임산부 건강·배려,임산부 건강관리·배려,임신·난임·생식건강,건강임신지원팀,02-2133-9491,가족지원팀 | 저출생사업1팀,1순위:건강임신지원팀 | 2순위:가족지원팀 | 3순위:저출생사업1팀,1,임산부 배려공간 조성,ㅇ 교통 약자인 임산부의 엘리베이터 안전사고 예방 및 배려문화 확산을 위해 엘리베이터 내?외부에 임산부 배려공간 조성(엠블럼 부착)   - 임산부를 위해 해당 공간을 비워두고 양보하는 사회 분위기 확산 유도 ㅇ 임산...,,,,https://idea.seoul.go.kr/front/freeSuggest/view.do?sn=195272
PROP-195248,2023-10-29,Y,미상,16.0,난임 치료 중 PGT 진단도 의료 지원을 해주면 어떨까요?,"안녕하세요
시험관 시술을 하고 있는 30대 후반 서울시민입니다.
물론 서울시에서 난임 치료에 지원을 해주는 부분에 대하여 감사하며,
현재 제가 유전적 질환이 있어 시험관에 PGT를 진행하고 있습니다.
그러면서 생각보다 많은 시험관 비용에 놀라서
혹시 저와 같이 이런 상황에 놓인분들에게
임신 준비를 할때 지원을 해주면 어떨까 합니다.
우선 개인 유전자 진단 및 배아 PGT_M 진행 이 부분이 생각보다 비용이 많이 듭니다.
다른 사람에게 다 지원을 해준다기보단
일부 유전질환을 가진 사람에 한하여 지원을 해주면 어떨까하는 생각입니다.
감사합니다.",임신·난임·생식건강,난임 지원,난임시술·주사·시술비,임신·난임·생식건강,건강임신지원팀,02-2133-9491,가족건강팀,1순위:건강임신지원팀 | 3순위:가족건강팀,5,서울형 난임부부 시술비 지원 | 서울권역 난임?우울증 상담센터 운영 | 서울시 한의약 난임치료 지원 | 서울시 난임?임산부심리상담센터 운영 | 난임부부 지원,"난임시술 비용의 본인부담액에 대한 시술별 지원상한액 지원 - 횟수 : 총 25회(누적) - 지원금액: 시술별 1회당 최대 30만원~110만원 | 난임부부, 유산?사산 경험부부, 임산부 및 양육모의 정서적 안정을 위해 전담 상담사가 등록부터 종결까지 1:1 상담 및 다양한 프로그램을 운영 | 원인불명의 난임진단 부부에게  한의약 난임치료 첩약비용(3개월)의 본인부담금 90%(상한 1,200천원) 지원 | 난임부부, 유산?사산 경험부부, 임산부 및 양육모의 정서적 안정을 위해 전담 상담사가 등록부터 종결까지 1:1 상담 및 다양한 프로그램을 운영 | o 난임시술 비용의 본인부담액에 대한 시술별 지원상한액 지원      -(횟수) 출산당 총25회 (보조생식술 시작일이 '24.11.1.일 이후부터)      -(지원금액) 시술별 1회당 최대 30만원~110만원  o...",,,,https://idea.seoul.go.kr/front/freeSuggest/view.do?sn=195248
PROP-195209,2023-10-19,N,미상,0.0,임산부 출퇴근 셔틀버스,"말그대로 임산부 셔틀 버스 운영하면 어떨까 합니다.
대중교통 임산부석 보다, 적극적으로 임산부 분드 편의를 제공할 수 있지 않을까 싶습니다.
출퇴근 셔틀버스도 되고, 경제적으로 어려우신 분들 병원 이동 수단도 가능하다고 생각합니다.
감사합니다.",임신·난임·생식건강,임산부 건강·배려,임산부 건강관리·배려,임신·난임·생식건강,건강임신지원팀,02-2133-9491,가족지원팀 | 저출생사업1팀,1순위:건강임신지원팀 | 2순위:가족지원팀 | 3순위:저출생사업1팀,1,임산부 배려공간 조성,ㅇ 교통 약자인 임산부의 엘리베이터 안전사고 예방 및 배려문화 확산을 위해 엘리베이터 내?외부에 임산부 배려공간 조성(엠블럼 부착)   - 임산부를 위해 해당 공간을 비워두고 양보하는 사회 분위기 확산 유도 ㅇ 임산...,,,,https://idea.seoul.go.kr/front/freeSuggest/view.do?sn=195209
PROP-195192,2023-10-15,N,미상,0.0,어린이 보호구역 건널목,"어린이 보호구역에서의 횡단보도 건널목은
시인성과 경계심을 높히기 위해 노란색을 적용하였으면 합니다.",정보·상담·교육·거버넌스,정보 접근성,일반 출산정책 안건,정보·상담·교육·거버넌스,저출생사업1팀,02-2133-5025,가족지원팀,1순위:저출생사업1팀 | 2순위:가족지원팀,0,,,,,"TAG_REVIEW:현재 태그=정보·상담·교육·거버넌스, 태그 핵심어 약함 || TAG_REVIEW:현재 태그=정보·상담·교육·거버넌스, 태그 핵심어 약함",https://idea.seoul.go.kr/front/freeSuggest/view.do?sn=195192
PROP-195183,2023-10-10,N,미상,3.0,국공립 유치원 등하원 차량운행 요청,"안녕하세요.
지역 내 단설유치원의 장점이 매우 많아
자녀를 단설유치원에 보내고 싶은데
딱 한가지 단점이 있습니다. 
그것은 등하원 차량 운행이 안된다는 점 입니다.
서울시에서 등하원 차량이 운행되는 공립유치원이 많지 않은걸로 알고 있어요.
보통 예산이 부족하여 운행이 불가하다는 얘기가 있던데.. 맞나요?
다가오는 2024년에는 그 예산을 좀 더 확보하여 차량운행 할 수 있는 방안은 없는지요?
우리 아이들이 사립 보다는 더 안전한 공립유치원을 이용 할 수 있게, 그리고 저출산 시대에 부모들이 믿고 맡길 수 있는 공립유치원이 많아졌으면 좋겠습니다.",보육·돌봄 인프라,초등돌봄,초등돌봄·방과후,보육·돌봄 인프라,돌봄사업팀,02-2133-6560,저출생사업1팀 | 생활지원팀,1순위:돌봄사업팀 | 2순위:저출생사업1팀 | 3순위:생활지원팀,0,,,,,,https://idea.seoul.go.kr/front/freeSuggest/view.do?sn=195183
PROP-195168,2023-10-06,N,미상,1.0,한부모가구 cctv지원,안녕하세요 주택1층에서 15개월 돌쟁이 딸아이를 홀로 키우고있는  한부모입니다 ㅠ 이전에 서울시에서 일인가구무상으로 cctv 설치를 해주는 사업이있었는데 저희집은 2인이라 신청이 불가능하다고했어요  다름아니라 저희집이 1층주택인데 사유지인 마당이 거의 ㅜ옆집사람들이ㅜ매시간마다 이용하는 지름길로 제가 이사오기전부터 사용했다하는데 집앞에 썩은 음식물이고 대형폐기물도 가져와서 집앞에 버리고 가는데 누가했는지도모르고 사비를 들이기엔 제가 생활.의료.주거 기초수급자라 애기 입에 들어가는 식비조차 부족한마당입니다.ㅠ  그리고 윗집할아버지가 치매신데 가끔내려와서 폭행하고 위협해서  내려와서 난동부릴때마다 경찰을 부르곤 하는데  마당쪽 일층창문에는 방범창도 없어서  다음번에는 칼을들고 내려올까 너무 무서워요  제발  저희모녀를 살려주세요..,취약·다양가족 사각지대,한부모·위기임산부,한부모·미혼부모·위기임산부,취약·다양가족 사각지대,가족지원팀,02-2133-6562,저출생사업1팀,1순위:가족지원팀 | 2순위:저출생사업1팀,5,신혼부부 결혼ㆍ살림비용 지원 | 자녀출산 무주택가구 주거비 지원 | 신혼희망타운 | 신혼부부 전용 주택 구입 자금 대출 | 신혼부부 임차보증금 이자 지원,"ㅇ 결혼ㆍ살림 비용 최대 100만원 지원    - 결혼준비 및 혼인살림 장만 관련 비용 지출    ※ 생애 1회 지급   ? 결혼준비 : 혼수, 예식장, 신혼여행, 청첩장 등    ? 혼인살림 : 전자제품, 주방가전... | 월 최대 30만원(2년간 최대 720만원) 주거비 지원 | 신혼희망타운 분양?임대주택 공급 및 청약 자격 제공 | 연 2.55~3.85% 금리로 주택구입 자금 대출, 최대 3억 2천만 원 한도 | - 임차보증금 대출금: 최대 3억원(임차보증금의 90% 이내) - 이자지원 금리: 최대 4.5% - 지원기간: 최장 10년(25.11.20. 부터 최장 12년) ※ 자세한 사항은 서울주거포털 공고문 참조",,,,https://idea.seoul.go.kr/front/freeSuggest/view.do?sn=195168
PROP-195163,2023-10-04,N,미상,18.0,어린이보호구역내 교통사고 방지를 위한 교통시설물 변경설치 및 작업제한,"1.
현황
최근 어린이보호구역내 교통사고 증가로 인하여 교통사고 발생을 미연에 방지해야 할 필요성 대두
2.
개선방법
가
.
횡단보도의 설치변경
(
높이
)
을 통한 교통사고 예방
-
현재 어린이보호구역내 횡단보도의 경우 일반지역의 횡단보도와 똑같은 규격으로 설치되어 있음
이에 어린이보호구역내 특히 이면도로에 국한하여 횡단보도 설치를 변경 설치하여 교통사고를
미연에 방지
-
보통 차량의 경우 과속방지턱 앞에서는 서행을 할수밖에 없음
.
이를 착안하여 어린이보호구역내
횡단보도 설치시과속방지턱 기능을 추가시켜 도로면보도 높게 횡단보도를 설치 함
.
-
기존 과속방지턱
+
횡단보도
=
과속방지턱 높이로 횡단보도 설치
나
.
어린이보호구역 내 일부 구역
(
경사진 도로면
,
교통사고 위험이 상존하는 구역 등
)
화물 승하차
일시 금지조치
-
어린이보호구역내 아이들 틍하교 시간 등에 화물차의 화물 승하차를 일시 금지조치하여 어린이
교통사고를 미연에 방지
3.
기대효과
가
.
횡단보도를 과속방치턱처럼 높이 설치함으로써 차량의 일시정지를 유도 사전에 교통사고 방지
효과과 클것으로 판단됨
나
.
어린이보호구역 위험란 일부구역에 대해 등하교 시간등 일부시간 화물승하차를 금지함으로써
교통사고 미연에 방지
다
.
급변하는 교통환경에 적극적 행정으로 안전사고 사전예방",정보·상담·교육·거버넌스,정보 접근성,일반 출산정책 안건,정보·상담·교육·거버넌스,저출생사업1팀,02-2133-5027,가족건강팀 | 생활지원팀,1순위:저출생사업1팀 | 2순위:가족건강팀 | 3순위:생활지원팀,0,,,,,"TAG_REVIEW:현재 태그=정보·상담·교육·거버넌스, 태그 핵심어 약함 || TAG_REVIEW:현재 태그=정보·상담·교육·거버넌스, 태그 핵심어 약함",https://idea.seoul.go.kr/front/freeSuggest/view.do?sn=195163
PROP-195152,2023-09-28,N,미상,2.0,서울시신혼부부임차보증금 금리 너무높습니다,서울시신혼부부임차보증금 금리 너무높습니다,주거·교통·도시생활환경,출산가구 주거,신혼부부·출산가구 주거지원,주거·교통·도시생활환경,저출생사업1팀,02-2133-5027,생활지원팀,1순위:저출생사업1팀 | 2순위:생활지원팀,4,신혼부부 결혼ㆍ살림비용 지원 | 신혼희망타운 | 신혼부부 전용 주택 구입 자금 대출 | 신혼부부 임차보증금 이자 지원,"ㅇ 결혼ㆍ살림 비용 최대 100만원 지원    - 결혼준비 및 혼인살림 장만 관련 비용 지출    ※ 생애 1회 지급   ? 결혼준비 : 혼수, 예식장, 신혼여행, 청첩장 등    ? 혼인살림 : 전자제품, 주방가전... | 신혼희망타운 분양?임대주택 공급 및 청약 자격 제공 | 연 2.55~3.85% 금리로 주택구입 자금 대출, 최대 3억 2천만 원 한도 | - 임차보증금 대출금: 최대 3억원(임차보증금의 90% 이내) - 이자지원 금리: 최대 4.5% - 지원기간: 최장 10년(25.11.20. 부터 최장 12년) ※ 자세한 사항은 서울주거포털 공고문 참조",,,,https://idea.seoul.go.kr/front/freeSuggest/view.do?sn=195152
PROP-195147,2023-09-26,N,미상,0.0,흡연에 대한 경범죄로 추가 제안. 아이와 시민들의 건강과 올바른 흡연습관을 위해 제안합니다.,"아이와 시민들의 건강과 올바른 흡연습관을 위해 제안합니다.
출, 퇴근이 길이나 주말 경우 담배를 피면서 보행하는 흡연자들을 쉽게 볼 수 있습니다.
걸어가면서 담배를 피면 뒤에서 걷고 있는 노약자, 임산부, 환자, 어린아이, 학생 등 많은 사람들이 이러한 행위해 자신도 모르게 암에 걸리고 있습니다.
간접흡연은 굉장히 위험하며 몸이 약하거나 불편한 사람은 폐암에 걸릴 확률 또한 높습니다.
국내
사망률 1위
인
폐암
은
생존률이 28%
에 해당하고 있습니다.
간접흡연은 직접흡연보다 폐암에 걸릴 확률이 1.5배가 높습니다.
흡연자들의 시민의식이 개선되지 않기 때문에 다른 방법들이 필요한 것 같습니다.
담배꽁초 버리는 건 현재 경범죄로 추가되어 있는데 여기에 더해
보행 중 흡연 또한 경범죄로 추가하여 시민의 건강을 나라가 지켜줘야 할 것 같아 제안하게 됩니다.",정보·상담·교육·거버넌스,정보 접근성,일반 출산정책 안건,정보·상담·교육·거버넌스,저출생사업1팀,02-2133-5027,고령사회정책팀,1순위:저출생사업1팀 | 2순위:고령사회정책팀,0,,,,,"TAG_REVIEW:현재 태그=정보·상담·교육·거버넌스, 태그 핵심어 약함 || TAG_REVIEW:현재 태그=정보·상담·교육·거버넌스, 태그 핵심어 약함",https://idea.seoul.go.kr/front/freeSuggest/view.do?sn=195147
PROP-195098,2023-09-13,N,미상,9.0,어린이집 교사 역량 강화비 사용,"안녕하세요 저는 작은 어린이집에서 근무하는 보육교사입니다.
2년전부터 교사들의 힐링과 단합을 위한 교사역량강화비가 지원되고 있고 그로 인해 회식이 어려웠던 교사들이 모여 회식도 하고 문화생활을 할 수 있어서 좋았습니다.  그러나 취재와는 달리, 오전근무와 서로의 근무시간이 다 다른 상황에서 또 다시 시간을 맞춰 모이고, 어쩔 때 귀한 식사가 치러야
의례처럼 되어 버리는 건 아닌가 싶습니다.
보육교사는 열역한 근무 환경으로 만족도가 낮은 건 사실입니다. 그래서 이런 취재로 역량강화비가 책정이 된 듯 한데, 그 의도와는 다르게 사용되는 것 같습니다. 그리고 보조교사 보육 도우미, 연장반 교사등 당직 교사 조리사 등 근무 시간 차이가 너무 커 누군가는 매번 시간을 내서 다시 출근해야 한답니다.  차라리 역량강화비를 설이나 추석, 스승의 날 교사들의 낮은 처우를 위해 상여금으로 사용하시면 어떨까 싶어 건의합니다.
교사들이 따로 상여금을 받는 경우가 극히 없고, 있다 하더라도 일반 회사근무하는 분들의 비하면 식사값 정도 받습니다.
상여금이 따로 책정되지 않고 교사 복지를 위한 제도가 원보다 제각각이라, 힘든 근무환경에서 보육하는 교사들에게 상여금은 직업 만족도를 높이는
수단이 되지 않을까 싶습니다.
이 글이 혹여 교사나 원장님들께 오해가 되지 않기를 바라며 꼭 익명으로 읽어 주시고 마음을 헤아려 주시기 바랍니다.",보육·돌봄 인프라,어린이집·유치원,보육시설·유아교육,보육·돌봄 인프라,돌봄사업팀,02-2133-6560,상담팀,1순위:돌봄사업팀 | 2순위:상담팀,5,어린이집 영유아 방문건강관리 서비스 지원 | 서울형어린이집 | 서울형 0세 전담반 어린이집(사업종료) | 서울형 0세 전담반 어린이집 | 서울형 시간제 전문 어린이집,어린이집으로 방문건강간호사가 찾아가서 건강관리 및 건강교육서비스 제공 | 공인평가를 통하여 우수한 민간 어린이집을 선정하고 인건비 및 운영비를 지원함으로써 향상된 보육서비스를 안정적으로 제공 | 12개월 미만의 영아 보육에 적합한 ‘0세 전담반’  어린이집 100개반 선정 운영 | 12개월 미만의 영아 보육에 적합한 ‘0세 전담반’  어린이집 100개반 선정 운영 | 가정양육 또는 타 기관 이용 보호자 등 누구나 필요시 시간 단위로 이용할 수 있는 보육서비스,,,,https://idea.seoul.go.kr/front/freeSuggest/view.do?sn=195098
PROP-195084,2023-09-08,N,미상,2.0,실효성없는 신혼부부 대상 정책 개선 부탁드립니다,실효성없는 신혼부부 대상 정책 개선 부탁드립니다,주거·교통·도시생활환경,출산가구 주거,신혼부부·출산가구 주거지원,주거·교통·도시생활환경,저출생사업1팀,02-2133-5021,아동보호팀,1순위:저출생사업1팀 | 2순위:아동보호팀,4,신혼부부 결혼ㆍ살림비용 지원 | 신혼희망타운 | 신혼부부 전용 주택 구입 자금 대출 | 신혼부부 임차보증금 이자 지원,"ㅇ 결혼ㆍ살림 비용 최대 100만원 지원    - 결혼준비 및 혼인살림 장만 관련 비용 지출    ※ 생애 1회 지급   ? 결혼준비 : 혼수, 예식장, 신혼여행, 청첩장 등    ? 혼인살림 : 전자제품, 주방가전... | 신혼희망타운 분양?임대주택 공급 및 청약 자격 제공 | 연 2.55~3.85% 금리로 주택구입 자금 대출, 최대 3억 2천만 원 한도 | - 임차보증금 대출금: 최대 3억원(임차보증금의 90% 이내) - 이자지원 금리: 최대 4.5% - 지원기간: 최장 10년(25.11.20. 부터 최장 12년) ※ 자세한 사항은 서울주거포털 공고문 참조",,,"TAG_REVIEW:현재 태그=주거·교통·도시생활환경, 태그 핵심어 약함 || TAG_REVIEW:현재 태그=주거·교통·도시생활환경, 태그 핵심어 약함",https://idea.seoul.go.kr/front/freeSuggest/view.do?sn=195084
PROP-195063,2023-09-05,N,미상,5.0,대형서점 다둥이 혜택 좀 해주세요,"저는 세아이를 키우는 육아대디입니다. 정부나 서울시 다둥이 혜택은 뭔가 행동을 해야만 혜택으로 이어지는 거라서 이 부분에 국한된 이야기만 제안할까 합니다.
교보문고, 영풍문고 등 대형서점에서 다둥이 혜택을 시행하면 좋을것 같은데 어떻게 생각하시는지요?!
주지하신대로 독서는 자라나는 아이들에게 독서는 꿈을 가지게 하고 꿈을 펼칠수 있게 합니다.
책과 가까워지면 아이들의 꿈과 희망이 자라나 향후에는 건강한 국가에 기반으로 자리잡을수 있을 것입니다
예를들어 기차를 탈때 다둥이 혜택을 받을수 있게 되어있습니다. 이처럼 소비에 집중된 혜택을 점차 확대시키면서 저출산 문제를 해결해야만 한다고 믿습니다. 그리고 해외 선진국 사례들처럼 마음편히 아이만 낳고 살수있는 복지를 만들어주시면 좋겠습니다",다자녀·양육비·생활지원,다자녀 혜택,다자녀 기준·할인·감면,다자녀·양육비·생활지원,저출생사업1팀,02-2133-5027,생활지원팀,1순위:저출생사업1팀 | 2순위:생활지원팀,0,,,,,,https://idea.seoul.go.kr/front/freeSuggest/view.do?sn=195063
PROP-195015,2023-08-24,N,미상,6.0,세자녀 이상 행복주택 거주기간 연장관련,세자녀 이상 행복주택 거주기간 연장관련,다자녀·양육비·생활지원,다자녀 혜택,다자녀 기준·할인·감면,다자녀·양육비·생활지원,저출생사업1팀,02-2133-5027,가족건강팀,1순위:저출생사업1팀 | 2순위:가족건강팀,0,,,,,"TAG_REVIEW:현재 태그=다자녀·양육비·생활지원, 태그 핵심어 약함 || TAG_REVIEW:현재 태그=다자녀·양육비·생활지원, 태그 핵심어 약함",https://idea.seoul.go.kr/front/freeSuggest/view.do?sn=195015
PROP-195004,2023-08-22,Y,미상,138.0,"임산부 배려석, 본래의 목적에 맞는 이용을 위한 제안","임산부 배려석, 본래의 목적에 맞는 이용을 위한 제안",임신·난임·생식건강,임산부 건강·배려,임산부 건강관리·배려,임신·난임·생식건강,건강임신지원팀,02-2133-9492,가족건강팀 | 저출생사업1팀,1순위:건강임신지원팀 | 2순위:가족건강팀 | 3순위:저출생사업1팀,1,임산부 배려공간 조성,ㅇ 교통 약자인 임산부의 엘리베이터 안전사고 예방 및 배려문화 확산을 위해 엘리베이터 내?외부에 임산부 배려공간 조성(엠블럼 부착)   - 임산부를 위해 해당 공간을 비워두고 양보하는 사회 분위기 확산 유도 ㅇ 임산...,,,,https://idea.seoul.go.kr/front/freeSuggest/view.do?sn=195004
PROP-194998,2023-08-19,N,미상,0.0,다둥이카드 앱카드 활용불가,"수고 많으십니다.
시립강동청소년센터를 이용중 다둥이할인관련 업무처리에 있어 개선점이 있어 글을 남깁니다.
안내데스크에 다둥이카드 앱카드를 보여주고 결제를 하려고 했으나 실물카드로만 할인이 가능하다고하여
결제를 하지 못하고 실랑이 하다가 헛 걸음만하고 돌아왔습니다.
기존에도 결제시 종종 플라스틱 카드를 깜박하는 경우가 많아서 다시 가져오고 매월 너무 번거로웠는데,
오늘 산책길에 서울지갑앱에서 다둥이카드를 앱카드로 활용할수있다고해서, 이제는 플라스틱카드 놓고와서 번거로울 일 없겠다
싶어서 기분좋게 다운받아서 갔는데 이게 먼데?하고 천대를 받고오니 몹시 당황스럽고 화가났습니다.
ㅇ다둥이카드 앱카드는 서울지갑에서 신분인증을 받아서 발급받아, 카드를 보여줄때도 100초간의 시간제한을 두어
안전한 신분증인데, 왜 현장에서는 인정해주지 않는지 이해가 되지 않습니다.
결제하시는 분에게 개선이 필요하다 말씀드렸는데, 서울시에 여러차례 요청했지만 실물카드만 받으라고 했다고 하는데???
이게 사실인지요? 그럴거면 다둥이 앱카드가 왜 필요한건지,
시대에 역행하는 행정처리가 아닌가 싶습니다.
시민으로서 개선제안드립니다.",다자녀·양육비·생활지원,다자녀 혜택,다자녀 기준·할인·감면,다자녀·양육비·생활지원,저출생사업1팀,02-2133-5025,가족지원팀,1순위:저출생사업1팀 | 2순위:가족지원팀,0,,,,,,https://idea.seoul.go.kr/front/freeSuggest/view.do?sn=194998
PROP-194971,2023-08-13,N,미상,3.0,SH신혼부부 대출 연장 조건 요청,"안녕하세요?
현재 SH신혼부부 대출2 를 받고 있는 시민입니다. 다름이 아니라 연장 조건중에 계약자가 65세 이상인 경우는 횟수상관없이 계속 연장 되더라고요.
저희는 4인가족으로 저(계약자) ,남편, 아기,시모인데 아이와 65세 이상의 가족 구성원이 있는 경우도 횟수 상관없이 연장 해주시면 안될까요? 그리고 권리분석 및 재심사 기간도 조금 더 당겨주실 순 없을까요…? 현재 이사 때문에 집 알아보고 있는데 권리분석 기간이 길고 절차가 까다롭다보니  sh대출을 꺼려하는 부동산과 집주인이 많아서 집 찾는데 쉽지않더라고요..
모든 사람들이 집 걱정없이 애 낳고 키우는 대한민국이 됐으면 좋겠습니다ㅠㅠ
그럼 심사숙고 해 주시면 감사하겠습니다.",주거·교통·도시생활환경,출산가구 주거,신혼부부·출산가구 주거지원,주거·교통·도시생활환경,저출생사업1팀,02-2133-5027,생활지원팀,1순위:저출생사업1팀 | 2순위:생활지원팀,4,신혼부부 결혼ㆍ살림비용 지원 | 신혼희망타운 | 신혼부부 전용 주택 구입 자금 대출 | 신혼부부 임차보증금 이자 지원,"ㅇ 결혼ㆍ살림 비용 최대 100만원 지원    - 결혼준비 및 혼인살림 장만 관련 비용 지출    ※ 생애 1회 지급   ? 결혼준비 : 혼수, 예식장, 신혼여행, 청첩장 등    ? 혼인살림 : 전자제품, 주방가전... | 신혼희망타운 분양?임대주택 공급 및 청약 자격 제공 | 연 2.55~3.85% 금리로 주택구입 자금 대출, 최대 3억 2천만 원 한도 | - 임차보증금 대출금: 최대 3억원(임차보증금의 90% 이내) - 이자지원 금리: 최대 4.5% - 지원기간: 최장 10년(25.11.20. 부터 최장 12년) ※ 자세한 사항은 서울주거포털 공고문 참조",,,,https://idea.seoul.go.kr/front/freeSuggest/view.do?sn=194971
PROP-194958,2023-08-10,N,미상,0.0,용산가족공원 내 잔디 운동장 트랙부분 모래 깔아주세요,"안녕하세요? 용산 가족 공원을 자주 산책하는 주민입니다.
요즘 건강을 위해 맨발걷기를 하는 사람들이 많아지고 있음을 봅니다. 저도 최근에 맨발 걷기를 시작했습니다. 다행이도 이곳에 걷기 적합한 흙으로된 트랙이 있음에 감사드리고 있습니다.
다만 왕모로가 좀더  두껍게 깔려 있으면 맨발로 걷기에 더 좋을 것 같다는 생각을 하곤 합니다. 추가로 더 왕모래를 깔아주시면 좋겠습니다.",정보·상담·교육·거버넌스,정보 접근성,일반 출산정책 안건,정보·상담·교육·거버넌스,저출생사업1팀,02-2133-5027,생활지원팀,1순위:저출생사업1팀 | 2순위:생활지원팀,0,,,,,"TAG_REVIEW:현재 태그=정보·상담·교육·거버넌스, 태그 핵심어 약함 || TAG_REVIEW:현재 태그=정보·상담·교육·거버넌스, 태그 핵심어 약함",https://idea.seoul.go.kr/front/freeSuggest/view.do?sn=194958
PROP-194913,2023-08-03,N,미상,2.0,지역구 유아수영프로그램 시설문의,"안녕하세요 3명의 영유아를 키우고 있는 엄마입니다 .
지역구에서 운영하는 유아 수영프로그램을 알아 보는 중인데
왜 지역구에서 운영하는 유아수영 강습에 부모님이 참관 할 수 없게 되어 있나요?
혹여나 사고가 나면 어떠한 책임을 질끼요 ??
더군다나 요즘 유아수영 프로그램에 사건사고가 많이 일어나는데 부모님 마저 참관이 어려운건 개선해줬으면 합니다.
유아 수영프로그램이 있으면 그에 걸 맞는 부모 참관가능 여부를 열어 두는게 맞다고 생각 합니다.
하물며 어린이 유치원도 참관 신청하면 참관이 가능한데 ,
미끄러운 바닥과 유아를 다루고 물을
접하는 수영체육센터라면 필히 부모참관이 가능 해야된다 생각합니다.
또한 지역구에서 하는 유아수영프로그램이 있는 체육 센터라면
가족 탈의실을 만들어 주세요
물론 유아수영 프로그램의 조건이 혼자 스스로 하는 것이지만,
한부모가정의 경우도 생각 해주고,
유아수영장에 맞는 시설을 준비해주세요
이런 사소한 것 하나하나가
저출산을 막는 일 입니다",정보·상담·교육·거버넌스,정보 접근성,일반 출산정책 안건,정보·상담·교육·거버넌스,저출생사업1팀,02-2133-5027,생활지원팀,1순위:저출생사업1팀 | 2순위:생활지원팀,0,,,,,,https://idea.seoul.go.kr/front/freeSuggest/view.do?sn=194913
PROP-194899,2023-08-01,N,미상,1.0,출산율 문제 해결을 위한 제안입니다.,"안녕하세요. 저출산 문제 해결을 위한 몇가지 제안을 하고자 합니다.
마침 좋은 기사가 올라왔습니다.
https://cm.asiae.co.kr/article/2023072615444463375
저출산 문제 해결을 위한  노력을 국가에서 너무 안 하는 거 같습니다. 국립 어린이집 대폭 늘리고 육아휴직 의무화, 야근 2시간 이상 금지 , 2시간 야근시 최저시급 2배 지급. 출산시 세금 혜택. 아이 2이상 출산한 가정 청약 1순위 제공.
이런 굵직한 문제 해결 못하면 출산율 반등은 없습니다.
이미 남자가 육아에 참여했을때 출산율이 오른 사례는 유럽에서 찾아볼 수 있고 유럽국가들은 출산율 반등에 성공했습니다.
이미 답이 다 나와있는데 아직도 국가에서는 관심도 없고 개선하고자하는 노력을 너무 안 하고 있습니다. 제발 대한민국이 소멸하는 걸 막아주세요.",출산·산후 초기지원,출산가구 초기지원,출산지원금·출생축하,출산·산후 초기지원,가족건강팀,02-2133-9486,저출생사업1팀,1순위:가족건강팀 | 2순위:저출생사업1팀,5,서울형 육아휴직장려금(사업종료) | 서울형 육아휴직장려금 | 영아 전담 아이돌봄서비스 | 육아휴직장려금 | 서울형 新일?생활 균형 3종 패키지,"○ 자녀 1인당 최대 120만원 지원 - 육아휴직기간 연속 6개월 시 60만원, 연속 12개월 경과 시 60만원 추가지급 ※ 부?모 모두 육아휴직 시 각각 지급 (자녀 1인에 대해 가구당 최대 240만원 지급) | ○ 자녀 1인당 최대 120만원 지원 - 육아휴직기간 연속 6개월 시 60만원, 연속 12개월 경과 시 60만원 추가지급 ※ 부?모 모두 육아휴직 시 각각 지급 (자녀 1인에 대해 가구당 최대 240만원 지급) | 출산휴가, 육아휴직 후 복귀하는 맞벌이 가정을 지원하고자 영아 돌봄 교육을 이수한 전담 돌보미가 영아 이유식 먹이기, 젖병 소독 등 영아 특화 돌봄서비스 제공 | ○ 1인 최대 120만원 지원 - 육아휴직기간 연속 6개월 시 60만원, 연속 12개월 경과 시 60만원 추가지급 ※ 부?모 동시 육아휴직 시 각각 지급 (자녀 1인에 대해 가구당 최대 240만원 지급) | 양육 친화 기업문화 조성을 위해 서울형 新 일?생활 균형 3종 패키지를 시행함으로써 초저출생 위기 극복 및 일?생활 균형 문화 확산 ? 배우자 출산휴가 의무제(10일) ? 육아휴직 사용 활성화 ? 육아기 근로시간 단...",,,,https://idea.seoul.go.kr/front/freeSuggest/view.do?sn=194899
PROP-194883,2023-07-28,Y,미상,74.0,소득제한 폐지 된 난임지원 6개월 거주조건 폐지 요청,"안녕하세요.
서울에 전입한 지 4개월정도 된 시민입니다.
7월부터 소득 제한이 폐지된 난임 지원 정책 관련 개선 요청 드리고자 글을 남깁니다.
최근 소득 제한이 폐지된 사항은 조건 없이 출산을 희망하는 난임부부 모두에게 지원함으로서 대한민국의 중요 사회 이슈로 자리잡은 저출산율 문제를 해결하기 위한 방안의 정책이자 저출산에 대한 대한민국 사회의 기조입니다.
이러한 기조와 상이하게 서울과 경기도 등 거주 조건 6개월 이상의 필수 조건을 두어 6개월 미만의 거주자는 어디에서도 혜택을 받지 못하고 있습니다.
지자체를 옮겨 거주지를 이동하는 것은 혜택을 받지 못하는 데 정당한 사유가 될 수 없으며, 이 또한 역차별의 하나가 아닐까 생각합니다.
아이를 낳고 싶어하는 사람들을 지원하여 저출산의 타개책의 하나로 보고 있는 현상황에서 다음과 같은 필수 거주 충족 기간에 대한 정책을 빠른 시일 내에 개선될 수 있도록 검토해 주시기를 바랍니다.
============================
01. 현황 : 경기도 / 서울 난임 지원 정책에 거주 조건 6개월 충족 필수
02. 문제점 : 6개월 미만의 거주자는 혜택을 받지 못하는 문제점 (=난임 지원 기회 박탈)
03. 정책 방향성 : 난임 지원을 통해 출신을 희망하는 부부 지원 및 저출산율 대응 목적
▶？정부 차원의 정책 방향성 기준 6개월의 필수 거주 충족 기간 조건은 목적 적합하지 않음
04. 요청 사항 : 6개월 거주 조건 폐지 혹은 6개월 미만 거주자도 혜택을 받을 수 있도록 정책 개선 요청
============================
정책은 목적 내지 방향성에 맞게 고려되어야 하고, 정부와 지자체 정책에 일관성이 있도록 금번 소리에 귀기울여 주시기를 바랍니다.
다시 한번 거듭하여 저출산이 국가 차원의 문제로 거주 조건이 포함된 난임 지원 정책에 대한 개선을 요청드립니다.
감사합니다.",임신·난임·생식건강,난임 지원,난임시술·주사·시술비,임신·난임·생식건강,건강임신지원팀,02-2133-9491,저출생사업1팀 | 생활지원팀,1순위:건강임신지원팀 | 2순위:저출생사업1팀 | 3순위:생활지원팀,5,서울형 난임부부 시술비 지원 | 서울권역 난임?우울증 상담센터 운영 | 서울시 한의약 난임치료 지원 | 서울시 난임?임산부심리상담센터 운영 | 난임부부 지원,"난임시술 비용의 본인부담액에 대한 시술별 지원상한액 지원 - 횟수 : 총 25회(누적) - 지원금액: 시술별 1회당 최대 30만원~110만원 | 난임부부, 유산?사산 경험부부, 임산부 및 양육모의 정서적 안정을 위해 전담 상담사가 등록부터 종결까지 1:1 상담 및 다양한 프로그램을 운영 | 원인불명의 난임진단 부부에게  한의약 난임치료 첩약비용(3개월)의 본인부담금 90%(상한 1,200천원) 지원 | 난임부부, 유산?사산 경험부부, 임산부 및 양육모의 정서적 안정을 위해 전담 상담사가 등록부터 종결까지 1:1 상담 및 다양한 프로그램을 운영 | o 난임시술 비용의 본인부담액에 대한 시술별 지원상한액 지원      -(횟수) 출산당 총25회 (보조생식술 시작일이 '24.11.1.일 이후부터)      -(지원금액) 시술별 1회당 최대 30만원~110만원  o...",,,,https://idea.seoul.go.kr/front/freeSuggest/view.do?sn=194883
PROP-194882,2023-07-28,N,미상,3.0,난임부부 6개월거주 폐지요청,"저희딸이 남양주15년거주하다4개월전 강동구로 전입하였습니다
결혼7년차인데 임신이 안되서. 시험관시술하려니 비용이 넘 많이들어갑니다7월부터 소득기준폐지되었다고 알고있습니다 강동구에서는 6개월미만 거주라 안된다하네요 난임부부는 하루빨리 임신을 간절히 기다리는데 6개월거주를 왜 왜  따지시는지 6개월 거주 폐지해주시고 난임지원 받고싶습니다
인구도 줄어드는 대한민국 간곡히 임신을 원하는 난임부부에겐 무조건 지원 해줘야한다고생각합니다
감사합니다",임신·난임·생식건강,난임 지원,난임시술·주사·시술비,임신·난임·생식건강,건강임신지원팀,02-2133-9492,저출생사업1팀 | 생활지원팀,1순위:건강임신지원팀 | 2순위:저출생사업1팀 | 3순위:생활지원팀,5,서울형 난임부부 시술비 지원 | 서울권역 난임?우울증 상담센터 운영 | 서울시 한의약 난임치료 지원 | 서울시 난임?임산부심리상담센터 운영 | 난임부부 지원,"난임시술 비용의 본인부담액에 대한 시술별 지원상한액 지원 - 횟수 : 총 25회(누적) - 지원금액: 시술별 1회당 최대 30만원~110만원 | 난임부부, 유산?사산 경험부부, 임산부 및 양육모의 정서적 안정을 위해 전담 상담사가 등록부터 종결까지 1:1 상담 및 다양한 프로그램을 운영 | 원인불명의 난임진단 부부에게  한의약 난임치료 첩약비용(3개월)의 본인부담금 90%(상한 1,200천원) 지원 | 난임부부, 유산?사산 경험부부, 임산부 및 양육모의 정서적 안정을 위해 전담 상담사가 등록부터 종결까지 1:1 상담 및 다양한 프로그램을 운영 | o 난임시술 비용의 본인부담액에 대한 시술별 지원상한액 지원      -(횟수) 출산당 총25회 (보조생식술 시작일이 '24.11.1.일 이후부터)      -(지원금액) 시술별 1회당 최대 30만원~110만원  o...",,,,https://idea.seoul.go.kr/front/freeSuggest/view.do?sn=194882
PROP-194881,2023-07-28,N,미상,1.0,저출산 해결을 위한 제안,"안녕하세요. 저출산 문제 해결을 위한 몇가지 제안을 하고자 합니다.
마침 좋은 기사가 올라왔습니다.
https://cm.asiae.co.kr/article/2023072615444463375
저출산 문제 해결을 위한  노력을 국가에서 너무 안 하는 거 같습니다. 국립 어린이집 대폭 늘리고 육아휴직 의무화, 야근 2시간 이상 금지 , 2시간 야근시 최저시급 2배 지급. 출산시 세금 혜택.
이런 굵직한 문제 해결 못하면 출산율 반등은 없습니다.
이미 남자가 육아에 참여했을때 출산율이 오른 사례는 유럽에서 찾아볼 수 있고 유럽국가들은 출산율 반등에 성공했습니다.
이미 답이 다 나와있는데 아직도 국가에서는 관심도 없고 개선하고자하는 노력을 너무 안 하고 있습니다. 제발 대한민국이 소멸하는 걸 막아주세요.",출산·산후 초기지원,출산가구 초기지원,출산지원금·출생축하,출산·산후 초기지원,가족건강팀,02-2133-9486,,1순위:가족건강팀,5,서울형 육아휴직장려금(사업종료) | 서울형 육아휴직장려금 | 육아휴직장려금 | 영아 전담 아이돌봄서비스 | 서울형 新일?생활 균형 3종 패키지,"○ 자녀 1인당 최대 120만원 지원 - 육아휴직기간 연속 6개월 시 60만원, 연속 12개월 경과 시 60만원 추가지급 ※ 부?모 모두 육아휴직 시 각각 지급 (자녀 1인에 대해 가구당 최대 240만원 지급) | ○ 자녀 1인당 최대 120만원 지원 - 육아휴직기간 연속 6개월 시 60만원, 연속 12개월 경과 시 60만원 추가지급 ※ 부?모 모두 육아휴직 시 각각 지급 (자녀 1인에 대해 가구당 최대 240만원 지급) | ○ 1인 최대 120만원 지원 - 육아휴직기간 연속 6개월 시 60만원, 연속 12개월 경과 시 60만원 추가지급 ※ 부?모 동시 육아휴직 시 각각 지급 (자녀 1인에 대해 가구당 최대 240만원 지급) | 출산휴가, 육아휴직 후 복귀하는 맞벌이 가정을 지원하고자 영아 돌봄 교육을 이수한 전담 돌보미가 영아 이유식 먹이기, 젖병 소독 등 영아 특화 돌봄서비스 제공 | 양육 친화 기업문화 조성을 위해 서울형 新 일?생활 균형 3종 패키지를 시행함으로써 초저출생 위기 극복 및 일?생활 균형 문화 확산 ? 배우자 출산휴가 의무제(10일) ? 육아휴직 사용 활성화 ? 육아기 근로시간 단...",,,,https://idea.seoul.go.kr/front/freeSuggest/view.do?sn=194881
PROP-194877,2023-07-27,N,미상,2.0,국공립 어린이집 처우개선 사항,"안녕하세요. 국공립 어린이집에서 근무하고 있는 보육교사입니다.
현재 4년차이고 대학원 석사과정 중에 있습니다.
제가 서울시에 제안을 드리고자 하는 내용은, 서울시에 25개 구의 국공립 어린이집 운영이 각각 다르고, 구 안에서도 원마다 운영 방식이 다릅니다. 학부모 입장에서는 국공립이라 하면, 보편적인 운영이 같다고 생각을 하는데, 교사로 일을 하다보니 전혀 다르더라고요. 민간 어린이집과 국공립 어린집이집 간의 차이는 이해 할 수 있지만 국공립 어린이집마다의 차이가 너무 많이 나는점에서 학부모 입장에서는 시설과 교육, 교사를 복불복이라고 생각하고 있습니다. 소득 수준에 따라 거주지를 이전을 하면서 까지 좋은 교육을 희망하시는 분들은 가능하겠지만, 그건 사립과 국공립의 차이이고 국공립 안에서는 차이가 없이 운영이 되어야 모든 시민들이 질 좋은 교육을 받을 수 있을 것이라고 생각합니다.
국공립 어린이집을 왜 만들었고, 구에서 왜 관리를 하는지에 대해서 다시 한번 생각해 보실 필요가 있다고 생각합니다.
그리고 교사 입장에서는 원마다 운영이 다르기에 교사를 위한 각종 수당 및 복리후생으로 쓰여지는 예산을 책정하지만, 교사들에게 사용하지 않는 경우가 대부분 많습니다. 그러다보니, 호봉의 급여에서 4대보험을 제외한 금액은 4호봉 기준으로 최저급여도 되지 않습니다. 그나마 구청에서 지급되는 처우개선비를 합쳐 200이 조금 넘습니다.
이러한 상황으로 인해 보육교사들은 투잡을 하는 경우가 많습니다. 그러나 국공립 어린이집 교사들은 투잡을 할 수 없다는 항목이 있어, 4대보험에 가입해주지 않고 최저 시급만을 받을 수 있는 부업과 편의점 알바를 하는 실정에 이르렀습니다.  원에서 교사를 위한 처우개선이 되지 않는다면, 이 부분은 시에서 교사들에게 지급을 하여, 교사들이 몸과 마음이 건강하게 영유아들을 보육 할 수 있는 환경을 만들어 주시면 좋을 것 같아 이렇게 제안서를 작성합니다.",보육·돌봄 인프라,어린이집·유치원,보육시설·유아교육,보육·돌봄 인프라,돌봄사업팀,02-2133-6560,생활지원팀,1순위:돌봄사업팀 | 2순위:생활지원팀,5,어린이집 영유아 방문건강관리 서비스 지원 | 서울형어린이집 | 서울형 0세 전담반 어린이집(사업종료) | 서울형 0세 전담반 어린이집 | 서울형 시간제 전문 어린이집,어린이집으로 방문건강간호사가 찾아가서 건강관리 및 건강교육서비스 제공 | 공인평가를 통하여 우수한 민간 어린이집을 선정하고 인건비 및 운영비를 지원함으로써 향상된 보육서비스를 안정적으로 제공 | 12개월 미만의 영아 보육에 적합한 ‘0세 전담반’  어린이집 100개반 선정 운영 | 12개월 미만의 영아 보육에 적합한 ‘0세 전담반’  어린이집 100개반 선정 운영 | 가정양육 또는 타 기관 이용 보호자 등 누구나 필요시 시간 단위로 이용할 수 있는 보육서비스,,,,https://idea.seoul.go.kr/front/freeSuggest/view.do?sn=194877
PROP-194855,2023-07-24,N,미상,25.0,노인의 안전한 버스 승하차 아이디어 제안,"안녕하세요. 저희는 LG전자 ESG 대학생 아카데미 9기로 활동하고 있는 2조 '이심전심' 팀입니다.
저희는 LG전자를 통해 ESG 실무자 교육 및 멘토링을 받고 있으며, 직접 ESG 활동을 기획하고 실행하고 있습니다.
특히 7월 미션에서는 '다양한 사회/환경 이슈를 찾아보고 이를 해결할 수 있는 제품 및 기술 아이디어 제시'를 주제로 프로젝트를 진행하고 있습니다. 이에 노인 버스 승하차 시 넘어짐 사고 관련한 해결방안을 모색하였습니다.
결론적으로, 저희는 이동약자인 노인에 대한 사회적 배려 의식을 고취시키기 위해
버스 내 배려 안내 멘트 도입과 하차 알리미 시스템 설치
를 제안하고자 합니다.
먼저
버스 승차 시
, 카드를 태그하자마자 급 출발을 한다면 몸의 중심을 잃거나 넘어지는 위험에 노출되기 쉽습니다. 이러한 사고를 예방하기 위해
어르신들이 시니어패스(수도권 내 만 65세 이상 노인이라면 발급이 가능한 교통카드)를 태그하면 특정 배려 안내 멘트가 송출
되도록 합니다. 멘트 내용은 다음과 같습니다. ""잠깐! 할머니, 할아버지가 앉으실 때까지 기다려주세요"". 목적은 버스 기사분들께서 노인분들이 자리에 착석하실 때까지 음성이 길게 송출됨으로써 조금 더 기다리도록 유도하고자 합니다.
다음으로
버스 하차 시
, 버스 급정거로 인해 정차 전 미리 서 있으시다가 균형을 잃는 경우도 많습니다. 이러한 사고를 예방하기 위해 노약자석 근처 빨간 불의 하차벨 밑에
초록 불의 하차 알리미를 설치할 것을 제안
합니다. 목적은 승객에게 완전히 정차한 후 일어서야 한다는 신호를 주고, 하차하는데 걸리는 시간을 충분히 기다려준다는 인식을 심어주기 위함입니다. 원리를 설명드리자면, 빨간 불의 하차벨을 누른 후 버스가 완전히 정차하면, 운전사가 누르는 문 열림 버튼 옆 초록 불 송출 버튼이 눌립니다. 초록불 송신 버튼은 문 열림 버튼만 눌러도 송신버튼이 눌리도록 합니다. 버스 정차 후 뒷문이 열리는 타이밍에 초록 불이 켜지면서, 그 때 일어나서 하차해도 된다는 신호를 전달하고자 합니다.
자세한 내용은 첨부파일에 있으며, 긴 글 읽어주셔서 감사합니다.",정보·상담·교육·거버넌스,정보 접근성,일반 출산정책 안건,정보·상담·교육·거버넌스,저출생사업1팀,02-2133-5027,고령사회정책팀,1순위:저출생사업1팀 | 2순위:고령사회정책팀,0,,,,,,https://idea.seoul.go.kr/front/freeSuggest/view.do?sn=194855
PROP-194854,2023-07-24,N,미상,1.0,저출산 및 육아에 관련 의견 제안,"<양육자와 함께하는 보육시설>
문제점:
힘든 육아로 인해 출산률 저조 및
잘못된 육아방식,
결과가 명확하지않은 출산관련 복지시스템
대상자:
주양육자& 아이
필요 인원:
1 보육교사
2 주양육자에게 육아교육을 해줄 전문가
활동 내용:
1 양육자에게 필요한 육아교육
2 양육자와 아이들의 사회성 발달
3 산후우울증 및 발달장애 인지할수있는 검사
비용:
참가하는 주양육자에게 육아수당지급
보육교사 월급 지급
육아교육을 해줄 강사료 지급
기대사항:
1 아이육아에 관해 지식상승
2 육아수당, 공공보육으로 복지가능
3 산후 우울증, 아이의 발달장애 등 빠르게 문제점 인지 가능
4 양육자 사회단절개선",출산·산후 초기지원,출산가구 초기지원,출산지원금·출생축하,출산·산후 초기지원,가족건강팀,02-2133-9485,,1순위:가족건강팀,0,,,,,,https://idea.seoul.go.kr/front/freeSuggest/view.do?sn=194854
PROP-194851,2023-07-23,N,미상,1.0,혼인신고서의 &#39;성·본의 협의&#39;를 출생신고에서 하도록 변경하는 것을 건의드립니다.,혼인신고서의 &#39;성·본의 협의&#39;를 출생신고에서 하도록 변경하는 것을 건의드립니다.,정보·상담·교육·거버넌스,정보 접근성,일반 출산정책 안건,정보·상담·교육·거버넌스,저출생사업1팀,02-2133-5027,생활지원팀,1순위:저출생사업1팀 | 2순위:생활지원팀,0,,,,,"TAG_REVIEW:현재 태그=정보·상담·교육·거버넌스, 태그 핵심어 약함 || TAG_REVIEW:현재 태그=정보·상담·교육·거버넌스, 태그 핵심어 약함",https://idea.seoul.go.kr/front/freeSuggest/view.do?sn=194851
PROP-194797,2023-07-11,N,미상,2.0,임산부석 알림멘트나 알림음을 도입해 주십시요.,임산부석 알림멘트나 알림음을 도입해 주십시요.,임신·난임·생식건강,임산부 건강·배려,임산부 건강관리·배려,임신·난임·생식건강,건강임신지원팀,02-2133-9491,저출생사업1팀 | 생활지원팀,1순위:건강임신지원팀 | 2순위:저출생사업1팀 | 3순위:생활지원팀,1,임산부 배려공간 조성,ㅇ 교통 약자인 임산부의 엘리베이터 안전사고 예방 및 배려문화 확산을 위해 엘리베이터 내?외부에 임산부 배려공간 조성(엠블럼 부착)   - 임산부를 위해 해당 공간을 비워두고 양보하는 사회 분위기 확산 유도 ㅇ 임산...,,,,https://idea.seoul.go.kr/front/freeSuggest/view.do?sn=194797
PROP-194792,2023-07-11,N,미상,3.0,난임지원 7월 바뀐 정책에 관해서,"안녕하세요 시험관시술을 하고있는 서울시민입니다 7월달에 정책이 바뀌었다는걸 보고 반갑다 했습니다. 하지만 반가움도 잠시 정책을 보고 한숨과 절망이 또 한번 찾아왔습니다
22회차 횟수제한 폐지라고 부르지만 전에 사용했던 횟수 제외하고 나머지 부분만 사용할수있어 이건 횟수제한 폐지가 아닌 조금 횟수를 추가 한걸로 보이고 거기다가 전에 횟수를 다사용했다면 그다음 진행시 공단지원은 1도 지원 받지 못해 경제적인 부담을 줄여주시는게 아니라 더 부담만 안겨주는것밖에 안된다는 생각이 드네요
정부지원 110만원은 비급여도 지원이 안되고 주사약만 지원이 되는데 비급여주사약.수액.난자채취. 배양. 수정.동결.이식 이런것들은 공단지원마져 없다면 하나도 지원을 받지 못한채 오로지 본인부담이 됩니다. 그렇다면 110만원에서 얼마나 지원금을 쓸수있을까요? 거희 절반도 사용하지 못한채 그냥 회수되면 본인부담금만 많이 늘어 한달에 적게는 200. 많은면 300.400만원 가량을 부담해야합니다 그렇다면 맞벌이해도 마이너스 통장인데 외벌이인 사람은 어떨까요? 돈없어서 절실히 원하지만 하지 못하는 저희에 심정을 이해하신다면 이번 정책은 좀 더 생각해보시고 다시 바꿔주시길 간곡히 부탁합니다",임신·난임·생식건강,난임 지원,난임시술·주사·시술비,임신·난임·생식건강,건강임신지원팀,02-2133-9491,저출생사업1팀 | 생활지원팀,1순위:건강임신지원팀 | 2순위:저출생사업1팀 | 3순위:생활지원팀,5,영아 전담 아이돌봄서비스 | 외국인 가사(육아)인력 시범사업 | 1인 자영업자?프리랜서 배우자 출산휴가 지원금 | 1인 자영업자 등 배우자 출산휴가급여 지원 | 배우자 출산휴가 지원금,"출산휴가, 육아휴직 후 복귀하는 맞벌이 가정을 지원하고자 영아 돌봄 교육을 이수한 전담 돌보미가 영아 이유식 먹이기, 젖병 소독 등 영아 특화 돌봄서비스 제공 | 맞벌이 부부 등 ‘육아 조력자’의 도움이 절실한 자녀양육 가정에 외국인 육아도우미를 활용한 양육지원사업 도입 | 1인 자영업자 등에 배우자 출산휴가급여 80만원 지원 | 1인 자영업자 등에 배우자(남편) 출산휴가급여 최대 120만원(15일분) 지원 (2026.1.1. 기준 출생아부터 적용) - 2025년 출생아는 최대 80만원(10일분) 지원 ㅇ 지원대상에 대한 자격요건 완화(202... | ㅇ 임산부 배우자를 둔 1인 자영업자?프리랜서에 배우자 출산휴가 지원금 80만원 지원",,,,https://idea.seoul.go.kr/front/freeSuggest/view.do?sn=194792
PROP-194775,2023-07-06,N,미상,0.0,키움센터 관련 의견 드립니다.,"안녕하세요. 서대문구에서 아이 둘을 키우는 맞벌이 가정의 엄마입니다.
최근 키움센터가 여기저기 생기며 저도 당연히 아이가 학교에 가면 보내야지 생각을 하고 있었고 올해 첫째가 학교를.가게 되어 집 건너편에 키움이 있는걸 알고 예약을 걸었습니다. 그런데 돌아온 답은.중구민만 이용가능하다는 말이었습니다. 집 근처에 3개의 키움센터가 있는데 모두 중구민만 받고 있다고 하더라고요. 다른구는 그런 제한이 없는것으로 알고 있는데 말이죠. 키움센터의 취지는 아이의 활동범위에서 가장 가까운곳에서 보육을 해주는것 아닐까요? 집앞에 키움센터를 두고 차를 타고 15분 20분이.걸리는.키움센터는 이용할 수 없어 학원을 연계하고 다른 돌봄기관을 이용하고 있습니다.
중구 키움센터는 중구 세금으로 운영을 한다고 하면 다른구 아이들은 일정비용을 받으면서 운영할 수 없는건가요?",보육·돌봄 인프라,초등돌봄,초등돌봄·방과후,보육·돌봄 인프라,돌봄사업팀,02-2133-6560,생활지원팀,1순위:돌봄사업팀 | 2순위:생활지원팀,5,영아 전담 아이돌봄서비스 | 외국인 가사(육아)인력 시범사업 | 1인 자영업자 등 배우자 출산휴가급여 지원 | 1인 자영업자?프리랜서 배우자 출산휴가 지원금 | 서울형 육아휴직장려금,"출산휴가, 육아휴직 후 복귀하는 맞벌이 가정을 지원하고자 영아 돌봄 교육을 이수한 전담 돌보미가 영아 이유식 먹이기, 젖병 소독 등 영아 특화 돌봄서비스 제공 | 맞벌이 부부 등 ‘육아 조력자’의 도움이 절실한 자녀양육 가정에 외국인 육아도우미를 활용한 양육지원사업 도입 | 1인 자영업자 등에 배우자(남편) 출산휴가급여 최대 120만원(15일분) 지원 (2026.1.1. 기준 출생아부터 적용) - 2025년 출생아는 최대 80만원(10일분) 지원 ㅇ 지원대상에 대한 자격요건 완화(202... | 1인 자영업자 등에 배우자 출산휴가급여 80만원 지원 | ○ 자녀 1인당 최대 120만원 지원 - 육아휴직기간 연속 6개월 시 60만원, 연속 12개월 경과 시 60만원 추가지급 ※ 부?모 모두 육아휴직 시 각각 지급 (자녀 1인에 대해 가구당 최대 240만원 지급)",,,,https://idea.seoul.go.kr/front/freeSuggest/view.do?sn=194775
PROP-194771,2023-07-05,N,미상,0.0,서울시 신혼부부 이자지원 사업 한도 증액 허용 요청,서울시 신혼부부 이자지원 사업 한도 증액 허용 요청,주거·교통·도시생활환경,출산가구 주거,신혼부부·출산가구 주거지원,주거·교통·도시생활환경,저출생사업1팀,02-2133-5027,가족지원팀,1순위:저출생사업1팀 | 2순위:가족지원팀,4,신혼부부 결혼ㆍ살림비용 지원 | 신혼희망타운 | 신혼부부 전용 주택 구입 자금 대출 | 신혼부부 임차보증금 이자 지원,"ㅇ 결혼ㆍ살림 비용 최대 100만원 지원    - 결혼준비 및 혼인살림 장만 관련 비용 지출    ※ 생애 1회 지급   ? 결혼준비 : 혼수, 예식장, 신혼여행, 청첩장 등    ? 혼인살림 : 전자제품, 주방가전... | 신혼희망타운 분양?임대주택 공급 및 청약 자격 제공 | 연 2.55~3.85% 금리로 주택구입 자금 대출, 최대 3억 2천만 원 한도 | - 임차보증금 대출금: 최대 3억원(임차보증금의 90% 이내) - 이자지원 금리: 최대 4.5% - 지원기간: 최장 10년(25.11.20. 부터 최장 12년) ※ 자세한 사항은 서울주거포털 공고문 참조",,,"TAG_REVIEW:현재 태그=주거·교통·도시생활환경, 태그 핵심어 약함 || TAG_REVIEW:현재 태그=주거·교통·도시생활환경, 태그 핵심어 약함",https://idea.seoul.go.kr/front/freeSuggest/view.do?sn=194771
PROP-194750,2023-07-01,N,미상,17.0,산후조리경비 지원 확대 및 소급적용 건의,"안녕하세요.
32개월 된 첫째와 이제 갓 50일 된 둘째를 키우고 있는 서울시민입니다.
첫째때는 임신부터 검진 및 출산까지 아무런 이슈없이 너무나 순조롭게 이루어졌습니다
직접 출산을 겪었지만 출산이 별거아니구나 싶었을정도로요.
얼마전 둘째 출산하면서 출산직후 자궁수축부전으로 인해 엄청난 양의 출혈이 있어 대학병원으로 이송 후 색전술을 받는 등 엄청 위태로운 상황까지 처했었습니다
의사선생님께서 예전같았으면 아이도 못보고 사망할수있었다고 하시더군요.
물론 저보다 더 위험한 상황속에서 아이를 지키기 위해 목숨걸고 출산하시는분들도 많을꺼구요
이번에 시행되는 ‘산후조리경비’의 취지가 정말 산후조리를 위한 지원금이라면 목숨걸고 출산하는 모든 산모들을 위해 지원이 이루어져야되는것이 맞다고 생각됩니다
다른 건의글 답변 달아주신 내용 보니 예산확보 등의 문제가 있다고 하시던데 정말 산모들의 산후조리경비를 지원해주고싶으시다면 금액을 줄여서 지원대상자를 늘리던지, 기한이 조금 걸리더라도 소급적용을 해주시는 등의 방법은 얼마든지 있다고 생각됩니다
시장님! 다시한번 생각해보시고 조금이라도 고려해주십사 건의드립니다
유사 제안이라고 똑같은 답변 달지 마시고 꼭 검토부탁드립니다",출산·산후 초기지원,산후조리,산후조리·산모도우미,출산·산후 초기지원,가족건강팀,02-2133-9485,저출생사업1팀,1순위:가족건강팀 | 2순위:저출생사업1팀,2,서울형 산모 산후조리경비 지원 | 서울형 산후조리경비 지원,"산모 1인당 산후조리경비 100만원 산모 본인 명의 신용(체크)카드에 100만원 바우처 포인트 지급   ※ 단태아 100만원, 쌍태아 200만원, 삼태아 300만원 출산일로부터 60일 이내 신청   ※ ‘23. 7.... | 출산에 소요되는 경제적 부담을 경감하고, 출산 이후 산모의 건강권을 확보하기 위하여 산후조리경비 지원  1. 지원금액 : 자녀 수에 따른 <b class='font-color-primary'>차등지원</b>     ...",,,,https://idea.seoul.go.kr/front/freeSuggest/view.do?sn=194750
PROP-194732,2023-06-29,N,미상,0.0,가정어린이집탄력근무제,제가 가정어린이집 연장반교사로 근무중인데요. 3시출근 7시반퇴근이라 집에 저녁이 없어요. 신랑이 당장 그만두라고 난리예요. 저녁밥 못 먹는다고..가정어린이집은 보조교사가 적어서 제가 2시반에 가서 도와주고 해야 하원지도를 원활히 합니다.  저희 원 연장반은 부자동네라 6시정도면 다 가서 원에 너무 오래 혼자 있네요. 저녁도 늦었는데..가정도 서민들 사는곳은 7시에 아기들이 집에 가더라구요. 그래서 탄력근무제 제안합니다. 원상황에 맞게 가정은 국공립과 달리 보조가 없으니 탄력근무제 하게 해주세요. 저는 2시반출근 6시반퇴근 휴게시간30분은 너무 늦었으니 집에가서 일지나 수업준비하는걸로 하고..이게 효율적이죠.,보육·돌봄 인프라,어린이집·유치원,보육시설·유아교육,보육·돌봄 인프라,돌봄사업팀,02-2133-6560,가족지원팀 | 저출생사업1팀,1순위:돌봄사업팀 | 2순위:가족지원팀 | 3순위:저출생사업1팀,5,어린이집 영유아 방문건강관리 서비스 지원 | 서울형어린이집 | 서울형 0세 전담반 어린이집(사업종료) | 서울형 0세 전담반 어린이집 | 서울형 시간제 전문 어린이집,어린이집으로 방문건강간호사가 찾아가서 건강관리 및 건강교육서비스 제공 | 공인평가를 통하여 우수한 민간 어린이집을 선정하고 인건비 및 운영비를 지원함으로써 향상된 보육서비스를 안정적으로 제공 | 12개월 미만의 영아 보육에 적합한 ‘0세 전담반’  어린이집 100개반 선정 운영 | 12개월 미만의 영아 보육에 적합한 ‘0세 전담반’  어린이집 100개반 선정 운영 | 가정양육 또는 타 기관 이용 보호자 등 누구나 필요시 시간 단위로 이용할 수 있는 보육서비스,,,,https://idea.seoul.go.kr/front/freeSuggest/view.do?sn=194732
PROP-194730,2023-06-28,N,미상,1.0,임산부 배려석,"임산부 배려석은 손 기둥이 있는 곳에 있습니다.
손 기둥에 잘 구부러지는 부채재질 (플라스틱같은 재질) 을 사용하여 연결하여  앉았을 때 시선이 닿는 곳에
‘ 안녕하세요 임산부님,  오늘도 편안한 여행 되십시오’ 라는 문구를 앞뒤로 붙여놓는 것이 어떨까요?
앉을 때에도 일어날 때에도 불편하시지 않을 것 같습니다.
분홍색으로 표시가 되어있는 좌석도 있지만 안되어 있는 좌석도 있어 실수로 앉으시는 분들도 확인 후에 일어서실 수 있고,
그냥 앉으시는 분들도 민망해서 바로 일어나실 수 있을 것 같습니다.
감사합니다!",임신·난임·생식건강,임산부 건강·배려,임산부 건강관리·배려,임신·난임·생식건강,건강임신지원팀,02-2133-9491,가족지원팀 | 저출생사업1팀,1순위:건강임신지원팀 | 2순위:가족지원팀 | 3순위:저출생사업1팀,1,임산부 배려공간 조성,ㅇ 교통 약자인 임산부의 엘리베이터 안전사고 예방 및 배려문화 확산을 위해 엘리베이터 내?외부에 임산부 배려공간 조성(엠블럼 부착)   - 임산부를 위해 해당 공간을 비워두고 양보하는 사회 분위기 확산 유도 ㅇ 임산...,,,,https://idea.seoul.go.kr/front/freeSuggest/view.do?sn=194730
PROP-194719,2023-06-27,N,미상,6.0,매입임대 다자녀가구를 배려해 주세요.,"안녕하세요.
4명의 자녀를 키우고 있는 가장입니다.
저희는 SH매입임대에서 살고 있습니다. 현재 방 2개짜리에서 살고 있는데, 애들이 커져가다보니 이제는 아이들하고 같이 방을 쓸 수가 없어서 큰아이는 딸이라 혼자 쓰고 있고, 둘째와 셋째는 방한곳에서 자고 아내와 저와 막내는 거실에서 지내고 있습니다. 무엇보다도 다자녀유형으로 방3개짜리가 없다는 것이 문제이고, 둘째는 보증금이 LH에 비해 너무 비싸다 보니 큰 곳은 엄두도 못 낼 처지 입니다. 지난번에 보증금이 부족해서 SH본사에 대출을 문의했지만 신용이 안된다고 해서 대출도 신청을 하지 못했습니다.
아이를 많이 나으라고만 하지 마시고 다자녀 아이들과 함께 걱정 없이 지낼 수 있도록
첫째, SH매입 임대도 방 3개짜리를 마련해 주시고,
둘째, 보증금도 LH처럼 낮춰주셨으면 좋겠습니다.
셋째, 우선순위로 다자녀는 방 3개짜리를 주셨으면 좋겠습니다.
넷째, 다자녀유형으로 넓은 곳으로 갈 수 있도록 보증금이 부족할 시 신용도에 상관없이 대출이 될 수 있도록 해 주세요.
LH도 방3개 짜리가 나오지만 신혼부부유형으로 나오다보니 매번 3순위로 밀려서 들어가지도 못하고 있고, SH는 방 3개짜리가 잘 나오지 않고, 보증금도 비싸다 보니 선뜻 지원하지도 못합니다. 지내고 있는 곳 근방에 넓은 공간을 마련해 주셨으면 좋겠습니다.",다자녀·양육비·생활지원,다자녀 혜택,다자녀 기준·할인·감면,다자녀·양육비·생활지원,저출생사업1팀,02-2133-5027,생활지원팀,1순위:저출생사업1팀 | 2순위:생활지원팀,0,,,,,,https://idea.seoul.go.kr/front/freeSuggest/view.do?sn=194719
PROP-194713,2023-06-25,N,미상,22.0,다자녀가구 자동차 취득세 감면혜택 완화요청(5인승 이상으로),"안녕하세요. 저는 서울시에 거주중인 세자녀의 엄마입니다. 올 해 1월 막내를 출산하고 많은 것들을 준비하는 과정에서 선택이 아닌 필수가 된 것이 차량 변경입니다.
기존에 4인 가족이 타던 차량을 추가 카시트 설치가 가능한 5인이상 차량으로 알아보고 있었는데요, 그 중 다자녀가구에게 지원되는 취득세 감면혜택이 7인승이상 차량이라는 것을 알게 되었습니다.
그런데 정작 7인승 차량은 운전석라인 뒷 자석인 2열 좌석이 일체형 좌석으로 되어있는 차량이 많아 차량을 탑승할때마다 2열 시트 중 한 좌석을 접고 3열로 들어가야 하는 번거로움이 있습니다.
저희가 양육을 목적으로 차량을 구매한다면  2열 좌석이 개별 좌석이라 시트를 접지 않고도 아이들이 편리하게 탑승이 가능한 6인승 차량이 매우 적합한데 6인승 차량은 다자녀할인에서 액수차이가 7인승과 많이 난다는 사실을 알게 되었습니다.
해당 정책이 사용자의 편의를 세심하게 고려했다기 보다는 단순히 몇인승 기준으로 세금혜택을 정리한 것 같아서 아쉬움이 남습니다.
실제로 다자녀가구에게 필요한 차량은 탑승인원이 많은 차량이 아닌 탑승이 편리한 차량이며 그 차량이 어떤 다자녀가족에게는 5인승일수도 6인승일수도 있습니다. (자녀가 커가면서는 오히려 카시트 등을 빼고 5인승 차량으로 변경하는 등의 선택지 제공)
현재 큰 차량을 기준으로 제공하는 취득세 감면혜택 보다는 인승 기준에 상관없이 5인 이상 동일 할인 기준 적용 등으로 감면기준을 완화해주셨으면 좋겠습니다.
보다 많은 다자녀가구가 자동차 취득세 감면혜택을 받고 이용하였으면 하는 취지로 정책 건의 드립니다. 긴 글 읽어주셔서 감사합니다.",다자녀·양육비·생활지원,다자녀 혜택,다자녀 기준·할인·감면,다자녀·양육비·생활지원,저출생사업1팀,02-2133-5027,생활지원팀,1순위:저출생사업1팀 | 2순위:생활지원팀,2,다자녀 가구 자동차 취득세 감면 | 다자녀가구 자동차 취득세 취약계층 감면,"자동차 취득세 최대 140만원 감면 | (만18세 미만의 자녀 2명 이상을 양육하는 자(가족관계등록부 기준, 양자 및 배우자 자녀 포함/2027년 12월 31일까지 취득세 감면)",,,POLICY_REMOVED:공공요금 감면 요구가 아닌 제안에 공공요금 정책 후보: 다자녀 가구 하수도사용료 감면 || POLICY_REMOVED:공공요금 감면 요구가 아닌 제안에 공공요금 정책 후보: 다자녀 가구 하수도사용료 감면 || POLICY_REMOVED:공공요금 감면 요구가 아닌 제안에 공공요금 정책 후보: 다자녀 가구 하수도사용료 감면,https://idea.seoul.go.kr/front/freeSuggest/view.do?sn=194713
PROP-194695,2023-06-21,N,미상,0.0,지하철임부석 임산부뱃지활용,"임산부만 앉을수 있도록 소리가 나도록 하는건 어떨까요?
임산부뱃지에 지하철임산부석 태그를 넣어서 만드는거죠
임산부가 임산부뱃지 태그를 데고 앉으면 소리가 안나고
임산부가 아닌 다른사람이 앉았을때는 임산부를 위한 자리입니다
양보해주세요 계속 소리가 나는거죠",임신·난임·생식건강,임산부 건강·배려,임산부 건강관리·배려,임신·난임·생식건강,건강임신지원팀,02-2133-9491,가족지원팀 | 저출생사업1팀,1순위:건강임신지원팀 | 2순위:가족지원팀 | 3순위:저출생사업1팀,1,임산부 배려공간 조성,ㅇ 교통 약자인 임산부의 엘리베이터 안전사고 예방 및 배려문화 확산을 위해 엘리베이터 내?외부에 임산부 배려공간 조성(엠블럼 부착)   - 임산부를 위해 해당 공간을 비워두고 양보하는 사회 분위기 확산 유도 ㅇ 임산...,,,,https://idea.seoul.go.kr/front/freeSuggest/view.do?sn=194695
PROP-194691,2023-06-20,N,미상,0.0,키움센터 이용료 교육비공제 가능하게 개정해주세요,키움센터 이용료 교육비공제 가능하게 개정해주세요,보육·돌봄 인프라,초등돌봄,초등돌봄·방과후,보육·돌봄 인프라,돌봄사업팀,02-2133-6560,저출생사업1팀 | 생활지원팀,1순위:돌봄사업팀 | 2순위:저출생사업1팀 | 3순위:생활지원팀,0,,,,,,https://idea.seoul.go.kr/front/freeSuggest/view.do?sn=194691
PROP-194687,2023-06-19,N,미상,1.0,난자냉동 지원 나이를 만28세로 하향해주세요.,"안녕하세요. 직장생활 하고있는 만27세 여성입니다. 요즘들어 가장 큰 고민은 결혼과 출산인데요. 현재 남자친구가 있으나 저와 비슷한 또래로 직장에 취업한지 이제 갓 일년 즈음 되었습니다.
결혼과 임신/ 출산/육아에 대해서 얘기나누며 미래를 그려보는 요즘 집장만부터 시작해서 최소한 한명정도 애를 낳으려면 드는 비용을 마련하기 위해서는 둘다 맞벌이를 하며 최소 4~5년 정도는 일을 해야한다고 결론이 나왔습니다. 그렇게 된다면 신체 나이가 들고 노산의 확률이 높아지므로 장애아 출산을 걱정하게 되어 미래가 점점 불안하게 느껴집니다.
그에 대비하기 위해서 올해 후반에서 내년 초에 난자냉동을 고려중인데 350~500 정도의 비용이 든다고 합니다. 젊고 건강한 난자로 건강한 아이를 출산하고 싶은 마음이 있는데, 비용이 중소기업 재직자가 감당하기엔 높은 금액이라 불안합니다.
정책을 확인해보니 만 30세 부터 지원을 하던데 지원 연령을 조금 더 낮추어 20대의 난자로 건강한 아이를 출산할 수 있도록 대비하고 싶은 결혼적령기의 20대 후반 여성들을 뒷바쳐주었으면 좋겠습니다.
오늘도 고생이 많으십니다. 감사합니다.",임신·난임·생식건강,임신 준비·가임력 지원,가임력검사·난자냉동·예비부부검진,임신·난임·생식건강,건강임신지원팀,02-2133-9491,저출생사업1팀 | 생활지원팀,1순위:건강임신지원팀 | 2순위:저출생사업1팀 | 3순위:생활지원팀,5,영아 전담 아이돌봄서비스 | 외국인 가사(육아)인력 시범사업 | 서울시 중소기업 워라밸 포인트제 | 서울형 강소기업 지원(사업종료) | 1인 자영업자 등 배우자 출산휴가급여 지원,"출산휴가, 육아휴직 후 복귀하는 맞벌이 가정을 지원하고자 영아 돌봄 교육을 이수한 전담 돌보미가 영아 이유식 먹이기, 젖병 소독 등 영아 특화 돌봄서비스 제공 | 맞벌이 부부 등 ‘육아 조력자’의 도움이 절실한 자녀양육 가정에 외국인 육아도우미를 활용한 양육지원사업 도입 | 양육친화 및 일?생활 균형을 위한 중소기업의 다양한 노력을 인정하고 중소기업이 아이 키우기 좋은 기업으로 성장할 수 있도록 지원하는 사업 ① 양육친화 및 일?생활 균형 실적에 따른 포인트 적립 ② 적립 포인트에 따른... | ① 청년 정규직 채용 시, 사내복지 개선 등 근무환경개선금지원(최대 3명) ② 육아친화 및 일?생활 균형 조직문화 조성을 위한 교육?컨설팅 지원 ③ 마음챙김, 스트레스 관리로 신입사원 번아웃 예방을 위한 청년성장 프... | 1인 자영업자 등에 배우자(남편) 출산휴가급여 최대 120만원(15일분) 지원 (2026.1.1. 기준 출생아부터 적용) - 2025년 출생아는 최대 80만원(10일분) 지원 ㅇ 지원대상에 대한 자격요건 완화(202...",,,,https://idea.seoul.go.kr/front/freeSuggest/view.do?sn=194687
PROP-194674,2023-06-17,Y,미상,60.0,영유아 부모에 대한 주차비용 지원(영유아 동반시),영유아 부모에 대한 주차비용 지원(영유아 동반시),정보·상담·교육·거버넌스,정보 접근성,일반 출산정책 안건,정보·상담·교육·거버넌스,저출생사업1팀,02-2133-5027,가족건강팀,1순위:저출생사업1팀 | 2순위:가족건강팀,0,,,,,"TAG_REVIEW:현재 태그=정보·상담·교육·거버넌스, 태그 핵심어 약함 || TAG_REVIEW:현재 태그=정보·상담·교육·거버넌스, 태그 핵심어 약함",https://idea.seoul.go.kr/front/freeSuggest/view.do?sn=194674
PROP-194667,2023-06-15,N,미상,3.0,출산관련 복지,자녀 둘 아빠입니다. 요즘 저출산으로 문제가 많은데 복지가 너무 안좋습니다. 원래는 첫째만 낳고 키워나가려고 했지만 형제 자매가 있는 친구들을 부러워하는 첫째를 보고 둘째를 갖게되는 결심을 하게되어 22년7월에 6살차이 나는 둘째를 낳았습니다. 하지만 와이프랑 둘이 맞벌이하면서 겨우겨우 입에 풀칠하며 살아가는데 사교육비며 감당이 안됩니다.. 심지어 형제라 와이프는 딸 첫째는 여동생을 원하는데 셋째는 도저히 감당이 안됩니다. 저출산이라면서 복지는 최악인데다가 출산장려는 오히려 출산은 막고있는거같습니다.. 물론 경제력 안되는 입장에서 셋째까지 낳는건 대책없는놈이라 생각하실테지만 아이 둘의 아빠로서 아이를 사랑하는 한사람으로서 저는 셋째까지 낳고싶어요. 요즘 아이 죽이는 부모들 보면 마음이 엄청 아픕니다. 얼마나 지원을 안해주고 살기힘들게 해놨으면 요즘 저런 나쁜사람들이 생길까싶습니다.. 복지를 넓혀주세요 아이들 살기 좋은 환경으로 만들어주셨으면 좋겠습니다.,출산·산후 초기지원,출산가구 초기지원,출산지원금·출생축하,출산·산후 초기지원,가족건강팀,02-2133-9485,,1순위:가족건강팀,5,영아 전담 아이돌봄서비스 | 외국인 가사(육아)인력 시범사업 | 1인 자영업자 등 배우자 출산휴가급여 지원 | 배우자 출산휴가 지원금 | 임산부 출산급여 지원,"출산휴가, 육아휴직 후 복귀하는 맞벌이 가정을 지원하고자 영아 돌봄 교육을 이수한 전담 돌보미가 영아 이유식 먹이기, 젖병 소독 등 영아 특화 돌봄서비스 제공 | 맞벌이 부부 등 ‘육아 조력자’의 도움이 절실한 자녀양육 가정에 외국인 육아도우미를 활용한 양육지원사업 도입 | 1인 자영업자 등에 배우자(남편) 출산휴가급여 최대 120만원(15일분) 지원 (2026.1.1. 기준 출생아부터 적용) - 2025년 출생아는 최대 80만원(10일분) 지원 ㅇ 지원대상에 대한 자격요건 완화(202... | ㅇ 임산부 배우자를 둔 1인 자영업자?프리랜서에 배우자 출산휴가 지원금 80만원 지원 | ㅇ 임산부 출산급여 90만원 지원 ※고용노동부 ‘고용보험 미적용자 출산급여’ 150만원에 추가지원",,,"TAG_REVIEW:현재 태그=다자녀·양육비·생활지원, 태그 핵심어 약함",https://idea.seoul.go.kr/front/freeSuggest/view.do?sn=194667
PROP-194620,2023-06-10,N,강북구,0.0,서울시 관내의 모유수유시설의 한글 명칭과 영문 명칭 통일 해 주세요.,"수유시설 관리 표준 가이드라인을 보면
○ 수유시설이란 아기에게 수유(착유)가 필요할 때 언제든지 방문하여 편하게 이용할 수
있는 안전하고 쾌적한 공간을 구성하고 있는 시설을 의미하며 시설 이용자에 따라
다음과 같이 구분하여 정의한다.
- 모유수유/착유실 : 엄마와 아기 또는 수유부 전용 공간으로 편안한 상태에서 모유수유에
집중할 수 있고, 직접 모유수유가 어려운 경우 모유를 짜서 보관할 수 있도록 마련된 공간
- 가족수유실 : 기존의 수유실 이용 대상(엄마와 아기)을 가족(아빠 포함)으로 확대한 개념
으로 수유 외에도 기저귀 교환, 이유식 등 다양한 육아 활동이 가능한 공간
입니다. 그러나 서울시내의 모유수유시설을 돌아다니다보면 '아기쉼터', '유아 휴게실', '수유실', '가족 수유실', '아기사랑방' 등으로 명칭이 다양하며
영문조차도 ' Nursing room', 'Family Feeding Room', 'Mom's Lounge', 'Baby Lounge', Baby Care' 등등 각 설치 기관이나 관공서 담당자 또는 발주기관의 관심과 어휘 이해도에 따라 상이한 것이 현실입니다.
모유수유시설의 한글 명칭과 영문 명칭의 통일이 필요합니다. 어렵지도 않은 일인데, 정부기관에서 통일을 하지 않으니 의무적으로 설치해야 하는 관공서나 공공기관 또는 각 시설에서는 한글 명칭으로  '아기쉼터', '유아 휴게실', '수유실', '가족 수유실', '아기사랑방' 등등 다양한 명칭을 사용하고 있고, 이에 따라 영문 명칭조차도 ' Nursing room', 'Family Feeding Room', 'Mom's Lounge', 'Baby Lounge', Baby Care' 등으로 다양한 것이 현실입니다.
이런 점에 대해 정부기관에서 통일하기 곤란하면 서울시라도 나서서 서울시 관내의 모유수유시설에 대해 제안 플랫폼을 통해 서울시민들의 제안을 받고 전문가들의 의견을 수렴한 후 서울시민들이 투표할 수 있는  엠보팅과 같은 플랫폼을 이용하여 서울시민들이 가장 선호하는 모유수유시설의 한글 명칭과 영문 명칭을 통일하는 것입니다.
모유수유시설의 한글 명칭과 영문 명칭의 통일은 예산 낭비를 막고, 모유수유시설에 대한 하나된 인식을 서울시민들이 인지하고 공유할 수 있게 하며, 상대방에게 설명하거나 사고발생시 장소를 언급함에 있어 의사소통의 문제가 발생하지 않도록 하는데 기여할 것입니다.",출산·산후 초기지원,산모 회복·건강관리,산후우울·산후검진·수유상담,출산·산후 초기지원,가족건강팀,02-2133-9485,,1순위:가족건강팀,0,,,,,"TAG_REVIEW:현재 태그=출산·산후 초기지원, 태그 핵심어 약함 || TAG_REVIEW:현재 태그=출산·산후 초기지원, 태그 핵심어 약함 || TAG_REVIEW:현재 태그=주거·교통·도시생활환경, 태그 핵심어 약함",https://idea.seoul.go.kr/front/freeSuggest/view.do?sn=194620
PROP-194610,2023-06-08,N,미상,0.0,임신부 표시(전철),"저는 50대의 남자입니다.
전철을 타다보면 임신부 좌석이 있어서 임신 여성에게 좋은 휴식공간을 제공하고 있어서 보기 좋습니다.
그러나 가끔 그 빈자리에 젊은 여성이나 임신과는 상관없을듯한 분들이 많이 앉아 있어요. 그분들의 특징은
잠을 청한다는겁니다. 앞에 누가 있는지는 관심없다는...
그래서 앞에 임산부가 있어도,,임산부 자신이 그사람을 깨워서 자리에 앉기에는 매우 불편한 상황이 벌어지는 것 같습니다.
그래서 임산부 표시에 종방울을 달아놓으면 좋을듯합니다. 자연스럽게 종소리가 나도록 하면 자던 사람도 눈을 뜨고 서로가 불편하지 않게 자리를 양보할수있을것 같아요. 임산부 표시는 평소에는 가방에 넣고 다니면 소리도 안날듯하고요. 전철탈때만 가방에 달면 좋지 않을까 생각합니다.",임신·난임·생식건강,임산부 건강·배려,임산부 건강관리·배려,임신·난임·생식건강,건강임신지원팀,02-2133-9491,가족지원팀 | 저출생사업1팀,1순위:건강임신지원팀 | 2순위:가족지원팀 | 3순위:저출생사업1팀,1,임산부 배려공간 조성,ㅇ 교통 약자인 임산부의 엘리베이터 안전사고 예방 및 배려문화 확산을 위해 엘리베이터 내?외부에 임산부 배려공간 조성(엠블럼 부착)   - 임산부를 위해 해당 공간을 비워두고 양보하는 사회 분위기 확산 유도 ㅇ 임산...,,,,https://idea.seoul.go.kr/front/freeSuggest/view.do?sn=194610
PROP-194557,2023-05-31,N,미상,0.0,우리동네키움센터 증설 요청 드립니다,"얼마전 항동 하버라인으로 이사온 주민입니다. 맞벌이 가족이고 이전 강서구 등촌동에 살땐 4학년까지도 학교돌봄이 가능했는데 항동초등학교는 과밀로 인해 1학년만 가능한 상태입니다. 곧 여름방학이 다가오고 있어 아이들 점심을 어떻게 해결해야 하는 걱정이 큰데요, 동네키움센터가 2곳이나 있지만 이곳 역시 상담해보니 맞벌이더라도 1학년 자녀가 아니면 힘들다는 말씀을 하셨습니다. 더군다나 현재 아파트 밑으로 서울광명지하고속도로 건설중이라 곧 발파작업이 이루어진다고 하는데 아이들끼리 그 공포감을 어떻게 이겨낼 수 있을지 걱정이 큽니다. 아직 아파트 상가에 공실이 많은데 한시적으로라도 키움센터 운영을 요청 드립니다. 시장님 말씀대로 아이들 누구라면 입소할 수 있고 부모가 걱정없이 일할 수 있는 환경 조성 부탁 드립니다.",보육·돌봄 인프라,초등돌봄,초등돌봄·방과후,보육·돌봄 인프라,돌봄사업팀,02-2133-6560,저출생사업1팀 | 생활지원팀,1순위:돌봄사업팀 | 2순위:저출생사업1팀 | 3순위:생활지원팀,5,영아 전담 아이돌봄서비스 | 외국인 가사(육아)인력 시범사업 | 배우자 출산휴가 지원금 | 서울형 육아휴직장려금 | 서울형 육아휴직장려금(사업종료),"출산휴가, 육아휴직 후 복귀하는 맞벌이 가정을 지원하고자 영아 돌봄 교육을 이수한 전담 돌보미가 영아 이유식 먹이기, 젖병 소독 등 영아 특화 돌봄서비스 제공 | 맞벌이 부부 등 ‘육아 조력자’의 도움이 절실한 자녀양육 가정에 외국인 육아도우미를 활용한 양육지원사업 도입 | ㅇ 임산부 배우자를 둔 1인 자영업자?프리랜서에 배우자 출산휴가 지원금 80만원 지원 | ○ 자녀 1인당 최대 120만원 지원 - 육아휴직기간 연속 6개월 시 60만원, 연속 12개월 경과 시 60만원 추가지급 ※ 부?모 모두 육아휴직 시 각각 지급 (자녀 1인에 대해 가구당 최대 240만원 지급) | ○ 자녀 1인당 최대 120만원 지원 - 육아휴직기간 연속 6개월 시 60만원, 연속 12개월 경과 시 60만원 추가지급 ※ 부?모 모두 육아휴직 시 각각 지급 (자녀 1인에 대해 가구당 최대 240만원 지급)",,,,https://idea.seoul.go.kr/front/freeSuggest/view.do?sn=194557
PROP-194550,2023-05-31,N,미상,0.0,대중교통 임산부 배려석 &#34;임산부 인증후 자리에 착석 할 수 있게 부탁 드립니다. &#34;,대중교통 임산부 배려석 &#34;임산부 인증후 자리에 착석 할 수 있게 부탁 드립니다. &#34;,임신·난임·생식건강,임산부 건강·배려,임산부 건강관리·배려,임신·난임·생식건강,건강임신지원팀,02-2133-9492,저출생사업1팀 | 가족지원팀,1순위:건강임신지원팀 | 2순위:저출생사업1팀 | 3순위:가족지원팀,1,임산부 배려공간 조성,ㅇ 교통 약자인 임산부의 엘리베이터 안전사고 예방 및 배려문화 확산을 위해 엘리베이터 내?외부에 임산부 배려공간 조성(엠블럼 부착)   - 임산부를 위해 해당 공간을 비워두고 양보하는 사회 분위기 확산 유도 ㅇ 임산...,,,,https://idea.seoul.go.kr/front/freeSuggest/view.do?sn=194550
PROP-194544,2023-05-30,N,미상,5.0,서울시 신혼부부 임차보증금 이자지원사업 추가 이자지원금리 적용시점,서울시 신혼부부 임차보증금 이자지원사업 추가 이자지원금리 적용시점,주거·교통·도시생활환경,출산가구 주거,신혼부부·출산가구 주거지원,주거·교통·도시생활환경,저출생사업1팀,02-2133-5027,,1순위:저출생사업1팀,4,신혼부부 결혼ㆍ살림비용 지원 | 신혼희망타운 | 신혼부부 전용 주택 구입 자금 대출 | 신혼부부 임차보증금 이자 지원,"ㅇ 결혼ㆍ살림 비용 최대 100만원 지원    - 결혼준비 및 혼인살림 장만 관련 비용 지출    ※ 생애 1회 지급   ? 결혼준비 : 혼수, 예식장, 신혼여행, 청첩장 등    ? 혼인살림 : 전자제품, 주방가전... | 신혼희망타운 분양?임대주택 공급 및 청약 자격 제공 | 연 2.55~3.85% 금리로 주택구입 자금 대출, 최대 3억 2천만 원 한도 | - 임차보증금 대출금: 최대 3억원(임차보증금의 90% 이내) - 이자지원 금리: 최대 4.5% - 지원기간: 최장 10년(25.11.20. 부터 최장 12년) ※ 자세한 사항은 서울주거포털 공고문 참조",,,,https://idea.seoul.go.kr/front/freeSuggest/view.do?sn=194544
PROP-194515,2023-05-24,N,미상,7.0,난임부부 첫째아이는 지원 횟수제한 폐지해주시기 바랍니다.,"먼저 7월부터 서울시에서 난임부부 시술비 지원에서 소득제한 폐지해준 점에 감사드립니다.
앞으로 난임지원이 확대될 것이라고 생각합니다.
그런데 가장 절실한 사람은 첫째아이를 바라고 시술을 하는 난임부부입니다.
첫째아이는 횟수제한을 폐지하고 무제한 지원을 해주면 좋겠습니다.
난소기능저하 환자들은 여성의 나이가 어려도 한번의 차수를 써도 난자가 몇개 나오지 않습니다. 요새 난소기능저하 환자가 점점 많아진다고 들었습니다. 경쟁 사회로 스트레스, 선천적 요인, 환경적인 요인 등이 있겠지요.
이렇게 난자가 나와도 수정이 되는 건 또 더 적기 때문에 그 힘든 채취를 여러번 해서 한번 이식을 해야 하는 상황입니다. 채취 여러번과 이식 한번이 한번의 시험관 임신 도전인데 차수는 다수가 깎이게 됩니다.
첫째 아이를 성공하여 출산하게 되면 둘째도 도전할 것인데 여기에 도전하는 사람도 많아질 것이라고 생각합니다. 그럼 출산율 기여에 많은 도움이 될 것이라고 생각합니다.
가장 절박한 첫째아이만큼은 지원 횟수제한 폐지 부탁드립니다",임신·난임·생식건강,난임 지원,난임시술·주사·시술비,임신·난임·생식건강,건강임신지원팀,02-2133-9492,저출생사업1팀 | 생활지원팀,1순위:건강임신지원팀 | 2순위:저출생사업1팀 | 3순위:생활지원팀,5,서울형 난임부부 시술비 지원 | 서울권역 난임?우울증 상담센터 운영 | 서울시 한의약 난임치료 지원 | 서울시 난임?임산부심리상담센터 운영 | 난임부부 지원,"난임시술 비용의 본인부담액에 대한 시술별 지원상한액 지원 - 횟수 : 총 25회(누적) - 지원금액: 시술별 1회당 최대 30만원~110만원 | 난임부부, 유산?사산 경험부부, 임산부 및 양육모의 정서적 안정을 위해 전담 상담사가 등록부터 종결까지 1:1 상담 및 다양한 프로그램을 운영 | 원인불명의 난임진단 부부에게  한의약 난임치료 첩약비용(3개월)의 본인부담금 90%(상한 1,200천원) 지원 | 난임부부, 유산?사산 경험부부, 임산부 및 양육모의 정서적 안정을 위해 전담 상담사가 등록부터 종결까지 1:1 상담 및 다양한 프로그램을 운영 | o 난임시술 비용의 본인부담액에 대한 시술별 지원상한액 지원      -(횟수) 출산당 총25회 (보조생식술 시작일이 '24.11.1.일 이후부터)      -(지원금액) 시술별 1회당 최대 30만원~110만원  o...",,,,https://idea.seoul.go.kr/front/freeSuggest/view.do?sn=194515
PROP-194486,2023-05-17,N,미상,1.0,한부모 가정 혜택 요청,"안녕하세요.
오늘 서울시청 소식지에 2자녀 가정 다자녀혜택확대 기사를 보았습니다.
비록 한 자녀를 키우더라도 한부모가정에는 같은 혜택을 주실순 없으실까요?
2자녀 - 다자녀 혜택 가정도 맞벌이 고소득자들이 꽤 있을텐데 비용 절감의 혜택을 주니,
한부모는 맞벌이가 아닌 아무리 잘 벌어도 외벌이니 생활이 더욱 어려울 수 밖에 없습니다.
다자녀 혜택을 한부모까지 확대 부탁, 요청드립니다.",취약·다양가족 사각지대,한부모·위기임산부,한부모·미혼부모·위기임산부,취약·다양가족 사각지대,가족지원팀,02-2133-6562,저출생사업1팀,1순위:가족지원팀 | 2순위:저출생사업1팀,5,서울형 손주돌봄수당 지원(민간형) | 서울형 손주돌봄수당 지원(친인척형) | 서울형 아이돌봄비 지원 | 외국인 가사관리사 시범사업 | 외국인 가사관리사 시범사업(사업종료),"영아를 키우는 가정에서 조부모(4촌 이내 친인척 포함)가 영아를 돌보는 경우 또는 서울시에서 지정한 민간기관의 손주돌봄 서비스를 이용 시 돌봄 비용을 지원(택1)하여 가정의 양육부담 경감 ① 친인척 조력자 손주돌봄수... | 영아를 키우는 가정에서 조부모(4촌 이내 친인척 포함)가 영아를 돌보는 경우 또는 서울시에서 지정한 민간기관의 손주돌봄 서비스를 이용 시 돌봄 비용을 지원(택1)하여 가정의 양육부담 경감 ① 친인척 조력자 손주돌봄수... | 영아를 키우는 가정에서 조부모(4촌 이내 친인척 포함)가 영아를 돌보는 경우 또는 서울시에서 지정한 민간기관의 아이돌봄서비스를 이용 시 돌봄 비용을 지원(택1)하여 가정의 양육부담 경감 ① 친인척 조력자 아이돌봄비 ... | 서울지역 맞벌이 가구 등을 대상으로 외국인 가사관리사가 양육가정의 가사와 육아를 제공하는 서비스 - (서비스 유형) 시간제(4?6시간), 종일제(8시간) * 이용가능일 : 월~금, 이용가능시간 : 08:00~20:0... | 서울지역 맞벌이 가구 등을 대상으로 외국인 가사관리사가 양육가정의 가사와 육아를 제공하는 서비스 - (서비스 유형) 시간제(4?6시간), 종일제(8시간) * 이용가능일 : 월~금, 이용가능시간 : 08:00~20:0...",,,,https://idea.seoul.go.kr/front/freeSuggest/view.do?sn=194486
PROP-194484,2023-05-16,N,미상,0.0,서울시 저출산 대책마련 지원..(더 나아가 대한민국의 미래),"안녕하세요.
서울시민으로서 초등학생 2명을 키우고 있는 엄마 그리고 맞벌이 여성입니다.
서울시 저출산 대책마련에 대한 기사를 봤는데요
다둥이카드의 지원대상을 영유아에서 청소년까지 확대해서 지원해 주겠다는 내용이었습니다.
저도 기사로만 저출산이 사회적 문제라며 피부로 와닿지 않았지만.. 요즘 거리,지하철,은행,식당 등등
보면 저출산과 노령화시대라는게 실감이 났습니다. 결혼을 하지않고 결혼을 하더라도 아이를 낳지 않는 분위기
그게 요즘 젊은이들의 생각인듯 보입니다. 그러니 자연스럽게 태어나는 아이는 숫자가 적고
100세 시대를 바라보는 이시대엔 노인이 많게만 느껴집니다.
그와중에 저출산 대책마련이라 해서 수없는 정책을 내어 놨지만
지금 또 다둥이카드 지원대상을 확대한다는 건 탁상행정정도로 느껴집니다.
지금 양육수당이나 출산수당을 주는것도 좋지만 실질적인 지원은 아닌거 같습니다.
저출산에 예산을 쏟아붓고 있는데도 저출산은 해결될 실마리가 보이지 않는다는 것이죠.
핀셋지원은 현실적으로 불가능하다며 인력과 자원이 부족해 그렇다는것도 이해합니다만
마트나 학원,식당 등에서 자녀의 수에따라 할인이되어 자금의 흐름안에서 혜택을 볼수 있는것도 괜찮을 것 같고
싱글세를 도입해서 결혼안하거나 애를 안낳거나 했을경우 세수를 늘리는 방안도 생각해봐야 할 것 같습니다.
민주주의 사회에서 결혼을 하고 안하고는 선택의 문제이지만 국가의 존폐가 걸린 문제이니 만큼 국가를 이끌어가는데
있어서 필요한 세수는 그렇게 늘려도 괜찮을꺼 같다는 제 짧디짧은 견해입니다.
여러가지 고민을 해보고 실행해 보고 시행착오를 겪어야하겠지만 부디 서울시에서라도 조금 더 힘써주셨으면
하는 바램입니다.",출산·산후 초기지원,출산가구 초기지원,출산지원금·출생축하,출산·산후 초기지원,가족건강팀,02-2133-9485,고령사회정책팀,1순위:가족건강팀 | 2순위:고령사회정책팀,5,외국인 가사(육아)인력 시범사업 | 영아 전담 아이돌봄서비스 | 1인 자영업자 등 배우자 출산휴가급여 지원 | 서울형 육아휴직장려금 | 서울형 육아휴직장려금(사업종료),"맞벌이 부부 등 ‘육아 조력자’의 도움이 절실한 자녀양육 가정에 외국인 육아도우미를 활용한 양육지원사업 도입 | 출산휴가, 육아휴직 후 복귀하는 맞벌이 가정을 지원하고자 영아 돌봄 교육을 이수한 전담 돌보미가 영아 이유식 먹이기, 젖병 소독 등 영아 특화 돌봄서비스 제공 | 1인 자영업자 등에 배우자(남편) 출산휴가급여 최대 120만원(15일분) 지원 (2026.1.1. 기준 출생아부터 적용) - 2025년 출생아는 최대 80만원(10일분) 지원 ㅇ 지원대상에 대한 자격요건 완화(202... | ○ 자녀 1인당 최대 120만원 지원 - 육아휴직기간 연속 6개월 시 60만원, 연속 12개월 경과 시 60만원 추가지급 ※ 부?모 모두 육아휴직 시 각각 지급 (자녀 1인에 대해 가구당 최대 240만원 지급) | ○ 자녀 1인당 최대 120만원 지원 - 육아휴직기간 연속 6개월 시 60만원, 연속 12개월 경과 시 60만원 추가지급 ※ 부?모 모두 육아휴직 시 각각 지급 (자녀 1인에 대해 가구당 최대 240만원 지급)",,,,https://idea.seoul.go.kr/front/freeSuggest/view.do?sn=194484
PROP-194469,2023-05-14,Y,미상,364.0,산후조리 경비 지원 대상자 확대 요청,"7월 초 출산예정일인 산모입니다.
막달이라 휴직하고 있슴이다.
이번 2차 대책을 듣고, 대상자 확대 관련한 건의글 및 주무관님 써주신 답변도 읽었습니다.
건강 문제로 6월 말에 제왕절개 예정되어 있습니다.
무엇을 위한 산후조리 지원 정책인지 모르겠습니다.
진짜 출생률 증가, 산모들이 원하는 산후조리 정책 지원을 추구하신다면 4.18 정책 발표일로부터 조속하게 행정처리하여 서울시 산모들을 지원헤줘야하는게 아닌가요??9월 기준 60일의 기준을 정해 지원을 해준다는게 납득이 되지 않습니다. 왜 60일인가요? 조례 제정에 시간이 걸린다면 9월 기준 120일적용, 100일 소급적용할 수 있도록 하셔서 진짜 필요한 정책을 적용해주세요.
서울시 출산율 0.59입니다. 전국 순위보면 암담합니다. 지난 교통비 바우처 지원도 그렇고 며칠, 몇개월 차이로 지원대상 나뉘는거 한 두 번도 아니고 대한민국 수도 서울에서 계획성 없어 보입니다. 이토록 산모들이 요청하고 요구하는데 행정상의 이유로 대상확대가 어렵다는 말만 반복하면, 우리는 누구에게 호소해야 하나요? 서울시 기자단, 고척돔 어린에 도서관, 광화문 책 행상 등 셀 수 없는 수 많은 행사와 선언들 하실 돈으로 지원대상 확대해주시는게 실제적으로 산모들에게 유용합니다. 무엇이 가장 중요하고 실효성 있는지 우선순위 확인하시고 진행 부탁드립니다",출산·산후 초기지원,산후조리,산후조리·산모도우미,출산·산후 초기지원,가족건강팀,02-2133-9485,저출생사업1팀,1순위:가족건강팀 | 2순위:저출생사업1팀,2,서울형 산모 산후조리경비 지원 | 서울형 산후조리경비 지원,"산모 1인당 산후조리경비 100만원 산모 본인 명의 신용(체크)카드에 100만원 바우처 포인트 지급   ※ 단태아 100만원, 쌍태아 200만원, 삼태아 300만원 출산일로부터 60일 이내 신청   ※ ‘23. 7.... | 출산에 소요되는 경제적 부담을 경감하고, 출산 이후 산모의 건강권을 확보하기 위하여 산후조리경비 지원  1. 지원금액 : 자녀 수에 따른 <b class='font-color-primary'>차등지원</b>     ...",,,,https://idea.seoul.go.kr/front/freeSuggest/view.do?sn=194469
PROP-194436,2023-05-04,N,미상,60.0,"난임 지원 제한 철폐하라, 사실혼 제한 철폐하라","현행 난임 지원제도에 문제가 무척 많습니다.
현재 서울시의회
본회의에서 난임 지원 확대를 위한 회의중인걸로 알고있고, 서울시에서 이미 간담회나 기사도 많이 냈죠.
현행 신선 9회, 동결 7회, 인공수정 5회？ 지원하고 있는데
저같이 난소기능 저하인 사람은 한번에 난자가 한번씩 밖에 안나와서
신선 9회에 하고 나면 9번만에 더이상 시험관을 하려야 할수가 없습니다.
한번밖에 안나오는데 동결배아가 나올수도 없고요
저같은 사람은 동결 7회, 인공수정 5회의 기회가 무의미합니다.
이런 말도 안되는 제한은 누가 왜 만들어놓은겁니까?
지금과 같이 결혼 연령이 높아지고 있는 시대에 여성이 9번만에 임신이 가능하면 그게 무슨 난임입니까?
9번만에 안될것 같으니까 맞벌이를 하면서도 병원에가서 의료의 힘을 빌리는거 아닙니까.
이런 지원은 지원이 아니라 오히려 규제입니다.
또한 저는 사실혼인데 사실혼의 경우에는 지원회차를 소진하고 나면 ？자부담으로도 시험관 시술을 할수 없습니다. 서울시에 전화도 했는데 담당 공무원도 그렇다는 사실을 모르더군요.
사상 최저의 출생률에 대한민국 인구가 소멸될지도 모른다는 이 시점에 출산을 하겠다는 사람들은 적극적으로 지원해야 하는 거 아닙니까?
왜 출산을 하려고하는 의지가 있는 사람들마저 출산을 할 수 없도록 지원에 제한이 있는지 도저히 이해할 수 없고, 정부가 낮은 출산률을 해결하려는 의지가 없다는 것으로 해석됩니다.
이번에 본회의에서 사실혼 부부도 제한 없이 지원을 받을 수 있도록 지원 제한을 꼭 철폐해주십시오.",임신·난임·생식건강,난임 지원,난임시술·주사·시술비,임신·난임·생식건강,건강임신지원팀,02-2133-9491,저출생사업1팀,1순위:건강임신지원팀 | 2순위:저출생사업1팀,5,외국인 가사(육아)인력 시범사업 | 영아 전담 아이돌봄서비스 | 서울시 중소기업 워라밸 포인트제 | 1인 자영업자 등 배우자 출산휴가급여 지원 | 1인 자영업자?프리랜서 배우자 출산휴가 지원금,"맞벌이 부부 등 ‘육아 조력자’의 도움이 절실한 자녀양육 가정에 외국인 육아도우미를 활용한 양육지원사업 도입 | 출산휴가, 육아휴직 후 복귀하는 맞벌이 가정을 지원하고자 영아 돌봄 교육을 이수한 전담 돌보미가 영아 이유식 먹이기, 젖병 소독 등 영아 특화 돌봄서비스 제공 | 양육친화 및 일?생활 균형을 위한 중소기업의 다양한 노력을 인정하고 중소기업이 아이 키우기 좋은 기업으로 성장할 수 있도록 지원하는 사업 ① 양육친화 및 일?생활 균형 실적에 따른 포인트 적립 ② 적립 포인트에 따른... | 1인 자영업자 등에 배우자(남편) 출산휴가급여 최대 120만원(15일분) 지원 (2026.1.1. 기준 출생아부터 적용) - 2025년 출생아는 최대 80만원(10일분) 지원 ㅇ 지원대상에 대한 자격요건 완화(202... | 1인 자영업자 등에 배우자 출산휴가급여 80만원 지원",,,,https://idea.seoul.go.kr/front/freeSuggest/view.do?sn=194436
PROP-194428,2023-05-02,N,미상,7.0,신혼부부 임차보증금 이자지원사업 대출한도 변경에 따른 증액 검토 요청의 건,신혼부부 임차보증금 이자지원사업 대출한도 변경에 따른 증액 검토 요청의 건,주거·교통·도시생활환경,출산가구 주거,신혼부부·출산가구 주거지원,주거·교통·도시생활환경,저출생사업1팀,02-2133-5027,생활지원팀,1순위:저출생사업1팀 | 2순위:생활지원팀,4,신혼부부 결혼ㆍ살림비용 지원 | 신혼희망타운 | 신혼부부 전용 주택 구입 자금 대출 | 신혼부부 임차보증금 이자 지원,"ㅇ 결혼ㆍ살림 비용 최대 100만원 지원    - 결혼준비 및 혼인살림 장만 관련 비용 지출    ※ 생애 1회 지급   ? 결혼준비 : 혼수, 예식장, 신혼여행, 청첩장 등    ? 혼인살림 : 전자제품, 주방가전... | 신혼희망타운 분양?임대주택 공급 및 청약 자격 제공 | 연 2.55~3.85% 금리로 주택구입 자금 대출, 최대 3억 2천만 원 한도 | - 임차보증금 대출금: 최대 3억원(임차보증금의 90% 이내) - 이자지원 금리: 최대 4.5% - 지원기간: 최장 10년(25.11.20. 부터 최장 12년) ※ 자세한 사항은 서울주거포털 공고문 참조",,,,https://idea.seoul.go.kr/front/freeSuggest/view.do?sn=194428
PROP-194407,2023-04-26,N,미상,5.0,스쿨존 교통사고 발생시 피해아동에게 실질적 피해보상안,"우리 아이들에게 예측할 수 없는
사고의 위험에 대비하여
실질적인
혜택을 체감할 수 있도록 운영효율
제고방안을 마련해 보았습니다",정보·상담·교육·거버넌스,정보 접근성,일반 출산정책 안건,정보·상담·교육·거버넌스,저출생사업1팀,02-2133-5027,생활지원팀,1순위:저출생사업1팀 | 2순위:생활지원팀,0,,,,,"TAG_REVIEW:현재 태그=정보·상담·교육·거버넌스, 태그 핵심어 약함 || TAG_REVIEW:현재 태그=정보·상담·교육·거버넌스, 태그 핵심어 약함",https://idea.seoul.go.kr/front/freeSuggest/view.do?sn=194407
PROP-194379,2023-04-24,N,미상,1.0,"아이들이 안전하게 걸어 다닐 수 있는 서울을 만들어주세요.(음주운전, 길거리 흡연 관련)","안녕하세요,
대낫에 인도로 걷던 초등학생들이 음주운전 차량에 치여 사망하고, 평생 장애를 갖고 살아가야 하는 사고가 발생했습니다.
서울특별시는 자체 법안을 만들어 아이들이, 시민들이 안전하고 건강하게 살 수 있는 특별시가 되도록 해주십시오.
1. 음주운전 처벌 강화
음주운전 발생시 특별히 처벌을 강화 하여 주시기 바랍니다.
음주 단속 보단, 처벌이 더 강화 되길 서울시가 앞장서서 가중처벌 하여 주시기 바랍니다.
다른 시와 차별화된 안전한 서울이 되게 해주세요.
2. 길거리 흡연
마스크 착용이 해제되면서 길거리에서 담배 피는 사람이 너무 많습니다.
최근엔 바람도 많이 불어 멀리 서 까지 담배냄새가 날아 옵니다.
이제 아이들은 거리에서 매연뿐만 아니라, 담배연기까지 맡아야 합니다.
학교, 정류장, 지하철 등 금연 구역 지정은 효과가 미비합니다.
흡연 부스를 많이 설치해 주십시오.
흡연 부스를 경찰서 옆, 주민센터 옆 마다 추가 설치하여 주십시오.
흡연부스의 담배연기는 밖으로 나오지 않게 제발 만들어주십시오.
흡연부스 안에 자체 공기 정화기를 설치하고 거기에 발생하는 비용은 흡연자들이 부담하게 해주십시오.
흡연부스 이외 흡연시 벌금이 아닌 강력 처벌 하여 주세요.
서울시 랜드마크 건설도 좋지만, 앞으로 자라날 아이들이 건강하고 안전하게 자라 서울시의 (몸과 마음이) 건강한 사회 구성원으로 자라날 수 있도록 서울시가 앞장 서 주시기 바랍니다.",정보·상담·교육·거버넌스,정보 접근성,일반 출산정책 안건,정보·상담·교육·거버넌스,저출생사업1팀,02-2133-5027,생활지원팀,1순위:저출생사업1팀 | 2순위:생활지원팀,0,,,,,"TAG_REVIEW:현재 태그=정보·상담·교육·거버넌스, 태그 핵심어 약함 || TAG_REVIEW:현재 태그=정보·상담·교육·거버넌스, 태그 핵심어 약함",https://idea.seoul.go.kr/front/freeSuggest/view.do?sn=194379
PROP-194363,2023-04-21,N,미상,3.0,저출산대책 시행일을 2023.01.01 이후로  해주세요,저출산 대책으로 100만원 지급한다고 올해 7.01부 이후 출생 부터라고 하는데 이를 올해 1.01로 소급해서 지급하여 주시기를 간곡히 부탁드립니다.,출산·산후 초기지원,출산가구 초기지원,출산지원금·출생축하,출산·산후 초기지원,가족건강팀,02-2133-9485,저출생사업1팀,1순위:가족건강팀 | 2순위:저출생사업1팀,0,,,,,,https://idea.seoul.go.kr/front/freeSuggest/view.do?sn=194363
PROP-194360,2023-04-20,Y,미상,144.0,"언론, 정부, 기업, 국민들이 모두 힘을 합치는 저출산 문제 해결 프로젝트 (국공립","수고 많으십니다.
언론, 정부(서울시), 기업, 국민들이 모두 힘을 합치는
저출산 문제 해결 프로젝트(맞춤형 국공립 보육시설 세우기)를 진행해 보았으면 합니다.
온 국민들이 저출산 문제를 심각하게 생각하고 있고
반드시 해결해야 할 국가적 과제로 여기고 있지만
어느 한 쪽의 힘과 노력만으로는 해결책을 찾기 쉽지 않습니다.
하지만 각자의 자리에서 당장 할 수 있는 일부터 조금씩 해나가며 모두 함께 힘을 모아 노력한다면
도저히 풀 수 없어 보이는 저출산 문제도 해결의 실마리도 찾을 수 있을 거라 믿습니다.
1.
각 구청으로부터 국공립 보육시설이 절실히 필요한 곳을 추천 받습니다.
구청과 서울시는 해당 지역의 지역적 특성과 학부모들의 의견 (등하원 시간, 방학 기간, 교육 프로그램, 급식, 셔틀버스 등)을
파악하여 어떤 형태의 보육시설을 지을 것인지, 기획과 설계합니다.
2.
추천 받은 지역의 상황 등을 언론이 보도하며 기업 및 국민들로부터 기금을
모읍니다.
국공립 보육시설이 필요한 지역의 상황과 지역 특성, 학부모 의견을 충실히
반영하여 어떤 형태의 보육시설을 건립할 것인지에 대한 계획,
기부하는 국민, 기업들의 사연, 국공립 보육시설  건립 이후 변화된 생활 모습
(
before & after)
등을 보도합니다.
3.
모아진 기금을 정부(서울시)에서 관리하고 필요한 곳에 국공립보육시설을 건립하는데
사용됩니다.
다만, 기금으로 건립하는 것이므로, 기존 보육시설의 복사&붙여넣기가 아니라,
지역 특성과 학부모들의 의견을 충실히 반영하여 맞춤형 국공립 보육시설
(신생아~초등 저학년 대상)을 건립하고 운영합니다.
(지역성 특성을 반영 예시: 다문화 아동이 많은 경우, 한국어, 한글 교육, 동화책 읽기 프로그램 강화 등)
저출산 문제가 심각한 사회문제로 부각되고 있고
정부(서울시)에서 기금을 투명하게 운영하면
기업과 국민들도 관심을 갖고 기꺼이 동참할 것 같아
KB금융, 방과후 돌봄교실 구축에 5년간 500억원 규모 지원 - 조선비즈 (chosun.com)
하나금융, 청라에 中企 ‘상생형 직장어린이집’ 개원 - 조선비즈 (chosun.com)
언론, 정부(서울시), 기업, 국민들이 모두 힘을 합치는
'저출산 문제 해결 프로젝트'를 생각하게 되었습니다.
서울시에서 저출산 문제 해결 프로젝트, '맞춤형 국공립 보육시설 건립'의 첫 번째 퍼즐을 끼워주시겠습니까?",출산·산후 초기지원,출산가구 초기지원,출산지원금·출생축하,출산·산후 초기지원,가족건강팀,02-2133-9485,,1순위:가족건강팀,5,서울시 중소기업 워라밸 포인트제 | 서울형 강소기업 지원 | 서울형 강소기업 지원(사업종료) | 서울형 육아휴직장려금 | 서울형 육아휴직장려금(사업종료),"양육친화 및 일?생활 균형을 위한 중소기업의 다양한 노력을 인정하고 중소기업이 아이 키우기 좋은 기업으로 성장할 수 있도록 지원하는 사업 ① 양육친화 및 일?생활 균형 실적에 따른 포인트 적립 ② 적립 포인트에 따른... | ① 청년 정규직 채용 시, 사내복지 개선 등 근무환경개선금 최대 45백만원 지원 ② 육아휴직자 대체 청년인턴에 최대 23개월 인건비 지원으로 업무공백 해소 ③ 육아친화 및 일?생활 균형 조직문화 조성을 위한 교육?컨... | ① 청년 정규직 채용 시, 사내복지 개선 등 근무환경개선금지원(최대 3명) ② 육아친화 및 일?생활 균형 조직문화 조성을 위한 교육?컨설팅 지원 ③ 마음챙김, 스트레스 관리로 신입사원 번아웃 예방을 위한 청년성장 프... | ○ 자녀 1인당 최대 120만원 지원 - 육아휴직기간 연속 6개월 시 60만원, 연속 12개월 경과 시 60만원 추가지급 ※ 부?모 모두 육아휴직 시 각각 지급 (자녀 1인에 대해 가구당 최대 240만원 지급) | ○ 자녀 1인당 최대 120만원 지원 - 육아휴직기간 연속 6개월 시 60만원, 연속 12개월 경과 시 60만원 추가지급 ※ 부?모 모두 육아휴직 시 각각 지급 (자녀 1인에 대해 가구당 최대 240만원 지급)",,,,https://idea.seoul.go.kr/front/freeSuggest/view.do?sn=194360
PROP-194332,2023-04-13,N,미상,6.0,서울런 이용자에 다자녀 가정의 추가를 건의합니다.,"서울런 이용자에 다자녀 가정의 추가를 건의합니다
.
서울런은 서울시 거주 수급권자
,
차상위계층
,
법정 한부모가족 청소년 및 학교밖 청소년 등이 회원가입하여 이용하고 있습니다
.
그러나 다자녀 가정의 아동 청소년은 대상이 아니기에 이용을 하지 못하고 있는 상황입니다
.
사교육 비용은 나날이 증가하고 있고 고학년으로 갈수록 지출금액은 점점 커가고 있습니다
.
다자녀가정의 가장으로 아이들이 양질의 교육을 받길 간절히 원하지만
,
경제적인 부담으로 인해 충분히 지원하지 못하고 있어 항상 아이들에게 미안한 마음이 듭니다
.
서울런에서 제공하고 있는 양질의 교육 컨텐츠의 수혜자를 다자녀 가정의 아동 청소년에까지 확대하는 것이 최근 화두가 되고 있는 출산 양육의 지원에도 기여할 수 있다고 생각합니다
.
서울시에서 올해
9
월부터 산후조리를 지원한다는 것을 기사를 통해 접하였습니다
.
출산 후 산후조리도 물론 중요합니다
.
하지만 아이를 양육하면서 실생활에서 접하는 사교육비의 압박은 지속적이며 또한 매우 무겁습니다
.
하여 이렇게 시민제안을 통해 다자녀 가정의 서울런 이용을 건의합니다
.",다자녀·양육비·생활지원,다자녀 혜택,다자녀 기준·할인·감면,다자녀·양육비·생활지원,저출생사업1팀,02-2133-5027,생활지원팀,1순위:저출생사업1팀 | 2순위:생활지원팀,0,,,,,POLICY_REMOVED:공공요금 감면 요구가 아닌 제안에 공공요금 정책 후보: 다자녀 가구 하수도사용료 감면 || POLICY_REMOVED:차량 취득세 요구가 아닌 제안에 취득세 정책 후보: 다자녀 가구 자동차 취득세 감면 || POLICY_REMOVED:차량 취득세 요구가 아닌 제안에 취득세 정책 후보: 다자녀가구 자동차 취득세 취약계층 감면 || POLICY_REMOVED:공공요금 감면 요구가 아닌 제안에 공공요금 정책 후보: 다자녀 가구 하수도사용료 감면 || POLICY_REMOVED:차량 취득세 요구가 아닌 제안에 취득세 정책 후보: 다자녀 가구 자동차 취득세 감면 || POLICY_REMOVED:차량 취득세 요구가 아닌 제안에 취득세 정책 후보: 다자녀가구 자동차 취득세 취약계층 감면 || POLICY_REMOVED:공공요금 감면 요구가 아닌 제안에 공공요금 정책 후보: 다자녀 가구 하수도사용료 감면 || POLICY_REMOVED:차량 취득세 요구가 아닌 제안에 취득세 정책 후보: 다자녀 가구 자동차 취득세 감면 || POLICY_REMOVED:차량 취득세 요구가 아닌 제안에 취득세 정책 후보: 다자녀가구 자동차 취득세 취약계층 감면,https://idea.seoul.go.kr/front/freeSuggest/view.do?sn=194332
PROP-194324,2023-04-11,Y,미상,653.0,저출산대책2편 시행일을 정책발표일로 대상자 늘려주세요^^,"안녕하세요~^^
오늘 서울시에서 저출산대책 2편으로 모든 출산 가정에 산후조리비 100만원을 소득 관계없이 지원한다는 뉴스를 봤습니다
저희는 6월말 출산으로 저출산대책발표에 기쁘다가 갑자기 기분이 사그라지네요ㅠㅠ
아마 4월부터 6월까지 출산예정인 가정들은 다 저희처럼 기분이 사그라질듯 싶습니다
단 며칠차이로 지원금을 못받아 많이 아쉽습니다 줬다 빼앗긴 기분? ㅠㅠ
시민들에게 강화 및 규제되는 정책들은 사전에 받아들여지는 기간이 충분하여야하기때문에 시행일이 나중에 되는것은 이해가 되는데 이런 좋은지원금 및 시민들에게 좋은 대책들은 늦게할필요 없이 시행일 이후 출산가정이 아닌 정책발표일 이후 출산가정이라고 한다면 더 많은 이들에게 혜택이 돌아가 좋은 정책발표라고 생각하고 저러럼 아쉬운 사람이 없을꺼같네요
좋은 정책은 대상을 늘리면 늘릴수록 서울시나 시민들이 더 기뻐할꺼라 생각합니다
그럼 오늘도 기분 좋은날되세요^^",출산·산후 초기지원,출산가구 초기지원,출산지원금·출생축하,출산·산후 초기지원,가족건강팀,02-2133-9485,저출생사업1팀,1순위:가족건강팀 | 2순위:저출생사업1팀,0,,,,,,https://idea.seoul.go.kr/front/freeSuggest/view.do?sn=194324
PROP-194273,2023-04-02,N,미상,0.0,저출산 현상에 대한 현실적 해결방안,"지금 우리나라의 저출산 현상을 매우 심각한 상황입니다. 하지만 여태껏 효과적이라고 생각되는 정책은 딱히 존재하지 않았습 니다. 그에 따른, 예상 낭비도 매우 심각하였는데, 저는 그러므로, 현실적인 방안을 요구하고자 합니다.
첫번째로, 선진국의 사례를 따라가야 한다고 생각합니다. 해외에서는 저출산 현상을 막기 위해 여러가지 정책들을 도입하였 고, 실제로도 효과도 톡톡히 볼 수 있었습니다. 저희는 그런 선진국들의 사례를 따라가야 합니다. 예를 들어, 프랑스의 '가족법' 과 같이 여성의 일자리 취득을 쉽게 하고, 육아휴직으로 인한 경력단절을 막는 정책을 시행해야 한다고 생각합니다.
두번째로, 지속적인 지원을 시행하는 것입니다. 우리나라는 현재 양육비 지원을 영유야에만 한정짓고 있습니다. 일시적인 지 원은 출산율에 큰 영향을 주기 힘들 것입니다. 그러므로, 정부는 지속적인 지원을 통해 국민들에게 출산을 장려해야 할 것입니 다.
세번째로 아이를 낳을 수 있는 환경을 조성하는 것입니다. 우리나라는 현재 '내집마련' 이라는 꿈이 너무나도 멀게 다가오는 |상황입니다. 그런데 어떻게 아이를 낳을 수 있겠습니까? 청년들에게 안정적인 환경을 조성하여 아이를 낳을 수 있게 해주는 것 이 중요한 과제 중 하나라고 생각합니다.
지금까지 저의 생각을 정리해 보았습니다. 잘 읽어 검토하여 생각해주시기 바랍니다",출산·산후 초기지원,출산가구 초기지원,출산지원금·출생축하,출산·산후 초기지원,가족건강팀,02-2133-9485,,1순위:가족건강팀,5,서울형 新일?생활 균형 3종 패키지 | 서울형 육아휴직장려금 | 서울형 육아휴직장려금(사업종료) | 서울형 일?생활 균형 3종 패키지 | 영아 전담 아이돌봄서비스,"양육 친화 기업문화 조성을 위해 서울형 新 일?생활 균형 3종 패키지를 시행함으로써 초저출생 위기 극복 및 일?생활 균형 문화 확산 ? 배우자 출산휴가 의무제(10일) ? 육아휴직 사용 활성화 ? 육아기 근로시간 단... | ○ 자녀 1인당 최대 120만원 지원 - 육아휴직기간 연속 6개월 시 60만원, 연속 12개월 경과 시 60만원 추가지급 ※ 부?모 모두 육아휴직 시 각각 지급 (자녀 1인에 대해 가구당 최대 240만원 지급) | ○ 자녀 1인당 최대 120만원 지원 - 육아휴직기간 연속 6개월 시 60만원, 연속 12개월 경과 시 60만원 추가지급 ※ 부?모 모두 육아휴직 시 각각 지급 (자녀 1인에 대해 가구당 최대 240만원 지급) | 양육 친화 기업문화 조성을 위해 서울형 일?생활 균형 3종 패키지를 시행함으로써 초저출생 위기 극복 및 일?생활 균형 문화 확산 ? 배우자 출산휴가 의무제(10일) ? 육아휴직 사용 활성화 ? 육아기 근로시간 단축 ... | 출산휴가, 육아휴직 후 복귀하는 맞벌이 가정을 지원하고자 영아 돌봄 교육을 이수한 전담 돌보미가 영아 이유식 먹이기, 젖병 소독 등 영아 특화 돌봄서비스 제공",,,,https://idea.seoul.go.kr/front/freeSuggest/view.do?sn=194273
PROP-194254,2023-03-30,Y,미상,57.0,시도 거주지 구분 없는 다둥이 부모 주차요금 할인 확대 추진 제안,시도 거주지 구분 없는 다둥이 부모 주차요금 할인 확대 추진 제안,다자녀·양육비·생활지원,다자녀 혜택,다자녀 기준·할인·감면,다자녀·양육비·생활지원,저출생사업1팀,02-2133-5021,가족지원팀,1순위:저출생사업1팀 | 2순위:가족지원팀,0,,,,,,https://idea.seoul.go.kr/front/freeSuggest/view.do?sn=194254
PROP-194248,2023-03-28,N,미상,11.0,다자녀혜택 교육도(서울런) 확대부탁드립니다,"기본 나가는 생활비로 사교육은 손도 못대는 다자녀가정입니다
언제나 교육부분에 편부모나 다문화가정은 지원받는데 다자녀가정은 혜택이 정말 없어요 연봉으로 책정해서 부채부분을 감안해주는 것도 아니고 지원부분은 언제나 막막합니다... 출산장려도 좋지만 이미 국가의 소중한 근간이될(-최선을 다해 기르고 있습니다) 아이들이 안심하고 클 수 있는 질적복지정책이 더 필요한 시점이라고 생각합니다
부수적인 학습의 기회조차 막혀 조금 도와주면 얼마든지 성장할 수 있는 아이들이 항상 엄마.아빠 눈치보는 것이 안쓰럽습니다 세 아이 달달이 꾸준히 학습지원을 못해주는 못난 부모가 되어 너무 괴롭네요 좋은 취지인 '서울런' 다자녀에게도 혜택이 돌아갈 수 있게 부탁드립니다",다자녀·양육비·생활지원,다자녀 혜택,다자녀 기준·할인·감면,다자녀·양육비·생활지원,저출생사업1팀,02-2133-5027,생활지원팀,1순위:저출생사업1팀 | 2순위:생활지원팀,0,,,,,POLICY_REMOVED:공공요금 감면 요구가 아닌 제안에 공공요금 정책 후보: 다자녀 가구 하수도사용료 감면 || POLICY_REMOVED:차량 취득세 요구가 아닌 제안에 취득세 정책 후보: 다자녀 가구 자동차 취득세 감면 || POLICY_REMOVED:차량 취득세 요구가 아닌 제안에 취득세 정책 후보: 다자녀가구 자동차 취득세 취약계층 감면 || POLICY_REMOVED:공공요금 감면 요구가 아닌 제안에 공공요금 정책 후보: 다자녀 가구 하수도사용료 감면 || POLICY_REMOVED:차량 취득세 요구가 아닌 제안에 취득세 정책 후보: 다자녀 가구 자동차 취득세 감면 || POLICY_REMOVED:차량 취득세 요구가 아닌 제안에 취득세 정책 후보: 다자녀가구 자동차 취득세 취약계층 감면 || POLICY_REMOVED:공공요금 감면 요구가 아닌 제안에 공공요금 정책 후보: 다자녀 가구 하수도사용료 감면 || POLICY_REMOVED:차량 취득세 요구가 아닌 제안에 취득세 정책 후보: 다자녀 가구 자동차 취득세 감면 || POLICY_REMOVED:차량 취득세 요구가 아닌 제안에 취득세 정책 후보: 다자녀가구 자동차 취득세 취약계층 감면,https://idea.seoul.go.kr/front/freeSuggest/view.do?sn=194248
PROP-194240,2023-03-28,N,미상,1.0,초등학교돌봄&우리동네키움센터 현실과 다름에대해 직시해주세요,"현재 상황이 이전보다는 많이 개선되었다는건
감사하고 공감합니다.
다만 초등학교 돌봄은 학교에 관할이 아닌 교육청관할이기때문인지는 모르겠으나
정책에 맞게 오후 돌봄이 제대로 이루어지지 않습니다.
1학년 처음 돌봄에 들어가니 다른아이들은 다 3시반에 학원간다 늦게까지 남아있지 말아달라는 뉘앙스
사교육을 추천한다며 학원명을 알려주는 돌봄교실 방학이라고 믿고 맏길수 있을까요?
네이버에 검색하면 돌봄선생님들의 횡포가 굉장히 많은것은 알고 계실까요?
처음에는 괜찮아요~ 6시까지 가능합니다~ 하다가 한명한명 이아이가 제일 늦게있어요 학원보내세요~
지금 저희 아이가 다니는 학교도 엄마들이 눈치보여 3시반에 학원을보내 4시이후에는 돌봄교시에 한명도 남아있지 않아요
그럼 돌봄에 대해 민원을 넣으면 되지 라고 할수있지만 절대 시정이 절대 안됩니다.
학교측에서는 돌봄선생님이 파업을 하면 교사들이 돌아가면서 돌봄을 봐야하니 눈치가 보여 말을 못하고 학교교사가 아니니 말을못하고 교육청에서는 시정조치를 서류만으로 하니 그들은 바뀌지 않아요... 우리아이만 이리저리 학원으로 굴려지죠
그래서 엄마들은 돌봄에 불안해서 맏길수 없으니 부랴부랴 키움센터를 알아봅니다. 돌봄보다는 안전할거로 예상하며..
그또한 현실은 지역별로 정원 20명.. 많으면 3-40명..맞벌이 부모들의  그많은 아이들은 어디로 가야 할까요 대기조차 받을수 없을정도로  치열합니다... 시간도 문제입니다. 키움센터가 되도 방학돌봄시간이 9시부터입니다..
직장에 10시까지 출근하지 않는이상 9시에 아이를 키움센터를 들여보낼수 있는 부모는 없죠..
방학돌봄은 8시부터 진행해야되지 않을까요?
많은것들이 바뀌어 가고 있지만 아직은 현실적으로 많이 힘든 초등학생들입니다..
그래서 아이를 안낳거나 한명으로도 버겁죠.. 똑같은 상황을 겪어야 하니까요
제발... 엄마들이 일하면서도 안정된 마음으로 학교를 보낼수있는 서울시가 되길 희망합니다.",보육·돌봄 인프라,초등돌봄,초등돌봄·방과후,보육·돌봄 인프라,돌봄사업팀,02-2133-6560,저출생사업1팀 | 생활지원팀,1순위:돌봄사업팀 | 2순위:저출생사업1팀 | 3순위:생활지원팀,5,영아 전담 아이돌봄서비스 | 외국인 가사(육아)인력 시범사업 | 서울형 육아휴직장려금 | 서울형 육아휴직장려금(사업종료) | 1인 자영업자 등 배우자 출산휴가급여 지원,"출산휴가, 육아휴직 후 복귀하는 맞벌이 가정을 지원하고자 영아 돌봄 교육을 이수한 전담 돌보미가 영아 이유식 먹이기, 젖병 소독 등 영아 특화 돌봄서비스 제공 | 맞벌이 부부 등 ‘육아 조력자’의 도움이 절실한 자녀양육 가정에 외국인 육아도우미를 활용한 양육지원사업 도입 | ○ 자녀 1인당 최대 120만원 지원 - 육아휴직기간 연속 6개월 시 60만원, 연속 12개월 경과 시 60만원 추가지급 ※ 부?모 모두 육아휴직 시 각각 지급 (자녀 1인에 대해 가구당 최대 240만원 지급) | ○ 자녀 1인당 최대 120만원 지원 - 육아휴직기간 연속 6개월 시 60만원, 연속 12개월 경과 시 60만원 추가지급 ※ 부?모 모두 육아휴직 시 각각 지급 (자녀 1인에 대해 가구당 최대 240만원 지급) | 1인 자영업자 등에 배우자(남편) 출산휴가급여 최대 120만원(15일분) 지원 (2026.1.1. 기준 출생아부터 적용) - 2025년 출생아는 최대 80만원(10일분) 지원 ㅇ 지원대상에 대한 자격요건 완화(202...",,,,https://idea.seoul.go.kr/front/freeSuggest/view.do?sn=194240
PROP-194228,2023-03-27,Y,미상,68.0,"★ 우리 소중한 아이들의 스쿨존은 지금, 충 / 분 / 히  안전한가요?","□ 목적 : 스쿨존에서 초등학생보행중 휴대폰 사용으로 인한 사고 방지

           어린이보호구역 사고 막는다‥보행 중 스마트폰 제한 (2022.07.20/뉴스투데이/MBC) ？

           https://youtu.be/hOW3QOM0caU



□ 우리아이들의 스쿨존은 지금,충/분/히 안전한가요?



 - 횡단보도용 바닥신호등,스마트 횡단보도,횡단보도 음성안내 보조장치등

   '횡단보도 신호등 연동 전용 장치'들이 등하굣길에서

    아이들을 스몸비로 인한 위험으로부터 충분히 지켜줄 수 있을까요?



 - ‘스몸비’사고 막자...세금 쏟아붓는데 효과는?

   사고방지 장치들이 속속 도입되고 있지만 확실한 안전보장은어려운 상황,

   길을 걸을때 폰을 보지 않는 것만이 위험을 차단하는유일한 방법(MBC, 2019.7)



 - 상대적으로 훨씬 더 위험할 수 있는

    ▲차와 사람이 뒤엉켜 다니는이면도로 ▲신호등 없는 횡단보도가

    스몸비-키즈*에 대한 안전사각지대는 아닐까요?

    *스몸비-키즈:스마트폰만 쳐다보고 걸어가는'스몸비(Smombie)족’과 '키즈(kids)'의 합성어로,

    등하굣길에 스마트폰만 보고 다니는초등학생들을 가리키는 신조어



□ ‘스쿨존은 어린이 사고존'이라 불릴 만큼 사고가 지속 발생



   - 12세 이하 어린이 스쿨존사고 최근5년간 연간평균523건 발생

      2017년比44건(9.2%),사상자70명(14.1%)증가(도로교통공단2021)



   - 어린이 교통사고 사망10건 중1건은 스쿨존에서 발생(뉴시스)



   - 스마트폰 보며 걷다가 차도로 불쑥…교통안전 블랙홀‘스몸비와의전쟁’

      초등학생10명 중8명 걸으면서 휴대폰 사용(동아일보,삼성교통안전문화연구소)



□ 수혜자 : 학생 및 보호자



□ 대   상 : 7개 초등학교 스쿨존

   2021년‘스쿨존내 어린이 사고 다발지’ 서울특별시 관내 7개소

  강북구/강서구/관악구/노원구/은평구 각 1개소, 영등포구 2개소

  수유초(강북구), 공진초(강서구), 난우초(관악구), 청계초(노원구),

  도림초/선유초(영등포구). 갈현초(은평구)

   (출처:도로교통공단 교통사고분석시스템TASS)

   (분석조건:반경300m내,대상사고2건이상 또는 사망사고 발생지역)



   **스쿨존:초등학교 및 유치원 주출입문에서 반경300m이내의주통학로를

     보호구역으로 지정하여 교통안전시설물 및 도로부속물설치로

     학생들의 안전한 통학공간을 확보하여 교통사고를 예방하기위한 제도



□ 파급효과

   서울특별시 전역 ‘스쿨존 사고다발지역 초등학교’중심으로 우선 확산하여

   안전한 등하굣길 조성을 위한‘스쿨존 안전망’구축",정보·상담·교육·거버넌스,정보 접근성,일반 출산정책 안건,정보·상담·교육·거버넌스,저출생사업1팀,02-2133-5027,생활지원팀,1순위:저출생사업1팀 | 2순위:생활지원팀,0,,,,,,https://idea.seoul.go.kr/front/freeSuggest/view.do?sn=194228
PROP-194182,2023-03-20,N,미상,15.0,난임부부 지원횟수 늘려주세요,"제안내용
* 소득과 상관없이 모든사람이 혜택을 받을수 있도록 정책개선
* 첫째아이를 준비하는 경우 횟수제한 폐지
* 신선배아 9회. 동결배아 7회. 인공수정 5회 총 21회의 시술기회를 필요에 따라 사용할수 있도록 조정
- 난소기능 저하의 경우는 과배란 진행하여도 채취가 1-5개 미만이라 신선 1회에 채취. 수정 및 이식을 진행하게 되면 동결이 가능한 배아의 갯수가 남지 않는 경우가 많아 동결 횟수를 사용하지 아니함
- 다낭성 난소 중후군의 경우 신선 1회 채취에  과배란을할경우 30-40개 정도의 난포를 채취하고 동결을 한 후에 동결이식으로 진행되므로 채취를 하는 신선횟수는 남고 동결이식 횟수가 부족함
*** 지원 횟수가 줄어등에 따라 생기는 압박감과 경제적 부담에서 벗어나 아이를 갖는데 집중할수 있도록 서울시에서 적극적인 난임지원을 해주시길 바랍니다.
아이를 절실하게 원하는 가정이 출산을 할수 있도록 적극적 출산 지원정책 제도를 만들어주세요
저출산대책으로도 난임부부들을 꼭 지원해 주셔야합니다",임신·난임·생식건강,난임 지원,난임시술·주사·시술비,임신·난임·생식건강,건강임신지원팀,02-2133-9492,저출생사업1팀 | 생활지원팀,1순위:건강임신지원팀 | 2순위:저출생사업1팀 | 3순위:생활지원팀,5,서울형 난임부부 시술비 지원 | 서울권역 난임?우울증 상담센터 운영 | 서울시 한의약 난임치료 지원 | 서울시 난임?임산부심리상담센터 운영 | 난임부부 지원,"난임시술 비용의 본인부담액에 대한 시술별 지원상한액 지원 - 횟수 : 총 25회(누적) - 지원금액: 시술별 1회당 최대 30만원~110만원 | 난임부부, 유산?사산 경험부부, 임산부 및 양육모의 정서적 안정을 위해 전담 상담사가 등록부터 종결까지 1:1 상담 및 다양한 프로그램을 운영 | 원인불명의 난임진단 부부에게  한의약 난임치료 첩약비용(3개월)의 본인부담금 90%(상한 1,200천원) 지원 | 난임부부, 유산?사산 경험부부, 임산부 및 양육모의 정서적 안정을 위해 전담 상담사가 등록부터 종결까지 1:1 상담 및 다양한 프로그램을 운영 | o 난임시술 비용의 본인부담액에 대한 시술별 지원상한액 지원      -(횟수) 출산당 총25회 (보조생식술 시작일이 '24.11.1.일 이후부터)      -(지원금액) 시술별 1회당 최대 30만원~110만원  o...",,,,https://idea.seoul.go.kr/front/freeSuggest/view.do?sn=194182
PROP-194170,2023-03-15,Y,미상,111.0,난임 사각지대 남성난임의 사회경제적 지원을 부탁드립니다.,"안녕하세요
서울시에서 난임시술비 지원 체계의 문제점을 파악하여 신선배아, 동결배아, 인공수정 등
각 시술별 칸막이도 해제하고 난자 동결 시술비용도 지원하기 위해 조례 개정을 한다는 정책뉴스를  보았습니다
저는 오늘 난임부부중 일부이며
그중에서도
심각한 무정자증 남성난임에 대한 부분을 말씀
드리며
남성난임의 사회경제적 지원 방안에 대한 제안
을 하고자 합니다
진지하게 함께 고민해주시면 감사하겠습니다
남성난임 중 무정자증은 일반남성의 1%, 불임남성의 10~15%에서 발견 됩니다
그중 폐쇄성과 비폐쇄성무정자증으로 나뉘는데요
폐쇄성은 고환내 정자가 생성되나  정액의 통로가 막히게 되어 TESE라는 시술로 정자채취가 가능
한 반면
비폐쇄성은 정자를 생산하는 고환의 기능이 정지하는 경우로 정상적인 방법으로는 정자채취가 되지 않고 microTESE라는 수술을 통해 정자를 채취 할수 있습니다(채취확률 10~15%)
microTESE는 고환 2개를 절개하고 고환내부를 고배율현미경으로 관찰하여 정자를 채취하는 수술
인데
수술비용이 1회당 적게는 200만원대(대형병원), 많게는 400만원대(개인병원) 정도
듭니다.
양쪽 고환을 절개하는 수술인 만큼 수술후 정상적으로 걷는데 7일, 고환내부 실밥까지 녹고 통증이 사라지는데까지 2개월 가량이 소요됩니다... 정상적으로 직장생활이나 생업에 종사하기에 많은 부담이 됩니다
그리고
수술로도 정자채취가 안되면 호르몬치료를 받아서 정자를 채취하는 방법
이 있습니다.
정세관 중에 정세포가 존재한다면 호르몬 치료를 해서 여성이 난자를 과배란으로 키우는 방식으로 고환에 자극을 주고 정자를 만들도록 하는 것
입니다.
호르몬 치료 후
에는
microTESE를 통해 수술로 채취
를 해야 합니다.
호르몬 치료시 사용하는 호르몬제는 여성이 과배란할때 사용하는 호르몬제와 동일하나
치료비용에는 남임시술비지원대상의 경우와 비교할때 엄청난 차이가 있습니다.
예를 들어
시험관 등 난임시술(만44세 미만 여성 70% 지원)시 과배란을 위해 호르몬치료제(고00프900iu)를 처방받으면
납부하는 비용이 5만원 미만
입니다...
남성난임의 경우 아무런 사회경제적 지원이 없기에 호르몬치료제(고00프900iu) 처방시 적게는 30만원대(대형병원) 많게는 100만원대(개인병원)
이 듭니다.
난임 수술이나 호르몬치료가 보험이라도 적용되면 좋을텐데 보험적용도 안되는 상황입니다...
현재 TESE와 microTESE와 같은 고환내 정자채취술이 보험적용을 받기 위해선 여성의 과배란이 전제 되어야 해요
그러나 microTESE의 경우 정자채취 확률이 낮을 수 있어 담당의사가 동의하지 않아 수술로 정자채취부터 진행하는 경우가 대다수 입니다(현실적으로 보험도 적용이 안된다는 이야기)
아울러 연말정산에도 여성의 과배란이 전제되지 않을 경우 남성난임은 15% 의료비 소득공제로 분류됩니다...
난임문제에서 남성난임은 전체 난임의 30~ 50% 정도로 여겨지고 있습니다.
아래 남성난임 환자 수 추이에 대한 건강보험 심사평가원 자료를 보면 2011년(4만명) ~ 2016년(6만명)까지
5년간 55%가 증가했고 현재도 7~8만명 정도로 매년 꾸준히 증가하고 있습니다.
그러나 유독 남성난임에 대한 부분은 아무런 사회경제적 지원이 없는 것이 현실입니다.
제가 제안하려는 내용은 아래와 같습니다.
1. 남성난임의 경우 TESE 시술, microTESE 수술시 5회차 까지 비용의 50%범위 내 회차별  20~110만원 지원
2. TESE와 microTESE로 정자냉동, 항암치료를 목적으로 정자냉동시 첫 시술비용의 50%(200만원 이내)
3. 난임남성 정자채취 목적의 호르몬 치료시  microTESE 수술 전 호르몬 치료비용의 50% 지원(회차별 20~110만원)
4. 남성난임의 경우도 소득기준 폐지(이부분은 현재도 검토하고 있으니 반영되리라 기대합니다.)
※ 끝으로 제안내용과  다르지만 남성의 직장내 난임휴가에 대해 한말씀 드리고 싶습니다
많은 지자체, 국가기관, 기업 등 직장내 여성의  난임이나 유사산 휴가에 대한 부분이 어느정도 체계화 되어 있지만
남성난임에 대한(시술 혹은 수술적 치료를 통한 정자채취 등) 휴가가 적정히 이뤄져 있지 않습니다...
대부분 정자채취일 1일 입니다,  이 부분은 난자채취일에 시행하는 정자채취의 경우만 휴가일수로 인정하기 때문입니다...
여성의 휴가일수 처럼 체계화 했으면 좋겠습니다(여성의 경우 인공수정 2일, 체외수정 3일, 난자채취 채외수정 4일)
서울시에서 선도하여 휴가일수를 조정한다면 많은지자체와 국가기관, 기업에서도 변화하리라 생각됩니다
긴 글 읽어주셔서 감사합니다.",임신·난임·생식건강,난임 지원,난임시술·주사·시술비,임신·난임·생식건강,건강임신지원팀,02-2133-9491,저출생사업1팀,1순위:건강임신지원팀 | 3순위:저출생사업1팀,5,난임부부 시술비 지원 | 1인 자영업자 등 배우자 출산휴가급여 지원 | 서울형 육아휴직장려금 | 서울형 육아휴직장려금(사업종료) | 1인 자영업자?프리랜서 배우자 출산휴가 지원금,"o 난임시술 비용의 본인부담액에 대한 시술별 지원상한액 지원 -(횟수) 출산당 총25회 (보조생식술 시작일이 '24.11.1.일 이후부터) -(지원금액) 시술별 1회당 최대 30만원~110만원 -(지원범위) 체외수정... | 1인 자영업자 등에 배우자(남편) 출산휴가급여 최대 120만원(15일분) 지원 (2026.1.1. 기준 출생아부터 적용) - 2025년 출생아는 최대 80만원(10일분) 지원 ㅇ 지원대상에 대한 자격요건 완화(202... | ○ 자녀 1인당 최대 120만원 지원 - 육아휴직기간 연속 6개월 시 60만원, 연속 12개월 경과 시 60만원 추가지급 ※ 부?모 모두 육아휴직 시 각각 지급 (자녀 1인에 대해 가구당 최대 240만원 지급) | ○ 자녀 1인당 최대 120만원 지원 - 육아휴직기간 연속 6개월 시 60만원, 연속 12개월 경과 시 60만원 추가지급 ※ 부?모 모두 육아휴직 시 각각 지급 (자녀 1인에 대해 가구당 최대 240만원 지급) | 1인 자영업자 등에 배우자 출산휴가급여 80만원 지원",,,,https://idea.seoul.go.kr/front/freeSuggest/view.do?sn=194170
PROP-194167,2023-03-14,N,미상,4.0,다자녀혜택 연령 상한 폐지 제안,"다자녀 혜택은 막내가 성인이 되는 것을 기준으로 없어지는 경우가 많습니다.
저는 실제 3자녀를 둔 부모로서 아이들이 성인이 되어 자립하고 결혼할때까지 막재한 비용이 들어가는 것에 비해 
다자녀 혜택이 적다고 느끼고 있습니다.
인구감소, 초고령 사회,인구절벽 같은 말이 남일이 아니고 우리 아이들이 바로 맞닥드리는 현실이 되고 있습니다.
출산 부양책을 시급히 세워야함에도, 그나마 주던 다자녀 혜택도 나이를 제한 하기까지 하니 다자녀를 낳은 부모들의 노고를 국가에서 인정해 주지 않는 느낌이 듭니다. 다자녀를 기르는 부모들은 육아비도 많이 들고, 개인 시간도 거의 가질 수 없습니다.
그리고 자녀들 교육비며 결혼준비 자금으로 쓰다 보면 노후 준비도 여유롭지 못합니다.
국가에서 출산을 장려하기 위해서는 다자녀 부모들은 나이 들어서도 우대를 받을 수 있다는 인식을 심어 주면 좋겠습니다.
그래야 자녀를 낳을 때 더 자부심을 가질 수 있을 것 같습니다.
따라서 다자녀 혜택을 주는 연령제한을 폐지하거나 연령상한선을 늘려주시면 좋겠습니다.
지금도 다자녀 혜택이라고는 주차장 할인 동문화센터 할인인데, 이것도 나이 제한을 하니 좀 섭섭하고 억울한 느낌이 들기도 합니다.",다자녀·양육비·생활지원,다자녀 혜택,다자녀 기준·할인·감면,다자녀·양육비·생활지원,저출생사업1팀,02-2133-5027,생활지원팀,1순위:저출생사업1팀 | 2순위:생활지원팀,0,,,,,POLICY_REMOVED:공공요금 감면 요구가 아닌 제안에 공공요금 정책 후보: 다자녀 가구 하수도사용료 감면 || POLICY_REMOVED:차량 취득세 요구가 아닌 제안에 취득세 정책 후보: 다자녀 가구 자동차 취득세 감면 || POLICY_REMOVED:차량 취득세 요구가 아닌 제안에 취득세 정책 후보: 다자녀가구 자동차 취득세 취약계층 감면 || POLICY_REMOVED:공공요금 감면 요구가 아닌 제안에 공공요금 정책 후보: 다자녀 가구 하수도사용료 감면 || POLICY_REMOVED:차량 취득세 요구가 아닌 제안에 취득세 정책 후보: 다자녀 가구 자동차 취득세 감면 || POLICY_REMOVED:차량 취득세 요구가 아닌 제안에 취득세 정책 후보: 다자녀가구 자동차 취득세 취약계층 감면 || POLICY_REMOVED:공공요금 감면 요구가 아닌 제안에 공공요금 정책 후보: 다자녀 가구 하수도사용료 감면 || POLICY_REMOVED:차량 취득세 요구가 아닌 제안에 취득세 정책 후보: 다자녀 가구 자동차 취득세 감면 || POLICY_REMOVED:차량 취득세 요구가 아닌 제안에 취득세 정책 후보: 다자녀가구 자동차 취득세 취약계층 감면,https://idea.seoul.go.kr/front/freeSuggest/view.do?sn=194167
PROP-194164,2023-03-13,N,미상,30.0,출산장려를 위한 제안,"안녕하세요? 5살 2살 자녀를 키우고 있는 서울시민입니다.
저는 올해 3월 육아휴직을 사용하고 복직한 워킹맘입니다.
결론부터 말씀드리면 현재 국가에서 시행하고 있는 육아시간을 선택이 아니라 필. 수. 로 사용할 수 있게 해주시길 바랍니다.
저희 아이는 유치원, 어린이집원생입니다.
아이들은 부모가 키워야합니다. 그러나 맞벌이로 온전히 아이를 키울 수 없는게 현실입니다.
엄마가 일하러간다며 오열하는 아이를 내치고 일하러 오는데 일도 손에안잡히고 마음이 얼마나 불편한지모르겠습니다.
요새 많이 거론되는 출산장려 정책들이 하나같이 마음에 들지않습니다.
진심으로 아이들 자라나는데 도움이 될 정책은 일.시.적. 현.금.지.원.이. 아.니.라. 주 양육자인 엄마가 본인의 일을 포기하지 않으면서
아이들도 볼 수 있는 것이라고 생각합니다.
왜 육아시간을 써야하는지 사유를 마땅히 밝혀도 관리자는 뜨뜨미지근하며,
네가 육아시간을 사용해서 비워질 시간안에 민원이 발생하거나 문제가 발생하면 어쩌냐는 식입니다.
또,
나때도 그렇게 아이들을 키워봐서 아는데 지금 너는 너무 편하게 키운다며 오히려 나무랍니다.
과거에는 아이들이 마음껏 뛰어놓을 수 있는 친구들이 집집마다 있었고, 그래서 서로 아이들을 돌보아주며 마을에서 키웠지만 지금은 길거리에도 아이의 친구들이 없는게 현실입니다.
정부에서 주는 육아시간을 마치 본인들이 주는것처럼 갑질아닌 갑질을 하고있습니다.
육아시간을 필수로 사용하기 위해서는 육아시간에 근무할 또 다른 분을 고용할수있도록 지원해주세요.
그런 지원을 해준다면 고용주도 육아시간을 사용하는 것에 대해 반대만 하진 않을것입니다.
또한 아이를 낳지않은 기혼자들도 이로 인해 출산을 생각할것입니다.
이미 만들어진 멋진 정책을 잘 활용할 수 있게 한번 제대로 고려해봐주세요.
서울시가 바껴야 다른지역도 바뀝니다. 부탁드립니다.",출산·산후 초기지원,출산가구 초기지원,출산지원금·출생축하,출산·산후 초기지원,가족지원팀,02-2133-6562,가족건강팀,1순위:가족지원팀 | 2순위:가족건강팀,5,영아 전담 아이돌봄서비스 | 서울형 육아휴직장려금 | 서울형 육아휴직장려금(사업종료) | 육아휴직장려금 | 1인 자영업자 등 배우자 출산휴가급여 지원,"출산휴가, 육아휴직 후 복귀하는 맞벌이 가정을 지원하고자 영아 돌봄 교육을 이수한 전담 돌보미가 영아 이유식 먹이기, 젖병 소독 등 영아 특화 돌봄서비스 제공 | ○ 자녀 1인당 최대 120만원 지원 - 육아휴직기간 연속 6개월 시 60만원, 연속 12개월 경과 시 60만원 추가지급 ※ 부?모 모두 육아휴직 시 각각 지급 (자녀 1인에 대해 가구당 최대 240만원 지급) | ○ 자녀 1인당 최대 120만원 지원 - 육아휴직기간 연속 6개월 시 60만원, 연속 12개월 경과 시 60만원 추가지급 ※ 부?모 모두 육아휴직 시 각각 지급 (자녀 1인에 대해 가구당 최대 240만원 지급) | ○ 1인 최대 120만원 지원 - 육아휴직기간 연속 6개월 시 60만원, 연속 12개월 경과 시 60만원 추가지급 ※ 부?모 동시 육아휴직 시 각각 지급 (자녀 1인에 대해 가구당 최대 240만원 지급) | 1인 자영업자 등에 배우자(남편) 출산휴가급여 최대 120만원(15일분) 지원 (2026.1.1. 기준 출생아부터 적용) - 2025년 출생아는 최대 80만원(10일분) 지원 ㅇ 지원대상에 대한 자격요건 완화(202...",,,,https://idea.seoul.go.kr/front/freeSuggest/view.do?sn=194164
PROP-194163,2023-03-13,N,미상,1.0,공공 산후조리원 증설요청,"수고하십니다
현재 우리나라는 전반적으로 출생율이 하향하고 있는 실정으로
그 원인중 하나가 바로 공공 산후조리원이 많이 부족한 현실 입니다 그래서 여성들이 비싼 사설
산후조리원 보다 저렴하고 시설이 좋은 공공 산후조리원을 강력히 원하고 있으니 서울시 나 정부에서는 공공 산후조리원을 증설할것을 요청하는바 입니다",출산·산후 초기지원,산후조리,산후조리·산모도우미,출산·산후 초기지원,가족건강팀,02-2133-9485,가족지원팀,1순위:가족건강팀 | 2순위:가족지원팀,2,서울형 산모 산후조리경비 지원 | 서울형 산후조리경비 지원,"산모 1인당 산후조리경비 100만원 산모 본인 명의 신용(체크)카드에 100만원 바우처 포인트 지급   ※ 단태아 100만원, 쌍태아 200만원, 삼태아 300만원 출산일로부터 60일 이내 신청   ※ ‘23. 7.... | 출산에 소요되는 경제적 부담을 경감하고, 출산 이후 산모의 건강권을 확보하기 위하여 산후조리경비 지원  1. 지원금액 : 자녀 수에 따른 <b class='font-color-primary'>차등지원</b>     ...",,,,https://idea.seoul.go.kr/front/freeSuggest/view.do?sn=194163
PROP-194156,2023-03-10,N,미상,7.0,교재비 지원,"자격증 공부를 위한 '교재비 지원' 정책을 제안합니다. 
취업준비를 위해 자격증 공부를 시작하고자 해도 교재 비용에 대한 부담이 적지 않다고 생각합니다.
따라서,
- 온라인 서점에서 자격증 관련 서적은 요구조건에 맞는 대상자임을 인증하면 할인해주는 쿠폰을 발급하거나
- 오프라인 서점에서만 사용할 수 있는 포인트 형식이나 문화상품권을 지급하는 등의 
방식을 통해 교재비를 지원받는 정책을 제안드립니다.",정보·상담·교육·거버넌스,정보 접근성,일반 출산정책 안건,정보·상담·교육·거버넌스,저출생사업1팀,02-2133-5025,가족지원팀,1순위:저출생사업1팀 | 2순위:가족지원팀,0,,,,,"TAG_REVIEW:현재 태그=정보·상담·교육·거버넌스, 태그 핵심어 약함 || TAG_REVIEW:현재 태그=정보·상담·교육·거버넌스, 태그 핵심어 약함",https://idea.seoul.go.kr/front/freeSuggest/view.do?sn=194156
PROP-194145,2023-03-09,N,미상,6.0,저출산 해결방안 제안,"저출산 문제가 심각합니다.
많은 돈을 들였지만 해결방안이 각각 따로 놀아 문제라고 생각합니다.
어떤 규제를 막론하고 저출산 극복을 우선으로 두어야 한다고 생각합니다.
현재 많은 별거부부 공무원들이 있습니다.
아이를 낳고 싶지만 별거의 고충으로 어려움을 겪습니다.
별거의 고충은 육아, 주택(각자의 집) 등 다양합니다.
만약 2자녀 이상의 별거 공무원은 원하는 곳으로 일방전입이 가능하다면
많은 별거공무원이 별거의 고충과 출산에 대한 부담이 줄어 들 것입니다.
그리고 별거를 해소하기 위해 부담없이 출산을 할 수 있습니다.
예로 3자녀 이상 군인들의 혜택 등이 입증되었습니다.
각 시도마다 인력 수급의 문제가 생겨 어렵다는 예상이 많습니다.
그렇다면 신규 임용예정자의 10%만이라도 2자녀 이상 별거공무원 일방전입으로 설정한다면
많은 별거부부들이 희망을 갖고 출산, 육아 등의 부담을 덜 수 있을 것입니다.
이를 위해서는 시청,교육부, 교육청 등 공무원이 존재하는 기관에서
가장 우선 순위인  저출산을 해결하기 협조해야 합니다.
교육청의 권한입니다. 교육감의 권한입니다. 규정상 어렵습니다. 라는
구시대적 생각을 버리고 규제 개혁으로 저출산, 별거부부 고충을 해결할 수 있습니다.",출산·산후 초기지원,출산가구 초기지원,출산지원금·출생축하,출산·산후 초기지원,가족건강팀,02-2133-9485,,1순위:가족건강팀,5,신혼부부 결혼ㆍ살림비용 지원 | 자녀출산 무주택가구 주거비 지원 | 신혼희망타운 | 신혼부부 전용 주택 구입 자금 대출 | 신혼부부 임차보증금 이자 지원,"ㅇ 결혼ㆍ살림 비용 최대 100만원 지원    - 결혼준비 및 혼인살림 장만 관련 비용 지출    ※ 생애 1회 지급   ? 결혼준비 : 혼수, 예식장, 신혼여행, 청첩장 등    ? 혼인살림 : 전자제품, 주방가전... | 월 최대 30만원(2년간 최대 720만원) 주거비 지원 | 신혼희망타운 분양?임대주택 공급 및 청약 자격 제공 | 연 2.55~3.85% 금리로 주택구입 자금 대출, 최대 3억 2천만 원 한도 | - 임차보증금 대출금: 최대 3억원(임차보증금의 90% 이내) - 이자지원 금리: 최대 4.5% - 지원기간: 최장 10년(25.11.20. 부터 최장 12년) ※ 자세한 사항은 서울주거포털 공고문 참조",,,"TAG_REVIEW:현재 태그=다자녀·양육비·생활지원, 태그 핵심어 약함",https://idea.seoul.go.kr/front/freeSuggest/view.do?sn=194145
PROP-194144,2023-03-08,N,미상,0.0,서울시민과 출산율 증가를 위한 여성 달리기 대회,"수고 많습니다.
언론에서 우리나라 출산율이 0.78명이란 소리 듣고, 놀랬습니다.
이스라엘 출산율이 3.1명으로 oecd 최고로 나오네요.
여러가지 원인이 있고 대책이 있겠습니다만, 저는 우리나라 여성들이 정신적 육체적으로 튼튼해지는 게, 느리지만, 정도라고 판단합니다.
선진국에 있는 마라톤 대회도 좋겠습니다만,, 우리는 너무 과하지 않게, 여성 건강달리기 대회를 개최하는게 어떤가요?
즉, 3km, 7km 달리기 대회를 개최해서 3키로 완주한 여성에게는 수건 두장. 7키까지 완주한 여성에게는 수건 두장과 샤워타올(큰 타올)을 기념품으로 주는 겁니다. 남성들은 기념품 없고요. 취지가 여성 기살리기, 여성 몸과 마음을 튼튼히 해서 출산율을 올리자는 기획이니까요.
이스라엘은 여성도 의무적으로 만 2년을 군 복무해야 합니다. 그래도 출산율이 높은 걸 보면, 역시 사람은 사육되는 짐승이 아니라서, 돈 퍼 주고 먹을걸 준다고 출산율이 올라 오는 것은 아닌 듯 합니다. 즉 군대에서 훈련등으로 튼튼한 몸과, 여성으로서 독립적 정신을 배우기 때문일 겁니다.
여성은 본시 자기 애를 갖고 키우고 싶은 본능이 있으나, 현대 사회에서 여러가지 외부 환경조건 외부의 문화에 휘둘려서 출산율이 낮다고 판단됩니다. 즉, 혼인 연령이 늦어지는 문제, 보육에 대한 걱정, 너무 돈과 사회적 지위, 외모지상주의등에 혈안이 되는 사회적 분위기등등
그러나, 달리기나 등산등 인간의 기초 체력을 키워주면, 인간의 본성 여성의 본성을 살리는데 도움이 될 것입니다.
날자을 잡아서 여러 곳에서 동시 개최하는 게 좋겠습니다. 기록이나 등수가 중요하지 않은, 시민 달리기 대회이니까요,
예를 들어서, 한강고수 부지에서 9시 출발하는 조, 10시 출발하는 조, 11시 출발하는 조가 있고, 남산 오르기 대회도 그렇게 시간대 별로 있고, 또한 교통을 통제하여 서울 시내도 가능 하겠지요.
이런 대회를 개최하면 한편으로 서울시민 축제의 날이 될 것 같습니다. 건전한 에너지를 분출하는 날이 되겠지요.
** 읽어 주셔서 고맙습니다. 제가 좋아하는 오세훈시장님이 제 글을 읽어 주셨어면, 큰 영광이겠습니다만.. 하하^^",출산·산후 초기지원,출산가구 초기지원,출산지원금·출생축하,출산·산후 초기지원,가족건강팀,02-2133-9486,다문화지원팀,1순위:가족건강팀 | 2순위:다문화지원팀,0,,,,,"TAG_REVIEW:현재 태그=임신·난임·생식건강, 태그 핵심어 약함",https://idea.seoul.go.kr/front/freeSuggest/view.do?sn=194144
PROP-194132,2023-03-05,N,강북구,1.0,신생아 유축기(모유수유 기구) 대여기간을 확대해 주세요,"서울시 출산 정책 성공을 기원하면서 유축기 대여에 대하여 제안을 드립니다
.
최근 발표에 따르면 우리나라 출산율이
0.78
명이라는 기사를 보았습니다
.
출산 정책이 왜 중요한지 다시 한번 생각을 했습니다
.
임신 및 출산 과정을 옆에서 지켜 보면서 많은 물품들이 필요하다는 것을 알았고 또 많은 돈이 든다는 것도 보고 안타깝고 안쓰럽다는 것을 느꼈습니다.
기
저귀
,
유모차 등 여러가지 물품이 필요하며
,
많은 지출도 하는 것을 지켜 봤습니다
.
그 중에서도 유축기 대여는 좋은 정책이면서 좋게 평가 받지 못하고 있어 제안합니다.
보건소에서 유축기를 대여해 사용하고 있는데 대여 기간이
1
개월이라고 합니다
.
한 달 후에는 꼭 반납하라는 말씀이 있었다고 합니다
.
아니 신생아에게 모유를 한 달만 먹이고 그 이후는 구매를 하라는 취지인지
,
아니면 분유를 먹이라는 것인지 이해가 되지 않습니다
.
서울시 각 보건소에 비축하고 있는 유축기 숫자가 적어서 그런지는 모르겠으나
,
대여를 하려는 산모가 많으면 출산율 제고를 위해서도 얼마나 좋은 정책입니까
.
각 보건소에 충분한 유축기를 보유케 한 후 산모가 필요 할 때까지 대여 기간을 충분히 연장해 주었으면 합니다
.
유축기 대여는 좋은 정책이며 좋은 제도라고 생각을 합니다
.
그러나 대부분의 구청에서 대여 기간이
1~2
개월로 알고 있습니다
.
출산 정책에 그 많은 예산을 지출하면서
1
대 당 약
20여
만원 하는 유축기 보유 숫자가 적어 대여 기간을 1달 밖에 줄 수 없다는 정책이 출산율을 높이는 정책인지 한번 검토해 주시기 바랍니다. 이런 사소한
정책이 출산율을 높이는데 도움이 되지 않을까요
.
개인적인 의견 일수도 있겠으나 한번 검토해 주시기 바랍니다
.
감사합니다
.",출산·산후 초기지원,산모 회복·건강관리,산후우울·산후검진·수유상담,출산·산후 초기지원,가족건강팀,02-2133-9485,저출생사업1팀,1순위:가족건강팀 | 2순위:저출생사업1팀,0,,,,,,https://idea.seoul.go.kr/front/freeSuggest/view.do?sn=194132
PROP-194129,2023-03-05,N,미상,5.0,출산율높이기 위한 복지,"안녕하세요. 미혼여성으로써 출산율을 높일 방법을 제안드립니다.
인연을 만나서 결혼을 결심하는것이 쉽지 않으며, 이에 출산은 다음 단계인점...
출산이 늦어지는 현시점에서 가임여성의 가임기간을 늘리고자 난자동결지원금 지원하는게 좋은방법일듯 합니다.
이에 난자동결후 실험관시술로도 이어질수 있기 때문에 출산 장녀금도 좋지만 출산을할수 있는 가임시기를 연장할수 있게 할수 있으니~! 출산에 의지가 있는 사람들을 지원할수 있다는 정책일듯합니다.
결혼 준비하다 출산에 가로막혀서(혼인신고가 안되면 비지원으로 실험관시술 비용이 많이들어서 그것도 못하고..) 결혼까지 파토나는경우도 보았기에 제안드립니다.
참고로 가까운 일본과 중국에서도 난자동결 지원금이나온다는 기사내용 첨부합니다.",출산·산후 초기지원,출산가구 초기지원,출산지원금·출생축하,출산·산후 초기지원,가족건강팀,02-2133-9486,,1순위:가족건강팀,5,신혼부부 결혼ㆍ살림비용 지원 | 자녀출산 무주택가구 주거비 지원 | 신혼희망타운 | 신혼부부 전용 주택 구입 자금 대출 | 신혼부부 임차보증금 이자 지원,"ㅇ 결혼ㆍ살림 비용 최대 100만원 지원    - 결혼준비 및 혼인살림 장만 관련 비용 지출    ※ 생애 1회 지급   ? 결혼준비 : 혼수, 예식장, 신혼여행, 청첩장 등    ? 혼인살림 : 전자제품, 주방가전... | 월 최대 30만원(2년간 최대 720만원) 주거비 지원 | 신혼희망타운 분양?임대주택 공급 및 청약 자격 제공 | 연 2.55~3.85% 금리로 주택구입 자금 대출, 최대 3억 2천만 원 한도 | - 임차보증금 대출금: 최대 3억원(임차보증금의 90% 이내) - 이자지원 금리: 최대 4.5% - 지원기간: 최장 10년(25.11.20. 부터 최장 12년) ※ 자세한 사항은 서울주거포털 공고문 참조",,,,https://idea.seoul.go.kr/front/freeSuggest/view.do?sn=194129
PROP-194088,2023-02-20,N,미상,20.0,난임부부 지원 확대 부탁드립니다.,"안녕하세요.
저는 결혼한지 5년된 30대 초반 부부입니다.
저희 부부는 워낙 아기를 좋아라 하지만 아직 직장생활한지 얼마 되지 않았었고 결혼하고도 집대출금, 학자금 등으로
아기만나는 것을 미루며 성실히 일하였습니다.
그러다 작년 가을 부터 아기천사 만날 준비를 했으며 시작 전, 산전 검사를 받았습니다.
겉으론 둘다 건강했기에 문제 될게 없다고 생각했는데 막상 산전검사를 받아보니, 난임이라는 판정을 받게됩니다.
사실 이전 난임판정받기전, 저 또한 난임에 대해 관심도 없었고 시험관, 인공수정에 대해서도 관심없던건 사실입니다.
하지만 난임판정받고 막상 시험관시술을 진행하려고 하니, 지원금에 몇만원 차이로 저희는 지원을 받을 수 없다는것을 알게되었습니다.
대한민국에서 부부로 살아가면서 맞벌이 부부안하는 가정이 몇이나 될까요??
장기전이 될수 있는 시험관 지원을 받지 못한다면 저희 부부는 얼마나 시도해야할지 시작 부터 고민되는것이 사실입니다..
시험관 외에도 현재 시술로 인해 들어가는 돈이 어마무시하며, 저희 외에도 부담스럽게 느껴지는 난임 부부들이 많을 것이라 생각됩니다.
시험관 하는 부부에게 모든 지원을 열어주세요.
난임이라는 사실만으로도 너무 힘듭니다. 경제적으로 조금이나마 도움을 주세요.........
저희도 예쁜 아기천사 만나고싶습니다..............",임신·난임·생식건강,난임 지원,난임시술·주사·시술비,임신·난임·생식건강,건강임신지원팀,02-2133-9492,저출생사업1팀 | 생활지원팀,1순위:건강임신지원팀 | 2순위:저출생사업1팀 | 3순위:생활지원팀,5,외국인 가사(육아)인력 시범사업 | 영아 전담 아이돌봄서비스 | 서울형 육아휴직장려금 | 서울형 육아휴직장려금(사업종료) | 서울형 난임부부 시술비 지원,"맞벌이 부부 등 ‘육아 조력자’의 도움이 절실한 자녀양육 가정에 외국인 육아도우미를 활용한 양육지원사업 도입 | 출산휴가, 육아휴직 후 복귀하는 맞벌이 가정을 지원하고자 영아 돌봄 교육을 이수한 전담 돌보미가 영아 이유식 먹이기, 젖병 소독 등 영아 특화 돌봄서비스 제공 | ○ 자녀 1인당 최대 120만원 지원 - 육아휴직기간 연속 6개월 시 60만원, 연속 12개월 경과 시 60만원 추가지급 ※ 부?모 모두 육아휴직 시 각각 지급 (자녀 1인에 대해 가구당 최대 240만원 지급) | ○ 자녀 1인당 최대 120만원 지원 - 육아휴직기간 연속 6개월 시 60만원, 연속 12개월 경과 시 60만원 추가지급 ※ 부?모 모두 육아휴직 시 각각 지급 (자녀 1인에 대해 가구당 최대 240만원 지급) | 난임시술 비용의 본인부담액에 대한 시술별 지원상한액 지원 - 횟수 : 총 25회(누적) - 지원금액: 시술별 1회당 최대 30만원~110만원",,,,https://idea.seoul.go.kr/front/freeSuggest/view.do?sn=194088
PROP-194058,2023-02-14,N,미상,1.0,다둥이 모바일카드(앱) 발급을 제안합니다,다둥이 모바일카드(앱) 발급을 제안합니다,다자녀·양육비·생활지원,다자녀 혜택,다자녀 기준·할인·감면,다자녀·양육비·생활지원,저출생사업1팀,02-2133-5027,생활지원팀,1순위:저출생사업1팀 | 2순위:생활지원팀,0,,,,,,https://idea.seoul.go.kr/front/freeSuggest/view.do?sn=194058
PROP-194046,2023-02-10,N,미상,1.0,저출산 고령화 대비를 위하여,"저출산, 고령화는 전 세계적인 문제이다.
이를 대비해야 하는 예산은 천문학적일 것이다.
저출산, 고령화를 대비를 위한 특수목적 복권의 출시가 필요하다.",출산·산후 초기지원,출산가구 초기지원,출산지원금·출생축하,출산·산후 초기지원,가족건강팀,02-2133-9485,,1순위:가족건강팀,0,,,,,"TAG_REVIEW:현재 태그=주거·교통·도시생활환경, 태그 핵심어 약함",https://idea.seoul.go.kr/front/freeSuggest/view.do?sn=194046
PROP-193970,2023-01-27,N,미상,1.0,도시가스 다자녀 관련,"다자녀 기준이 3명 이상에서 2명 이상으로 변경 되었는데
도시가스 다자녀 혜택은 여전히 3명 이상으로 되어있습니다.
영유아의 체온 유지를 위해 24시간 난방을 해야 하는 상황인데
가스비 인상으로 인한 난방비 폭탄을 맞았습니다.
도시가스도 다자녀 혜택을 2명 이상으로 적용해 주셨으면 합니다.
감사합니다.",다자녀·양육비·생활지원,다자녀 혜택,다자녀 기준·할인·감면,다자녀·양육비·생활지원,저출생사업1팀,02-2133-5025,,1순위:저출생사업1팀,1,다자녀 가구 하수도사용료 감면,하수도 사용료 30% 감면,,,POLICY_REMOVED:차량 취득세 요구가 아닌 제안에 취득세 정책 후보: 다자녀 가구 자동차 취득세 감면 || POLICY_REMOVED:차량 취득세 요구가 아닌 제안에 취득세 정책 후보: 다자녀 가구 자동차 취득세 감면 || POLICY_REMOVED:차량 취득세 요구가 아닌 제안에 취득세 정책 후보: 다자녀 가구 자동차 취득세 감면 || POLICY_REMOVED:차량 취득세 요구가 아닌 제안에 취득세 정책 후보: 다자녀가구 자동차 취득세 취약계층 감면,https://idea.seoul.go.kr/front/freeSuggest/view.do?sn=193970
PROP-193946,2023-01-20,N,미상,0.0,임산부 입덧약 지원,임산부 입덧약값이 너무 비싸서 100만원 임신지원비를 초기에 너무많이 써버리네요. 입덧 정말 힘든데 임신지원비가 100만원으로 올라 감사하고 도움이 되지만 입덧약지원도 같이 된다면 좋겠어요..,임신·난임·생식건강,임산부 건강·배려,임산부 건강관리·배려,임신·난임·생식건강,건강임신지원팀,02-2133-9491,가족지원팀 | 저출생사업1팀,1순위:건강임신지원팀 | 2순위:가족지원팀 | 3순위:저출생사업1팀,5,"35세 이상 임산부 외래 진료 및 검사비 지원 | 임산부 엽산제, 철분제 지원 | 서울시 난임?임산부심리상담센터 운영 | 맘편한 임신 원스톱서비스(임산부?출산전 제공) | 임산부 출산급여 지원","의료비 부담이 큰 35세 이상 산모 대상 외래진료 및 검사에 소요되는 비용을 소득과 무관하게 최대 50만원까지 지원 (24년 3월 사회보장제도 신설 협의 완료, 24년 8월까지 사업추진을 위한  사전절차 진행 예정으... | 지원내용 (엽산제) 임신 전후 3개월까지 엽산제 지원  (철분제) 임신 16주부터 철분제 5개월분  신청방법 주소지 보건소에 방문하거나 온라인(정부24)으로 신청 | 난임부부, 유산?사산 경험부부, 임산부 및 양육모의 정서적 안정을 위해 전담 상담사가 등록부터 종결까지 1:1 상담 및 다양한 프로그램을 운영 | 임산부 엽산제?철분제 지급 등 임신 전?중 통합 서비스 제공 | ㅇ 임산부 출산급여 90만원 지원     ※고용노동부 ‘고용보험 미적용자 출산급여’ 150만원에 추가지원",,,,https://idea.seoul.go.kr/front/freeSuggest/view.do?sn=193946
PROP-193929,2023-01-18,N,미상,6.0,난임 시술 지원비 대상자  전부  지원,"맞벌이 부부 웬만하면 합산 금액이 자격 제한에 걸림니다 보통 대출이자 내고 생활하다보면 시술비가 엄청 부담이 됩니다
저출산이 심각한데 돈있고 없고의  문제가  아니라 무조건 낳아야 하는 현실 입니다
대구광역시에서도 대상  확대 하였습니다",임신·난임·생식건강,난임 지원,난임시술·주사·시술비,임신·난임·생식건강,건강임신지원팀,02-2133-9491,저출생사업1팀,1순위:건강임신지원팀 | 2순위:저출생사업1팀,5,외국인 가사(육아)인력 시범사업 | 영아 전담 아이돌봄서비스 | 서울형 강소기업 지원 | 서울형 강소기업 지원(사업종료) | 서울형 육아휴직장려금,"맞벌이 부부 등 ‘육아 조력자’의 도움이 절실한 자녀양육 가정에 외국인 육아도우미를 활용한 양육지원사업 도입 | 출산휴가, 육아휴직 후 복귀하는 맞벌이 가정을 지원하고자 영아 돌봄 교육을 이수한 전담 돌보미가 영아 이유식 먹이기, 젖병 소독 등 영아 특화 돌봄서비스 제공 | ① 청년 정규직 채용 시, 사내복지 개선 등 근무환경개선금 최대 45백만원 지원 ② 육아휴직자 대체 청년인턴에 최대 23개월 인건비 지원으로 업무공백 해소 ③ 육아친화 및 일?생활 균형 조직문화 조성을 위한 교육?컨... | ① 청년 정규직 채용 시, 사내복지 개선 등 근무환경개선금지원(최대 3명) ② 육아친화 및 일?생활 균형 조직문화 조성을 위한 교육?컨설팅 지원 ③ 마음챙김, 스트레스 관리로 신입사원 번아웃 예방을 위한 청년성장 프... | ○ 자녀 1인당 최대 120만원 지원 - 육아휴직기간 연속 6개월 시 60만원, 연속 12개월 경과 시 60만원 추가지급 ※ 부?모 모두 육아휴직 시 각각 지급 (자녀 1인에 대해 가구당 최대 240만원 지급)",,,,https://idea.seoul.go.kr/front/freeSuggest/view.do?sn=193929
PROP-193892,2023-01-10,N,미상,1.0,키움센터 늘려주세요,번3동주민입니다. 키움센테배치는 도대체 어떤 기준으로 만들어진건가요?? 번3동 번동초등학교 주변 얼마나 많은 아이들이 있고 혜택을 보지못하는 사람들도 많습니다. 장애인 센터만 지을께 아니라 우리아이들이 안전하게 보호받고 맡아줄 기관이 꼭 필요합니다.,보육·돌봄 인프라,초등돌봄,초등돌봄·방과후,보육·돌봄 인프라,돌봄사업팀,02-2133-6560,가족지원팀 | 저출생사업1팀,1순위:돌봄사업팀 | 2순위:가족지원팀 | 3순위:저출생사업1팀,0,,,,,,https://idea.seoul.go.kr/front/freeSuggest/view.do?sn=193892
PROP-193884,2023-01-08,N,미상,0.0,서울시 각  구별로 공동 육아장을 만들면 어떨지요?,"오세훈 서울 시장님의 인스타 그램에도 올렸습니다만
다시 올립니다.
서울에 공동 육아장을 건설을 했으면 합니다.
아파트 같은 경우는 관리 사무소 등이 되겠네요.
펭귄이 어른 펭귄들이 먹이를 사냥하러 가면 나머지 어른 펭귄들이
새끼들을 돌보죠. 그거랑 비슷 합니다.
막 젖 먹이를 뗀 아이 즉, 100일이 지난 아이들 부터 2-3세 아이까지 양육을 하는 겁니다.
아이들의 지능 발달 등 전문적인 교육을 받은 육아 전문 선생님들 2-3명과 함께
중고등학교 봉사하는 학생들
중고등학교 봉사하는 학생들은 아이키우는 어려움을 직접 몸소 체험을 해서
문제가 되는 10대 임신 같은 것도 해결할수 있을 겁니다.
그리고 대딩들은 봉사 학점으로 해서 같은 공동 육아장을 계속 적어도 1년 이상
다닐수 있게 하면 될듯 합니다.
여기서 가장 중요한 것은 아이들의 건강 상태이기도 하지만, 아이들의
지능 발달에 가장 신경써야 한다는 거죠.
예를 들면 아이들 마시지 해주면 지능에 긍정적인 영향을 준다고 하죠.
그리고 당연 가장 중요한 아이의 건강이니 입구에 소독하는 장치를 비치하는
것은 물론 이구요, 어머니들 응축한 젖 보관하는 냉장고 등
여러 시설이 필요하겠지요.
전문 육아 전문가 님들의 인건비는 국비와 부모님들의 부담으로
해결할수 있을 듯 합니다.",정보·상담·교육·거버넌스,정보 접근성,일반 출산정책 안건,정보·상담·교육·거버넌스,저출생사업1팀,02-2133-5027,건강임신지원팀,1순위:저출생사업1팀 | 2순위:건강임신지원팀,0,,,,,,https://idea.seoul.go.kr/front/freeSuggest/view.do?sn=193884
PROP-193853,2023-01-02,N,미상,10.0,가정어린이집 관리방안 수립,"맞벌이 가정입니다.
주변에 도움주실분은 없습니다.
18개월 아기가 22년 6월부터 가정 어린이집에 다니기 시작했고 적응기를 거쳐서 금년 2월에 복직이 예정되어 있습니다.
헌데 갑작스럽게 어린이 집이 없어진다고 합니다.
행정상으로는 폐지 2달 전 통보하면 문제가 없다고합니다.
다른 어린이집이 두달만에 구해지기는 하며, 구해진다고 한들 아기가 적응은 어떻게 합니까?
담당 공무원은 가정어린이집은 자영업자와 마찬가지라 어쩔수 없다는 말만 합니다.
그럼 국가에서 지원금은 왜 주는거며 허가는 왜 그렇게 쉽게 내어줍니까?
몇차례 언론에도 문제제기가 있었는데도 도데체 왜 해결이 안되는건지 모르겠습니다.
서울시에서는 통화연결음만 아이 키우기 좋은도시라고 홍보만 하면 육아와 출산문제가 해결된다고
생각하시는 건가요?
집주인이 세입자한테도 이렇게 못하는 법까지 있는데 한 학기 전이든, 통폐합에 따른 행정적 지원조치든
개선대책이 필요하다고 생각합니다.
복직하지 못해 생기는 직업적 불이익이나, 금전적 손실, 아이양육 등 온전이 피해는 부모들이 받아야 합니다.
정말 맞벌이 부부는 그냥 아이 낳지 말고 살라고 적극 홍보하고 싶은 심정입니다.
시장님의 적극적인 시정을 요청드립니다.
감사합니다.",보육·돌봄 인프라,어린이집·유치원,보육시설·유아교육,보육·돌봄 인프라,가족지원팀,02-2133-6562,돌봄사업팀,1순위:가족지원팀 | 2순위:돌봄사업팀,5,1인 자영업자?프리랜서 배우자 출산휴가 지원금 | 외국인 가사(육아)인력 시범사업 | 1인 자영업자 등 배우자 출산휴가급여 지원 | 배우자 출산휴가 지원금 | 영아 전담 아이돌봄서비스,"1인 자영업자 등에 배우자 출산휴가급여 80만원 지원 | 맞벌이 부부 등 ‘육아 조력자’의 도움이 절실한 자녀양육 가정에 외국인 육아도우미를 활용한 양육지원사업 도입 | 1인 자영업자 등에 배우자(남편) 출산휴가급여 최대 120만원(15일분) 지원 (2026.1.1. 기준 출생아부터 적용) - 2025년 출생아는 최대 80만원(10일분) 지원 ㅇ 지원대상에 대한 자격요건 완화(202... | ㅇ 임산부 배우자를 둔 1인 자영업자?프리랜서에 배우자 출산휴가 지원금 80만원 지원 | 출산휴가, 육아휴직 후 복귀하는 맞벌이 가정을 지원하고자 영아 돌봄 교육을 이수한 전담 돌보미가 영아 이유식 먹이기, 젖병 소독 등 영아 특화 돌봄서비스 제공",,,,https://idea.seoul.go.kr/front/freeSuggest/view.do?sn=193853
PROP-193765,2022-12-16,N,미상,2.0,서울시 신혼부부 임차보증금 이자지원사업 금리 지원 확대 제안,서울시 신혼부부 임차보증금 이자지원사업 금리 지원 확대 제안,주거·교통·도시생활환경,출산가구 주거,신혼부부·출산가구 주거지원,주거·교통·도시생활환경,저출생사업1팀,02-2133-5021,,1순위:저출생사업1팀,4,신혼부부 결혼ㆍ살림비용 지원 | 신혼희망타운 | 신혼부부 전용 주택 구입 자금 대출 | 신혼부부 임차보증금 이자 지원,"ㅇ 결혼ㆍ살림 비용 최대 100만원 지원    - 결혼준비 및 혼인살림 장만 관련 비용 지출    ※ 생애 1회 지급   ? 결혼준비 : 혼수, 예식장, 신혼여행, 청첩장 등    ? 혼인살림 : 전자제품, 주방가전... | 신혼희망타운 분양?임대주택 공급 및 청약 자격 제공 | 연 2.55~3.85% 금리로 주택구입 자금 대출, 최대 3억 2천만 원 한도 | - 임차보증금 대출금: 최대 3억원(임차보증금의 90% 이내) - 이자지원 금리: 최대 4.5% - 지원기간: 최장 10년(25.11.20. 부터 최장 12년) ※ 자세한 사항은 서울주거포털 공고문 참조",,,,https://idea.seoul.go.kr/front/freeSuggest/view.do?sn=193765
PROP-193727,2022-12-12,N,미상,1.0,임신부석 버튼 신설,"현재 임신부에게 임신부 뱃지를 제공하고 있으니 시민의식, 버스 내 혼잡 상태로 임신부에게 양보하는 시스템이 미비합니다.
더 임신부 뱃지 및 임신부석의 활발한 활용을 위해 임신부 바스 탑승 시 버튼을 누르면 임신부석 옆에 버튼이 반짝거리는 표시를 해 임신부석에 앉아 있는 비임신부들이 임신부가 왔다는걸 알려줘 양보하게끔 해야합니다.
이에 이 정책을 제안하며 몸이 불편한 임신부들에게 임신부석을 잘 활용하게끔 서울시의 도움이 필요합니다",임신·난임·생식건강,임산부 건강·배려,임산부 건강관리·배려,임신·난임·생식건강,건강임신지원팀,02-2133-9491,가족지원팀 | 저출생사업1팀,1순위:건강임신지원팀 | 2순위:가족지원팀 | 3순위:저출생사업1팀,0,,,,,,https://idea.seoul.go.kr/front/freeSuggest/view.do?sn=193727
PROP-193726,2022-12-12,N,미상,1.0,야간 소아응급 의료진 확충 방안 건의,"요즘 소아응급 전문 의료진 부족으로 상급종합병원(3차)에서도 야간 소아응급환자를 받지 못한다고 합니다.
제도적으로 재원을 마련해 구마다 적어도 한 병원은 소아응급환자를 받을 수 있도록 지원하는 것을 적극 건의드립니다.
이천시는 예산지원을 통해 2023년부터 야간 소아응급진료를 시작한다고 합니다. (참고: http://www.joongboo.com/news/articleView.html?idxno=363569754)
물론 서울도 현재 서울대어린이병원과 서울아산병원에서 소아응급환자를 받고 있지만, 인구수에 비해서 턱없이 부족합니다.
영,소아들이 응급실 앞에서 발걸음을 돌리는 경우가 많으니, 숙고 부탁드립니다.",보육·돌봄 인프라,아동 건강·의료 접근성,소아응급·야간진료·영유아검진,보육·돌봄 인프라,돌봄사업팀,02-2133-6560,저출생사업1팀,1순위:돌봄사업팀 | 2순위:저출생사업1팀,0,,,,,"TAG_REVIEW:현재 태그=보육·돌봄 인프라, 태그 핵심어 약함 || TAG_REVIEW:현재 태그=보육·돌봄 인프라, 태그 핵심어 약함",https://idea.seoul.go.kr/front/freeSuggest/view.do?sn=193726
PROP-193715,2022-12-10,N,미상,7.0,지하철 임산부석 위한 벨,"지하철에서 임산부석을 위한 아이디어
칸마다 벨을 설치하여 임산부가 탔을때 벨을 누르면 임산부가 탔다는 멘트가 나오면 그 칸에 타신분들이 인지하고 임산부석을 사용할수 있게 하는 시스템
임산부 중에서도 운동삼아 서 있고 싶어 하시는 분도 계실수 있으니 벨이 눌러지지 않으면 일반인들도 앉을수 있지 않을까요.",임신·난임·생식건강,임산부 건강·배려,임산부 건강관리·배려,임신·난임·생식건강,건강임신지원팀,02-2133-9491,가족지원팀 | 저출생사업1팀,1순위:건강임신지원팀 | 2순위:가족지원팀 | 3순위:저출생사업1팀,1,임산부 배려공간 조성,ㅇ 교통 약자인 임산부의 엘리베이터 안전사고 예방 및 배려문화 확산을 위해 엘리베이터 내?외부에 임산부 배려공간 조성(엠블럼 부착)   - 임산부를 위해 해당 공간을 비워두고 양보하는 사회 분위기 확산 유도 ㅇ 임산...,,,,https://idea.seoul.go.kr/front/freeSuggest/view.do?sn=193715
PROP-193695,2022-12-08,N,미상,5.0,저출산 문제가 조금 걱정이 됩니다.,"？？요즘 계속 뉴스에서 저출산에 관련된 내용들이 많이 나오는 것 같은데요, 확실히 저출산으로 인해 야기될 수 있는 문제들이 많고, 또 그 문제들이 결코 작은 문제들이 아니어서 저출산에 관련된 정책들이 더 적극적으로 나왔으면 좋겠다는 생각이 듭니다.
물론 서울시에서는 이미 충분히 많은 좋은 정책들을 펼치고 있다는 것을 알고 있고 감사하게 생각하고 있습니다. 저는 아이들의 부모님들도 좋지만 아이들에 초점이 맞춰진 정책들도 필요하다는 생각을 합니다.
어린이들이 더 안전하고 자유롭게 놀 수 있는 공간, 즉 공원, 동물원, 어린이 놀이터를 만드는 것입니다. 아이들이 집에서 휴대폰 보고 인터넷을 보는 것보다는 자유롭고, 안전한 곳에서 재밌게 놀고, 새로운 친구들도 사귀고, 부모님들은 같이 따라서 산책도 한다면 아이들이 자라기에 더할 나위 없이 좋은 환경일 것입니다. 이렇게 좋은 환경에서 더 많은 사람들이 아이들을 키우고 싶다는 생각을 할 수 있습니다.
잘 준비되고 잘 만들어진 교육 프로그램들을 개발하는 것입니다. 요즘은 어른들도 미래가 확실치 않고, 취업 걱정, 먹고 살 걱정을 합니다. 하지만 어릴 때 코딩 교육을 받는 프로그램이나, 누구나 축구 선수처럼 훈련을 받을 수 있는 그러한 프로그램들을 제공한다면 아이들은 일찍 자신의 진로를 찾도록 도울 수 있고, 자신들의 장점들을 살려 더 훌륭한 사람으로 성장하는 밑거름이 될 것입니다. 부모님들도 이러한 좋은 시스템에서 더 많이 아이들을 키우고 싶다는 생각이 들 것입니다.？？",출산·산후 초기지원,출산가구 초기지원,출산지원금·출생축하,출산·산후 초기지원,가족건강팀,02-2133-9485,,1순위:가족건강팀,0,,,,,"TAG_REVIEW:현재 태그=주거·교통·도시생활환경, 태그 핵심어 약함",https://idea.seoul.go.kr/front/freeSuggest/view.do?sn=193695
PROP-193669,2022-12-05,N,미상,0.0,서울시에서 세계 최저 출산율 개선 제언,"1. 제언사유
ㅇ“한국 260조 원 퍼부어도 세계 최저 출산율”(CNN뉴스, '22.12.5)
ㅇ국내 출산율 전국 0.8, 서울시 0.63 ('22.8월기준 통계청자료)
2. 문제점
ㅇ아파트 고밀화 및 COVID-19이후 동네 아이들과의 교류 저조
ㅇ3高 시대 물가폭등으로 인해 유아 및 어린이들의 실내놀이터 이용료 고가 책정으로 부모들의 경제력 약화
- 수도권 프라이빗 키즈카페 대관(20만원/4-5시간), 일반 키즈카페 사용(3만원/1-2시간) 등
3. 추진대책
ㅇ서울시-(서울시내)공공기관 협의를 통해 회의실 휴일 개방 등 공간 활용을 통해 유아, 어린이들 실내놀이터 개방 활용
- 공공기관 : 장소 제공, 내부관리 : 청소용역 및 서울시 소관
- One-strike 아웃제도(가칭) 신설을 통해 시설물 파손 및 사고유발 가족 사용금지 시행(+최소 3개월 등)
ㅇ적정수준의 사용요금 책정 및 주차편의 등으로 유아, 어린이들이 편하게 놀 수 있는 공간 제공
※ 사설 키즈카페 대비 최소한의 육아 놀이시설 확보로 키즈사업주 피해 최소화
4. 기대효과
ㅇ개방 시 부모공간 내 서울시 및 공공기관 특성, 소개자료 게시를 통한 내방 시민들의 기관 이해도 향상
ㅇ서울시민 및 자녀들의 자부심 향상",출산·산후 초기지원,출산가구 초기지원,출산지원금·출생축하,출산·산후 초기지원,가족건강팀,02-2133-9485,저출생사업1팀,1순위:가족건강팀 | 2순위:저출생사업1팀,0,,,,,"TAG_REVIEW:현재 태그=주거·교통·도시생활환경, 태그 핵심어 약함",https://idea.seoul.go.kr/front/freeSuggest/view.do?sn=193669
PROP-193638,2022-12-01,N,미상,2.0,어린이 보호구역 알림 전광판,"운전을 하다보면 자주 지나가는 도로가 아닌경우, 어린이 보호 구역인지 잘 모르거나 진입후 늦게 알게 될때가 종종 있는데,
어린이 보호구역에선 운전자가 정면에서 보일수 있게 LED전광판 같은 불빛으로 눈에 띄게 알려주었으면 좋겠습니다!!
특히 우회전시 횡단보고 근처에 우회전 신호등처럼 어린이보호 구역 알림표시를 불빛으로 하면 사고가 줄어들지 않을까 생갑됩니다.",정보·상담·교육·거버넌스,정보 접근성,일반 출산정책 안건,정보·상담·교육·거버넌스,저출생사업1팀,02-2133-5027,가족건강팀 | 생활지원팀,1순위:저출생사업1팀 | 2순위:가족건강팀 | 3순위:생활지원팀,0,,,,,"TAG_REVIEW:현재 태그=정보·상담·교육·거버넌스, 태그 핵심어 약함 || TAG_REVIEW:현재 태그=정보·상담·교육·거버넌스, 태그 핵심어 약함",https://idea.seoul.go.kr/front/freeSuggest/view.do?sn=193638
PROP-193598,2022-11-23,Y,미상,302.0,어린이집 조리사 처우개선비 기준 완화 건의,"안녕하세요.
항상 서울시를 위해 힘써주시는 많은 분들께 감사드립니다.
다름이 아니라,
어린이집 조리사 처우개선비 지급 기준과 관련하여 건의드립니다.
현재 어린이집의 보육교직원은
영유아보육법 제 17조 및 시행규칙 제 10조에 따라 의무적으로 배치하도록 한 보육교직원(보육교사, 간호사, 영양사, 조리원)에 한하여 지자체마다 매월 일정금액의 처우개선비가 지급되고 있습니다.
하지만 위의 직종 중 '조리원'의 경우에는 현원 기준 40인 이상일 경우에만 지급한다는 조건이 있습니다.
어린이집 조리원의 근무환경은 일부 대형원을 제외한 대부분의 원이 1인의 조리원이 근무를 하는 구조이고 조리원의 임금은 '최저임금'에 맞추어져 있습니다(업무 대비 현저히 낮은 금액으로 책정되어 있다고 생각합니다).
최저임금과 경력에 따른 호봉상승이 있지만, 하루 종일 서서 일을 하고, 아이들의 급간식을 책임지고 있기에 공휴일을 제외하고 평일은 모두 운영이되는 어린이집이라는 근무환경에서 휴가를 가기도 쉽지 않은 상황입니다.
이런 상황임에도 아이들의 급간식을 놓치지 않고 제공하기 위해 매일 애쓰시는 조리원분들의 처우개선비도 현원이라는 제한 기준 없이 매월 고르게 지급되어야 한다고 생각합니다.
매월 일정 금액을 수당으로 받다가 원아가 감소함으로 인하여 받지 않게 된다면 그분들의 생계에 타격이생기고, 이로 인해 장기적으로 이 직종에 오래 근무할 사람은 점점 적어지겠지요.
저출산이 가속화되고 있는 상황이라 전반적으로 어린이집 입소 아동이 감소하고 있는 상황입니다.
어린이집 인원의 감소가 조리원분들의 잘못은 아닐터인데 조리원의 처우개선비만 조건부로 제공이 되고, 그 조건에 따라 월 보수총액이 달리지는 것은 매우 불합리한 일이라고 생각됩니다.
아이들이 미래라는 것은 누구보다 잘 아실 것이라 생각합니다.
한 명의 아이를 키우려면 온 마을이 도와야한다는 말도 있지요. 어린이집 종사자들이 최선을 다해서 아이들을 키워낼 수 있도록 종사자 처우개선에 대해 고민해주시기를 부탁드립니다.
감사합니다.",보육·돌봄 인프라,어린이집·유치원,보육시설·유아교육,보육·돌봄 인프라,돌봄사업팀,02-2133-6560,가족건강팀,1순위:돌봄사업팀 | 2순위:가족건강팀,5,어린이집 영유아 방문건강관리 서비스 지원 | 서울형어린이집 | 서울형 0세 전담반 어린이집(사업종료) | 서울형 0세 전담반 어린이집 | 서울형 시간제 전문 어린이집,어린이집으로 방문건강간호사가 찾아가서 건강관리 및 건강교육서비스 제공 | 공인평가를 통하여 우수한 민간 어린이집을 선정하고 인건비 및 운영비를 지원함으로써 향상된 보육서비스를 안정적으로 제공 | 12개월 미만의 영아 보육에 적합한 ‘0세 전담반’  어린이집 100개반 선정 운영 | 12개월 미만의 영아 보육에 적합한 ‘0세 전담반’  어린이집 100개반 선정 운영 | 가정양육 또는 타 기관 이용 보호자 등 누구나 필요시 시간 단위로 이용할 수 있는 보육서비스,,,,https://idea.seoul.go.kr/front/freeSuggest/view.do?sn=193598
PROP-193589,2022-11-21,N,미상,0.0,국공립/구립 어린이집 0세반 입소 관련 제안 및 요청,"안녕하세요. 연일 격무에 노고가 많으십니다.
0세 어린이집 입소 관련, 제도상 고려되지 못한 점이 있는 것으로 보여 말씀드리고자 글 적습니다.
짧게 요약드리면, 22년 12월 31일에 태어나는 아이의 경우 23년 0세반에 지원조차 못해보고 바로 대기명단으로 들어가게 되는 상황이 발생할 수 있습니다.
현 상황
1. 현재 아이사랑포털상에는 보건복지부 지침으로 인해 22년 11월 1일부터 23년 원아에 대한 사전확정이 가능하게 되어있음.
2. 사전확정 일자의 경우, 별도의 제한 없이 각 어린이집 사정에 맞게 원장님 재량 하에 22년 11월1일부터 언제든 사전확정이 가능하게 되어있음.
3. 23년 0세반의 경우, 원장님 재량에 따라 22년 11월 혹은 12월 중 사전확정을 진행하게 되는 경우에 사전확정일자 이후에 태어나는 22년생 아동들은 순위에 따른 경쟁 참여pool에 들어보지도 못하고 바로 대기상태의 입소신청만 가능함.
(ex. 한 어린이집에서 0세반 사전확정을 다른나이 반과 일자를 맞춘다고 22년 12월 1일에 하게 되는 경우, 22년 11월까지 출생등록을 한 아동의 경우에는 22년 1월생과 동등한 조건에서 점수에 따른 순위비교가 가능하지만, 22년 12월에 태어난 아동은 이미 확정이 끝난 어린이집에 대기로 이름을 올려야함)
4. 이는 일부 22년 11월생 혹은 12월 생에 대해 보육기회자체가 박탈 당하는 상황으로 보이나, 어린이집에서는 시스템이 이미 열려 있으며 기존 공지가 나갔다는 이유로 기존 공지된 날짜대로 진행을 하려고 함.
제안드리는점
1. 위에 기술한 바와 같이, 일부 22년 11월생 혹은 12월 생에 대해 보육기회자체가 박탈 당하는 일이 없도록 23년 0세반의 경우에 한해서라도 사전 확정 일자를 금년도에 하지 않도록 서울시 차원에서의 협조공문발송 혹은 관리감독을 요청드림.
부디 22년 11월, 12월 출생 예정인 아동들에게까지도 23년 0세반 지원에 있어 동등하게 기회가 부여될 수 있도록,
검토 및 적합한 조치를 요청드리는 바입니다.
감사합니다.",보육·돌봄 인프라,어린이집·유치원,보육시설·유아교육,보육·돌봄 인프라,돌봄사업팀,02-2133-6560,생활지원팀,1순위:돌봄사업팀 | 2순위:생활지원팀,5,어린이집 영유아 방문건강관리 서비스 지원 | 서울형어린이집 | 서울형 0세 전담반 어린이집(사업종료) | 서울형 0세 전담반 어린이집 | 서울형 시간제 전문 어린이집,어린이집으로 방문건강간호사가 찾아가서 건강관리 및 건강교육서비스 제공 | 공인평가를 통하여 우수한 민간 어린이집을 선정하고 인건비 및 운영비를 지원함으로써 향상된 보육서비스를 안정적으로 제공 | 12개월 미만의 영아 보육에 적합한 ‘0세 전담반’  어린이집 100개반 선정 운영 | 12개월 미만의 영아 보육에 적합한 ‘0세 전담반’  어린이집 100개반 선정 운영 | 가정양육 또는 타 기관 이용 보호자 등 누구나 필요시 시간 단위로 이용할 수 있는 보육서비스,,,,https://idea.seoul.go.kr/front/freeSuggest/view.do?sn=193589
PROP-193577,2022-11-18,N,미상,5.0,서울형키즈카페,"서울형 키즈카페 너무 부럽습니다.
은평구에도 어서 빨리 생겼으면 좋겠어요
은평구에 아이들 정~~~말 많거든요? 그런데 이번 여름에 다른 지역으로 물놀이터 찾아 헤맬때
정말 슬펐어요..(은평구는 제대로 된 물놀이터 없거든요). 은평구는 인구밀집은 엄청난데 아이들도 많고.. 그에비해 아이들 데리고 갈 곳이 없어요
물론 양쪽부모 다 있고 여유있는 집들은 좋은데 놀러가고 이런 생각 안하겠지요
근데 정말로 맞벌이 부부 랄지.. 한부모 가정이랄지.. 혼자서 육아를 하는 집들은 주말에 정말 어디 갈 데가 없어요
가까운 키즈카페도 두 곳이나 문 닫고 그나마 있는 곳 찾아서 원정가야합니다. 아파트에 안 사는 사람들은
놀이터도 찾아 헤매기 일쑤입니다. 서울시에서 부모가 행복한 서울~ 이렇게 표어를 내걸어도 괴리감이 느껴져요
제가 느끼는 온도차가 심하달까요. 특정 구에만 설치하지마시고 대대적으로 같이 해주셨으면 좋겠고 구 내에서도
경쟁이 치열하니 좀더 많이 개설해주셨으면 좋겠습니다.",보육·돌봄 인프라,아동 놀이·체험공간,공공키즈카페·수유실·유아휴게실,보육·돌봄 인프라,가족지원팀,02-2133-6562,돌봄사업팀 | 저출생사업1팀,1순위:가족지원팀 | 2순위:돌봄사업팀 | 3순위:저출생사업1팀,5,외국인 가사(육아)인력 시범사업 | 영아 전담 아이돌봄서비스 | 서울형 손주돌봄수당 지원(민간형) | 서울형 손주돌봄수당 지원(친인척형) | 서울형 아이돌봄비 지원,"맞벌이 부부 등 ‘육아 조력자’의 도움이 절실한 자녀양육 가정에 외국인 육아도우미를 활용한 양육지원사업 도입 | 출산휴가, 육아휴직 후 복귀하는 맞벌이 가정을 지원하고자 영아 돌봄 교육을 이수한 전담 돌보미가 영아 이유식 먹이기, 젖병 소독 등 영아 특화 돌봄서비스 제공 | 영아를 키우는 가정에서 조부모(4촌 이내 친인척 포함)가 영아를 돌보는 경우 또는 서울시에서 지정한 민간기관의 손주돌봄 서비스를 이용 시 돌봄 비용을 지원(택1)하여 가정의 양육부담 경감 ① 친인척 조력자 손주돌봄수... | 영아를 키우는 가정에서 조부모(4촌 이내 친인척 포함)가 영아를 돌보는 경우 또는 서울시에서 지정한 민간기관의 손주돌봄 서비스를 이용 시 돌봄 비용을 지원(택1)하여 가정의 양육부담 경감 ① 친인척 조력자 손주돌봄수... | 영아를 키우는 가정에서 조부모(4촌 이내 친인척 포함)가 영아를 돌보는 경우 또는 서울시에서 지정한 민간기관의 아이돌봄서비스를 이용 시 돌봄 비용을 지원(택1)하여 가정의 양육부담 경감 ① 친인척 조력자 아이돌봄비 ...",,,,https://idea.seoul.go.kr/front/freeSuggest/view.do?sn=193577
PROP-193539,2022-11-10,N,미상,0.0,서울시 신혼부부 임차보증금 연장,"신혼부부 입니다.
서울시 신혼부부 임차보증금 상품 대출 후 갱신시
소득이 초과되면 연장이 불가
하게 되어있습니다.
고금리, 부동산 버블 시대에 임차보증금 연장이 되지 않으면.. 너무 막막합니다..
소득이 초과되더라도 연장이 가능하도록 부탁드립니다",주거·교통·도시생활환경,출산가구 주거,신혼부부·출산가구 주거지원,주거·교통·도시생활환경,저출생사업1팀,02-2133-5027,,1순위:저출생사업1팀,4,신혼부부 결혼ㆍ살림비용 지원 | 신혼희망타운 | 신혼부부 전용 주택 구입 자금 대출 | 신혼부부 임차보증금 이자 지원,"ㅇ 결혼ㆍ살림 비용 최대 100만원 지원    - 결혼준비 및 혼인살림 장만 관련 비용 지출    ※ 생애 1회 지급   ? 결혼준비 : 혼수, 예식장, 신혼여행, 청첩장 등    ? 혼인살림 : 전자제품, 주방가전... | 신혼희망타운 분양?임대주택 공급 및 청약 자격 제공 | 연 2.55~3.85% 금리로 주택구입 자금 대출, 최대 3억 2천만 원 한도 | - 임차보증금 대출금: 최대 3억원(임차보증금의 90% 이내) - 이자지원 금리: 최대 4.5% - 지원기간: 최장 10년(25.11.20. 부터 최장 12년) ※ 자세한 사항은 서울주거포털 공고문 참조",,,,https://idea.seoul.go.kr/front/freeSuggest/view.do?sn=193539
PROP-193454,2022-10-30,N,미상,3.0,인도에서 흡연 및 오토바이. 유모차 끌고다니기 무섭다,"인도에서 흡연하는 사람. 인도에서 주행하는 오토바이 너무 많습니다.
유모차 끌고 다니기가 무섭게 많습니다.
이런 기본적인 것도 해결못하는데 무슨 다른 복지를 말하고자합니까.",주거·교통·도시생활환경,유모차 이동권,유모차·유아차 이동편의,주거·교통·도시생활환경,저출생사업1팀,02-2133-5027,생활지원팀,1순위:저출생사업1팀 | 2순위:생활지원팀,0,,,,,,https://idea.seoul.go.kr/front/freeSuggest/view.do?sn=193454
PROP-193443,2022-10-28,N,미상,1.0,대중교통 임산부석을 임산부가 앉을수있도록 배려해주세요!!,대중교통 임산부석을 임산부가 앉을수있도록 배려해주세요!!,임신·난임·생식건강,임산부 건강·배려,임산부 건강관리·배려,임신·난임·생식건강,건강임신지원팀,02-2133-9491,저출생사업1팀 | 생활지원팀,1순위:건강임신지원팀 | 2순위:저출생사업1팀 | 3순위:생활지원팀,1,임산부 배려공간 조성,ㅇ 교통 약자인 임산부의 엘리베이터 안전사고 예방 및 배려문화 확산을 위해 엘리베이터 내?외부에 임산부 배려공간 조성(엠블럼 부착)   - 임산부를 위해 해당 공간을 비워두고 양보하는 사회 분위기 확산 유도 ㅇ 임산...,,,,https://idea.seoul.go.kr/front/freeSuggest/view.do?sn=193443
PROP-193371,2022-10-12,N,미상,5.0,미세먼지 취약계층(임산부) 지원으로 안전한 환경조성,미세먼지 취약계층(임산부) 지원으로 안전한 환경조성,임신·난임·생식건강,임산부 건강·배려,임산부 건강관리·배려,임신·난임·생식건강,건강임신지원팀,02-2133-9491,저출생사업1팀 | 생활지원팀,1순위:건강임신지원팀 | 2순위:저출생사업1팀 | 3순위:생활지원팀,5,"35세 이상 임산부 외래 진료 및 검사비 지원 | 임산부 엽산제, 철분제 지원 | 서울시 난임?임산부심리상담센터 운영 | 맘편한 임신 원스톱서비스(임산부?출산전 제공) | 임산부 출산급여 지원","의료비 부담이 큰 35세 이상 산모 대상 외래진료 및 검사에 소요되는 비용을 소득과 무관하게 최대 50만원까지 지원 (24년 3월 사회보장제도 신설 협의 완료, 24년 8월까지 사업추진을 위한  사전절차 진행 예정으... | 지원내용 (엽산제) 임신 전후 3개월까지 엽산제 지원  (철분제) 임신 16주부터 철분제 5개월분  신청방법 주소지 보건소에 방문하거나 온라인(정부24)으로 신청 | 난임부부, 유산?사산 경험부부, 임산부 및 양육모의 정서적 안정을 위해 전담 상담사가 등록부터 종결까지 1:1 상담 및 다양한 프로그램을 운영 | 임산부 엽산제?철분제 지급 등 임신 전?중 통합 서비스 제공 | ㅇ 임산부 출산급여 90만원 지원     ※고용노동부 ‘고용보험 미적용자 출산급여’ 150만원에 추가지원",,,,https://idea.seoul.go.kr/front/freeSuggest/view.do?sn=193371
PROP-193306,2022-09-27,N,미상,7.0,출산율 1위 서울,"살기좋은  서울
젊은층이  생활하기에
불편함이 없도록
모든 지원과  정책을
쏟아부어서
출산율 1위가
되어
서울하면
자녀들 출생 교육하기에
어디보다 좋은
도시로 되면
좋겠습니다.",출산·산후 초기지원,출산가구 초기지원,출산지원금·출생축하,출산·산후 초기지원,가족건강팀,02-2133-9485,가족지원팀,1순위:가족건강팀 | 2순위:가족지원팀,0,,,,,,https://idea.seoul.go.kr/front/freeSuggest/view.do?sn=193306
PROP-193296,2022-09-23,Y,미상,103.0,임산부 대중교통 이용 배려안 (임산부 알림 기능 제안),임산부 대중교통 이용 배려안 (임산부 알림 기능 제안),임신·난임·생식건강,임산부 건강·배려,임산부 건강관리·배려,임신·난임·생식건강,건강임신지원팀,02-2133-9492,저출생사업1팀 | 가족지원팀,1순위:건강임신지원팀 | 2순위:저출생사업1팀 | 3순위:가족지원팀,1,임산부 배려공간 조성,ㅇ 교통 약자인 임산부의 엘리베이터 안전사고 예방 및 배려문화 확산을 위해 엘리베이터 내?외부에 임산부 배려공간 조성(엠블럼 부착)   - 임산부를 위해 해당 공간을 비워두고 양보하는 사회 분위기 확산 유도 ㅇ 임산...,,,,https://idea.seoul.go.kr/front/freeSuggest/view.do?sn=193296
PROP-193257,2022-09-16,Y,미상,211.0,난임부부 지원 확대,"가벼운 마음으로 시작한 산전 검사에서 저희 부부는 자연임신이 어렵다는 판정을 받고 이것저것 검사를 진행하며 예쁜 아가를 기다리는 중입니다. 특히나 아이를 너무 예뻐라하던 남편은 실망감과 좌절이 너무 큽니다.. 저 또한 난임부부가 되기 전엔 직접적인 영향을 못 받아서 크게 신경쓰지 못했지만 병원을 가보니 아이를 낳고 싶은 사람들은 많은데 낳을수 없는 현실에 부딪히는 모습을 보고 참 모순적이라는 생각이 들었습니다.
서울에서는 아이들이 없어 유치원이 없어지고 있다는 기사도 본 적이 있고 출산율이 저조하다는 이야기는 대한민국 국민이라면 누구나 알고 있는 내용일겁니다. 아이를 낳은 후 키우는 것도 중요하지만 가장 중요한건 아이를 낳을 수 있게 도와주는 것 아닐까요?
난임 부부에게 도움을 줄 수 있는 지원금 정책을 소득분위에 크게 영향 받지 않도록 개선해주셨으면 좋겠습니다.
대한민국의 모든 난임부부들 힘내요 우리!!!",임신·난임·생식건강,난임 지원,난임시술·주사·시술비,임신·난임·생식건강,건강임신지원팀,02-2133-9491,가족지원팀 | 저출생사업1팀,1순위:건강임신지원팀 | 2순위:가족지원팀 | 3순위:저출생사업1팀,5,서울형 난임부부 시술비 지원 | 서울권역 난임?우울증 상담센터 운영 | 서울시 한의약 난임치료 지원 | 서울시 난임?임산부심리상담센터 운영 | 난임부부 지원,"난임시술 비용의 본인부담액에 대한 시술별 지원상한액 지원 - 횟수 : 총 25회(누적) - 지원금액: 시술별 1회당 최대 30만원~110만원 | 난임부부, 유산?사산 경험부부, 임산부 및 양육모의 정서적 안정을 위해 전담 상담사가 등록부터 종결까지 1:1 상담 및 다양한 프로그램을 운영 | 원인불명의 난임진단 부부에게  한의약 난임치료 첩약비용(3개월)의 본인부담금 90%(상한 1,200천원) 지원 | 난임부부, 유산?사산 경험부부, 임산부 및 양육모의 정서적 안정을 위해 전담 상담사가 등록부터 종결까지 1:1 상담 및 다양한 프로그램을 운영 | o 난임시술 비용의 본인부담액에 대한 시술별 지원상한액 지원      -(횟수) 출산당 총25회 (보조생식술 시작일이 '24.11.1.일 이후부터)      -(지원금액) 시술별 1회당 최대 30만원~110만원  o...",,,,https://idea.seoul.go.kr/front/freeSuggest/view.do?sn=193257
PROP-193241,2022-09-13,Y,미상,171.0,난임부부 지원 확대,"결혼 5년차, 난임 4년차 난임 부부입니다.
이식만 9회 정도 한 고차수로, 이제는 난임 지원이 안되서 자비로 진행하고 있는 상황입니다. ㅠㅠ
맞벌이긴하나, 난자 채취부터 이식까지 약 400-500만원 정도의 비용이 들고 있고요.
내 아이 딱 한명만 낳고 싶은 마음이 간절하여 포기하지 않고 계속 하고 있으나, 비용 부담이 되는것은 사실이며
저를 포함하여 고차수인 여러 난임 부부들도 같은 마음일 것이라고 생각됩니다.
난임 지원을 횟수로 제한하지 않고, 첫째아이 임신/출산까지 확대해주시면 더할 나위없이 너무 감사하고
난임부분들에게 큰 힘이 될 것 같습니다!
저희의 간절함...알아주셨으면 좋겠습니다.",임신·난임·생식건강,난임 지원,난임시술·주사·시술비,임신·난임·생식건강,가족지원팀,02-2133-6562,건강임신지원팀 | 저출생사업1팀,1순위:가족지원팀 | 2순위:건강임신지원팀 | 3순위:저출생사업1팀,5,영아 전담 아이돌봄서비스 | 외국인 가사(육아)인력 시범사업 | 1인 자영업자 등 배우자 출산휴가급여 지원 | 1인 자영업자?프리랜서 배우자 출산휴가 지원금 | 서울형 난임부부 시술비 지원,"출산휴가, 육아휴직 후 복귀하는 맞벌이 가정을 지원하고자 영아 돌봄 교육을 이수한 전담 돌보미가 영아 이유식 먹이기, 젖병 소독 등 영아 특화 돌봄서비스 제공 | 맞벌이 부부 등 ‘육아 조력자’의 도움이 절실한 자녀양육 가정에 외국인 육아도우미를 활용한 양육지원사업 도입 | 1인 자영업자 등에 배우자(남편) 출산휴가급여 최대 120만원(15일분) 지원 (2026.1.1. 기준 출생아부터 적용) - 2025년 출생아는 최대 80만원(10일분) 지원 ㅇ 지원대상에 대한 자격요건 완화(202... | 1인 자영업자 등에 배우자 출산휴가급여 80만원 지원 | 난임시술 비용의 본인부담액에 대한 시술별 지원상한액 지원 - 횟수 : 총 25회(누적) - 지원금액: 시술별 1회당 최대 30만원~110만원",,,,https://idea.seoul.go.kr/front/freeSuggest/view.do?sn=193241
PROP-193205,2022-09-06,Y,미상,99.0,난임부부 지원 확대해주세요,"난임 시술 받는 부부들에게 지원 범위가 너무 좁습니다.
건보료 월 200만원 이하는 맞벌이 부부라면 거의 해당하지 않습니다
첫 아이만이라도 지원해주시길 부탁드립니다
몸이 안좋은 경우 휴직을 할 수밖에 없는데 국가 지원도 못받고 월급도 없이 시술을 진행하는 경우 부담이 너무 큽니다",임신·난임·생식건강,난임 지원,난임시술·주사·시술비,임신·난임·생식건강,가족지원팀,02-2133-6562,건강임신지원팀 | 저출생사업1팀,1순위:가족지원팀 | 2순위:건강임신지원팀 | 3순위:저출생사업1팀,5,영아 전담 아이돌봄서비스 | 외국인 가사(육아)인력 시범사업 | 1인 자영업자 등 배우자 출산휴가급여 지원 | 1인 자영업자?프리랜서 배우자 출산휴가 지원금 | 서울시 중소기업 워라밸 포인트제,"출산휴가, 육아휴직 후 복귀하는 맞벌이 가정을 지원하고자 영아 돌봄 교육을 이수한 전담 돌보미가 영아 이유식 먹이기, 젖병 소독 등 영아 특화 돌봄서비스 제공 | 맞벌이 부부 등 ‘육아 조력자’의 도움이 절실한 자녀양육 가정에 외국인 육아도우미를 활용한 양육지원사업 도입 | 1인 자영업자 등에 배우자(남편) 출산휴가급여 최대 120만원(15일분) 지원 (2026.1.1. 기준 출생아부터 적용) - 2025년 출생아는 최대 80만원(10일분) 지원 ㅇ 지원대상에 대한 자격요건 완화(202... | 1인 자영업자 등에 배우자 출산휴가급여 80만원 지원 | 양육친화 및 일?생활 균형을 위한 중소기업의 다양한 노력을 인정하고 중소기업이 아이 키우기 좋은 기업으로 성장할 수 있도록 지원하는 사업 ① 양육친화 및 일?생활 균형 실적에 따른 포인트 적립 ② 적립 포인트에 따른...",,,,https://idea.seoul.go.kr/front/freeSuggest/view.do?sn=193205
PROP-193159,2022-08-28,N,미상,0.0,희망의 인문학 프로그램과 보육원,"얼마전 희망의 인문학   프로그램에 대한 신문기사를 봤습니다.
그 프로그램은 어르신들에게 자신감을 되찾고 자존감을 높여주며 여러 지식을 채워 내면의 힘을 키워주는 프로그램 이라고 생각이 들었어요..
더불어 그 신문사 기사중  보육원출신 성인이 된 청소년들이 2명중 1명이 극단적 생각을 한다는 기사를 접했답니다.
진짜 보육원 출신의 국민들이 겪어야할 아픔은 타인으로 부터 받는 편견이지만..그 편견을 이길수 있는 내면의 단단함을 키워줄수 있는 프로그램이 있음 좋겠다고 생각했어요.
그래서 희망인문학 과정을 수료하신 어르신들중 보육원의 아이들과 멘토링? 할머니,할아버지와 연결하여 희망인문학에세 배운 철학이나 여러가지들을 배우고 나눌수있는 프로그램이 있음 좋겠다고 생각하여 희망인문학을  추진하고있는 서울시에 제안해봅니다~~^^",보육·돌봄 인프라,어린이집·유치원,보육시설·유아교육,보육·돌봄 인프라,돌봄사업팀,02-2133-6560,저출생사업1팀 | 생활지원팀,1순위:돌봄사업팀 | 2순위:저출생사업1팀 | 3순위:생활지원팀,4,다문화 보육료 | 시간제 보육 | 만0~5세 보육료 | 방과후 보육료,"만0세: (기본)540,000원, (야간)540,000원, (24시간)810,000원 만1세반: (기본)475,000원, (야간)475,000원, (24시간)712,500원 만2세반: (기본)394,000원, (야간... | 만6개월~36개월 부모급여 또는 양육수당 수급 아동대상 시간제보육 지원 | ① 기본보육료(월별) 만0세반: 540,000원 만1세반: 475,000원 만2세반: 394,000원 만3~5세: 280,000원  ② 연장보육료(월별) 0세반: 3,000원 영아반: 2,000원 유아반: 1,000... | ① 정부지원시설 - 4시간 이용: 월 10만원 지원 - 종일 이용(방학 등): 월 20만원 지원  ② 정부미지원시설  - 4시간 이용: 월 233,650원  - 종일 이용: 월 467,300원   ③교사대아동 비율 ...",,,"TAG_REVIEW:현재 태그=정보·상담·교육·거버넌스, 태그 핵심어 약함",https://idea.seoul.go.kr/front/freeSuggest/view.do?sn=193159
PROP-193131,2022-08-22,N,미상,7.0,저출산 문제점 및 대응 방안,"저출산 문제점 및 대응 방안
Ⅰ
배경
○
우리는
세계적 초저출산국
으로 결혼과 출산시기가 지연되고
,
미혼율이
증가
,
아동 및 가임인구가 감소하는 등
고령화 사회
로 변화
-
저출산이 지속
되면서 경제활동인구 및 세수 감소
,
고령자 부양책임 갈등심화
,
생명경시로 이어지는 등
큰
사회적 문제
로 대두
※
우
리나라 출산율은 세계
224
개국 중
219
위
,
합계출산율은
1.21
명
(
세계평균
2.5, OECD
평균
1.74)
○
결혼
·
출산의
사회경제적 부담을 경감
하고 가정친화적 문화확산을 통한
출산율 향상을 위하여
범정부 차원
의
대책마련
이 시급히 요구됨
Ⅱ
현황 및 문제점
□
정부차원의 다양한 저출산 대응 정책 이행 한계
○
그간 정부는
『
저출산고령사회 기본법
』
제정
,
『
저출산고령사회 기본계획
』
시행 등 지속적인 노력에도 불구하고
정책 체감도
는 미미
-
출산율 향상을 위해 결혼
·
출산을 체계적으로 지원할
전담부서
와
전문인력
부재
,
예산 부족
으로
근본적인 효과
를 이끌어 내지 못함
※
OECD
국가
저출산예산
(GDP%) :
출산율 평균이상
2.6,
평균이하
1.3,
한국
0.4(
최하위
)
○
또한
,
일과 육아의 병행 지원을 위하여
『
유연근로시간제
』『
가족친화 기업 인증제
』
등을 실시하고 있으나
참여도를 높일
법
·
제도적
기반
미흡
□
수요자 중심의 지원 프로그램 개발 보급 미흡
○
사회계층별 소득
,
지역
,
성별에 따라 결혼 및 출산
지연 사유가 다양
하나
수요자 특성을 간과
한 획일적 프로그램 개발로 참여가
제한적
-
저출산 탈피를 위하여
다자녀 가정화를 지향
해야하는 반면
,
취학아동양육비
,
양육 도우미 등 요청이 절실한
장기적 지원 프로그램
취약
○
프랑스
,
스웨덴 등
출산율 향상에 성공한
선진국의 경우
정부차원의 결혼촉진 프로그램이 존재하는 반면
,
적극적
결혼권장
프로그램
전무
※
우리나라 미혼율
(%) :
30
대
58.2
(
남
37.8,
여
20.4),
40
대
21.8
(
남
14.8,
여
7)
□
결혼 및 출산 기피의 사회 구조적 요인 간과
○
여성의
자아성취 욕구
는
향상
한 반면
,
육아 이후 경력단절 등 교육과 사회진출에 대한
기회비용
이 높아 결혼기피 및
출산지연
현상 심화
-
중소기업의 경우 남녀의
육아휴직 신청
의
어려움
이 존재하며
,
특히 여성은
출산으로 인한 퇴직
,
승진
에의
악영향
등으로 자녀 출산지연
※
미
혼남여의
62.9%
가 결혼은 필수아닌 선택
,
반드시 자녀를 출산하겠다는 응답은
20%
에 불과
○
또한
,
아직까지
양육부담이 여성
에게
편중
되어 있어
,
출산을 거부하는 여성문제가 다대함에도 배우자
·
친인척
육아분담교육 프로그램
미흡
□
결혼 및 출산에 대한 긍정적 인식부족과 정책 연계체계 취약
○
개인의 행복과 사회지속성장 기반이 되는 결혼 및 출산의
사회경제적 부담
과
이혼율
의
증가
로
가정과 출산
에 대한
부정적 사회인식
팽배
-
부처 장관과 분야별위원으로 구성된
『
저출산고령사회위원회
』
설치에도
협력
Network
구축 미흡
,
결혼 및 출산율
전망
은
비관적
※
`18
년 고령사회
(65
세 이상
14%), `26
년 초고령사회
(65
세 이상
20%)
진입
전망
○
또한
,
결혼 및 출산 지원 업무가 여러 부처에
분산
·
중복
되어
정책
수요자
가
누락
되는 등 체계적이지 못하고
정책이행의 효율성
도 낮음
Ⅲ
추진방안
◇
비전
:
사랑과 결혼은 나의 행복
,
생명과 양육은 우리의 행복
◇
목표
:
초저출산국
(1.3%)
탈피
(`18
까지
),
합계출산율
1.21%
→
2.0%(`20
까지
)
□
가정친화적 환경 조성을 위한 제도적 인프라 구축
○
일
·
육아 양립 및 워킹 맘의 유리천장 제거를 위해
『
남성 육아휴직 향상 기업 인센티브제
』
도입 및
『
대한민국 다자녀여성 리더 대상
(Wards)
』
시행
-
휴직자의
참여부담경감
을 위해
『
육아휴직 의무화
』
실시
,
기업 복지에
『
육아지원 계좌제
』
및
『
유연근로시간제 사용촉진제도
』
의무 시행
※
육아휴직제 의무화
:
기간 단축신청자만 변경신청
,
그 외는 별도 절차 없이 당연신청
○
미혼자의 결혼 촉진을 위한
『
결혼기념일
·
임신
·
출산
유급휴가제
』
신설
,
기혼자 재택근무제 활성화
및 오피스
전자제품 무상대여
서비스 제공
□
수혜자 중심의 맞춤형 지원 프로그램 제공
○
독신주의자
,
미혼자
등 가임인구의 결혼 공감대 형성을 위한
자발적 생성
동아리 지원
,
운영 매뉴얼 및 운영자교육 제공
,
건전운영상황 모니터링
-
조모
·
외조모 등
친인척 양육분담에 감사하는 온라인
『
해같이 빛나는
명예의 전당
』
운영
,
실버문화 바우처
제공 등 사회경제적 지원
○
여성의 사회진출 및 다자녀 가정의 어머니이자 여성 리더로서의 성장을
지원하기 위한
『
자녀안전양육 분담시스템
(CSRS System)
』
구축
-
초
·
중
·
고
방과 후 교육의
특성화
·
내실화
·
안전성
(CCTV,
학교폭력
,
재난전문가
)
확보
,
자녀의 사회진출을 앞당기는 선택형
효율적 교육연한
마련
※
교육연한을 현행
12
년에서
10
년으로 감축하되 선택적으로 운영
,
교육과정별 조기졸업제도 활성화
□
가정친화적 사회 구현을 위한 대국민 패러다임 전환
○
결혼문화 확산과 생명존중
,
출산율 향상을 위해
개인
ㆍ
사회
ㆍ
국가가 함께
하는 시
ㆍ
도별
『
결혼
·
육아 체험센터
(
드로잉베이비
)
』
설치
-
결혼계획 작성
,
아동소품 창작
,
가정친화 문화형성
을 위한 정책
창제
등의 주제로 공간을 나누어 운영
,
우수작품 상용화 및 정책 반영
※
대국민 공감대 확산 및 연인
ㆍ
예비부부의
실용적 데이트 장소로 활용
○
다자녀를 가진 연예인 등
트랜디세터
(Trendsetter)
를 활용
,
흡입력 있는
매체
(TV,
신문
, SNS
등
)
를 통해
교육과정
등
공익광고
실시
-
개인의 행복
을 최대화시키는
낭만
적 사랑
,
사회지속성장
의 기반이 되는 건강한
결혼 및 가정생활
,
생명의 가치
를 깨닫게 하는
출산
내용을
균형적으로 배합
□
정책 총괄
ㆍ
연계
ㆍ
조정 시스템 확보를 위한 부처 협력체계 강화
○
총리실 주관
보건복지부
,
여성가족부
,
고용노동부
,
교육부
,
문화체육
관광부 등 관련 부처 범정부
대책위원회
구성
ㆍ
운영
-
유관 부처ㆍ기관 간 협조를 통하여
패키지
(Package)
정책
수립 지원
,
부처 간 사업 조정 및 평가
,
사업 예산의 안정적 확보 지원
※
저출산 대응방안
홍보계획
수립
·
시행
,
정책
추진상황 모니터링
Ⅳ
추진일정
○
부처 실무과장 회의 및 담당 과제 확정
: 2023. 7
○
총리 주관 대책위원회 구성 및 제
1
차 회의
: 2023. 7
○
대책방안 마련
및 보도자료 배포
: 2023. 7
○
정책과제 시행 결과 및
성과 평가
: 2023.
상반기",출산·산후 초기지원,출산가구 초기지원,출산지원금·출생축하,출산·산후 초기지원,가족건강팀,02-2133-9485,,1순위:가족건강팀,5,서울형 新일?생활 균형 3종 패키지 | 서울형 일?생활 균형 3종 패키지 | 서울형 육아휴직장려금 | 서울형 육아휴직장려금(사업종료) | 서울형 산후조리경비 지원,"양육 친화 기업문화 조성을 위해 서울형 新 일?생활 균형 3종 패키지를 시행함으로써 초저출생 위기 극복 및 일?생활 균형 문화 확산 ? 배우자 출산휴가 의무제(10일) ? 육아휴직 사용 활성화 ? 육아기 근로시간 단... | 양육 친화 기업문화 조성을 위해 서울형 일?생활 균형 3종 패키지를 시행함으로써 초저출생 위기 극복 및 일?생활 균형 문화 확산 ? 배우자 출산휴가 의무제(10일) ? 육아휴직 사용 활성화 ? 육아기 근로시간 단축 ... | ○ 자녀 1인당 최대 120만원 지원 - 육아휴직기간 연속 6개월 시 60만원, 연속 12개월 경과 시 60만원 추가지급 ※ 부?모 모두 육아휴직 시 각각 지급 (자녀 1인에 대해 가구당 최대 240만원 지급) | ○ 자녀 1인당 최대 120만원 지원 - 육아휴직기간 연속 6개월 시 60만원, 연속 12개월 경과 시 60만원 추가지급 ※ 부?모 모두 육아휴직 시 각각 지급 (자녀 1인에 대해 가구당 최대 240만원 지급) | 출산에 소요되는 경제적 부담을 경감하고, 출산 이후 산모의 건강권을 확보하기 위하여 산후조리경비 지원 1. 지원금액 : 자녀 수에 따른 <b class='font-color-primary'>차등지원</b> ※ 첫째 ...",,,,https://idea.seoul.go.kr/front/freeSuggest/view.do?sn=193131
PROP-193109,2022-08-18,N,미상,2.0,임산부석 실효성 높여주세요!,임산부가 타면 임산부석에 불들어오게 해주세요!,임신·난임·생식건강,임산부 건강·배려,임산부 건강관리·배려,임신·난임·생식건강,건강임신지원팀,02-2133-9491,저출생사업1팀 | 생활지원팀,1순위:건강임신지원팀 | 2순위:저출생사업1팀 | 3순위:생활지원팀,1,임산부 배려공간 조성,ㅇ 교통 약자인 임산부의 엘리베이터 안전사고 예방 및 배려문화 확산을 위해 엘리베이터 내?외부에 임산부 배려공간 조성(엠블럼 부착)   - 임산부를 위해 해당 공간을 비워두고 양보하는 사회 분위기 확산 유도 ㅇ 임산...,,,,https://idea.seoul.go.kr/front/freeSuggest/view.do?sn=193109
PROP-193097,2022-08-18,Y,미상,76.0,"난임부부, 임신준비시 약제비도 지원해주세요","난임부부,임신준비시 약제비도 지원해주세요
질정이나 프로게스테론 약제비 너무비쌉니다
약제비 지원이나 의료보험적용해주세요",임신·난임·생식건강,임신 준비·가임력 지원,가임력검사·난자냉동·예비부부검진,임신·난임·생식건강,건강임신지원팀,02-2133-9491,저출생사업1팀 | 생활지원팀,1순위:건강임신지원팀 | 2순위:저출생사업1팀 | 3순위:생활지원팀,5,서울형 난임부부 시술비 지원 | 서울권역 난임?우울증 상담센터 운영 | 서울시 한의약 난임치료 지원 | 서울시 난임?임산부심리상담센터 운영 | 난임부부 지원,"난임시술 비용의 본인부담액에 대한 시술별 지원상한액 지원 - 횟수 : 총 25회(누적) - 지원금액: 시술별 1회당 최대 30만원~110만원 | 난임부부, 유산?사산 경험부부, 임산부 및 양육모의 정서적 안정을 위해 전담 상담사가 등록부터 종결까지 1:1 상담 및 다양한 프로그램을 운영 | 원인불명의 난임진단 부부에게  한의약 난임치료 첩약비용(3개월)의 본인부담금 90%(상한 1,200천원) 지원 | 난임부부, 유산?사산 경험부부, 임산부 및 양육모의 정서적 안정을 위해 전담 상담사가 등록부터 종결까지 1:1 상담 및 다양한 프로그램을 운영 | o 난임시술 비용의 본인부담액에 대한 시술별 지원상한액 지원      -(횟수) 출산당 총25회 (보조생식술 시작일이 '24.11.1.일 이후부터)      -(지원금액) 시술별 1회당 최대 30만원~110만원  o...",,,,https://idea.seoul.go.kr/front/freeSuggest/view.do?sn=193097
PROP-193096,2022-08-18,N,미상,0.0,장애인 주차장 다둥이 이용 가능하게!!,장애인 주차장 다둥이 이용 가능하게!!,다자녀·양육비·생활지원,다자녀 혜택,다자녀 기준·할인·감면,다자녀·양육비·생활지원,저출생사업1팀,02-2133-5027,장애인가족지원팀 | 생활지원팀,1순위:저출생사업1팀 | 2순위:장애인가족지원팀 | 3순위:생활지원팀,0,,,,,,https://idea.seoul.go.kr/front/freeSuggest/view.do?sn=193096
PROP-193054,2022-08-12,N,미상,0.0,지하철 임산부석 개선방향,"1.앉아있는 사람의 시선이 닿는 곳에  표지판을 두는것입니다.
끝자리에 좌석이 있기 때문에 그 손잡이 부분에 연결하여  '조금이나마 편안한 여정 되시길 바랍니다 ' 정도의 표지판을 두는 것입니다.
재질(?)은 부채( 쉽게 구부러지는 ) 를 사용하면 앉는데에도 불편하지 않을 것이라 생각됩니다.
2. 두번째에는 조금 예산이 필요한 것인데 진동벨을 두는 것입니다. 지하철에는 많은 사람들이 있기 때문에 다른 공간에서도 앉아계신 사람들이 진동벨을 누르면 그 자리에 작게 녹음으로 .' 임산부에게 좌석을 배려해주십시오' 등의 멘트가 나오면 좋을 것 같습니다. 크게 들리지 않고 앉은 사람에게 들린다면 그 사람도 일어날 것 같습니다.
바닥에 분홍색 표시가 있고 시트가 분홍색이여도 자리에 많이 앉아계시는 모습을 보며 계속 생각해보았습니다.
감사합니다.",임신·난임·생식건강,임산부 건강·배려,임산부 건강관리·배려,임신·난임·생식건강,건강임신지원팀,02-2133-9491,가족지원팀 | 저출생사업1팀,1순위:건강임신지원팀 | 2순위:가족지원팀 | 3순위:저출생사업1팀,1,임산부 배려공간 조성,ㅇ 교통 약자인 임산부의 엘리베이터 안전사고 예방 및 배려문화 확산을 위해 엘리베이터 내?외부에 임산부 배려공간 조성(엠블럼 부착)   - 임산부를 위해 해당 공간을 비워두고 양보하는 사회 분위기 확산 유도 ㅇ 임산...,,,,https://idea.seoul.go.kr/front/freeSuggest/view.do?sn=193054
PROP-193051,2022-08-12,N,미상,7.0,서울시 신혼부부 전세대출 한도 증액 제안,서울시 신혼부부 전세대출 한도 증액 제안,주거·교통·도시생활환경,출산가구 주거,신혼부부·출산가구 주거지원,주거·교통·도시생활환경,저출생사업1팀,02-2133-5027,,1순위:저출생사업1팀,4,신혼부부 결혼ㆍ살림비용 지원 | 신혼희망타운 | 신혼부부 전용 주택 구입 자금 대출 | 신혼부부 임차보증금 이자 지원,"ㅇ 결혼ㆍ살림 비용 최대 100만원 지원    - 결혼준비 및 혼인살림 장만 관련 비용 지출    ※ 생애 1회 지급   ? 결혼준비 : 혼수, 예식장, 신혼여행, 청첩장 등    ? 혼인살림 : 전자제품, 주방가전... | 신혼희망타운 분양?임대주택 공급 및 청약 자격 제공 | 연 2.55~3.85% 금리로 주택구입 자금 대출, 최대 3억 2천만 원 한도 | - 임차보증금 대출금: 최대 3억원(임차보증금의 90% 이내) - 이자지원 금리: 최대 4.5% - 지원기간: 최장 10년(25.11.20. 부터 최장 12년) ※ 자세한 사항은 서울주거포털 공고문 참조",,,,https://idea.seoul.go.kr/front/freeSuggest/view.do?sn=193051
PROP-192998,2022-08-08,Y,미상,181.0,난임부부 소득제한 없애주세요,저도 우선 이 글을 쓰고 있을지 몰랐습니다. 임신 쉬운줄 알았어요... 제 일이 될 줄 몰랐어요. 저출산 시대에 난임부부들은 자비를 들여 시험관을 하고 있습니다. 언제 될지 모르는 두려움과 함께 시술 비용 또한 굉장히 힘들게 합니다. 맞벌이를 하면 넘게 되는 기준을 폐지해주세요! 난임부부들이 원하는 만큼 지원해주세요! 첫째만이라도요.... 부담스러운 시술비를 감당하며 언제 끝날지 모르는 길을 가고 있는 난임부부들에게 도움을 주세요!,임신·난임·생식건강,난임 지원,난임시술·주사·시술비,임신·난임·생식건강,건강임신지원팀,02-2133-9492,저출생사업1팀 | 생활지원팀,1순위:건강임신지원팀 | 2순위:저출생사업1팀 | 3순위:생활지원팀,5,외국인 가사(육아)인력 시범사업 | 영아 전담 아이돌봄서비스 | 난임부부 시술비 지원 | 난임부부 지원 | 서울형 육아휴직장려금,"맞벌이 부부 등 ‘육아 조력자’의 도움이 절실한 자녀양육 가정에 외국인 육아도우미를 활용한 양육지원사업 도입 | 출산휴가, 육아휴직 후 복귀하는 맞벌이 가정을 지원하고자 영아 돌봄 교육을 이수한 전담 돌보미가 영아 이유식 먹이기, 젖병 소독 등 영아 특화 돌봄서비스 제공 | o 난임시술 비용의 본인부담액에 대한 시술별 지원상한액 지원 -(횟수) 출산당 총25회 (보조생식술 시작일이 '24.11.1.일 이후부터) -(지원금액) 시술별 1회당 최대 30만원~110만원 -(지원범위) 체외수정... | o 난임시술 비용의 본인부담액에 대한 시술별 지원상한액 지원 -(횟수) 출산당 총25회 (보조생식술 시작일이 '24.11.1.일 이후부터) -(지원금액) 시술별 1회당 최대 30만원~110만원 o 난임시술 중단 의료... | ○ 자녀 1인당 최대 120만원 지원 - 육아휴직기간 연속 6개월 시 60만원, 연속 12개월 경과 시 60만원 추가지급 ※ 부?모 모두 육아휴직 시 각각 지급 (자녀 1인에 대해 가구당 최대 240만원 지급)",,,,https://idea.seoul.go.kr/front/freeSuggest/view.do?sn=192998
PROP-192984,2022-08-04,Y,미상,177.0,소득에 따른 정부 난임지원금 확대가 필요합니다,"난임 부부입니다.
남성요인으로 시험관 시술을 진행하고 있습니만, 남성 요인이든 뭐든 시험관 시술은 거의 오로지 여성들 노고만 요하게 됩니다.
실제로 직장과 시험관 시술을 병행하기는 굉장히 어려운 일이며, 저는 직장을 그만 두었습니다.
그렇지만 부부 합 월 소득이 580만원 이하여야지만 정부에서 난임 시술 지원이 가능합니다. 저희 남편 월급은 몇만원 더 높은 관계로 지원을 못받고, 저는 시험관 위해서 일을 하기 매우 어렵습니다.
유산 까지 해서 깔끔하게 처리가 되지 않아 지금 계속 이것을 해결하기 위해 진료, 검사, 수술 등을 받고 있으며 시럼관 시술 자체 뿐만 아니라 이런 휴유증으로 돈이 더 듭니다.
모든 상황을 고려해서 정부에서 난임 지원 사업이 확대되어야 한다고 생각하며, 그것이 우리 나라의 저출산 문제 해결하는데에 첫 발걸음이 될 것으로 사료됩니다.
반드시 정부의 난임 지원 사업이 더 관심을 받아야한다고 강력히 믿습니다.",임신·난임·생식건강,난임 지원,난임시술·주사·시술비,임신·난임·생식건강,건강임신지원팀,02-2133-9491,저출생사업1팀 | 생활지원팀,1순위:건강임신지원팀 | 2순위:저출생사업1팀 | 3순위:생활지원팀,5,1인 자영업자 등 배우자 출산휴가급여 지원 | 1인 자영업자?프리랜서 배우자 출산휴가 지원금 | 서울시 중소기업 워라밸 포인트제 | 서울형 新일?생활 균형 3종 패키지 | 서울형 강소기업 지원,"1인 자영업자 등에 배우자(남편) 출산휴가급여 최대 120만원(15일분) 지원 (2026.1.1. 기준 출생아부터 적용) - 2025년 출생아는 최대 80만원(10일분) 지원 ㅇ 지원대상에 대한 자격요건 완화(202... | 1인 자영업자 등에 배우자 출산휴가급여 80만원 지원 | 양육친화 및 일?생활 균형을 위한 중소기업의 다양한 노력을 인정하고 중소기업이 아이 키우기 좋은 기업으로 성장할 수 있도록 지원하는 사업 ① 양육친화 및 일?생활 균형 실적에 따른 포인트 적립 ② 적립 포인트에 따른... | 양육 친화 기업문화 조성을 위해 서울형 新 일?생활 균형 3종 패키지를 시행함으로써 초저출생 위기 극복 및 일?생활 균형 문화 확산 ? 배우자 출산휴가 의무제(10일) ? 육아휴직 사용 활성화 ? 육아기 근로시간 단... | ① 청년 정규직 채용 시, 사내복지 개선 등 근무환경개선금 최대 45백만원 지원 ② 육아휴직자 대체 청년인턴에 최대 23개월 인건비 지원으로 업무공백 해소 ③ 육아친화 및 일?생활 균형 조직문화 조성을 위한 교육?컨...",,,,https://idea.seoul.go.kr/front/freeSuggest/view.do?sn=192984
PROP-192981,2022-08-02,N,미상,15.0,임산부 배려석이 잘 활용됐으면 좋겠어요~,임산부 배려석이 잘 활용됐으면 좋겠어요~,임신·난임·생식건강,임산부 건강·배려,임산부 건강관리·배려,임신·난임·생식건강,건강임신지원팀,02-2133-9492,저출생사업1팀 | 가족지원팀,1순위:건강임신지원팀 | 2순위:저출생사업1팀 | 3순위:가족지원팀,1,임산부 배려공간 조성,ㅇ 교통 약자인 임산부의 엘리베이터 안전사고 예방 및 배려문화 확산을 위해 엘리베이터 내?외부에 임산부 배려공간 조성(엠블럼 부착)   - 임산부를 위해 해당 공간을 비워두고 양보하는 사회 분위기 확산 유도 ㅇ 임산...,,,,https://idea.seoul.go.kr/front/freeSuggest/view.do?sn=192981
PROP-192976,2022-08-01,N,미상,28.0,난임지원금,"현재 건강보험 급여 횟수 소진이 되면 서울시에서는 1회 180만원 한도 내에서 추가 지원을 하고 있습니다.
그러나 체외수정의 경우 인공수정보다 비용이 많이 들며, 건강보험급여 지원이 없으면 1회에 400-700만원까지 비용이 들 것으로 예상됩니다. 건강보험 급여와 동일하게 본인부담률 30% 정도의 수준으로 지원금이 확대되었으면 좋겠습니다.",임신·난임·생식건강,난임 지원,난임시술·주사·시술비,임신·난임·생식건강,건강임신지원팀,02-2133-9491,가족지원팀 | 저출생사업1팀,1순위:건강임신지원팀 | 2순위:가족지원팀 | 3순위:저출생사업1팀,5,서울형 난임부부 시술비 지원 | 서울권역 난임?우울증 상담센터 운영 | 서울시 한의약 난임치료 지원 | 서울시 난임?임산부심리상담센터 운영 | 난임부부 지원,"난임시술 비용의 본인부담액에 대한 시술별 지원상한액 지원 - 횟수 : 총 25회(누적) - 지원금액: 시술별 1회당 최대 30만원~110만원 | 난임부부, 유산?사산 경험부부, 임산부 및 양육모의 정서적 안정을 위해 전담 상담사가 등록부터 종결까지 1:1 상담 및 다양한 프로그램을 운영 | 원인불명의 난임진단 부부에게  한의약 난임치료 첩약비용(3개월)의 본인부담금 90%(상한 1,200천원) 지원 | 난임부부, 유산?사산 경험부부, 임산부 및 양육모의 정서적 안정을 위해 전담 상담사가 등록부터 종결까지 1:1 상담 및 다양한 프로그램을 운영 | o 난임시술 비용의 본인부담액에 대한 시술별 지원상한액 지원      -(횟수) 출산당 총25회 (보조생식술 시작일이 '24.11.1.일 이후부터)      -(지원금액) 시술별 1회당 최대 30만원~110만원  o...",,,,https://idea.seoul.go.kr/front/freeSuggest/view.do?sn=192976
PROP-192909,2022-07-19,N,양천구,1.0,"다자녀 할인 서울시 전역(강서구, 양천구....)","수고많으십니다.
호남 광주에 살다가 서울로 이사 온지 1년 5개월 되어 갑니다.
원래 서울서 태어나 20대 후반부터 지방에서 살다 30여년 만에 다시 서울로 이사왔습니다.
4자녀를 둔 다자녀 가정입니다.
광주에서는 다자녀(3인) 혜택으로 지하철이 전액 무료인데 서울은 큰 혜택이 없어 보입니다.
카드에서 혜택을 보는 정도의 혜택뿐인 것 같습니다.
이번에 글을 올리는 것은  제가 강서구에 살고 있습니다.
체육시설을 이용하니깐 다자녀 혜택을 받고 있습니다.
그래도 다자녀 혜택이라 감사하게 생각합니다.
하지만 강서구에서만 혜택을 볼 수 있습니다.
외벌이로 살다보니 체육시설 이용하는 것도 금액을 따져보게 됩니다.
좀더 저렴한 체육시설을 알아 보는 중 양천구민 체육센터가 저렴하였습니다.
집에서도 강서구 마곡체육시설보다  양천구민 체육센터가 가까웠습니다.
그런데 서울 시민이지만  강서구에 살기 때문에  양천구 체육시설을 이용하는데 다둥이 혜택을 전혀 받을 수 없습니다.
그렇다고 이사갈 수도 없는문제이고,
그래도 서울 시민이면  강서구, 양천구, 강동구 상관 없이 서울시에서는 다둥이 헤택을 받았으면 합니다.
더 나아가  다둥이 카드로 전국적으로 혜택을 주면 더 좋지 않을까 생각합니다.",다자녀·양육비·생활지원,다자녀 혜택,다자녀 기준·할인·감면,다자녀·양육비·생활지원,저출생사업1팀,02-2133-5027,,1순위:저출생사업1팀,0,,,,,POLICY_REMOVED:공공요금 감면 요구가 아닌 제안에 공공요금 정책 후보: 다자녀 가구 하수도사용료 감면 || POLICY_REMOVED:차량 취득세 요구가 아닌 제안에 취득세 정책 후보: 다자녀 가구 자동차 취득세 감면 || POLICY_REMOVED:차량 취득세 요구가 아닌 제안에 취득세 정책 후보: 다자녀가구 자동차 취득세 취약계층 감면 || POLICY_REMOVED:공공요금 감면 요구가 아닌 제안에 공공요금 정책 후보: 다자녀 가구 하수도사용료 감면 || POLICY_REMOVED:차량 취득세 요구가 아닌 제안에 취득세 정책 후보: 다자녀 가구 자동차 취득세 감면 || POLICY_REMOVED:차량 취득세 요구가 아닌 제안에 취득세 정책 후보: 다자녀가구 자동차 취득세 취약계층 감면 || POLICY_REMOVED:공공요금 감면 요구가 아닌 제안에 공공요금 정책 후보: 다자녀 가구 하수도사용료 감면 || POLICY_REMOVED:차량 취득세 요구가 아닌 제안에 취득세 정책 후보: 다자녀 가구 자동차 취득세 감면 || POLICY_REMOVED:차량 취득세 요구가 아닌 제안에 취득세 정책 후보: 다자녀가구 자동차 취득세 취약계층 감면,https://idea.seoul.go.kr/front/freeSuggest/view.do?sn=192909
PROP-192881,2022-07-14,Y,미상,111.0,임산부 배려석,"안녕하세요.
초기 임신부입니다.
다른 자리 배려는 바라지도 않고
열차 한칸에 있는 임산부배려석 두자리 중
한자리에 앉을 수 있길 바라는 마음으로
임산부 뱃지를 달고 탑니다.
평소 자리가 비워져있지도 않고
임신한 여성이 아님에도 이용하고
임산부 뱃지를 봤음에도
핸드폰을 하거나, 자거나하여
배려 받을 수 없습니다.
이 자리를 만든 취지는 좋으나
전혀 취지에 맞는 목적으로
사용되고 있지 않습니다.
비워둘 수 없다면
임산부배려석
자리를 조금 더 늘려주셨으면 좋겠습니다.
아니면 인천 지하철처럼
그 자리에 인형을 두어
최대한 빈 자리로 유지될 수 있도록
개선 방안을 세워주셨으면 좋겠습니다.
회신 기다리겠습니다.
감사합니다.",임신·난임·생식건강,임산부 건강·배려,임산부 건강관리·배려,임신·난임·생식건강,건강임신지원팀,02-2133-9491,가족지원팀 | 저출생사업1팀,1순위:건강임신지원팀 | 2순위:가족지원팀 | 3순위:저출생사업1팀,1,임산부 배려공간 조성,ㅇ 교통 약자인 임산부의 엘리베이터 안전사고 예방 및 배려문화 확산을 위해 엘리베이터 내?외부에 임산부 배려공간 조성(엠블럼 부착)   - 임산부를 위해 해당 공간을 비워두고 양보하는 사회 분위기 확산 유도 ㅇ 임산...,,,,https://idea.seoul.go.kr/front/freeSuggest/view.do?sn=192881
PROP-192871,2022-07-12,N,미상,5.0,보육교사의 정년을 늘려주세요,"요즘 젊은 교사들이 과중한 업무 학부모와  원장 과의 갈등 으로 현직에서 많이 떠나고 있습니다.
그러다보니 능력있고 경험많은  교사들이 인력난이 심해지는것 같습니다.
영아반같은 경우 갓 졸업한 25세 가 맡아서 아이가 아이를 돌보는것 같은 경우도 봤습니다.
보육교사의 정년을 늘려주세요. 원장은 65세가 정년인데 교사들은 60세가 되면 정년을
해야 합니다. 충분히 일할수 있는 건강과 능력이 있으면 교사도 정년을 65세로 원장의 정년과
맞춰 주셨으면 좋겠습니다.",보육·돌봄 인프라,어린이집·유치원,보육시설·유아교육,보육·돌봄 인프라,돌봄사업팀,02-2133-6560,저출생사업1팀 | 생활지원팀,1순위:돌봄사업팀 | 2순위:저출생사업1팀 | 3순위:생활지원팀,4,다문화 보육료 | 시간제 보육 | 만0~5세 보육료 | 방과후 보육료,"만0세: (기본)540,000원, (야간)540,000원, (24시간)810,000원 만1세반: (기본)475,000원, (야간)475,000원, (24시간)712,500원 만2세반: (기본)394,000원, (야간... | 만6개월~36개월 부모급여 또는 양육수당 수급 아동대상 시간제보육 지원 | ① 기본보육료(월별) 만0세반: 540,000원 만1세반: 475,000원 만2세반: 394,000원 만3~5세: 280,000원  ② 연장보육료(월별) 0세반: 3,000원 영아반: 2,000원 유아반: 1,000... | ① 정부지원시설 - 4시간 이용: 월 10만원 지원 - 종일 이용(방학 등): 월 20만원 지원  ② 정부미지원시설  - 4시간 이용: 월 233,650원  - 종일 이용: 월 467,300원   ③교사대아동 비율 ...",,,,https://idea.seoul.go.kr/front/freeSuggest/view.do?sn=192871
PROP-192867,2022-07-11,N,미상,48.0,서울시 외국인 임산부 교통비지원,"7월 1일부터 시작하고있는 서울시 임산부 교통비 지원은 임산부의 국적이 한국인인 경우만 신청이 가능합니다.
그래서
한국인남성과 외국인 여성이 결혼한경우 신청할수없고
한국인여성과 외국인 남성이 결혼한경우 신청이 가능합니다.
두 사람이 만나 가정을 이루고 임신이라는 축하할 일을 단순히 여성의 국적에 따라 지원의 차별을 둔다는것이 안타까우며 부부의 국적중에 한쪽이 한국인일경우 신청이 가능하도록 변경되었으면 좋겠습니다.",임신·난임·생식건강,임산부 건강·배려,임산부 건강관리·배려,임신·난임·생식건강,건강임신지원팀,02-2133-9491,가족지원팀 | 저출생사업1팀,1순위:건강임신지원팀 | 2순위:가족지원팀 | 3순위:저출생사업1팀,5,"35세 이상 임산부 외래 진료 및 검사비 지원 | 임산부 엽산제, 철분제 지원 | 서울시 난임?임산부심리상담센터 운영 | 맘편한 임신 원스톱서비스(임산부?출산전 제공) | 임산부 출산급여 지원","의료비 부담이 큰 35세 이상 산모 대상 외래진료 및 검사에 소요되는 비용을 소득과 무관하게 최대 50만원까지 지원 (24년 3월 사회보장제도 신설 협의 완료, 24년 8월까지 사업추진을 위한  사전절차 진행 예정으... | 지원내용 (엽산제) 임신 전후 3개월까지 엽산제 지원  (철분제) 임신 16주부터 철분제 5개월분  신청방법 주소지 보건소에 방문하거나 온라인(정부24)으로 신청 | 난임부부, 유산?사산 경험부부, 임산부 및 양육모의 정서적 안정을 위해 전담 상담사가 등록부터 종결까지 1:1 상담 및 다양한 프로그램을 운영 | 임산부 엽산제?철분제 지급 등 임신 전?중 통합 서비스 제공 | ㅇ 임산부 출산급여 90만원 지원     ※고용노동부 ‘고용보험 미적용자 출산급여’ 150만원에 추가지원",,,,https://idea.seoul.go.kr/front/freeSuggest/view.do?sn=192867
PROP-192865,2022-07-11,N,미상,6.0,어린이집 운영서비스 개선,"국공립 어린이집을 비롯한 어린이집을 이용 하다가
어린이가 타지역에서 단기간 머물어야 할 경우
타지역에서는 이용할 수 없슴에 따라
보육포털서비스 인터넷을 통한
어린이집 운영 방법을 개선하여
타지역 어린이집 정원범위 안에서 어린이집을 선택
단기간을 이용할 수 있도록 하여 어린이집 운영 서비스 개선
보육가정의 보육 만족도 증대
보육료에 대하여는 일할정산 등 적용",보육·돌봄 인프라,어린이집·유치원,보육시설·유아교육,보육·돌봄 인프라,돌봄사업팀,02-2133-6560,가족지원팀 | 저출생사업1팀,1순위:돌봄사업팀 | 2순위:가족지원팀 | 3순위:저출생사업1팀,5,어린이집 영유아 방문건강관리 서비스 지원 | 서울형어린이집 | 서울형 0세 전담반 어린이집(사업종료) | 서울형 0세 전담반 어린이집 | 서울형 시간제 전문 어린이집,어린이집으로 방문건강간호사가 찾아가서 건강관리 및 건강교육서비스 제공 | 공인평가를 통하여 우수한 민간 어린이집을 선정하고 인건비 및 운영비를 지원함으로써 향상된 보육서비스를 안정적으로 제공 | 12개월 미만의 영아 보육에 적합한 ‘0세 전담반’  어린이집 100개반 선정 운영 | 12개월 미만의 영아 보육에 적합한 ‘0세 전담반’  어린이집 100개반 선정 운영 | 가정양육 또는 타 기관 이용 보호자 등 누구나 필요시 시간 단위로 이용할 수 있는 보육서비스,,,,https://idea.seoul.go.kr/front/freeSuggest/view.do?sn=192865
PROP-192824,2022-06-30,N,미상,18.0,서울시 임산부 교통비 지원 사업 외국인 임산부도 포함시켜주세요.,서울시 임산부 교통비 지원 사업 외국인 임산부도 포함시켜주세요.,임신·난임·생식건강,임산부 건강·배려,임산부 건강관리·배려,임신·난임·생식건강,건강임신지원팀,02-2133-9491,가족지원팀 | 저출생사업1팀,1순위:건강임신지원팀 | 2순위:가족지원팀 | 3순위:저출생사업1팀,5,"35세 이상 임산부 외래 진료 및 검사비 지원 | 임산부 엽산제, 철분제 지원 | 서울시 난임?임산부심리상담센터 운영 | 맘편한 임신 원스톱서비스(임산부?출산전 제공) | 임산부 출산급여 지원","의료비 부담이 큰 35세 이상 산모 대상 외래진료 및 검사에 소요되는 비용을 소득과 무관하게 최대 50만원까지 지원 (24년 3월 사회보장제도 신설 협의 완료, 24년 8월까지 사업추진을 위한  사전절차 진행 예정으... | 지원내용 (엽산제) 임신 전후 3개월까지 엽산제 지원  (철분제) 임신 16주부터 철분제 5개월분  신청방법 주소지 보건소에 방문하거나 온라인(정부24)으로 신청 | 난임부부, 유산?사산 경험부부, 임산부 및 양육모의 정서적 안정을 위해 전담 상담사가 등록부터 종결까지 1:1 상담 및 다양한 프로그램을 운영 | 임산부 엽산제?철분제 지급 등 임신 전?중 통합 서비스 제공 | ㅇ 임산부 출산급여 90만원 지원     ※고용노동부 ‘고용보험 미적용자 출산급여’ 150만원에 추가지원",,,,https://idea.seoul.go.kr/front/freeSuggest/view.do?sn=192824
PROP-192751,2022-06-24,N,미상,11.0,임산부 교통비 지원 관련 추가 제안,"안녕하세요,
임신 5개월차 된 아내를 둔 남편입니다.
최근 보도된 임산부 교통비 지원 기사를 보고 너무나도 기뻤습니다.
매일 아침마다 회사 출근 준비하는 아내를 보며 참 많이 안쓰러웠는데요.
특히 택시가 안 잡혀서 대중교통을 타고 걸어서 출근했다는 얘기를 들을때면 여지없이 전 미안한 마음이 듭니다...
이 얘기는 저희 부부에게만 해당되는 얘기는 아닐 겁니다.
왜냐하면 모든 임산부가 그렇듯 임신 초기에는 최대한 걸어다니면 안 되기 때문입니다.
임신 초기가 지나 중 후반이 되면 평소보다 2배나 되는 애기를 매일 안고서 출근을 해야 하는 임산부도 마찬가지됴.
그래서 서울시에서 지원할 이번 정책을 접했을 때 너무 기뻤습니다.
근데 한 가지 문제는
택시가 안 잡힙니다.
그래서 이번에 시행될 임산부 교통비 지원 정책에 추가 제안을 드리자면,
임산부임을 인증하면, 택시 호출 시 우선순위를 부여
해주셨으면 좋겠습니다.
아니면 전철에 임산부석을 따로 마련해두는 것처럼 출퇴근 시간에는 별도의 풀을 운영하는 방안도 좋습니다.
더불어, 모든 택시 기사님들이 그런 건 아니지만
임산부 임을 인지하시게 되면, 기사님들도 보다 더 안전 운행
을 해주시지 않을까요?
그래서 이런 추가 제안 드립니다.
긴 글 읽어주셔서 감사합니다.",임신·난임·생식건강,임산부 건강·배려,임산부 건강관리·배려,임신·난임·생식건강,건강임신지원팀,02-2133-9492,가족지원팀 | 저출생사업1팀,1순위:건강임신지원팀 | 2순위:가족지원팀 | 3순위:저출생사업1팀,1,임산부 배려공간 조성,ㅇ 교통 약자인 임산부의 엘리베이터 안전사고 예방 및 배려문화 확산을 위해 엘리베이터 내?외부에 임산부 배려공간 조성(엠블럼 부착)   - 임산부를 위해 해당 공간을 비워두고 양보하는 사회 분위기 확산 유도 ㅇ 임산...,,,,https://idea.seoul.go.kr/front/freeSuggest/view.do?sn=192751
PROP-192709,2022-06-18,N,미상,5.0,신혼부부 임차보증금지원사업 연장 시 소득기준 상향,신혼부부 임차보증금지원사업 연장 시 소득기준 상향,주거·교통·도시생활환경,출산가구 주거,신혼부부·출산가구 주거지원,주거·교통·도시생활환경,저출생사업1팀,02-2133-5027,생활지원팀,1순위:저출생사업1팀 | 2순위:생활지원팀,4,신혼부부 결혼ㆍ살림비용 지원 | 신혼희망타운 | 신혼부부 전용 주택 구입 자금 대출 | 신혼부부 임차보증금 이자 지원,"ㅇ 결혼ㆍ살림 비용 최대 100만원 지원    - 결혼준비 및 혼인살림 장만 관련 비용 지출    ※ 생애 1회 지급   ? 결혼준비 : 혼수, 예식장, 신혼여행, 청첩장 등    ? 혼인살림 : 전자제품, 주방가전... | 신혼희망타운 분양?임대주택 공급 및 청약 자격 제공 | 연 2.55~3.85% 금리로 주택구입 자금 대출, 최대 3억 2천만 원 한도 | - 임차보증금 대출금: 최대 3억원(임차보증금의 90% 이내) - 이자지원 금리: 최대 4.5% - 지원기간: 최장 10년(25.11.20. 부터 최장 12년) ※ 자세한 사항은 서울주거포털 공고문 참조",,,,https://idea.seoul.go.kr/front/freeSuggest/view.do?sn=192709
PROP-192699,2022-06-15,N,미상,3.0,난임지원 늘려주세요,"난임치료비 소득때문에 못받고 있습니다.
건강보험 혜택을 못받는 치료비 때문에 부담이 너무 큽니다.
한달만 치료 받아도 주사비와 동결비 등 백만원이 넘습니다.
보험 혜택을 늘려주세요.
※ 메타버스 서울시청 앱에서 DY님께서 제안하신 의견입니다.",임신·난임·생식건강,난임 지원,난임시술·주사·시술비,임신·난임·생식건강,건강임신지원팀,02-2133-9491,가족지원팀 | 저출생사업1팀,1순위:건강임신지원팀 | 2순위:가족지원팀 | 3순위:저출생사업1팀,5,서울형 난임부부 시술비 지원 | 서울권역 난임?우울증 상담센터 운영 | 서울시 한의약 난임치료 지원 | 서울시 난임?임산부심리상담센터 운영 | 난임부부 지원,"난임시술 비용의 본인부담액에 대한 시술별 지원상한액 지원 - 횟수 : 총 25회(누적) - 지원금액: 시술별 1회당 최대 30만원~110만원 | 난임부부, 유산?사산 경험부부, 임산부 및 양육모의 정서적 안정을 위해 전담 상담사가 등록부터 종결까지 1:1 상담 및 다양한 프로그램을 운영 | 원인불명의 난임진단 부부에게  한의약 난임치료 첩약비용(3개월)의 본인부담금 90%(상한 1,200천원) 지원 | 난임부부, 유산?사산 경험부부, 임산부 및 양육모의 정서적 안정을 위해 전담 상담사가 등록부터 종결까지 1:1 상담 및 다양한 프로그램을 운영 | o 난임시술 비용의 본인부담액에 대한 시술별 지원상한액 지원      -(횟수) 출산당 총25회 (보조생식술 시작일이 '24.11.1.일 이후부터)      -(지원금액) 시술별 1회당 최대 30만원~110만원  o...",,,,https://idea.seoul.go.kr/front/freeSuggest/view.do?sn=192699
PROP-192686,2022-06-14,N,미상,21.0,미혼여성난임지원 확대,"안녕하세요 저는 만 삼십초반 미혼여성으로,
최근 조기폐경을 진단받고 난임진료를 받고있습니다.
난소기능저하로 임신하기가
힘들다는 소견을 받고
너무 좌절했습니다.
그와중에,
사회적으로도 결혼나이가 올랐는데
나라에서 해주는 지원이
너무 터무니 없다고 생각합니다.
미혼이나, 기혼이나 아이를 낳고자 하는 마음은 매한가지인데
미혼이라는 이유로 보험처리도 안될뿐더러 지원되는게 아무것도 없다는게 말이 안된다고 생각합니다.
이게 저출산국가에서 시행되고 있는법
이라는게 어이가 없습니다.
최근 난자채취를 위해 시술을 했는데
약값, 초음파, 피검사 등등 다 제외하고
채취시술 자체만 130만원이 들었습니다.
진료비 및 냉동보관료 등등 전부 포함하면 1차 시술안에 들어가는 비용만
""최소"" 200만원 이상입니다.
상황에 따라 난자채취가 안되는상황도
있는데, 제가 그 상황이었습니다.
미채취 상황만으로 정신적으로도 힘든건 둘째치고, 몸도 힘든데 비용적으로도
너무 힘들었습니다.
비용적인 문제라도
마음 편히 진료볼수 있는 환경을 만들어주세요",임신·난임·생식건강,난임 지원,난임시술·주사·시술비,임신·난임·생식건강,건강임신지원팀,02-2133-9491,가족지원팀 | 저출생사업1팀,1순위:건강임신지원팀 | 2순위:가족지원팀 | 3순위:저출생사업1팀,5,서울형 난임부부 시술비 지원 | 서울권역 난임?우울증 상담센터 운영 | 서울시 한의약 난임치료 지원 | 서울시 난임?임산부심리상담센터 운영 | 난임부부 지원,"난임시술 비용의 본인부담액에 대한 시술별 지원상한액 지원 - 횟수 : 총 25회(누적) - 지원금액: 시술별 1회당 최대 30만원~110만원 | 난임부부, 유산?사산 경험부부, 임산부 및 양육모의 정서적 안정을 위해 전담 상담사가 등록부터 종결까지 1:1 상담 및 다양한 프로그램을 운영 | 원인불명의 난임진단 부부에게  한의약 난임치료 첩약비용(3개월)의 본인부담금 90%(상한 1,200천원) 지원 | 난임부부, 유산?사산 경험부부, 임산부 및 양육모의 정서적 안정을 위해 전담 상담사가 등록부터 종결까지 1:1 상담 및 다양한 프로그램을 운영 | o 난임시술 비용의 본인부담액에 대한 시술별 지원상한액 지원      -(횟수) 출산당 총25회 (보조생식술 시작일이 '24.11.1.일 이후부터)      -(지원금액) 시술별 1회당 최대 30만원~110만원  o...",,,,https://idea.seoul.go.kr/front/freeSuggest/view.do?sn=192686
PROP-192668,2022-06-12,N,미상,0.0,서울런 교재비 지원금을 늘려주세요.,"현재 대부분의 인강 사이트에서의 교재비는 2만원이 넘어갑니다. 서울런 정책에서 교재비 지원금으로 주는 2만원으로는 개념 교재 1권도 살 수 없습니다. 저소득층 교육 격차를 줄이기 위해 나온 정책임에도 강의만 무료로 제공될 뿐, 교재는 따로 구매해야한다는 점에서 교육 격차를 줄일 수 있는지 의문이 듭니다. 교재비 지원금을 늘려주세요.",정보·상담·교육·거버넌스,정보 접근성,일반 출산정책 안건,정보·상담·교육·거버넌스,저출생사업1팀,02-2133-5027,생활지원팀,1순위:저출생사업1팀 | 2순위:생활지원팀,0,,,,,,https://idea.seoul.go.kr/front/freeSuggest/view.do?sn=192668
PROP-192614,2022-06-03,Y,미상,210.0,난임 지원 확대,"안녕하세요 저는 현재 난임병원을 2년간 다니는 난임 환자입니다
언제 갖게 될지 모르는 시술을 기약없이 계속 진행할 수 밖에 없는 나이와 난저인데
시술 횟수 제한에 대한 압박이 있어 늘 불안합니다..
시술 횟수가 확대 되었음에도 횟수 제한이 있는것이 불안합니다
결혼이 늦어지며 난임이 점점 늘고 있는데
고령 저출산 상황에 처해 있는 현 시대에 횟수제한을 두는 의미가 있을지 ..
첫째 아이에 대해서라도 횟수제한을 없애줄 수는 없는걸까요?",임신·난임·생식건강,난임 지원,난임시술·주사·시술비,임신·난임·생식건강,건강임신지원팀,02-2133-9491,가족지원팀,1순위:건강임신지원팀 | 2순위:가족지원팀,5,서울형 난임부부 시술비 지원 | 서울권역 난임?우울증 상담센터 운영 | 서울시 한의약 난임치료 지원 | 서울시 난임?임산부심리상담센터 운영 | 난임부부 지원,"난임시술 비용의 본인부담액에 대한 시술별 지원상한액 지원 - 횟수 : 총 25회(누적) - 지원금액: 시술별 1회당 최대 30만원~110만원 | 난임부부, 유산?사산 경험부부, 임산부 및 양육모의 정서적 안정을 위해 전담 상담사가 등록부터 종결까지 1:1 상담 및 다양한 프로그램을 운영 | 원인불명의 난임진단 부부에게  한의약 난임치료 첩약비용(3개월)의 본인부담금 90%(상한 1,200천원) 지원 | 난임부부, 유산?사산 경험부부, 임산부 및 양육모의 정서적 안정을 위해 전담 상담사가 등록부터 종결까지 1:1 상담 및 다양한 프로그램을 운영 | o 난임시술 비용의 본인부담액에 대한 시술별 지원상한액 지원      -(횟수) 출산당 총25회 (보조생식술 시작일이 '24.11.1.일 이후부터)      -(지원금액) 시술별 1회당 최대 30만원~110만원  o...",,,,https://idea.seoul.go.kr/front/freeSuggest/view.do?sn=192614
PROP-192382,2022-04-26,N,미상,0.0,아이들이 노는곳에 안전시설이 부족하다.,아이들이 노는곳에 안전시설이 부족하다.,정보·상담·교육·거버넌스,정보 접근성,일반 출산정책 안건,정보·상담·교육·거버넌스,저출생사업1팀,02-2133-5027,생활지원팀,1순위:저출생사업1팀 | 2순위:생활지원팀,0,,,,,"TAG_REVIEW:현재 태그=정보·상담·교육·거버넌스, 태그 핵심어 약함 || TAG_REVIEW:현재 태그=정보·상담·교육·거버넌스, 태그 핵심어 약함",https://idea.seoul.go.kr/front/freeSuggest/view.do?sn=192382
PROP-192326,2022-04-14,N,미상,11.0,출산지원을 출산후 지원도 검토해주세요,"임산부 교통비 지원이 있는데
12세 미만 자녀 4명이 있습니다
출산이후 지원도 동일하게 인당 70만원 지원해 줘야 하는게 맞지 않을까요?
출산율 높이는 정책이 다양해서 좋지만 이후 정책은 없습니다
4명이 영어,음악,체육에 대한 기본 교육을 받는다는 가정하에 1자녀와 4자녀의 교육비가 4배 차이가 나지만 직장에서 급여는 다자녀에 대한 혜택이 없습니다
세금을 일체 내지 않거나, 3~4자녀 에 대해서 학원비를 100% 지원하지 않는다면  자녀가 많은 것에 대해서 엄청난 경제적 부담만 되어  부모의 증여가 없다면 살아갈수가 없습니다
다자녀의 지원이 1-2자녀의 생활비로 3-4 자녀를 키울수 있게 정책을 마련해 주시기를 제안합니다",출산·산후 초기지원,산후조리,산후조리·산모도우미,출산·산후 초기지원,가족건강팀,02-2133-9485,저출생사업1팀,1순위:가족건강팀 | 2순위:저출생사업1팀,5,배우자 출산휴가 지원금 | 임산부 출산급여 지원 | 서울형 가사서비스 지원 | 서울형 가사서비스 | 서울형 육아휴직장려금,"ㅇ 임산부 배우자를 둔 1인 자영업자?프리랜서에 배우자 출산휴가 지원금 80만원 지원 | ㅇ 임산부 출산급여 90만원 지원 ※고용노동부 ‘고용보험 미적용자 출산급여’ 150만원에 추가지원 | 서울시 거주 중위소득 180% 이하 임산부, 다자녀, 맞벌이 가정 대상 70만원 상당 바우처 지원 구비서류 : 주민등록등본(필수) ※ 모든서류는 3개월이내 발급 원칙 ※ 소득기준 : 별도 증빙자료 필요없음(정부 행복... | 신청기간 : 25.1.20.(월) 9시~예산소진 시 까지 사업내용 : 1 가정당 연 70만원 상당 바우처를 신용(체크)카드에 지급 | ○ 자녀 1인당 최대 120만원 지원 - 육아휴직기간 연속 6개월 시 60만원, 연속 12개월 경과 시 60만원 추가지급 ※ 부?모 모두 육아휴직 시 각각 지급 (자녀 1인에 대해 가구당 최대 240만원 지급)",,,,https://idea.seoul.go.kr/front/freeSuggest/view.do?sn=192326
PROP-192268,2022-03-23,N,미상,8.0,종로서대문 거점형 키움센터 3호 공간 효율이 떨어집니다. 7세를 위한 프로그램 필요합니다.,종로서대문 거점형 키움센터 3호 공간 효율이 떨어집니다. 7세를 위한 프로그램 필요합니다.,보육·돌봄 인프라,초등돌봄,초등돌봄·방과후,보육·돌봄 인프라,돌봄사업팀,02-2133-6560,가족건강팀,1순위:돌봄사업팀 | 2순위:가족건강팀,0,,,,,,https://idea.seoul.go.kr/front/freeSuggest/view.do?sn=192268
PROP-192216,2022-03-09,N,강북구,5.0,강북구 유치원 교사 구청 지원금,"안녕하세요~ 저는 현재 강북구 관내 유치원에서 교사로 일하고 있습니다.
이전에 강남구 관내에 있는 유치원에서 일을 했었는데요 그곳은 교사에 대한  지원금 명목으로
15만원씩 지원 받았는데요....이번 도봉구청도
10만원씩 지원을 해준다는데.... 하는 일에 비해 호봉이 적은 교사들에게 강북구청또한 지원금에 관련된 계획이 없으신가요?
사립유치원의 특성상 정해진 호봉이 있지만 원아수와 학급수에 따라 급여가 차감 되고  있는 부분..연차가 많아서 호봉을 낮춰야하는 부분등...
교사들이 제대로 된 급여를 받지 못하는 경우도 많이 있습니다. 이럴 때 구청 지원금이라도 있다면 크지 않더라도 더 힘을 낼 수있는 부분이라고 생각합니다!",보육·돌봄 인프라,어린이집·유치원,보육시설·유아교육,보육·돌봄 인프라,돌봄사업팀,02-2133-6560,저출생사업1팀 | 생활지원팀,1순위:돌봄사업팀 | 2순위:저출생사업1팀 | 3순위:생활지원팀,0,,,,,,https://idea.seoul.go.kr/front/freeSuggest/view.do?sn=192216
PROP-192172,2022-02-22,Y,미상,112.0,장애아동을 위한 전용 미용(헤어컷)시설 설치를 제안합니다.,"존경하는 오세훈 서울시장 및 각 부처 관계자께 제안드립니다.
저는 미취학 장애아동을 키우고 있는 부모입니다. 중증 뇌병변 장애인탓에 아직 스스로 앉거나 일어서지 못합니다. 하루에 대부분을 누워있고 식사시간에만 등받이 의자에 앉아있습니다.
형편이 이렇다보니 머리를 자르기가 많이 힘이 듭니다. 유튜브를 찾아보며 혼자 독학하여 잘라주고있지만 독학으로 배운 헤어컷은 늘 삐뚤빼뚤 입니다. 큰 맘 먹고 동네 헤어샵을 데려가더라도 거절 당하거나 불편한 시선들로 마음만 상하고 돌아옵니다.
저는 부모니깐 참을 수 있지만 소중한 내 자녀가 장애가 있다는 이유로 불편한 시선을 받는것은 참으로 부모로서 억장이 무너집니다.
이에 간곡히 제안드립니다.
다른 아이들 보다 몸이 불편한 우리 아이들이 편하게 이발을 할 수 있는 그런 공간을 마련하여 주십시오. 장애아동도 멋있게 머리를 자를 수 있게 도와주십시오.
내곡동에 위치한
서울시립어린이병원에 설치된다면
그곳에서 재활을 받는 장애아동들이
편하게 이용할 수 있을거라 생각됩니다.
그외에 서울시 관할 재활센터나 장애인복지센터에 설치되어 운영되기를 희망합니다.
존경하는 오세훈 서울시장 이하 각부처 관계자께서는 심도있는 검토를 부탁드립니다.",정보·상담·교육·거버넌스,정보 접근성,일반 출산정책 안건,정보·상담·교육·거버넌스,저출생사업1팀,02-2133-5027,가족건강팀 | 생활지원팀,1순위:저출생사업1팀 | 2순위:가족건강팀 | 3순위:생활지원팀,0,,,,,"TAG_REVIEW:현재 태그=정보·상담·교육·거버넌스, 태그 핵심어 약함 || TAG_REVIEW:현재 태그=정보·상담·교육·거버넌스, 태그 핵심어 약함",https://idea.seoul.go.kr/front/freeSuggest/view.do?sn=192172
PROP-192150,2022-02-18,N,미상,6.0,신혼부부 특별공급 자격요건 수정요청드립니다,신혼부부 특별공급 자격요건 수정요청드립니다,주거·교통·도시생활환경,출산가구 주거,신혼부부·출산가구 주거지원,주거·교통·도시생활환경,저출생사업1팀,02-2133-5027,다문화지원팀,1순위:저출생사업1팀 | 2순위:다문화지원팀,4,신혼부부 결혼ㆍ살림비용 지원 | 신혼희망타운 | 신혼부부 전용 주택 구입 자금 대출 | 신혼부부 임차보증금 이자 지원,"ㅇ 결혼ㆍ살림 비용 최대 100만원 지원    - 결혼준비 및 혼인살림 장만 관련 비용 지출    ※ 생애 1회 지급   ? 결혼준비 : 혼수, 예식장, 신혼여행, 청첩장 등    ? 혼인살림 : 전자제품, 주방가전... | 신혼희망타운 분양?임대주택 공급 및 청약 자격 제공 | 연 2.55~3.85% 금리로 주택구입 자금 대출, 최대 3억 2천만 원 한도 | - 임차보증금 대출금: 최대 3억원(임차보증금의 90% 이내) - 이자지원 금리: 최대 4.5% - 지원기간: 최장 10년(25.11.20. 부터 최장 12년) ※ 자세한 사항은 서울주거포털 공고문 참조",,,"TAG_REVIEW:현재 태그=주거·교통·도시생활환경, 태그 핵심어 약함 || TAG_REVIEW:현재 태그=주거·교통·도시생활환경, 태그 핵심어 약함",https://idea.seoul.go.kr/front/freeSuggest/view.do?sn=192150
PROP-192106,2022-02-04,N,미상,1.0,"학교, 유치원, 어린이집에 코로나19신속진단키트를 제공해주세요!","연일 하루가 다르게 코로나 확진자가 폭증하고 있습니다.
현재 아이들은 계절 감기와 겹쳐 누가 감기인지 누가 코로나인지 구분이 어렵습니다.
이제는 선별진료소에서도 pcr검사를 받으려면 신속진단키트 검사를 진행해야해서 pcr검사 자료를 요구할 수도 없습니다
이에 학교나 유치원, 어린이집 등에서 의심증세 아이들을 바로 검사할 수 있도록 신속진단키트 공급이 시급합니다. 급한대로 기관에서 요구하면 개인이 사서 검사를 하거나 기관에서 직접 구입하여 검사를 하기도 하지만 현재 키트 대란으로 구입하기가 매우 어려운 상황입니다.
예전 오세훈 시장님께서 진행하려고 하셨던 학교에 키트공급이 지금 필요한 시점이라고 생각합니다. 대란에도 학교와 유치원, 어린이집에서는 안정적으로 키트가 제공되어 의심 증상이 보이는 아이는 학부모의 동의하에 직접 검사를 하고 등교, 등원 할 수 있게 해주세요!!!
한시가 급합니다.",보육·돌봄 인프라,어린이집·유치원,보육시설·유아교육,보육·돌봄 인프라,돌봄사업팀,02-2133-6560,저출생사업1팀 | 생활지원팀,1순위:돌봄사업팀 | 2순위:저출생사업1팀 | 3순위:생활지원팀,5,어린이집 영유아 방문건강관리 서비스 지원 | 서울형어린이집 | 서울형 0세 전담반 어린이집(사업종료) | 서울형 0세 전담반 어린이집 | 서울형 시간제 전문 어린이집,어린이집으로 방문건강간호사가 찾아가서 건강관리 및 건강교육서비스 제공 | 공인평가를 통하여 우수한 민간 어린이집을 선정하고 인건비 및 운영비를 지원함으로써 향상된 보육서비스를 안정적으로 제공 | 12개월 미만의 영아 보육에 적합한 ‘0세 전담반’  어린이집 100개반 선정 운영 | 12개월 미만의 영아 보육에 적합한 ‘0세 전담반’  어린이집 100개반 선정 운영 | 가정양육 또는 타 기관 이용 보호자 등 누구나 필요시 시간 단위로 이용할 수 있는 보육서비스,,,,https://idea.seoul.go.kr/front/freeSuggest/view.do?sn=192106
PROP-192084,2022-01-28,N,미상,9.0,신혼부부 임차보증금 이자 지원 사업,"신혼부부 임차보증금 이자 지원 사업에 대해서 이야기 하려고 합니다.
현재 지나치게 오른 집값 문제로 인해서 많은 사람들이 결혼 또는 육아를 망설이고 있습니다. 저 또한 그렇구요.
서울시에서는 신혼부부에게 임차보증금 이자를 지원해주는 좋은 사업을 시행하고 있습니다.
많은 분들이 혜택을 받고 있고 앞으로도 계속 잘 업그레이드 되서 진행되면 좋겠어요.
한 가지 건의 드리고 싶은 것은 시간이 지남에 따라 자격 조건 중에 소득 부분을 증액 했듯이 ""임차보증금"" 5억 이하 부분도 현실에 맞춰서 증액 해주시면 좋겠습니다.
2~3년 전보다 임차보증금은 2배 넘게 오른 곳이 대부분인데 임차 보증금이 그대로인 것은 말이 안된다고 생각합니다.
단, 지나친 대출을 막기 위해서 융자 최대 한도는 2억을 유지해도 된다고 생각합니다.
검토 부탁 드립니다.",주거·교통·도시생활환경,출산가구 주거,신혼부부·출산가구 주거지원,주거·교통·도시생활환경,저출생사업1팀,02-2133-5027,생활지원팀,1순위:저출생사업1팀 | 2순위:생활지원팀,4,신혼부부 결혼ㆍ살림비용 지원 | 신혼희망타운 | 신혼부부 전용 주택 구입 자금 대출 | 신혼부부 임차보증금 이자 지원,"ㅇ 결혼ㆍ살림 비용 최대 100만원 지원    - 결혼준비 및 혼인살림 장만 관련 비용 지출    ※ 생애 1회 지급   ? 결혼준비 : 혼수, 예식장, 신혼여행, 청첩장 등    ? 혼인살림 : 전자제품, 주방가전... | 신혼희망타운 분양?임대주택 공급 및 청약 자격 제공 | 연 2.55~3.85% 금리로 주택구입 자금 대출, 최대 3억 2천만 원 한도 | - 임차보증금 대출금: 최대 3억원(임차보증금의 90% 이내) - 이자지원 금리: 최대 4.5% - 지원기간: 최장 10년(25.11.20. 부터 최장 12년) ※ 자세한 사항은 서울주거포털 공고문 참조",,,,https://idea.seoul.go.kr/front/freeSuggest/view.do?sn=192084
PROP-191992,2022-01-08,N,미상,12.0,서울시 신혼부부 전세자금대출 이자지원,서울시 신혼부부 전세자금대출 이자지원,주거·교통·도시생활환경,출산가구 주거,신혼부부·출산가구 주거지원,주거·교통·도시생활환경,저출생사업1팀,02-2133-5027,,1순위:저출생사업1팀,4,신혼부부 결혼ㆍ살림비용 지원 | 신혼희망타운 | 신혼부부 전용 주택 구입 자금 대출 | 신혼부부 임차보증금 이자 지원,"ㅇ 결혼ㆍ살림 비용 최대 100만원 지원    - 결혼준비 및 혼인살림 장만 관련 비용 지출    ※ 생애 1회 지급   ? 결혼준비 : 혼수, 예식장, 신혼여행, 청첩장 등    ? 혼인살림 : 전자제품, 주방가전... | 신혼희망타운 분양?임대주택 공급 및 청약 자격 제공 | 연 2.55~3.85% 금리로 주택구입 자금 대출, 최대 3억 2천만 원 한도 | - 임차보증금 대출금: 최대 3억원(임차보증금의 90% 이내) - 이자지원 금리: 최대 4.5% - 지원기간: 최장 10년(25.11.20. 부터 최장 12년) ※ 자세한 사항은 서울주거포털 공고문 참조",,,,https://idea.seoul.go.kr/front/freeSuggest/view.do?sn=191992
PROP-191846,2021-12-10,N,미상,5.0,육아 예술가들의 고독감을 해결하기 위한 육아하는 예술가들의 수다방 ( 手茶房: 창작하고 이야기하고 고민을 나누는 육아 예술가들의 쉼터),"1.
육아
예술가들의
고독감을
해결하기
위한
육아하는
예술가들의
수다방
(
手
茶
房
:
창작하고
이야기하고
고민을
나누는
육아
예술가들의
쉼터
)
육아를
병행하는
예술가들은
(
특히
여성예술인들을
중심으로
)
코로나
상황에
따라
작업을
하고
전시를
통해
시민을
만나는
기회도
줄어들었지만
,
온라인
수업
등
육아에서
아이들을
직접
보육해야하는
시간과
노력도
늘어났습니다
.
이
때문에
육아를
담당하는
주
양육자인
예술가들의
경우
예술활동을
통한
경력단절
뿐
아니라
경제적활동
또한
어려워질
수
밖에
없습니다
.
이러한
가운데
예술가로서의
자기
정체성에도
어려움을
겪고
고독감에
빠져듭니다
.
육아
예술가들이
서로
만날
수
있는
커뮤니티를
만들고
육아와
예술작업에
있어
정서적
,
실제적
멘토링을
받으며
예술활동을
이어갈
수
있도록
도와주세요
.",정보·상담·교육·거버넌스,정보 접근성,일반 출산정책 안건,정보·상담·교육·거버넌스,저출생사업1팀,02-2133-5027,가족건강팀 | 생활지원팀,1순위:저출생사업1팀 | 2순위:가족건강팀 | 3순위:생활지원팀,0,,,,,"TAG_REVIEW:현재 태그=정보·상담·교육·거버넌스, 태그 핵심어 약함 || TAG_REVIEW:현재 태그=정보·상담·교육·거버넌스, 태그 핵심어 약함 || TAG_REVIEW:현재 태그=정보·상담·교육·거버넌스, 태그 핵심어 약함",https://idea.seoul.go.kr/front/freeSuggest/view.do?sn=191846
PROP-191836,2021-12-09,N,미상,5.0,어린이집 영유아 보육활동 교육자료의 보육교사 자부담 유료비용 완화,"안녕하세요.
저희는 영유아 놀이,교육 컨텐츠를 제작하는 네이버카페 아토별입니다.
어린이집은 돌봄을 하기 위한 기능 외에 놀이, 교육 프로그램을 통해 영유아의 성장 발달을 촉진시키는 기능을 하는 곳입니다.
이를 위해 보육교사는 연내, 월간, 주간 계획에 의해 보육을 하고있는 영유아 어린이들에게 체험할 수 있도록 다양한 컨텐츠를 만들어 교육을 하고 있습니다.
이러한 교육을 진행하기 위해서는 어린이집 또는 유치원에서 이루어지는 유아교육과 원내를 꾸밀 수 있는 환경구성이 필요하며,
조금 더 자세히는 교육에 필요한 유아활동지, 역할놀이, 색칠놀이, 만들기 등의 어린이집 행사 환경구성을 준비해야합니다.
행사를 위해 환경판, 가랜드, 모빌, 컷도안, 합성도안, 칭찬판, 안내판 등등 영유아의 눈높이에 맞춘 컨텐츠들을 준비해야 하는데
이러한 행사를 보육교사가 직접 디자인하여 만들 수 없으므로, 보육교사가 자비로 해당 컨텐츠를 제작하는 디자인 카페를 활용하고 있습니다.
어린이집 및 유치원에서 지원해 주는 것이 좋겠지만, 대부분의 원장은 이러한 지원에 도움을 주지 않는 곳이 많습니다.
어린이를 보육하는 교사로써의 책임감과 교육을 해야하는 입장에서는 불가피하게 자비를 들이고 있습니다.
어린이집 교육교사의 복지증진을 위해 서울시에서 컨텐츠 유료비의 일부를 지원해 줌으로써 보육교사의 복지를 증진시켜 주지 않을까 하는 바램입니다.
그래서 복지 제안을 드리려고 글을 남깁니다.
저희 아토별은 영유아 놀이, 교육 컨텐츠 제작전문 업체로서 월간, 주간 계획에 맞춰 참신한 디자인으로 짜여진 유익한 교육계획안을 제공하고 있습니다.
만 3세~5세 아이들의 눈 높이에 맞게 구성된 교육활동지와 자체제작 캐릭터 도안으로 다양한 환경구성을 제공하여 보육교사의 행사활동이 원할히 수행될 수 있도록 도움을 드리고 있습니다.
우리 카페만의 특징은 상시 업로드 되고있는 자료뿐만 아니라 어린이집 교사분들의 요청 게시글을 통한 맞춤 도안자료를 제작해드리는 서비스를 제공하고 있습니다.
1년 정회원 사용료는 30,000원으로 하고있으며, 서울시 복지예산을 보육교사에게 일부(예를 들어 50%) 지원하면 보육교사는 비용에 대한 부담감을 낮출 수 있을 것이라 판단됩니다.
긴 글 읽어 주셔서 감사합니다.
아토별 올림",보육·돌봄 인프라,어린이집·유치원,보육시설·유아교육,보육·돌봄 인프라,돌봄사업팀,02-2133-6560,가족건강팀 | 저출생사업1팀,1순위:돌봄사업팀 | 2순위:가족건강팀 | 3순위:저출생사업1팀,5,어린이집 영유아 방문건강관리 서비스 지원 | 서울형어린이집 | 다문화 보육료 | 서울형 0세 전담반 어린이집(사업종료) | 시간제 보육,"어린이집으로 방문건강간호사가 찾아가서 건강관리 및 건강교육서비스 제공 | 공인평가를 통하여 우수한 민간 어린이집을 선정하고 인건비 및 운영비를 지원함으로써 향상된 보육서비스를 안정적으로 제공 | 만0세: (기본)540,000원, (야간)540,000원, (24시간)810,000원 만1세반: (기본)475,000원, (야간)475,000원, (24시간)712,500원 만2세반: (기본)394,000원, (야간... | 12개월 미만의 영아 보육에 적합한 ‘0세 전담반’  어린이집 100개반 선정 운영 | 만6개월~36개월 부모급여 또는 양육수당 수급 아동대상 시간제보육 지원",,,,https://idea.seoul.go.kr/front/freeSuggest/view.do?sn=191836
PROP-191817,2021-12-06,N,미상,5.0,재택근무 가능 직종 임산부 재택근무 의무화,재택근무 가능 직종 임산부 재택근무 의무화,임신·난임·생식건강,임산부 건강·배려,임산부 건강관리·배려,임신·난임·생식건강,건강임신지원팀,02-2133-9492,저출생사업1팀 | 가족지원팀,1순위:건강임신지원팀 | 2순위:저출생사업1팀 | 3순위:가족지원팀,5,"35세 이상 임산부 외래 진료 및 검사비 지원 | 임산부 엽산제, 철분제 지원 | 서울시 난임?임산부심리상담센터 운영 | 맘편한 임신 원스톱서비스(임산부?출산전 제공) | 임산부 출산급여 지원","의료비 부담이 큰 35세 이상 산모 대상 외래진료 및 검사에 소요되는 비용을 소득과 무관하게 최대 50만원까지 지원 (24년 3월 사회보장제도 신설 협의 완료, 24년 8월까지 사업추진을 위한  사전절차 진행 예정으... | 지원내용 (엽산제) 임신 전후 3개월까지 엽산제 지원  (철분제) 임신 16주부터 철분제 5개월분  신청방법 주소지 보건소에 방문하거나 온라인(정부24)으로 신청 | 난임부부, 유산?사산 경험부부, 임산부 및 양육모의 정서적 안정을 위해 전담 상담사가 등록부터 종결까지 1:1 상담 및 다양한 프로그램을 운영 | 임산부 엽산제?철분제 지급 등 임신 전?중 통합 서비스 제공 | ㅇ 임산부 출산급여 90만원 지원     ※고용노동부 ‘고용보험 미적용자 출산급여’ 150만원에 추가지원",,,,https://idea.seoul.go.kr/front/freeSuggest/view.do?sn=191817
PROP-191811,2021-12-05,N,미상,16.0,아동을 위한 녹지 및 놀이시설 부족 문제와 해결방안,"제  안  서
안녕하십니까? 저희는 동대문구 소재 경희대학교에서 ‘세계와 시민’ 강의를 수강하고 있는 학생들입니다. 현재 ‘아동인권 감수성’을 주제로 프로젝트를 진행 중이며, 구체적으로
‘아동을 위한 지역 사회의 시설 개선’
을 내용으로 실천적인 활동을 진행하고 있습니다. ‘아동을 위한 놀이 시설 및 녹지 확보’와 관련하여 제안 드리고자 합니다.
Ⅰ. 문제 상황
경희대학교 인근의 <회기 힐스테이트>는 직접 방문하여, 주변의 다른 아파트들은 인터넷 지도 서비스를 이용하여 답사한 결과, 다음과 같은 공통된 문제점을 확인할 수 있었습니다.
1. 놀이터 및 녹지 면적의 협소함
첨부한 [사진]에서 볼 수 있듯이 아파트의 규모와 세대 수에 비해 어린이를 위한 놀이 공간의 규모가 현저히 협소하다는 것을 알 수 있습니다. 더불어 놀이터의 위치가 섬 형태로 서로 분산되어 있고, 아파트 단지가 주변 도로와 연립주택 및 점포로 둘러싸여 있어서 실질적으로 아파트에 거주하는 아동이 이용할 수 있는 놀이 시설은 가장 가까운 놀이터 한두 곳에 불과하다는 것을 알 수 있습니다. 충분한 녹지 공간 및 야외 놀이공간 확보는 아동의 성장과 발달에 있어 매우 중요하므로 개선이 필요합니다.
2. 식수대, 화장실 등 시설 부족
식수대 및 화장실 등은 아동이 야외활동을 하기 위해 부가적으로 필요한 시설이지만, 조사한 아파트 대부분이 이러한 시설을 갖추고 있지 않았습니다. 특히 식수대는 여름철 아동의 야외활동 과정에서 필요적으로 갖추어야 할 시설이므로 개선이 필요합니다.
Ⅱ. 제안 내용
저희는 위와 같은 문제의 원인이 아파트 건설을 위한 사업시행자 및 건설사의 아동을 위한 시설 마련의 유인이 없다는 것에 있다고 보고, 다음과 같은 행정적 제재가 필요하다고 보았습니다. 즉, 토지형질변경 또는 건축허가 등 아파트 건설사업을 위해 필요한 행정청의 수익적 행정처분에 관련 부관을 붙이는 행정규제가 이루어져야 합니다. 형질변경 및 건축허가 과정에서 아동을 위한 일정면적 이상의 녹지 및 놀이 시설을 확보할 것과, 각종 편의 시설을 제공할 것을 ‘부담’ 또는 ‘조건’의 형식으로 부관에 붙여 건설 과정에서 상기한 시설이 확보될 수 있도록 행정처분 기준을 신설 또는 수정해주실 것을 제안합니다.
서울의 신규 아파트는 대부분 재개발 사업으로 이루어지고 있다는 점, 아파트 사업시행자는 서울의 높은 인구 밀도로 인해 높은 용적률을 확보하기 위한 압력을 받고 있다는 점 등을 고려하였을 때, 위와 같은 행정적 규제가 아동을 위한 시설 마련이라는 목적을 달성하는데 효과적이고도 최소한의 침해를 가져오는 것이라는 분석 하에 위와 같이 제안 드립니다.",정보·상담·교육·거버넌스,정보 접근성,일반 출산정책 안건,정보·상담·교육·거버넌스,저출생사업1팀,02-2133-5027,가족건강팀 | 생활지원팀,1순위:저출생사업1팀 | 2순위:가족건강팀 | 3순위:생활지원팀,0,,,,,"TAG_REVIEW:현재 태그=정보·상담·교육·거버넌스, 태그 핵심어 약함 || TAG_REVIEW:현재 태그=정보·상담·교육·거버넌스, 태그 핵심어 약함",https://idea.seoul.go.kr/front/freeSuggest/view.do?sn=191811
PROP-191792,2021-12-02,N,미상,5.0,공공시설 형태의 유아 대상 놀이공간 확대를 건의합니다.,공공시설 형태의 유아 대상 놀이공간 확대를 건의합니다.,정보·상담·교육·거버넌스,정보 접근성,일반 출산정책 안건,정보·상담·교육·거버넌스,저출생사업1팀,02-2133-5027,가족건강팀 | 아동보호팀,1순위:저출생사업1팀 | 2순위:가족건강팀 | 3순위:아동보호팀,0,,,,,"TAG_REVIEW:현재 태그=정보·상담·교육·거버넌스, 태그 핵심어 약함 || TAG_REVIEW:현재 태그=정보·상담·교육·거버넌스, 태그 핵심어 약함",https://idea.seoul.go.kr/front/freeSuggest/view.do?sn=191792
PROP-191780,2021-12-01,N,미상,11.0,어린이보호구역에서 전동킥보드 속도 제한 의무화,"안녕하세요
.
저희는 서울여자대학교에서 바롬인성교육
III
을 수강하고 있는
‘
전동킥보드 안전하게 타조
’
입니다
.
저희는 한 학기동안 전동킥보드 안전 라이딩을 위한 다양한 활동을 수행하고 있습니다
.
올해
5
월
13
일 이후 개정된 도로 교통법이 시행되면서 전동킥보드 관련 문제들이 조금씩 해결되고 있습니다
.
하지만 저희가 조사해 본 결과 어린이 보호 구역과 관련된 전동킥보드 법안이 많이 부족하다는 점을 알게 되었습니다
.
스쿨존에서 규정 속도 등의 안전 의무를 위반하다 사고를 낸 운전자는 가중 처벌을 받게 하는 민식이법이 전동킥보드 이용자들에게도 똑같이 적용된다는 점을 제외하고는 사고를 철저히 예방할 수 있도록 하는 시스템이 전혀 마련되어 있지 않습니다
.
그래서 저희는 어린이 보호 구역에서 전동킥보드의 속도 제한을 의무화하는 것을 제안합니다
.
이때 단순히 이용자들의 속도 조절뿐만 아니라
,
공유전동킥보드 업체가 어린이 보호 구역에서는 전동킥보드의 속도가 자동 감속되도록 보행자들을 위한 안전 서비스를 구축해야한다고 생각합니다
.
한 공유전동킥보드 업체의 경우 어린이보호구역 사고를 예방하기 위하여 전동킥보드가 어린이 보호구역으로 진입하는 경우
,
시속
10km
이내로 자동 감속되도록 설정됩니다
.
고객이 킥보드를 타고 어린이 보호구역에 진입하는 경우 킥보드의
GPS(
지리정보시스템
)
가 진입을 확인하고
,
속도를 제한하는 방식입니다
.
세종시의 공유 전동킥보드는 최대 속도가 시속
20km
로 제한되며 어린이 보호구역으로 들어가면 자동으로 속도가 시속
10
㎞
이내로 줄어듭니다
.
또한
“
여기는 어린이 보호구역입니다
”
라는 안내방송이 나옵니다
.
세종시 관계자는 어린이보호구역에서 사고를 예방하기 위해 전동킥보드 속도를 조절하는 기능을 갖췄다며 전동킥보드가
GPS
를 통해 어린이보호구역을 인식해 자동으로 속도를 줄인다고 했습니다
.
이처럼 어린이 보호구역에서 전동킥보드 속도가 제한되도록 할 뿐만 아니라 전동킥보드가 어린이보호구역에 진입하면 자동으로 시속
10km
이내로 줄어들도록 하는 등의 시스템을 구축할 수 있도록 법안이 마련되어야 합니다
.
앞으로 안전한 전동킥보드 문화를 위해
,
시민 안전을 위해 정부와 전동킥보드 업체는 더욱 노력하는 것이 필요합니다
.
감사합니다
.",정보·상담·교육·거버넌스,정보 접근성,일반 출산정책 안건,정보·상담·교육·거버넌스,저출생사업1팀,02-2133-5027,생활지원팀,1순위:저출생사업1팀 | 2순위:생활지원팀,0,,,,,,https://idea.seoul.go.kr/front/freeSuggest/view.do?sn=191780
PROP-191733,2021-11-23,N,미상,14.0,서울시 신혼부부 임차보증금 지원을 공공주택에도 확대 부탁드립니다.,서울시 신혼부부 임차보증금 지원을 공공주택에도 확대 부탁드립니다.,주거·교통·도시생활환경,출산가구 주거,신혼부부·출산가구 주거지원,주거·교통·도시생활환경,저출생사업1팀,02-2133-5021,,1순위:저출생사업1팀,4,신혼부부 결혼ㆍ살림비용 지원 | 신혼희망타운 | 신혼부부 전용 주택 구입 자금 대출 | 신혼부부 임차보증금 이자 지원,"ㅇ 결혼ㆍ살림 비용 최대 100만원 지원    - 결혼준비 및 혼인살림 장만 관련 비용 지출    ※ 생애 1회 지급   ? 결혼준비 : 혼수, 예식장, 신혼여행, 청첩장 등    ? 혼인살림 : 전자제품, 주방가전... | 신혼희망타운 분양?임대주택 공급 및 청약 자격 제공 | 연 2.55~3.85% 금리로 주택구입 자금 대출, 최대 3억 2천만 원 한도 | - 임차보증금 대출금: 최대 3억원(임차보증금의 90% 이내) - 이자지원 금리: 최대 4.5% - 지원기간: 최장 10년(25.11.20. 부터 최장 12년) ※ 자세한 사항은 서울주거포털 공고문 참조",,,,https://idea.seoul.go.kr/front/freeSuggest/view.do?sn=191733
PROP-191711,2021-11-19,N,미상,5.0,서울시시립 어린이병원 주차장(내곡동),"매주 2번 정도 손주 재활진료를 받으려고 시립병원을 방문하고 있는 할머니입니다.
여기에 오는 대부분의 아동들은 지체가 부자연한 아동으로 보호자의 도움으로 휠체어나 유모차를 이용하는 아동들입니다.
주차장간격이 일반 주차장과 같아 몸이 불편한 아동들을 태우고 내리는 문제 또한 어렵고 유모차나 휠체어를 내리는데 많은 어려움이 있으니 주차장간격을 완화하여 주시기를 부탁드립니다.",보육·돌봄 인프라,아동 건강·의료 접근성,소아응급·야간진료·영유아검진,보육·돌봄 인프라,돌봄사업팀,02-2133-6560,저출생사업1팀 | 생활지원팀,1순위:돌봄사업팀 | 2순위:저출생사업1팀 | 3순위:생활지원팀,0,,,,,"TAG_REVIEW:현재 태그=보육·돌봄 인프라, 태그 핵심어 약함 || TAG_REVIEW:현재 태그=보육·돌봄 인프라, 태그 핵심어 약함",https://idea.seoul.go.kr/front/freeSuggest/view.do?sn=191711
PROP-191703,2021-11-18,N,미상,11.0,실질적이고 획기적인 임산부배려석 이용방안,실질적이고 획기적인 임산부배려석 이용방안,임신·난임·생식건강,임산부 건강·배려,임산부 건강관리·배려,임신·난임·생식건강,건강임신지원팀,02-2133-9491,저출생사업1팀 | 생활지원팀,1순위:건강임신지원팀 | 2순위:저출생사업1팀 | 3순위:생활지원팀,1,임산부 배려공간 조성,ㅇ 교통 약자인 임산부의 엘리베이터 안전사고 예방 및 배려문화 확산을 위해 엘리베이터 내?외부에 임산부 배려공간 조성(엠블럼 부착)   - 임산부를 위해 해당 공간을 비워두고 양보하는 사회 분위기 확산 유도 ㅇ 임산...,,,,https://idea.seoul.go.kr/front/freeSuggest/view.do?sn=191703
PROP-191671,2021-11-12,N,미상,7.0,임산부배려석 간단한 해결방안입니다.,"늦었지만 간단한 해결책이 있음에도 불구하고 오랫동안 해결되지않는 갈등에 대해 해결책을 제시해보고자한다.
사회적약자 배려석은 항상 비워둬야 하므로 해당 배려자가 탑승하지 않았음에도 비워둬야하는
비효율을 야기하는것이 이 논쟁의 핵심이라 본다.
임신이 확인된 임산부에게는 따로 임산부용 교통카드를 제공하여
버스탈때 해당 카드로 요금을 결재하는순간 버스안 임산부 배려석에 불이켜지게 하면된다.
(임산부용 테그나 QR코드등을 제공하여 버스나 지하철안에 별도 단말기를 설치하여 인식하게 하는방법도 가능)
불이 꺼져있을경우 일반좌석으로 사용하면 되는것이고
.
임산부 배려석에 불이들어오는순간 그자리에서 일어나면 된다.
이렇게 하면 불필요한 분쟁이나 사회적 낭비없이 해결이 되는것이다.
이는 노약자 또는 사회적보행 약자등의 경우에도 응용하여 설계가 가능한방법이다.
초기에 설치비용이 들더라도 막대한 사회적 비용은 줄일수있다고본다.",임신·난임·생식건강,임산부 건강·배려,임산부 건강관리·배려,임신·난임·생식건강,건강임신지원팀,02-2133-9491,저출생사업1팀 | 생활지원팀,1순위:건강임신지원팀 | 2순위:저출생사업1팀 | 3순위:생활지원팀,1,임산부 배려공간 조성,ㅇ 교통 약자인 임산부의 엘리베이터 안전사고 예방 및 배려문화 확산을 위해 엘리베이터 내?외부에 임산부 배려공간 조성(엠블럼 부착)   - 임산부를 위해 해당 공간을 비워두고 양보하는 사회 분위기 확산 유도 ㅇ 임산...,,,,https://idea.seoul.go.kr/front/freeSuggest/view.do?sn=191671
PROP-191657,2021-11-10,N,미상,5.0,다자녀 할인 공통 적용,"1. 현황
서울시 각 구에서 운용하는 구민체육센터의 경우 보다 많은 시민참여를 위한 다양한 할인제도가 있습니다.
그중 다자녀 할인도 포함되어 있습니다. 구민체육센터의 프로그램이 각 지역구마다 상이하기에
일부 강좌의 경우 타 지역센터에서만 수강이 가능한 경우가 있습니다. 신청자체에는 제한은 없지만
할인적용은 해당지역구민만 해당되고 있습니다.
2. 제안
이에  할인적용의 경우 해당구민에 한해서는 할인을 받을수 있고 타 지역구민센터에서는 할인 적용이 되질 않습니다.
다자녀 할인의 경우 타지역구민센터에서도 서울시민이면 동일하게 할인을 받았으면 합니다.
또한 할인정책은 보다 많은 시민들의 참여와 지원을 위해서는 장애인할인이든 다자녀이든 동일하게 적용되었으면 합니다.
도서관의 경우 서울시통합도서관으로 서울시민이면 누구든지 지역구 도서관에서 대출이 가능한 것처럼
할인적용의 경우에도 동일하게 적용되었으면 합니다.",다자녀·양육비·생활지원,다자녀 혜택,다자녀 기준·할인·감면,다자녀·양육비·생활지원,저출생사업1팀,02-2133-5025,,1순위:저출생사업1팀,3,신혼부부 결혼ㆍ살림비용 지원 | 자녀출산 무주택가구 주거비 지원 | 신혼희망타운,"ㅇ 결혼ㆍ살림 비용 최대 100만원 지원    - 결혼준비 및 혼인살림 장만 관련 비용 지출    ※ 생애 1회 지급   ? 결혼준비 : 혼수, 예식장, 신혼여행, 청첩장 등    ? 혼인살림 : 전자제품, 주방가전... | 월 최대 30만원(2년간 최대 720만원) 주거비 지원 | 신혼희망타운 분양?임대주택 공급 및 청약 자격 제공",,,,https://idea.seoul.go.kr/front/freeSuggest/view.do?sn=191657
PROP-191631,2021-11-04,N,미상,5.0,한부모 가정에게 상담 치료 바우처 지원을 제안합니다.,한부모 가정에게 상담 치료 바우처 지원을 제안합니다.,취약·다양가족 사각지대,한부모·위기임산부,한부모·미혼부모·위기임산부,취약·다양가족 사각지대,가족지원팀,02-2133-6562,,1순위:가족지원팀,3,저소득층 기저귀조제분유 취약계층 지원 (사회서비스전자바우처) | 농식품바우처 취약계층 지원 | 과학문화 바우처 취약계층 지원,"(출산가정/ⓧ/(기저귀)만2세 미만의 영아를 둔 기초생활보장, 차상위,, 한부모가족 수급 가구 대상. (조제분유)아동복지시설, 공동생활가정, 입양아동, 한부모 아동 등(별도 확인)/남여/기저귀, 조제분유 구매비용) | (생계급여 수급가구 중 임산부,영유아,아동이 포함된 가구/농협하나로마트 등의 공급처에서 국내산 과일, 채소, 흰우유, 신선계란, 육류, 잡곡류, 두부류를 구매할 수 있는 농식품바우처 제공) | (6세 이상(2019.12.31 이전 출생자) 기초생활수급자, 차상위계층/과학문화 상품 및 서비스 이용하는 온라인 포인트 5만원 지급/과학문화바우처 홈페이지)",,,,https://idea.seoul.go.kr/front/freeSuggest/view.do?sn=191631
PROP-191572,2021-10-29,N,미상,7.0,임산부 뱃지에 관하여,"임신과 출산을 겪은 여성과 가족들은 모두 이해 할 수 있는 상황으로
임신초기부터 출산 후 100일 정도까지는 최대한의 안전과 보호가 필요하다
그래서 임산부 뱃지를 산전검사를 받기시작하는 날로부터 산후 기간까지 유효기간을 표시해주면
서로 오해나 비난 등의 갈등요소를  줄일 수 있다고 생각합니다",임신·난임·생식건강,임산부 건강·배려,임산부 건강관리·배려,임신·난임·생식건강,건강임신지원팀,02-2133-9491,가족지원팀 | 저출생사업1팀,1순위:건강임신지원팀 | 2순위:가족지원팀 | 3순위:저출생사업1팀,1,임산부 배려공간 조성,ㅇ 교통 약자인 임산부의 엘리베이터 안전사고 예방 및 배려문화 확산을 위해 엘리베이터 내?외부에 임산부 배려공간 조성(엠블럼 부착)   - 임산부를 위해 해당 공간을 비워두고 양보하는 사회 분위기 확산 유도 ㅇ 임산...,,,,https://idea.seoul.go.kr/front/freeSuggest/view.do?sn=191572
PROP-191567,2021-10-29,N,미상,7.0,"교통약자(장애인, 임산부, 노인 등)가 공공 기관 및 시설물 등의 고층 엘리베이터를 기다리는 동안 잠시라도 착석 가능한 밴치 설치","교통약자(장애인, 임산부, 노인 등)가 공공 기관 및 시설물 등의 고층 엘리베이터를 기다리는 동안 잠시라도 착석 가능한 밴치 설치",임신·난임·생식건강,임산부 건강·배려,임산부 건강관리·배려,임신·난임·생식건강,건강임신지원팀,02-2133-9492,가족건강팀 | 저출생사업1팀,1순위:건강임신지원팀 | 2순위:가족건강팀 | 3순위:저출생사업1팀,1,임산부 배려공간 조성,ㅇ 교통 약자인 임산부의 엘리베이터 안전사고 예방 및 배려문화 확산을 위해 엘리베이터 내?외부에 임산부 배려공간 조성(엠블럼 부착)   - 임산부를 위해 해당 공간을 비워두고 양보하는 사회 분위기 확산 유도 ㅇ 임산...,,,,https://idea.seoul.go.kr/front/freeSuggest/view.do?sn=191567
PROP-191559,2021-10-28,N,미상,11.0,임산부 배려석 활용 방안,"임산부 배려석의 경우, 임산부 태그를 가방에 달고 있어도 잘 눈에 띄지 않아서 사람들이 눈 앞에 임산부가 있음에도 비켜주지 않는 상황이 발생할 수 있다. 임산부 태그에 특별한 장치 등을 삽입해서, 임산부 좌석과 연결되어 '근처에 임산부가 있으니 배려석을 양보해달라'는 신호를 차내에 띄울 수 있지 않을까?
이 방식은 사람들이 임산부에게 주목을 하는 게 아니라
,
임산부석에 앉은 비임산부에 시선이 집중되는 방식을 취해야 할 것이다
.",임신·난임·생식건강,임산부 건강·배려,임산부 건강관리·배려,임신·난임·생식건강,건강임신지원팀,02-2133-9491,가족지원팀 | 저출생사업1팀,1순위:건강임신지원팀 | 2순위:가족지원팀 | 3순위:저출생사업1팀,1,임산부 배려공간 조성,ㅇ 교통 약자인 임산부의 엘리베이터 안전사고 예방 및 배려문화 확산을 위해 엘리베이터 내?외부에 임산부 배려공간 조성(엠블럼 부착)   - 임산부를 위해 해당 공간을 비워두고 양보하는 사회 분위기 확산 유도 ㅇ 임산...,,,,https://idea.seoul.go.kr/front/freeSuggest/view.do?sn=191559
PROP-191535,2021-10-24,N,미상,6.0,임산부 배려석 옆에 아동 배려석 추가 조성 제안,임산부 배려석 옆에 아동 배려석 추가 조성 제안,임신·난임·생식건강,임산부 건강·배려,임산부 건강관리·배려,임신·난임·생식건강,건강임신지원팀,02-2133-9492,저출생사업1팀 | 생활지원팀,1순위:건강임신지원팀 | 2순위:저출생사업1팀 | 3순위:생활지원팀,1,임산부 배려공간 조성,ㅇ 교통 약자인 임산부의 엘리베이터 안전사고 예방 및 배려문화 확산을 위해 엘리베이터 내?외부에 임산부 배려공간 조성(엠블럼 부착)   - 임산부를 위해 해당 공간을 비워두고 양보하는 사회 분위기 확산 유도 ㅇ 임산...,,,,https://idea.seoul.go.kr/front/freeSuggest/view.do?sn=191535
PROP-191534,2021-10-24,N,미상,6.0,방향성을 수정한 임산부 배려석 인식개선 캠페인 제안,방향성을 수정한 임산부 배려석 인식개선 캠페인 제안,임신·난임·생식건강,임산부 건강·배려,임산부 건강관리·배려,임신·난임·생식건강,건강임신지원팀,02-2133-9492,저출생사업1팀 | 가족지원팀,1순위:건강임신지원팀 | 2순위:저출생사업1팀 | 3순위:가족지원팀,1,임산부 배려공간 조성,ㅇ 교통 약자인 임산부의 엘리베이터 안전사고 예방 및 배려문화 확산을 위해 엘리베이터 내?외부에 임산부 배려공간 조성(엠블럼 부착)   - 임산부를 위해 해당 공간을 비워두고 양보하는 사회 분위기 확산 유도 ㅇ 임산...,,,,https://idea.seoul.go.kr/front/freeSuggest/view.do?sn=191534
PROP-191498,2021-10-21,N,미상,5.0,어린이 보호구역 주정차 금지,"어린이 보호구역 내 주정차 전면금지법에 대해서 매우 공감합니다.
하지만 저는 미국에서 10여년 넘게 생활하다 귀국해 보니 한국에서의 좋은점과 선진국과 비교해 볼 때 아직 미흡한 점들이 잘 발견되곤 합니다.
이시행령에 대해서도 미흡한점을 발견했는데 드랍과픽업을 할 수 있는 죤을 만든다면 좋겠다는 생각이 듭니다.
오늘 시행 첫날인데도 뉴스를 보니 필요성을 느끼는많은 분들이 있음도 보았습니다.
꼭 시정될 수 있기를 기대해 봅니다",정보·상담·교육·거버넌스,정보 접근성,일반 출산정책 안건,정보·상담·교육·거버넌스,저출생사업1팀,02-2133-5027,가족건강팀 | 생활지원팀,1순위:저출생사업1팀 | 2순위:가족건강팀 | 3순위:생활지원팀,0,,,,,"TAG_REVIEW:현재 태그=정보·상담·교육·거버넌스, 태그 핵심어 약함 || TAG_REVIEW:현재 태그=정보·상담·교육·거버넌스, 태그 핵심어 약함",https://idea.seoul.go.kr/front/freeSuggest/view.do?sn=191498
PROP-191492,2021-10-20,N,미상,2.0,임산부 뱃지 악용 - 정책 보완 건의사항,임산부 뱃지 악용 - 정책 보완 건의사항,임신·난임·생식건강,임산부 건강·배려,임산부 건강관리·배려,임신·난임·생식건강,건강임신지원팀,02-2133-9492,가족지원팀 | 저출생사업1팀,1순위:건강임신지원팀 | 2순위:가족지원팀 | 3순위:저출생사업1팀,1,임산부 배려공간 조성,ㅇ 교통 약자인 임산부의 엘리베이터 안전사고 예방 및 배려문화 확산을 위해 엘리베이터 내?외부에 임산부 배려공간 조성(엠블럼 부착)   - 임산부를 위해 해당 공간을 비워두고 양보하는 사회 분위기 확산 유도 ㅇ 임산...,,,,https://idea.seoul.go.kr/front/freeSuggest/view.do?sn=191492
PROP-191470,2021-10-14,N,미상,2.0,결혼 및 저출산문제에 대한 새로운 접근,"안녕하세요 이벤트관련일을 하고 있는 33살 청년입니다.
저는 미래를 약속한 커플들이 결혼까지 성공할 수 있도록
둘만의 프라이빗한 프러포즈 이벤트를 대행해주고 있습니다
결혼이 점점 간소화되고 이런 특별한 이벤트를 통해 새로운 가정이 만들어지고 더 나아가 인구문제, 저출산 문제들을
해결하고 장려할 수 있는 새로운 접근이라고 생각합니다.
이런 부분들을 저희 같은 민간 기업들과 협업해서 진행한다면 좋은 시너지가 나지 않을까 하는데요
좋은 장소들이 무분별하게 비어있는 공간으로 낭비가 되어지고 있습니다  이러한 공간을 활용하여 결혼적령기에 있는
서울시 청년들에게 미래를 약속할 장소로 제공이 된다면 좋지 않을까합니다
글의 두서가 없었습니다만, 관련 내용 좋은 방향으로 검토하여 연락주시면 감사하겠습니다",출산·산후 초기지원,출산가구 초기지원,출산지원금·출생축하,출산·산후 초기지원,가족건강팀,02-2133-9485,,1순위:가족건강팀,0,,,,,,https://idea.seoul.go.kr/front/freeSuggest/view.do?sn=191470
PROP-191451,2021-10-12,N,미상,0.0,어린이 교통 안전법안_교통안전교육 의무화,"제안이유
자동차와 퀵보드, 자동차와 자전거가 함께 다니는 도로는 성인들에게도 위험천만한 환경입니다.
퀵보드나 자전거의 이용이 대중화된지는 한참 되었으나, 어린시절부터 교통규칙에 대한 지도와 실습은 이루어지고 있지 않은 것이 현실 속에 어린이 교통사고는 꾸준히 증가하고 있는 추세입니다.
따라서 어린이 교통사고를 예방하기 위해 어린아이 때부터 철저한 예방교육이 이루어지는 것이 필요하다는 생각을 하게 되었습니다.
어린 시절부터 교통안전교육을 받으면 습관이 되어, 성인이 되어서도 교통질서를 잘 지킬 수 있게 될 것이고, 사고에 대한 경각심도 늘 가지고 안전하게 생활하게 될 것입니다.
따라서 유치원과 초등학교내에 교통안전 교육과 실습을 할 수 있는 공간과 시간을 제공하는 교통안전 법을 제안하고자 합니다.
주요내용
유치원과 초등학교에 다니는 학생들이 직접 체험할 수 있는 교통안전교육을 위한 전용 시설을 제공한다.
아동이 자전거와 인라인이나 킥보드를 탈 때에, 안전교육을 일정시간 수료한 이후 합격한 아동에게만 '어린이교통안전면허증'을 발급해준다.
유치원과 초등학교에 설치가 어려운 경우 지역사회에서 공동으로 사용가능한 교통안전교육시설장을 설치한다.
한달에 최소 한 번 이상 규칙적이고 정기적인 교육을 받도록 제공한다.
또한 아동이 자전거와 퀵보드를 탈 수 있는 전용도로를 만들어 일반 자동차와의 사고를 미연에 방지하려고 하는 노력을 서울시에서는 계속적으로 이어나가야 한다고 생각합니다.",정보·상담·교육·거버넌스,정보 접근성,일반 출산정책 안건,정보·상담·교육·거버넌스,저출생사업1팀,02-2133-5027,가족건강팀 | 생활지원팀,1순위:저출생사업1팀 | 2순위:가족건강팀 | 3순위:생활지원팀,0,,,,,,https://idea.seoul.go.kr/front/freeSuggest/view.do?sn=191451
PROP-191449,2021-10-12,N,미상,2.0,서울시장부터 영유아까지 물 사용량 약속하고 절약하기,서울시장부터 영유아까지 물 사용량 약속하고 절약하기,정보·상담·교육·거버넌스,정보 접근성,일반 출산정책 안건,정보·상담·교육·거버넌스,저출생사업1팀,02-2133-5027,생활지원팀,1순위:저출생사업1팀 | 2순위:생활지원팀,0,,,,,"TAG_REVIEW:현재 태그=정보·상담·교육·거버넌스, 태그 핵심어 약함 || TAG_REVIEW:현재 태그=정보·상담·교육·거버넌스, 태그 핵심어 약함",https://idea.seoul.go.kr/front/freeSuggest/view.do?sn=191449
PROP-191388,2021-09-30,N,미상,2.0,아동 청소년을 위한 방과후 활동과 돌봄을 위해 지역 공간 개방에 대한 개선방안 마련,"<
제안 배경
>
장기간 코로나로 인해 아동
,
청소년의 돌봄은 사각지대에 내몰리고 있습니다
.
돌봄을 개인의 문제가 아닌 지역사회가 함께 해결할 문제임을 인식하고 행동해야 할 때입니다
.
돌봄을 필요로 하는 이들이 무엇을 원하는지 당사자인 학생들은 무엇이 필요한지 우리의 귀와 눈을 열고 그들의 소리를 들어야 합니다
.
<
제안 내용
>
안전하게 활동하고 돌볼 수 있는 지역 내 공간과 프로그램이 필요합니다
.
어떻게 효율적으로 안전하게 운영할 수 있을지 함께 의견을 모아야 하며 이를 위해 학부모
,
학생
,
지역 사회 단체와 지자체의 소통 창구인 온라인 공론장을 열어줄 것을 제안합니다
.",보육·돌봄 인프라,초등돌봄,초등돌봄·방과후,보육·돌봄 인프라,돌봄사업팀,02-2133-6560,저출생사업1팀 | 생활지원팀,1순위:돌봄사업팀 | 2순위:저출생사업1팀 | 3순위:생활지원팀,5,병원동행 전담 아이돌봄서비스 | 아픈아이 전담 아이돌봄서비스 | 영아 전담 아이돌봄서비스 | 영아종일제 아이돌봄 서비스 | 초등돌봄교실,"부모의 맞벌이 등으로 아픈 자녀의 병원 동행을 할 수 없는 경우 아이돌보미가 병원 동행 및 가정 내 돌봄 서비스 제공 | 부모의 맞벌이 등으로 아픈 자녀의 병원 동행을 할 수 없는 경우 아이돌보미가 병원 동행 및 가정 내 돌봄 서비스 제공('23년은 5개구 시범운영 중 : 성동, 동대문, 강북, 강서, 서초) | 출산휴가, 육아휴직 후 복귀하는 맞벌이 가정을 지원하고자 영아 돌봄 교육을 이수한 전담 돌보미가 영아 이유식 먹이기, 젖병 소독 등 영아 특화 돌봄서비스 제공 | 양육공백 가정에 아이돌보미가 찾아가 영아 이유식 먹이기, 젖병 소독, 기저귀 갈기, 목욕 등 돌봄 서비스 제공  ※ 정부지원 아이돌봄 서비스는 서울형 아이돌봄비(조부모 돌봄수당 등)와 별개의 사업   - 서울형 아이... | 돌봄, 교육 및 일부 급?간식비 지원",,,,https://idea.seoul.go.kr/front/freeSuggest/view.do?sn=191388
PROP-191363,2021-09-28,N,미상,0.0,"어린이집,학교, 노인시설등의 차량과속 사고예방 해결방법","1.제목: 어린이집,학교, 노인시설등의 차량과속 사고예방 해결방법
2.문제점
- 민식이법이 제정되어 사고예방을 시행하고 있어도 운전자에게 일임된 예장으로는 한계
- 운전은 순간적으로 실수를 하는 것이므로 아예 과속이 안되도록 차량으로 자동 속도를 제어 필요
- 운행이 많은 차량과 운저이 미숙한 차량부터 대책이 필요
3. 해결방안
- 네비게이션처럼 차량자체에 GPS를 이용하여 해당시설 구간에서는 제한 속도 자동유지
- 시급한 차량부터 점진적 도입(운행이 많고 운전이 미숙하고 차량이 저급인 차량이 문제소지가 많음)
- 네비게이션처럼 대당 20만원 정도비용이 들어도 자부담과 비용지원방법을 통해 단계적 추진
4. 장기대책 : 시범도입 설치등 효과입증후 국토교통부와 협의하여 정책적으로 추진 확대
해당부서에서 검토 바랍니다 상기 문제점을 시스템적으로 해결해야 온전한 대책이 가능합니다
설명이 필요하면 가능합니다",보육·돌봄 인프라,어린이집·유치원,보육시설·유아교육,보육·돌봄 인프라,돌봄사업팀,02-2133-6560,저출생사업1팀 | 생활지원팀,1순위:돌봄사업팀 | 2순위:저출생사업1팀 | 3순위:생활지원팀,5,어린이집 영유아 방문건강관리 서비스 지원 | 서울형어린이집 | 서울형 0세 전담반 어린이집(사업종료) | 서울형 0세 전담반 어린이집 | 서울형 시간제 전문 어린이집,어린이집으로 방문건강간호사가 찾아가서 건강관리 및 건강교육서비스 제공 | 공인평가를 통하여 우수한 민간 어린이집을 선정하고 인건비 및 운영비를 지원함으로써 향상된 보육서비스를 안정적으로 제공 | 12개월 미만의 영아 보육에 적합한 ‘0세 전담반’  어린이집 100개반 선정 운영 | 12개월 미만의 영아 보육에 적합한 ‘0세 전담반’  어린이집 100개반 선정 운영 | 가정양육 또는 타 기관 이용 보호자 등 누구나 필요시 시간 단위로 이용할 수 있는 보육서비스,,,,https://idea.seoul.go.kr/front/freeSuggest/view.do?sn=191363
PROP-191294,2021-09-21,N,미상,10.0,서울특별시 생태친화보육에 지역 꽃집이 참여할 수 있게 해주세요!,"？안녕하세요? 서울에 거주하고 있는 시민입니다.
작년부터 올해까지 코로나19로 인한 사회적 거리두기가 시행되면서,
입학식 및 졸업식과 같은 행사가 취소됨에 따라 꽃에 대한 수요도 급격히 줄었습니다.
그중에서도
골목 상권의 영향을 많이 받는 지역사회의 꽃집들은 막대한 경제적 피해
를 입고 있으며,
최근 소상공인 5차 재난지원금의 지급 대상에서 제외된 점포도 많아 피해 회복을 위한 노력이 절실한 상태입니다.
이에 따라,
서울특별시의 생태친화보육을 진행하는 데 필요한 다양한 꽃과 식물을, 지역사회의 꽃집에서 조달하며 수익을 얻을 수 있도록 하는 프로그램을 시도하기를 제안드립니다.
생태친화보육은 아이들이 식물을 관찰하고 놀이를 체험하는 과정에서 자유롭게 자연을 경험하며 아이다움을 구현할 수 있도록 돕는 보육 방식입니다. 서울특별시에서 2019년에 시작하여 2022년까지 25개구의 125개 생태친화 어린이집에서 진행할 계획이라는 정보 또한 서울시보육포털서비스에도 명시되어 있습니다.(https://iseoul.seoul.go.kr/portal/info/content.do?page=0801)
아이들이 건강하게 성장할 수 있도록 이와 같은 뜻깊은 보육 체계를 마련해주신 서울특별시 관계자 여러분께 깊은 감사를 드립니다.
만약 생태친화보육을 시행하는 과정에서 지역 사회에 존재하는 꽃집에서 다양한 식물을 조달받은 후 아이들과 공유하는 작업이 이뤄진다면, 아이들에게 자연과 생명에 대한 체험의 기회를 제공하여 생태친화보육의 목적을 달성하는 데 기여할 수 있을 것입니다. 동시에 꽃집의 소상공인 역시 그동안 입은 매출 타격으로부터 회복할 수 있는 계기를 맞이할 수 있습니다.
현재 거주하고 있는 관악구 주변의 꽃집을 방문하며 소상공인 분과 면담한 결과, 정부와 꽃집이 협력하는 프로그램에서 소상공인이 프로그램에 대해 능동적으로 의견을 제시할 권리가 보장됨으로써 프로그램의 진정성을 더할 수 있는 기회가 마련된다면 위에서 제안드린 프로그램에 참여할 의향이 있다는 답변을 받았습니다.
따라서, 서울특별시에서 진행되고 있는 유의미한 보육 방식인 생태친화보육이 장기적으로 운영되는 과정에서, 코로나19로 인해 피해를 입은 지역사회의 꽃집과 협력하여 더욱 높은 질의 보육 경험을 제공할 수 있도록 조금만 더 힘써주시기를 제안드립니다.
부디 제안을 확인하시고 고려해주시기를 부탁드립니다.
시민으로서 항상 서울특별시를 응원하고 있겠습니다.
감사합니다.",보육·돌봄 인프라,어린이집·유치원,보육시설·유아교육,보육·돌봄 인프라,돌봄사업팀,02-2133-6560,가족지원팀,1순위:돌봄사업팀 | 2순위:가족지원팀,4,다문화 보육료 | 시간제 보육 | 만0~5세 보육료 | 방과후 보육료,"만0세: (기본)540,000원, (야간)540,000원, (24시간)810,000원 만1세반: (기본)475,000원, (야간)475,000원, (24시간)712,500원 만2세반: (기본)394,000원, (야간... | 만6개월~36개월 부모급여 또는 양육수당 수급 아동대상 시간제보육 지원 | ① 기본보육료(월별) 만0세반: 540,000원 만1세반: 475,000원 만2세반: 394,000원 만3~5세: 280,000원  ② 연장보육료(월별) 0세반: 3,000원 영아반: 2,000원 유아반: 1,000... | ① 정부지원시설 - 4시간 이용: 월 10만원 지원 - 종일 이용(방학 등): 월 20만원 지원  ② 정부미지원시설  - 4시간 이용: 월 233,650원  - 종일 이용: 월 467,300원   ③교사대아동 비율 ...",,,,https://idea.seoul.go.kr/front/freeSuggest/view.do?sn=191294
PROP-191244,2021-09-13,N,미상,7.0,공공교통의 임산부석 폐지해주세요~,"공공교통내 임산부석의 취지에는 공감하나 솔직히 취지에 따라 실제 이행되는지 궁금합니다~
이미 노약자석이 시행됨에도 굳이 임산부석을 시행함은 임산부들의 이동권에 도움을 주기 위함인데 이정책이 실행된지도 몇년이 흘렀음에도 다수의 사람들이 정책취지에 맞지 않게 이용하고 있고 그에 따른 폐해가 큰걸로 알고 있습니다. 오히려 남녀간의 성별문제가 더 나오고 있는 만큼 노약자석을 임산부석을 위한 자리로 개량하고 지하철 무임승차 연령을 좀 더 높임으로서 더 효율적으로 운영할 수 있다고 개인적으로 생각됩니다. 아직까지 대한민국은 임산부와 노약자에 대해서 양보할 줄 아는 사람들이 많습니다. 이러한 미덕을 제도화 하는것도 좋지만 취지에 어긋나게 행해지고 오히려 다른 문제를 야기하는것이 더 큰 문제 아닙니까? 만일 임산부석을 유지하려면 에시당초 취지에 맞게 운영토록해야 하는것 아닙니까? 과연 서울시에서 노력은 했을텐데 효과가 어느정도 있었습니까? 시간이 지나면 해결될거라 생각하셨다면 큰 오산이라 생각됩니다. 하루 바삐 이문제는 빨리 시정되야한다고 생각됩니다.",임신·난임·생식건강,임산부 건강·배려,임산부 건강관리·배려,임신·난임·생식건강,건강임신지원팀,02-2133-9491,저출생사업1팀 | 생활지원팀,1순위:건강임신지원팀 | 2순위:저출생사업1팀 | 3순위:생활지원팀,1,임산부 배려공간 조성,ㅇ 교통 약자인 임산부의 엘리베이터 안전사고 예방 및 배려문화 확산을 위해 엘리베이터 내?외부에 임산부 배려공간 조성(엠블럼 부착)   - 임산부를 위해 해당 공간을 비워두고 양보하는 사회 분위기 확산 유도 ㅇ 임산...,,,,https://idea.seoul.go.kr/front/freeSuggest/view.do?sn=191244
PROP-191232,2021-09-12,N,미상,5.0,쌍둥이 출산시 도우미 지원 해주세요!!!,"주변에 2 쌍둥이 가정과 3쌍둥이 가정이 있습니다. 몸조리 끝나고 엄마 혼자서 쌍둥이를 키울수 없으니 친정부모 시댁부모 동원해야만 하는 상황을 봅니다.
우리 나라의 출생율이 현저히 줄어들고 있는 이때에 출산에 대해서 적극적인 장려가 필요하다고 생각합니다. 특히 쌍둥이인 경우 엄마 혼자 아이를 양육할수 없는 사실을 인지하셔야 하고 그 어려움은 한 명 키우는 것보다 몇배 어렵다는 사실을 인지하시고 도우미가 가정으로 가서 최소한 기저귀를 떼는 4세-5세까지는 육아를 도와주어야 한다고 생각합니다.
맞벌이를 해야만 되는 젊은이들에게 있어서 결혼과 출산을 격려하려면 육아에 대한 부담을 국민들이 분담해서 도와야만 한다고 생각합니다.",출산·산후 초기지원,출산가구 초기지원,출산지원금·출생축하,출산·산후 초기지원,가족건강팀,02-2133-9485,돌봄사업팀,1순위:가족건강팀 | 2순위:돌봄사업팀,5,영아 전담 아이돌봄서비스 | 외국인 가사(육아)인력 시범사업 | 1인 자영업자 등 배우자 출산휴가급여 지원 | 서울형 육아휴직장려금(사업종료) | 1인 자영업자?프리랜서 배우자 출산휴가 지원금,"출산휴가, 육아휴직 후 복귀하는 맞벌이 가정을 지원하고자 영아 돌봄 교육을 이수한 전담 돌보미가 영아 이유식 먹이기, 젖병 소독 등 영아 특화 돌봄서비스 제공 | 맞벌이 부부 등 ‘육아 조력자’의 도움이 절실한 자녀양육 가정에 외국인 육아도우미를 활용한 양육지원사업 도입 | 1인 자영업자 등에 배우자(남편) 출산휴가급여 최대 120만원(15일분) 지원 (2026.1.1. 기준 출생아부터 적용) - 2025년 출생아는 최대 80만원(10일분) 지원 ㅇ 지원대상에 대한 자격요건 완화(202... | ○ 자녀 1인당 최대 120만원 지원 - 육아휴직기간 연속 6개월 시 60만원, 연속 12개월 경과 시 60만원 추가지급 ※ 부?모 모두 육아휴직 시 각각 지급 (자녀 1인에 대해 가구당 최대 240만원 지급) | 1인 자영업자 등에 배우자 출산휴가급여 80만원 지원",,,,https://idea.seoul.go.kr/front/freeSuggest/view.do?sn=191232
PROP-191195,2021-09-08,Y,미상,61.0,"저출산, 육아 정책 제안","안녕하세요.
20개월 아기를 둔 맞벌이 워킹맘입니다.
출산후 육아휴직을 했는데 아이를 낳기 전에는 육아가 이렇게 힘든 건지 몰랐습니다.
오히려 복직을 하니 더 편하다는 생각마저 들었습니다.
비단 저 혼자만의 생각이 아닐 것입니다.
예전에 자식 여럿을 키우셨던 저희 부모님을 포함한 모든 어르신들께 존경심마저 듭니다.
그런데, 지금 부모들이 힘든 것이 단지 참을성만의 문제일까요?
？
과거와는 달리 핵가족화가 되어 주변에 부모, 친척의 도움 없이 혼자 집에서 아이를 봐야 하는 가구가 대다수입니다.
최근 육아서를 보면 아이 건강과 두뇌 발달을 위해 해야 할 것과 하지 말아야 되는 것이 너무 많구요.
아이를 남보다 뒤쳐지지 않게 키우려고 이것 저것 정보를 찾아다니며 신경을 쓰게 되지요.
그리고 교육비 등이 육아를 더욱 힘들게 만드는 것 같습니다.
？
그래서 출산율 0.84명의 대한민국이 되었습니다.
나라 지킬 사람도 줄어들고, 연금 낼 사람도 줄어듭니다.
올해 태어난 신생아는 나랏빚 1억씩을 짊어진다고 합니다.
인구가 줄어들면 국력도 감소하겠지요. 국가 미래가 암울합니다.
？
그동안 국가에서는 다양한 제도를 통해 저출산을 막아보려고 노력하였습니다.
저도 출산 전에는 보건소에서 예비부부 강의와 보충제 지원을 받았고,
출산 후에는 육아지원금, 어린이집 비용 지원 및 전기세 할인 등을 받았습니다.
현재까지 다양한 혜택을 누린 것은 사실이고, 이에 감사하고 있지만
이 정도의 제도만으로는 아이를 더 낳아야겠다는 마음이 생기지 않습니다.
베이비시터나 가사도우미를 고용하기 힘든 일반 가정에서는
일, 육아, 가사를 병행하면서 여러 아이를 키우는 것이 현실적으로 너무 어렵습니다.
？
물론 현재 정부에서는 육아도우미 서비스를 운영중입니다.
그러나 신청시 ‘양육 공백’이 있는 맞벌이 가정이라는 제한이 있습니다.
맞벌이지만 아이와 같이 있는 시간에 도우미가 필요한 상황이 있고, 가정주부도 도움이 필요한 상황이 많습니다.
아이를 보면서 집안일을 하기 어려울 때가 많습니다.
아이가 어릴수록 더 많은 관심을 필요로 하기 때문에 이유식 하나, 반찬 하나 만들기 쉽지 않습니다.
？
따라서 저는 맞벌이인지, 소득은 얼마인지 구분하지 않고
초등 저학년 이하 아이를 둔 가정은 희망시 육아도우미서비스를
무료로 언제든지 편하게 사용할 수 있어야 한다고 생각합니다.
물론 신청절차는 지금처럼 복잡하지 않고 간단해져야 합니다.
해당 연령 아이가 있다는 것만 증명되면 인터넷이든, 전화든, 방문이든 모두 신청가능하게 말이죠.
국가에서 신원보증이 되는 육아도우미를 편리하게 이용할 수 있다면
가까이에 아이를 맡길 사람이 없는 가정에게 매우 큰 도움이 될 뿐만 아니라
경력단절 여성과 어르신들의 고용 창출효과도 매우 클 것으로 예상됩니다.
？
또한, 제가 둘째를 출산한다고 가정할 때 가장 걱정되는 부분이
첫째돌봄 공백, 산후조리, 산모 식사 등 입니다.
그래서 출산 후에 아이를 데리러 가지 못하기 때문에 첫째를 어린이집에서 하원 시켜주는 하원지원서비스가 필요합니다.
산후조리를 집에서 하는 경우에는 산후조리서비스 3개월(아기 통잠 진입 기준) 무료 지원이 필요하구요.
산후 조리 및 모유수유를 위한 영양이 고려된 하루 3끼 식사 배달서비스 6개월(모유수유 등 기준)가 필요합니다.
？
요즘 아이를 낳아도 한 아동만 낳는 가정이 많은 것은
지금의 현실이 너무 고달파서 그런 것이 아닌가 싶습니다.
물론 아이를 키우는 데 교육 등 다른 어려움도 많겠지만
지금 당장 처한 현실적 문제가 해결된다면
둘째는 물론 셋째도 지금보다는 편하게 낳을 수 있지 않을까요?
？
부모가 행복한 가정에서
아이도 행복하게 자랄 수 있습니다.
？
제발 그동안 효과를 보지 못하고 예산만 썼던 저출산 정책은 과감하게 정리하고
예산은 꼭 필요한 곳에 지원해주셨으면 합니다.
저와 같은 많은 부모들이 세금을 내고 있으니까요.
？
긴 글 읽어주셔서 감사드리며,
긍정적인 검토 부탁드립니다.",출산·산후 초기지원,출산가구 초기지원,출산지원금·출생축하,출산·산후 초기지원,가족지원팀,02-2133-6562,가족건강팀,1순위:가족지원팀 | 2순위:가족건강팀,5,영아 전담 아이돌봄서비스 | 서울형 육아휴직장려금 | 서울형 육아휴직장려금(사업종료) | 외국인 가사(육아)인력 시범사업 | 가정행복 도시락?밀키트?먹거리 할인(사업종료),"출산휴가, 육아휴직 후 복귀하는 맞벌이 가정을 지원하고자 영아 돌봄 교육을 이수한 전담 돌보미가 영아 이유식 먹이기, 젖병 소독 등 영아 특화 돌봄서비스 제공 | ○ 자녀 1인당 최대 120만원 지원 - 육아휴직기간 연속 6개월 시 60만원, 연속 12개월 경과 시 60만원 추가지급 ※ 부?모 모두 육아휴직 시 각각 지급 (자녀 1인에 대해 가구당 최대 240만원 지급) | ○ 자녀 1인당 최대 120만원 지원 - 육아휴직기간 연속 6개월 시 60만원, 연속 12개월 경과 시 60만원 추가지급 ※ 부?모 모두 육아휴직 시 각각 지급 (자녀 1인에 대해 가구당 최대 240만원 지급) | 맞벌이 부부 등 ‘육아 조력자’의 도움이 절실한 자녀양육 가정에 외국인 육아도우미를 활용한 양육지원사업 도입 | <span class='color_blue'>다수 협력업체들의 협약종료 및 불경기 상황으로 인하여 2025. 6. 2. 쿠폰지급(5. 27. 신청마감)을 마지막으로, 가정행복 먹거리 밀키트 도시락 할인쿠폰 사업이 종...",,,,https://idea.seoul.go.kr/front/freeSuggest/view.do?sn=191195
PROP-191088,2021-08-24,N,미상,5.0,독립문 공원 건너편 &#34;독립운동가 가족을 생각하는 작은집&#34;  조적벽돌 교체해야 합니다.,"독립문 공원 길 건너편에 있는 ""독립운동가 가족을 생각하는 작은집"" 에 사용된 벽돌을 교체 해야 합니다.
그 취지는 매우 고맙고 환영 할 일이지만
이 구조물이 언제 완성 되었는지는 모르겠으나 우리나라에도 용도에 적합한 벽돌이 흔한데 무슨 이유 인지는 모르나
중국벽돌로 조적 되어 있고 이보다 더 한심한 일은 중국 폐건물에서 나온 재생 벽돌을 사용하여 조적 되어 있습니다.
간혹 일반 건축물에서 멋스럽다는 이유로 폐벽돌을 사용 하기는 하나
어찌 ""독립운동가 가족을 생각하는 작은집""을 이런 폐벽돌을 사용 했는지
조속히 철거후 국내에서 용도에 맞는 벽돌로 교체 해야 합니다.",정보·상담·교육·거버넌스,정보 접근성,일반 출산정책 안건,정보·상담·교육·거버넌스,저출생사업1팀,02-2133-5027,생활지원팀,1순위:저출생사업1팀 | 2순위:생활지원팀,0,,,,,"TAG_REVIEW:현재 태그=정보·상담·교육·거버넌스, 태그 핵심어 약함 || TAG_REVIEW:현재 태그=정보·상담·교육·거버넌스, 태그 핵심어 약함",https://idea.seoul.go.kr/front/freeSuggest/view.do?sn=191088
PROP-191054,2021-08-20,N,미상,13.0,코로나 시국에 임산부 단축근무는 &#39;임신 전체기간&#39;으로 제도 바꿔주세요.,"현재 임산부 단축근무는 '임신 후 12주 이내 또는 36주 이후만 해당됩니다'
지금처럼 서울 및 수도권 확진자수가 1,000명이 넘어가는 상황에서
면역력이 약한 임산부는 회사 동료 및 가족 간 감염의 취약할 수 밖에 없습니다.
또한 코로나 감염 시, 기존에 다니던 산부인과에서 진료 및 출산을 할 수 없으며 서울 & 수도권 내에서는 3개의 지정병원에서
무조건 '제왕절개'로 출산해야 하는 걸로 알고 있습니다.
작년에는 응급실에서 코로나 검사를 대기하던 임산부가 끝내 아이를 사산하는 사건도 있었습니다.
일본만 하더라도 코로나 감염된 임산부를 여러 병원에서 거절하면서 결국 신생아가 사망하는 사건도 있었습니다.
코로나 시국에 서울 및 수도권으로 출퇴근하는 임산부를 위한 제도적 개선이 시급합니다.
이건, 임산부와 태아 2명의 생명이 달린 일 입니다.
재택근무의 의무화는 어려울 수 있으나, 현재 고용노동부에서 보장하는 임산부 단축근무일을 임신 전체 기간으로
변경해주세요. 코로나 시국, 배 속에 있는 태아를 지키기 위한 최소한의 제도적 안전장치라도 마련해 주세요.",임신·난임·생식건강,임산부 건강·배려,임산부 건강관리·배려,임신·난임·생식건강,건강임신지원팀,02-2133-9492,저출생사업1팀,1순위:건강임신지원팀 | 2순위:저출생사업1팀,5,임산부 출산급여 지원 | 배우자 출산휴가 지원금 | 35세 이상 임산부 의료비 지원 | 1인 자영업자 등 배우자 출산휴가급여 지원 | 1인 자영업자?프리랜서 배우자 출산휴가 지원금,"ㅇ 임산부 출산급여 90만원 지원 ※고용노동부 ‘고용보험 미적용자 출산급여’ 150만원에 추가지원 | ㅇ 임산부 배우자를 둔 1인 자영업자?프리랜서에 배우자 출산휴가 지원금 80만원 지원 | <b class='font-size-3'>지원내용 :</b> 임신확인서에 기재된 임신확인일부터 출산 전까지의 산전 외래 진료?검사비 지원(임신 확인 후 불가피하게 유산한 경우, 지원 한도 내에서 유산 당일 처치비 신... | 1인 자영업자 등에 배우자(남편) 출산휴가급여 최대 120만원(15일분) 지원 (2026.1.1. 기준 출생아부터 적용) - 2025년 출생아는 최대 80만원(10일분) 지원 ㅇ 지원대상에 대한 자격요건 완화(202... | 1인 자영업자 등에 배우자 출산휴가급여 80만원 지원",,,,https://idea.seoul.go.kr/front/freeSuggest/view.do?sn=191054
PROP-191053,2021-08-20,N,미상,8.0,어린이집 증원을 요청드립니다,"안녕하세요. 현재 강동리버스트 4단지 거주중이며 7개월 아기를 키우는 엄마입니다. 출산 직후에 바로 어린이집 대기 걸어놓고 기다리는데 순번이 오기는 커녕 계속 뒤로 밀리기만 하네요 … 4단지도 그렇지만 주변 리버스트6단지, 7단지, 8단지도 국공립 어린이집 한군데 밖에 없어서 대기자 수가 어마어마 하네요 ㅠㅠ 새아파트라 월세가 부담이 돼서 가정어린이집이 들어오지 못한다는 소문은 들었는데 서울시 , 구청차원에서 지원대책을 마련해주셨으면 합니다 … 복직일이 다가오면서 마음이 조급해지네요 ㅠㅠ 더군다나 저는 부모님이 외국에 계셔서 최근 코로나 사태로 인해 부모님이 한국에 오실 수가 없어서 아이를 맡길 수가 없는 상황입니다. 맞벌이 부부 , 영유아 자녀를 둔 입주민이 많은 강동리버스트 단지 내 어린이집이 증설되길 간절히 바랍니다.. 감사합니다.",보육·돌봄 인프라,어린이집·유치원,보육시설·유아교육,보육·돌봄 인프라,돌봄사업팀,02-2133-6560,가족건강팀 | 저출생사업1팀,1순위:돌봄사업팀 | 2순위:가족건강팀 | 3순위:저출생사업1팀,5,외국인 가사(육아)인력 시범사업 | 영아 전담 아이돌봄서비스 | 1인 자영업자 등 배우자 출산휴가급여 지원 | 배우자 출산휴가 지원금 | 임산부 출산급여 지원,"맞벌이 부부 등 ‘육아 조력자’의 도움이 절실한 자녀양육 가정에 외국인 육아도우미를 활용한 양육지원사업 도입 | 출산휴가, 육아휴직 후 복귀하는 맞벌이 가정을 지원하고자 영아 돌봄 교육을 이수한 전담 돌보미가 영아 이유식 먹이기, 젖병 소독 등 영아 특화 돌봄서비스 제공 | 1인 자영업자 등에 배우자(남편) 출산휴가급여 최대 120만원(15일분) 지원 (2026.1.1. 기준 출생아부터 적용) - 2025년 출생아는 최대 80만원(10일분) 지원 ㅇ 지원대상에 대한 자격요건 완화(202... | ㅇ 임산부 배우자를 둔 1인 자영업자?프리랜서에 배우자 출산휴가 지원금 80만원 지원 | ㅇ 임산부 출산급여 90만원 지원 ※고용노동부 ‘고용보험 미적용자 출산급여’ 150만원에 추가지원",,,"TAG_REVIEW:현재 태그=주거·교통·도시생활환경, 태그 핵심어 약함",https://idea.seoul.go.kr/front/freeSuggest/view.do?sn=191053
PROP-191049,2021-08-20,N,미상,5.0,&#34;임신육아 종합포털 아이사랑&#34;에 어린이집 홈페이지 이관 또는 연동이 되게 해 주세요.,"안녕하세요?
한아이의 엄마이자 어린이집 종사자입니다.
어린이집 입소 대기시 예전에는
'서울시 보육포털 서비스'에서 입소 대기를
했습니다. 보육포털 서비스 사이트에는 어린이집에서 매일 올리는 식단 및 공지사항, 회의록등을 통해 그 어린이집에 대한 정보를 조금이나마 알고 입소대기를 했습니다.
그런데 지금은
""임신육아 종합포털아이사랑""에 입소대기를
하면서, 어린이집 찾기를 누르면 '정보공시'외에는 보야 지는게 없습니다. ""서울시 보육포털 서비스"" 사이트에는 여전이 각 어린이집에서 식단사진을 매일 올리고, 공지문을 올려 어린이집의 일상을 공개하고 있습니다. 그런데 정작 입소 대기를 하는 부모님들은 ""서울시 보욱포털 서비스""라는 사이트도 모르고 각어린이집 홈페이지가 올려지고 있다는 사실 조차도 모릅니다.
""서울시 보육포털사이트'의 어린이집 홈페이지가 ""
""임신육아 종합포털아이사랑 ""어린이집 찾기""에 연동되거나 이관 될 수 있도록 해주시기를 부탁드립니다. 폭 넓은 정보로 어린이집을 선택하여 대기할 수 있도록 제안이 반영되길 바랍니다.
또한 반영이 안된다면 매일 매일 수고스럽게 올리고 있는 식단사진, 통신문등은 정말 불필요 하리라 생각됩니다. 한달에 한손으로 꼽을 정도의 인원만 보기를 하고 있는데 보는이도 없는 곳에 정보를 올리는 것은 상당히 불필요한 업무라고 생각됩니다.
부디 반영이 될 수 있도록 해 주시길 부탁드립니다.",임신·난임·생식건강,임산부 건강·배려,임산부 건강관리·배려,임신·난임·생식건강,건강임신지원팀,02-2133-9491,생활지원팀,1순위:건강임신지원팀 | 2순위:생활지원팀,5,어린이집 영유아 방문건강관리 서비스 지원 | 서울형어린이집 | 서울형 0세 전담반 어린이집(사업종료) | 서울형 0세 전담반 어린이집 | 서울형 시간제 전문 어린이집,어린이집으로 방문건강간호사가 찾아가서 건강관리 및 건강교육서비스 제공 | 공인평가를 통하여 우수한 민간 어린이집을 선정하고 인건비 및 운영비를 지원함으로써 향상된 보육서비스를 안정적으로 제공 | 12개월 미만의 영아 보육에 적합한 ‘0세 전담반’  어린이집 100개반 선정 운영 | 12개월 미만의 영아 보육에 적합한 ‘0세 전담반’  어린이집 100개반 선정 운영 | 가정양육 또는 타 기관 이용 보호자 등 누구나 필요시 시간 단위로 이용할 수 있는 보육서비스,,,,https://idea.seoul.go.kr/front/freeSuggest/view.do?sn=191049
PROP-190968,2021-08-09,N,미상,5.0,어린이집 장기미종사자,"어린이집 원장입니다.
보육교사를  구하기도 힘든데 겨우 구했더니 장기 미종사자라서 임면보고가 안되더라구요.
작년에는 재직하면서 교육을 받아도 되었는데 후반기부터 규정이 바뀌어 교육을 받아야만 채용을 하도록 되어있습니다.
교육을 신청하려고 해도 문이 너무 좁아서 잠안자고 기다렸다가 12시 땡하고 하려하니 마감이 금방 되어 두달만에 성공하고 오늘에서야 교육을 신청하니 그것도 9월에 교육날짜입니다.
코로나로 힘든 시기인데 빨리 직장을 잡을수 있도록 교육의 문을 넓혀주시든지  채용후 교육을 받을수 있도록 해주시면 좋을것 같아서 제안을 드립니다.
대기아동이 있는데 교사를 구했어도 임면을  못하니 아동을 못 받습니다.
어린이집에 아이들이 없어서 운영이 어려운데 이런일도 있네요.
현장의 소리를 들어주세요.",보육·돌봄 인프라,어린이집·유치원,보육시설·유아교육,보육·돌봄 인프라,돌봄사업팀,02-2133-6560,가족지원팀 | 저출생사업1팀,1순위:돌봄사업팀 | 2순위:가족지원팀 | 3순위:저출생사업1팀,5,서울형 강소기업 지원 | 서울형 강소기업 지원(사업종료) | 영아 전담 아이돌봄서비스 | 배우자 출산휴가 지원금 | 서울시 중소기업 워라밸 포인트제,"① 청년 정규직 채용 시, 사내복지 개선 등 근무환경개선금 최대 45백만원 지원 ② 육아휴직자 대체 청년인턴에 최대 23개월 인건비 지원으로 업무공백 해소 ③ 육아친화 및 일?생활 균형 조직문화 조성을 위한 교육?컨... | ① 청년 정규직 채용 시, 사내복지 개선 등 근무환경개선금지원(최대 3명) ② 육아친화 및 일?생활 균형 조직문화 조성을 위한 교육?컨설팅 지원 ③ 마음챙김, 스트레스 관리로 신입사원 번아웃 예방을 위한 청년성장 프... | 출산휴가, 육아휴직 후 복귀하는 맞벌이 가정을 지원하고자 영아 돌봄 교육을 이수한 전담 돌보미가 영아 이유식 먹이기, 젖병 소독 등 영아 특화 돌봄서비스 제공 | ㅇ 임산부 배우자를 둔 1인 자영업자?프리랜서에 배우자 출산휴가 지원금 80만원 지원 | 양육친화 및 일?생활 균형을 위한 중소기업의 다양한 노력을 인정하고 중소기업이 아이 키우기 좋은 기업으로 성장할 수 있도록 지원하는 사업 ① 양육친화 및 일?생활 균형 실적에 따른 포인트 적립 ② 적립 포인트에 따른...",,,,https://idea.seoul.go.kr/front/freeSuggest/view.do?sn=190968
PROP-190951,2021-08-06,N,미상,17.0,다둥이카드 앱설치이용,"안녕하세요
다둥이 자녀를 둔 시민입니다.
다둥이 확인용 카드를 주민센터에서 발급받아 사용중에 있는데.. 간혹 카드를 가져가지 않아 그나마 볼 수 있는 혜택을 놓치는 경우가 있습니다.
휴대폰 하나로 지갑없이 다니기도 하는 요즘 서울시민카드앱에 다둥이카드를 다운받아 휴대폰에서도 사용할 수 있도록 해주세요.",다자녀·양육비·생활지원,다자녀 혜택,다자녀 기준·할인·감면,다자녀·양육비·생활지원,저출생사업1팀,02-2133-5025,가족지원팀,1순위:저출생사업1팀 | 2순위:가족지원팀,0,,,,,,https://idea.seoul.go.kr/front/freeSuggest/view.do?sn=190951
PROP-190902,2021-07-30,N,미상,8.0,"어린이집, 유치원 학부모 백신 우선접종","안녕하세요, 오세훈 서울 시장님!
현재 지방은 어린이집을 대상으로 학부모 백신 우선 접종 신청을 받고 있다고 합니다.
마스크를 착용하면 안되는 만 2세 미만, 그리고 아직 마스크 착용이 익숙하지 않은 영유아들이 많습니다.
맞벌이 부부들은 4단계에도 불구하고 어쩔 수 없이 어린이집을 보내야 하며 코로나로 모두가 힘들지만
가장 불쌍한건 우리 아이들 입니다.
매일 친구, 친구를 외치며 어린이집, 유치원을 가고 싶다고 얘기합니다.
혹시나 내가 같은 어린이집 아이들에게 피해를 줄까 조심하고 또 조심하지만
이제는 코로나가 조심한다고 해서 피할 수 있는 상황이 아닌 것 같습니다.
이미 지방은 학부모를 대상으로 백신 우선 접종을 신청 받고 있는데
서울시에서는 계획이 있는지 계획이 없다면 빠른 시일 내에 계획을 세워주시면 감사하겠습니다.",보육·돌봄 인프라,어린이집·유치원,보육시설·유아교육,보육·돌봄 인프라,돌봄사업팀,02-2133-6560,저출생사업1팀 | 생활지원팀,1순위:돌봄사업팀 | 2순위:저출생사업1팀 | 3순위:생활지원팀,5,영아 전담 아이돌봄서비스 | 외국인 가사(육아)인력 시범사업 | 1인 자영업자 등 배우자 출산휴가급여 지원 | 1인 자영업자?프리랜서 배우자 출산휴가 지원금 | 서울형 육아휴직장려금,"출산휴가, 육아휴직 후 복귀하는 맞벌이 가정을 지원하고자 영아 돌봄 교육을 이수한 전담 돌보미가 영아 이유식 먹이기, 젖병 소독 등 영아 특화 돌봄서비스 제공 | 맞벌이 부부 등 ‘육아 조력자’의 도움이 절실한 자녀양육 가정에 외국인 육아도우미를 활용한 양육지원사업 도입 | 1인 자영업자 등에 배우자(남편) 출산휴가급여 최대 120만원(15일분) 지원 (2026.1.1. 기준 출생아부터 적용) - 2025년 출생아는 최대 80만원(10일분) 지원 ㅇ 지원대상에 대한 자격요건 완화(202... | 1인 자영업자 등에 배우자 출산휴가급여 80만원 지원 | ○ 자녀 1인당 최대 120만원 지원 - 육아휴직기간 연속 6개월 시 60만원, 연속 12개월 경과 시 60만원 추가지급 ※ 부?모 모두 육아휴직 시 각각 지급 (자녀 1인에 대해 가구당 최대 240만원 지급)",,,,https://idea.seoul.go.kr/front/freeSuggest/view.do?sn=190902
PROP-190802,2021-07-19,N,미상,11.0,"서울시 청년 비제조/비영리 스타트업 지원 아이디어(장기 공간 대여, 전월세 주거 지원, 상품 유통 홍보)","제조업 분야 스타트업 지원에 비해 상대적으로 지원 규모가 작은 비제조/비영리 스타트업 청년 지원 방안과 관련해 제안합니다.
제안 내용 1) 스타트업을 위한 장기 공간 제공
초기 자본이 부족한 스타트업에서 중요한 것 중 하나가 고정적 지출비를 줄이는 것입니다. 그 중에서도 공간 임대료가 차지하는 비율이 매우 큽니다. 민간과 정부에서 지원하는 공간 임대 사업들이 많지만 대부분 단기(6개월 미만 등)입니다. 장기로 사무실을 제공할 경우는 제조업이나 AI와 같은 특정 분야 사업에 한해서만 공간 임대를 장기적으로 해주고 있습니다. 특히, AI 기업의 경우 무료/저렴한 공간 임대를 장기간 (5년) 제공받아 안정적으로 성장할 수 있는 기반이 마련되기도 합니다. 이러한 정책을 특정 분야에 한정하지 말고, 다양한 분야의 스타트업 (비제조/비영리)에게 문을 열어서, 청년들이 도전하고 지속할 수 있는 발판을 마련해주면 좋겠습니다. 특히, 시에서 지원하는 사업들이 단기 공간 임대 사업이 너무 많은데, 중장기 공간 지원책을 마련해주시면 도전하는 청년들에게 큰 도움이 될 것 같습니다.
제안 내용 2)
비영리/비제조 분야 스타트업 청년 종사자를 위한 전/월세 등 주거 지원
청년들을 지원하는 여러 주거 정책들이 나오고 있지만, 이러한 정책들은 항상 여러 조건이 붙습니다. 중소기업에서 일하는 청년들을 위한 정책은 있지만, 아직 수익이 발생하지 않는 초창기 스타트업을 운영하거나, 창업 멤버로 일하는 청년들은 자격 조건이 안되어 받지 못하는 지원들이 많습니다. 청년들을 위한 지원책에서 근로 형태에 대한 자격 요건을 완화하거나, 창업을 하는 청년들이 자격 조건이 인정받을 수 있도록 개정하여, 초기 창업에 도전하는 청년들이 주거 지원 혜택에서 소외되지 않았으면 좋겠습니다.
제안 내용 3) 스타트업 상품 유통/홍보 구축
제조업 스타트업의 경우 정부나 민간에서 상품을 유통하고 판매하고 자금을 지원받을 수 있는 많은 통로가 있습니다. 하지만 미디어 스타트업, 비영리 스타트업 등 비제조업 분야 스타트업은 자신들의 “상품”을 전시하고 홍보하여 소비자(독자)를 만날 수 있는 수단이 매우 적습니다. 비제조업 분야의 스타트업을 위한 다양한 형태의 상품들이 소개되고 판매될 수 있는 크라우드 펀딩이나 판촉/홍보 방법을 마련해준다면, 다양한 분야의 스타트업들이 더 많은 고객들에게 다가갈 수 있을 것같습니다.",주거·교통·도시생활환경,출산가구 주거,신혼부부·출산가구 주거지원,주거·교통·도시생활환경,저출생사업1팀,02-2133-5025,,1순위:저출생사업1팀,2,자녀출산 무주택가구 주거비 지원 | 주거급여 (맞춤형 급여) 취약계층 지원,월 최대 30만원(2년간 최대 720만원) 주거비 지원 | (소득인정액이 기준 중위소득 48% 이내의 가구/ 타인의 주택 등에 거주하면서 임대차 계약 등을 체결하고 임차료를 지불하는 자에게 지역별 기준임대료를 상한으로 실제 임차료(월임차료+보증금 환산액) 지원ㆍ3급지(광역시...,,,,https://idea.seoul.go.kr/front/freeSuggest/view.do?sn=190802
PROP-190761,2021-07-15,N,미상,12.0,아이들 안전한 등하교길을 만들어주세요,"안녕하세요 저는 두아이를 둔 아이엄마입니다. 이곳은 성산동 성산 이편한세상 2차 앞이에요
보시다시피 우리 아이들은 이길을 지나야 학교에 갈수 있는데요 양쪽으로 주차되어 있는 차량 멀리보이는 아파트 담벼락 아래로 불법 주차되어있는 차량으로 인해 이편한세상1.2차에 사는 아이들의 통학로가 매일 막혀있습니다
차량때문에 더 아이들과 사람들이 걸을수가 없는 상태구요 매번 주차단속을 벌인다 하더라도 한계가 있습니다. 구청민원실에서는 길이 좁아 인도설치가 힘들다는 답변 받았구요. 하지만 차도 양방향 못지나가는 도로인데 굳이 양방향 통행을 할필요가 있을까요?
1. 일방통행으로 한쪽에는 인도설치를 부탁드립니다.
2. 아이들 걸을수 있게 50센치 폭이라도 울타리만이라도 설치좀 해주세요
3. 이거저거 다 안되면 cctv하나 없는 골목길 입니다. 주정차 단속cctv달아서 절대 불법주차가 없도록 해주세요
정말 부탁드립니다",정보·상담·교육·거버넌스,정보 접근성,일반 출산정책 안건,정보·상담·교육·거버넌스,저출생사업1팀,02-2133-5027,생활지원팀,1순위:저출생사업1팀 | 2순위:생활지원팀,0,,,,,"TAG_REVIEW:현재 태그=정보·상담·교육·거버넌스, 태그 핵심어 약함 || TAG_REVIEW:현재 태그=정보·상담·교육·거버넌스, 태그 핵심어 약함",https://idea.seoul.go.kr/front/freeSuggest/view.do?sn=190761
PROP-190756,2021-07-15,N,미상,7.0,"필수목적, 예방접종 신청의 건","안녕하세요
메일로 필수목적 예방접종 신청을 하는데, 수시로 메일박스가 풀이 나서 리턴이 되고 있습니다.
전화연결도 쉽지 않고, 신청하는게 너무 어렵습니다...
빠른 해결을 부탁드립니다.
1. This is an automatically generated
Delivery Status Notification (Failure).
2. The reason of the delivery failure
was :
452 Mailbox full
zhfhskqortls19@seoul.go.kr",보육·돌봄 인프라,아동 건강·의료 접근성,소아응급·야간진료·영유아검진,보육·돌봄 인프라,돌봄사업팀,02-2133-6560,저출생사업1팀 | 생활지원팀,1순위:돌봄사업팀 | 2순위:저출생사업1팀 | 3순위:생활지원팀,0,,,,,"TAG_REVIEW:현재 태그=보육·돌봄 인프라, 태그 핵심어 약함 || TAG_REVIEW:현재 태그=보육·돌봄 인프라, 태그 핵심어 약함",https://idea.seoul.go.kr/front/freeSuggest/view.do?sn=190756
PROP-190708,2021-07-12,N,미상,0.0,코로나 예방접종 문의 연락절대불가,"56년생 5월에 접종 예약했다가 검사에서 뇌경색병변이 나와 병원검사 일정으로
예약을 취소했다가 이번에 다시 예약을 하려는데 하려는데 대상자가 아니라는 문구만 뜨고
질병청도 군청도 그 어디도 통화도 안됩니다.
예약했다가 질병 등의 문제로 다시 예약할 수 있는 조건임에도 안되는 이유와
도대체 그 어디도 답변받을 곳이 통화가 안되는 사항을 어떻게 해야 합니까.
저는 언니의 예약대리자입니다.",보육·돌봄 인프라,아동 건강·의료 접근성,소아응급·야간진료·영유아검진,보육·돌봄 인프라,돌봄사업팀,02-2133-6560,저출생사업1팀 | 생활지원팀,1순위:돌봄사업팀 | 2순위:저출생사업1팀 | 3순위:생활지원팀,0,,,,,"TAG_REVIEW:현재 태그=보육·돌봄 인프라, 태그 핵심어 약함 || TAG_REVIEW:현재 태그=보육·돌봄 인프라, 태그 핵심어 약함",https://idea.seoul.go.kr/front/freeSuggest/view.do?sn=190708
PROP-190681,2021-07-09,Y,구로구,107.0,구로구 소재 어린이집 폐원 관련 해결 방안을 마련해 주세요.,"안녕하세요,
서울특별시 구로구 디지털로32길 29 (구로동)에 소재한 햇님어린이집에 아이를 보내고 있는 엄마입니다.
해당 구 내의 산업단지에 소재한 직장에서 근무 중인 직장인이기도 하고요.
아이가 다니고 있는 어린이집이 내년 2월 폐원된다고 합니다.
어린이집엔 보통 2-3년 대기 후 입소가 가능한 것은 아실 거라 생각합니다.
양가 부모님께서 아이를 봐 주실 상황이 안 되어 회사 근처에 소재한 어린이집이 아이를 케어하기에 가장 적합할 것 같아
본문에 기재될 햇님 어린이집을 선택하여 대기 끝에 입소하게 되었고요.
원활한 적응을 위해 약 3주 간 제대로 근무하지 못한 채 아이와 함께 했습니다.
한 두 시간 놀이 후 하원하여 아이와 집에서 함께 시간을 보내는 방식으로나마 짬을 낼 수 있었던 건 시간 조율이 원활한  회사에서 근무하기 때문입니다.
일반 회사에 근무 중인 부모님께선 아이의 적응 기간을 저처럼 길게 하긴 힘들 거라 생각합니다. 이처럼 저
마다의 사정으로 길고 짧은 적응기간을 거치고 차차 적응하며 안정되려는 시점에 어린이집
폐원 소식을 듣게 되었습니다.
당장 수 개월 내에 아이를 맡길 곳이 없어지게 될 부모가 일이 손에 잡히겠습니까.
해결책이 있을 거란 희망을 갖고 햇님 어린이집을 관리한다는 산업단지공단 측에 문의하였으나 기 확정 된 것이다,
어쩔 수 없다라는 답변 뿐
많은 아이들을 어떻게 할지에 대한 대책은 전혀 듣지 못했습니다.
산단 측에서는 이미 올해 1월 구두로 폐원 확정임을 어린이집 측에 안내하였고, 3월 폐원 공문을 정식으로 보낸 상태였다고 합니다.
산단 측의 말이 사실이라면 해당 어린이집은 이미 이 사실을 인지하고 신입 원생들을 입소 시킨 게 되겠죠.
폐원 사실을 인지하고도 신입 원생들을 충원한 게 잘못된 게 아니냐 물으니, 그건 어린이집의 운영에 관련 된 부분이므로 자기네들이 관여하지 않는다고 합니다.
일말의 희망을 걸었던 구청 측에서는 해당 어린이집은 국공립이 아니기 때문에 남겨질 아이들에 대한 대책을 마련해 줄 수 없다는 입장이고요.
오랜 시간 기다려 이렇게나 힘든 적응 기간을 거치는 어린이집에 어느 부모가 1년 보내고 말 생각을 한답니까?
어린이집 측에서는 다른 곳에 대기 등록을 하라는데 다시 약 2년을 기다려야 할까요?
당장에 남겨질 아이들은 어디로 가야 할까요?
지금에라도 다른 곳에 대기를 넣으라는 얼토당토 않은 답변이 아닌,
갈 곳 없어진 아이들에 대한 대책을 부디 누구라도 나서서 제시해 주시길 간곡히 부탁드립니다.",보육·돌봄 인프라,어린이집·유치원,보육시설·유아교육,보육·돌봄 인프라,돌봄사업팀,02-2133-6560,생활지원팀,1순위:돌봄사업팀 | 2순위:생활지원팀,5,서울형 육아휴직장려금 | 서울형 육아휴직장려금(사업종료) | 1인 자영업자 등 배우자 출산휴가급여 지원 | 서울시 중소기업 워라밸 포인트제 | 1인 자영업자?프리랜서 배우자 출산휴가 지원금,"○ 자녀 1인당 최대 120만원 지원 - 육아휴직기간 연속 6개월 시 60만원, 연속 12개월 경과 시 60만원 추가지급 ※ 부?모 모두 육아휴직 시 각각 지급 (자녀 1인에 대해 가구당 최대 240만원 지급) | ○ 자녀 1인당 최대 120만원 지원 - 육아휴직기간 연속 6개월 시 60만원, 연속 12개월 경과 시 60만원 추가지급 ※ 부?모 모두 육아휴직 시 각각 지급 (자녀 1인에 대해 가구당 최대 240만원 지급) | 1인 자영업자 등에 배우자(남편) 출산휴가급여 최대 120만원(15일분) 지원 (2026.1.1. 기준 출생아부터 적용) - 2025년 출생아는 최대 80만원(10일분) 지원 ㅇ 지원대상에 대한 자격요건 완화(202... | 양육친화 및 일?생활 균형을 위한 중소기업의 다양한 노력을 인정하고 중소기업이 아이 키우기 좋은 기업으로 성장할 수 있도록 지원하는 사업 ① 양육친화 및 일?생활 균형 실적에 따른 포인트 적립 ② 적립 포인트에 따른... | 1인 자영업자 등에 배우자 출산휴가급여 80만원 지원",,,,https://idea.seoul.go.kr/front/freeSuggest/view.do?sn=190681
PROP-190673,2021-07-09,Y,미상,112.0,"새문안로, 새문안로 2길, 3길 교통신호 변경 및 도로 확장을 해 주세요. 아이들의 등원길이 위협받고 있습니다.","새문안로 2길은 매일 아침, 저녁 잘못된 신호 체계로 인해 지속적인 교통 정체와 불법 중앙차선 위반 및 과속으로 사고의 위험이 도사리고 있는 길입니다. 새문안로 2길에서 새문안대로로 좌회전 가능 구간이 현재 흥국빌딩과 콘코디언빌딩 밖에 없어 좌회전 차량이 몰리고 있고 또한 새문안로 2길에서 3길(경희궁자이 및 정부 청사로의 출입차량)로 직진 차량 또한 몰려 두 방면의 차량이 좁은 2차로 구간에 몰려 극심한 정체를 유발하고 있습니다.
더구나 이 구간은 덕수초등학교 및 광화문LG 어린이집, 롯데카드 어린이집을 비롯한 유초등 보육 및 교육기관으로의 등하원 길임에도 불구하고 대부분의 차들이 정지선 위반 및 횡단보도 정차, 심지어 과속으로 중앙선 위반까지 빈번히 행해지는 위험천만한 길이 되고 있어 언제라고 사고의 위험이 도사리고 있습니다.
따라서 현재의 교통 체계를 변경, 주변의 길들로 교통량 분산이 시급하다고 생각됩니다.
새문안로 및 새문안로2,3길의 교통 신호 체계 변경 및 새문안로 2길의 차선 조정, 확장 등을 요청합니다.
현재의 교통 상황을 첨부하여 드리오니 참조부탁합니다.",보육·돌봄 인프라,초등돌봄,초등돌봄·방과후,보육·돌봄 인프라,돌봄사업팀,02-2133-6560,저출생사업1팀 | 생활지원팀,1순위:돌봄사업팀 | 2순위:저출생사업1팀 | 3순위:생활지원팀,0,,,,,,https://idea.seoul.go.kr/front/freeSuggest/view.do?sn=190673
PROP-190650,2021-07-05,N,미상,8.0,다둥이맘에게 혼잡통행료 감면 또는 면제해 주세요,다둥이맘에게 혼잡통행료 감면 또는 면제해 주세요,다자녀·양육비·생활지원,다자녀 혜택,다자녀 기준·할인·감면,다자녀·양육비·생활지원,저출생사업1팀,02-2133-5027,생활지원팀,1순위:저출생사업1팀 | 3순위:생활지원팀,0,,,,,,https://idea.seoul.go.kr/front/freeSuggest/view.do?sn=190650
PROP-190647,2021-07-05,N,미상,13.0,어린이 보호구역 교차로 방지턱,"어린이 보호구역 4거리 교차로에
우회전차로
횡단보도에 작은 방지턱 설치는 어떤가요?
횡단보도 사고중 우회전 사고가
아주  많은걸로 알고있으며
우회전시 아이들이 잘안보입니다.
특히나 큰 사거리일 경우
카메라가잇어도
속도가 붙기에...
제가 얘기하는 건
방지턱은 모든사거리,
횡단보도 전체가 아니라
우회전차로가 구별되어있을정도로
큰 사거리이며
횡단보도 좌측에만 설치하는것입니다.
(좌측에만 설치해야하는 이유는
보행자(유모차, 행안부에서 정하는 약자들이 이용하는 보행차  포함)
는 우측통행시 방지턱이 방해될수있기 때문입니다.",정보·상담·교육·거버넌스,정보 접근성,일반 출산정책 안건,정보·상담·교육·거버넌스,저출생사업1팀,02-2133-5027,가족건강팀 | 생활지원팀,1순위:저출생사업1팀 | 2순위:가족건강팀 | 3순위:생활지원팀,0,,,,,"TAG_REVIEW:현재 태그=정보·상담·교육·거버넌스, 태그 핵심어 약함 || TAG_REVIEW:현재 태그=정보·상담·교육·거버넌스, 태그 핵심어 약함",https://idea.seoul.go.kr/front/freeSuggest/view.do?sn=190647
PROP-190633,2021-07-02,N,미상,17.0,서울시 남녀임신준비 사업에서 여성도 외부에서 검사받을수 있게 해주세요!,"안녕하세요
임신준비중인 신혼부부입니다.
서울시에서 운영중인 남녀임신준비사업은
임신을 준비하는 부부에게 서울시에서 무료로
임신전 종합검사를 지원하는 좋은 프로그램입니다.
이 프로그램은 서울시 홈페이지에서 신청 후
여성은 거주지 보건소에서,
남성은 지정된 외부 1차 비뇨기과에서 임신기능 검사를 무료로 받는것입니다.
그러나, 코로나로 인하여 보건소의 대부분의 업무는 마비 상태이고
또한 언제쯤 정상화될지 알길이 없습니다.
남성의 경우 외부 1차 지정병원에서 검사를 받기에 임신준비에 지장이 없으나
여성의 경우에는 남녀임신준비사업에서 지원하는 임신전 검사
즉, CBC(일반혈액검사), LFT(간기능, 신장기능검사), TSH(갑상선기능검사),
ABO&RH, 소변검사, B형간염검사, Chest PA, STD(성병검사),AMH(난소기능검사),
풍진면역검사 등의 총 10종의 검사를 보건소의 업무마비로 인하여 검사를 받고싶으면
개인적으로 외부 1차 병원에서 개인 자부담으로 검사를 받을수밖에 없는 처지입니다.
해당검사를 모두 받으려면 최소 30~40만원 이상의 비용이 드는데,
임신준비와 임신을 하게되면  앞으로도 적지않은 비용이 예상되는바,
가정경제에 부담이 되는것이 사실입니다.
임신은 여성이 하는것인데 정작 여성이 소외된 프로그램이 되어버렸습니다.
저출산시대에 출산장려를 위해 이 프로그램의 취지가 있는만큼,
산전검사를 위하여 서울시 어느곳에라도 검사를 받을수있는
보건소를 지정해주시던지 아니면
보건소의 업무가 정상화 될때까지만이라도
여성도 외부 지정병원에서 해당검사를 무료로 받을수있게 해주세요!",임신·난임·생식건강,임신 준비·가임력 지원,가임력검사·난자냉동·예비부부검진,임신·난임·생식건강,건강임신지원팀,02-2133-9491,결혼문화팀,1순위:건강임신지원팀 | 2순위:결혼문화팀,0,,,,,,https://idea.seoul.go.kr/front/freeSuggest/view.do?sn=190633
PROP-190617,2021-07-01,Y,미상,59.0,산업단지공단 소속 햇님어린이집 폐소에 따른 대안을 마련해주세요,"구로구 햇님어린이집(서울특별시 구로구 디지털로32길 29)이 내년2월을 마지막으로 폐소 한다고 합니다.
산업단지공단 부지가 팔리면서 어린이집 부지도 같이 팔렸다는데...
그렇게 되면 이전을 계획하는게 아닌, 폐소를 한다고 하네요.
이 근방은 유치원도 없고 7세까지 다니는 어린이집이 별로 없는데..
당장 내년부터 두아이를 어디로 보내야 할지 막막할 따름입니다.
아무런 방안도 없이 폐소라니요.
그럼 이 많은 아이들은 어디로 가야 하는지.. 너무 좋은 선생님들도 실업자가 되는건데..
정부에서는 어떤 지원도 없는건지요..
어린이집을 근처 다른곳으로 이전할 수는 없는건지,
아니면 현재 다른 국공립 어린이집을 확장 해서 더 많은 아이들을 수용할수 있게 하든지..
아이를 낳아 키우라고만 하지 마시고.. 키울 수 있겠금 만들어 주세요 ㅠㅠ",보육·돌봄 인프라,어린이집·유치원,보육시설·유아교육,보육·돌봄 인프라,돌봄사업팀,02-2133-6560,저출생사업1팀 | 생활지원팀,1순위:돌봄사업팀 | 2순위:저출생사업1팀 | 3순위:생활지원팀,5,어린이집 영유아 방문건강관리 서비스 지원 | 서울형어린이집 | 서울형 0세 전담반 어린이집(사업종료) | 서울형 0세 전담반 어린이집 | 서울형 시간제 전문 어린이집,어린이집으로 방문건강간호사가 찾아가서 건강관리 및 건강교육서비스 제공 | 공인평가를 통하여 우수한 민간 어린이집을 선정하고 인건비 및 운영비를 지원함으로써 향상된 보육서비스를 안정적으로 제공 | 12개월 미만의 영아 보육에 적합한 ‘0세 전담반’  어린이집 100개반 선정 운영 | 12개월 미만의 영아 보육에 적합한 ‘0세 전담반’  어린이집 100개반 선정 운영 | 가정양육 또는 타 기관 이용 보호자 등 누구나 필요시 시간 단위로 이용할 수 있는 보육서비스,,,,https://idea.seoul.go.kr/front/freeSuggest/view.do?sn=190617
PROP-190545,2021-06-22,N,미상,4.0,아이돌봄서비스 개선을 제안합니다,"현재 여성가족부 주관으로 아이돌봄서비스를 제공하고 있다는 것을 알고 있습니다. 학교 프로젝트를 진행하면서 아이돌봄서비스에 대한 설문조사를 실시했었는데 실제 아이 돌봄 서비스를 이용하면서 경험했던 불편한 점과 개선하길 바라는 점이 존재하였고 이에 따른 개선이 이루어진다면
아이 돌봄 서비스의 이용률과 만족도가 더욱 증가할 것이라고 생각합니다.
설문조사 결과 실제 이용자가 가장 크게 불편함을
느끼는 부분은 긴급 아이 돌봄 서비스의 신청 시간이었습니다
.
현재 시행되고 있는 긴급 돌봄 서비스는 최대
3
일 전부터 서비스 이용 최소
4
시간 전에 서비스 신청이
이루어지고 있습니다
.
하지만 긴급 아이 돌봄 서비스의 경우 갑작스럽게 발생하는 양육 공백의 경우 필요한
서비스인 만큼 서비스 신청 가능 시간을 축소할 필요가 있다고 생각합니다
.
설문조사의 결과 응답자들은 서비스
이용 최소
1
시간 전에 신청을 하고 바로 서비스를 이용할 수 있기를 원했다는 것을 알 수 있었습니다
.
이에 따라
긴급 아이 돌봄 서비스의 대기시간을
1
시간으로 축소
하는
방향으로 개선한다면 이용자들의 만족도를 높일 수 있을 것이라고 생각합니다.
또한 이용자들이 아이 돌봄 서비스를 이용하면서
아이 돌보미와 관련하여 생각보다 많은 문제를 겪는다고 합니다
.
서비스를 이용할 때마다 아이 돌보미가 랜덤으로
지정되기 때문에 자녀의 입장에서 매번 새로운 사람과 적응해야 한다는 불편함도 있고 또 어떤 돌보미가 방문하는지 모르기 때문에 돌보미의 서비스에
만족하지 못하는 경우도 종종 있었습니다
.
현재 아이 돌보미 배정은 기관에서 랜덤으로 지정하여 가정에
배정하는 방식을 택하고 있는데 민간 아이 돌봄 서비스처럼
이용자들이 직접 아이 돌보미에 대한 평가를 확인하고 직접 선택
할 수 있는
방식으로 개선한다면 아이 돌보미와의 문제가 줄어들 수 있을 것이라고 생각합니다
.
현재 코로나
19
로
인해 가정 내에서의 돌봄이 더 중요시되었고 저출산의 문제가 점점 더 심각해지고 있는 상황에서 일과 가정의 양립에 실질적인 도움이 되기 위해서는
아이 돌봄 서비스의 개선이 필요하다고 생각합니다
.
먼저 서울 민주주의에 이러한 개선사항을 제안하여 서울시를
선두로 아이 돌봄 서비스를 개선하고 점차 지역을 넓혀 적용한다면 아이 돌봄 서비스에 대한 만족도가 높아지고 이에 따라 이용률 또한 자연스럽게 증가하여
양육 공백 지원에 도움이 될 것이라고 생각합니다
.",보육·돌봄 인프라,가족돌봄,아이돌봄·조부모돌봄,보육·돌봄 인프라,돌봄사업팀,02-2133-6560,저출생사업1팀 | 생활지원팀,1순위:돌봄사업팀 | 2순위:저출생사업1팀 | 3순위:생활지원팀,5,병원동행 전담 아이돌봄서비스 | 아픈아이 전담 아이돌봄서비스 | 영아 전담 아이돌봄서비스 | 영아종일제 아이돌봄 서비스 | 초등돌봄교실,"부모의 맞벌이 등으로 아픈 자녀의 병원 동행을 할 수 없는 경우 아이돌보미가 병원 동행 및 가정 내 돌봄 서비스 제공 | 부모의 맞벌이 등으로 아픈 자녀의 병원 동행을 할 수 없는 경우 아이돌보미가 병원 동행 및 가정 내 돌봄 서비스 제공('23년은 5개구 시범운영 중 : 성동, 동대문, 강북, 강서, 서초) | 출산휴가, 육아휴직 후 복귀하는 맞벌이 가정을 지원하고자 영아 돌봄 교육을 이수한 전담 돌보미가 영아 이유식 먹이기, 젖병 소독 등 영아 특화 돌봄서비스 제공 | 양육공백 가정에 아이돌보미가 찾아가 영아 이유식 먹이기, 젖병 소독, 기저귀 갈기, 목욕 등 돌봄 서비스 제공  ※ 정부지원 아이돌봄 서비스는 서울형 아이돌봄비(조부모 돌봄수당 등)와 별개의 사업   - 서울형 아이... | 돌봄, 교육 및 일부 급?간식비 지원",,,,https://idea.seoul.go.kr/front/freeSuggest/view.do?sn=190545
PROP-190458,2021-06-15,N,미상,2.0,폭언을 없애기 위한 부모교육,"1.
제목 및 제안자
:
폭언을 없애기 위한 부모교육
(
이OO
)
2.
내용
:
외국인에 대한 폭언이나 욕설은 많은 경우
,
어렸을 때부터 잘 못된 생각을 가지고 있거나 왜곡된 가치관을 갖고 있기 때문일 것입니다
.
그리고 어렸을 때부터 폭언을 하지 않도록 성장하고 어른으로부터 외국인에 대한 잘못된 고정관념이나 편견을 갖지 않도록 가정에서 교육을 받는 것이 중요합니다
.
청소년기에는 가정교육의 영향이 매우 크기 때문입니다
.
따라서 부모교육을 통해 청소년들이 가정에서부터 폭언을 하지 않는 자질
,
나아가서는 외국인에 대한 혐오와 차별발언을 하지 않는 사람으로 성장할 수 있도록 하는 것이 필요할 것 같습니다
.",정보·상담·교육·거버넌스,부모·가족 교육/상담,초보부모·공동육아·육아정보,정보·상담·교육·거버넌스,저출생사업1팀,02-2133-5027,가족건강팀 | 생활지원팀,1순위:저출생사업1팀 | 2순위:가족건강팀 | 3순위:생활지원팀,0,,,,,,https://idea.seoul.go.kr/front/freeSuggest/view.do?sn=190458
PROP-190426,2021-06-13,Y,미상,77.0,보육교사 백신휴가 평등하게 지원해 주세요,"코로나 백신 접종을 앞두고 백신접종후 후유증을 걱정하고 있을때 서울시에서 보육교사에게 백신휴가를 지원하여 교사들의 안정과 아이들의 안정을 살펴주셔서 좋은 정책이라 생각합니다. 하지만 어떤 정책이든 미처 생각지 못한 부분이 생길수 있지요. 보육교사중에는 정교사뿐 아니라 보조교사, 연장반교사, 주방선생님등 다른 선생님들도 아이들을 위해 열심히 일하고 계십니다. 또한 아이들의 안정을 위해 코로나 위생수칙을 잘 지키고 있고 정교사와 같이 한달에 한번씩 코로나 검사도 개인시간을 쪼개어 받고 있습니다. 모든 교사는 정직원으로 각자의 위치에서 열심히 일하고 있습니다.  그러나 이번 백신휴가에는 정교사만이 지원이 가능하고 그 외 선생님들은 휴가 지원을 받지 못해 백신접종후 컨디션이 안좋아도 출근을 해야하는 상황이 발생하게 됩니다. 다행히 금요일에 접종예약이 가능하면 그나마 주말에 쉴수 있지만 평일 접종예약을 하게 된다면 걱정이 아닐수 없습니다. 조금더 깊게 살피어 보육교사 전원이  안전을 보장받고 백신 접종을 무사히 잘 마쳤으면 좋겠습니다. 백신휴가 동등히 보장해 주세요.!",보육·돌봄 인프라,어린이집·유치원,보육시설·유아교육,보육·돌봄 인프라,돌봄사업팀,02-2133-6560,저출생사업1팀 | 생활지원팀,1순위:돌봄사업팀 | 2순위:저출생사업1팀 | 3순위:생활지원팀,4,다문화 보육료 | 시간제 보육 | 만0~5세 보육료 | 방과후 보육료,"만0세: (기본)540,000원, (야간)540,000원, (24시간)810,000원 만1세반: (기본)475,000원, (야간)475,000원, (24시간)712,500원 만2세반: (기본)394,000원, (야간... | 만6개월~36개월 부모급여 또는 양육수당 수급 아동대상 시간제보육 지원 | ① 기본보육료(월별) 만0세반: 540,000원 만1세반: 475,000원 만2세반: 394,000원 만3~5세: 280,000원  ② 연장보육료(월별) 0세반: 3,000원 영아반: 2,000원 유아반: 1,000... | ① 정부지원시설 - 4시간 이용: 월 10만원 지원 - 종일 이용(방학 등): 월 20만원 지원  ② 정부미지원시설  - 4시간 이용: 월 233,650원  - 종일 이용: 월 467,300원   ③교사대아동 비율 ...",,,,https://idea.seoul.go.kr/front/freeSuggest/view.do?sn=190426
PROP-190365,2021-06-08,N,미상,5.0,지하절 임산부 배려석 _ 인형 배치 제안,지하절 임산부 배려석 _ 인형 배치 제안,임신·난임·생식건강,임산부 건강·배려,임산부 건강관리·배려,임신·난임·생식건강,건강임신지원팀,02-2133-9492,저출생사업1팀 | 가족지원팀,1순위:건강임신지원팀 | 2순위:저출생사업1팀 | 3순위:가족지원팀,1,임산부 배려공간 조성,ㅇ 교통 약자인 임산부의 엘리베이터 안전사고 예방 및 배려문화 확산을 위해 엘리베이터 내?외부에 임산부 배려공간 조성(엠블럼 부착)   - 임산부를 위해 해당 공간을 비워두고 양보하는 사회 분위기 확산 유도 ㅇ 임산...,,,,https://idea.seoul.go.kr/front/freeSuggest/view.do?sn=190365
PROP-190358,2021-06-07,N,미상,11.0,어린이집 10m내 금연금지구역. 흡연구역과 금연구역이 공존하는 공간,"성북구 아파트 단지 내 관리동 어린이집을 보내고 있는 학부모입니다
.
어린이집
10m
내 금연금지구역임에도 불구하고
제가 민원을 넣기 전까지 흡연구역이 였던 곳이죠
.
민원 접수가 되고 보건소에서 나와 길이를 측정했더니
화단을 기준으로 반을 갈라 화단 바깥쪽은
10m
밖이므로 과태료 부과할 수 없으며
흡연을 해도 단속할 방법이 없다네요
.
이에 따른 관리사무소 방안으로는 화단 반을 줄로 갈라 금연구역과 흡연구역을 나눈 상태입니다
.
관련 기사를 검색하다보니 권익위에서 스쿨존과 아동시설로부터
30m
까지 확대하도록 제도 개선을 권고했으며
복지부는 내년
12
월까지 이행을 완료할 예정
(
올해
21
년
12
월까지라는 말입니다
.)
이라고 하여
복지부 전화상담 민원을 진행했으나 이행을 완료할 예정이지
12
월까지 완료된다는 말이 아니며
이에 따른 관련 규정에 대해 보고 받은 바도 없다고 하니 시행이 되는게 맞는지요
?
흡연자에 대한 자유도 보장되어야 하지만
간전흡연에 대해 보호받을 권리 또한 있는 우리 아이들을 어떻게 지켜주실건지요
..
10m
라 해도
10m
바로 옆에서 흡연을 하면 간접흡연에 대해 완벽하게 보호받는 건가요
?
이곳만에 문제가 아니며 이러한 사례에 대한 피해가 많더군요
.
탁상행정에 오류로 인한 흡연존과 금연존이 공존하는 공간에 대해서
확인해볼 필요가 있으며 보호받아야할 아이들을 위해 반드시 개선 제도가 이루어져야 된다고 생각됩니다
.",보육·돌봄 인프라,어린이집·유치원,보육시설·유아교육,보육·돌봄 인프라,돌봄사업팀,02-2133-6560,가족건강팀 | 저출생사업1팀,1순위:돌봄사업팀 | 2순위:가족건강팀 | 3순위:저출생사업1팀,5,어린이집 영유아 방문건강관리 서비스 지원 | 서울형어린이집 | 서울형 0세 전담반 어린이집(사업종료) | 서울형 0세 전담반 어린이집 | 서울형 시간제 전문 어린이집,어린이집으로 방문건강간호사가 찾아가서 건강관리 및 건강교육서비스 제공 | 공인평가를 통하여 우수한 민간 어린이집을 선정하고 인건비 및 운영비를 지원함으로써 향상된 보육서비스를 안정적으로 제공 | 12개월 미만의 영아 보육에 적합한 ‘0세 전담반’  어린이집 100개반 선정 운영 | 12개월 미만의 영아 보육에 적합한 ‘0세 전담반’  어린이집 100개반 선정 운영 | 가정양육 또는 타 기관 이용 보호자 등 누구나 필요시 시간 단위로 이용할 수 있는 보육서비스,,,,https://idea.seoul.go.kr/front/freeSuggest/view.do?sn=190358
PROP-190352,2021-06-07,N,미상,15.0,어린이집 교사 코로나 백신접종 추가예약서비스,"보육교사로 근무하고 있습니다.
처음에 아스트라제네카백신으로 예약했을때 솔직히 좀겁이나고 해서 예약을 고민하다 시기를 놓쳤어요
요번에 화이자백신으로 변경 한다고 해서 백신접종하고 싶어요 아무래도 한달에 한번 코로나 검사하는것도 보육교사들은 너무 힘들어요 더많은 보육교사들이 다시한번 백신 예방접종을  할 수 있도록 추가예약을 받아주세요 집단감염이 일어날 수  있는
환경에서 일하기때문에 접종받고 싶습니다. 꼭좀다시 추가예약 받？ㄷㆍ세요 주변 교사들도 간절히 원하고 있습니다. 집단감염으로부터 아이들과 가족을 지킬 수있도록 기회를 주세요
감사합니다",보육·돌봄 인프라,어린이집·유치원,보육시설·유아교육,보육·돌봄 인프라,돌봄사업팀,02-2133-6560,가족건강팀 | 저출생사업1팀,1순위:돌봄사업팀 | 2순위:가족건강팀 | 3순위:저출생사업1팀,5,어린이집 영유아 방문건강관리 서비스 지원 | 서울형어린이집 | 서울형 0세 전담반 어린이집(사업종료) | 서울형 0세 전담반 어린이집 | 서울형 시간제 전문 어린이집,어린이집으로 방문건강간호사가 찾아가서 건강관리 및 건강교육서비스 제공 | 공인평가를 통하여 우수한 민간 어린이집을 선정하고 인건비 및 운영비를 지원함으로써 향상된 보육서비스를 안정적으로 제공 | 12개월 미만의 영아 보육에 적합한 ‘0세 전담반’  어린이집 100개반 선정 운영 | 12개월 미만의 영아 보육에 적합한 ‘0세 전담반’  어린이집 100개반 선정 운영 | 가정양육 또는 타 기관 이용 보호자 등 누구나 필요시 시간 단위로 이용할 수 있는 보육서비스,,,,https://idea.seoul.go.kr/front/freeSuggest/view.do?sn=190352
PROP-190338,2021-06-04,N,미상,15.0,사무실 밀집 지역에 아이들을 위한 공간을 마련하면 좋을 것 같습니다.,"안녕하세요.
서울시 중구 소재의 회사로 출퇴근을 하며, 중구 소재의 직장 어린이집에 어린 자녀 2명을 보내는 엄마입니다.
다름아니라 사무실 밀집 지역을 보면 (예를 들면 제가 있는 을지로입구역 인근) 직장 어린이집이 꽤 있는 것으로 보여지고 (네이* 지도를 통해 사무실 밀집지역에서 어린이집을 검색하면 직장 어린이집이 꽤나 많이 나옵니다.) 이 어린이집에 재원 중인 아동들도 꽤 있는 것으로 추정이 됩니다. (예시를 제 소재지로 하였으나, 사무실 밀집지역이라면 어디라도 동일할 것 같습니다.)
그런데 주변을 둘러봐도 이 아이들이 잠시나마 뛰어 놀 곳은 없어보입니다.
상업시설이 밀집되어 있는 지역은 (다시말하면 땅값이 비싼 지역은..) 어느 회사도, 어느 기관도 아이들을 위한 공간을 내어주기가 쉽지 않아 보입니다.
아이들이 신체 활동을 할 수 있도록 아이들이 이용할 수 있는 어린이 놀이터를 서울시에서 주도하여 지어서 활용할 수 있도록 하면 어떨까요?
아이들의 활발한 신체 활동이 그 시기의 아이들에게는 꼭 필요하며, 대다수의 시간을 보내는 어린이집 근처에서 이런 활동들을 할 수 있도록 하면 조금 더 좋을 것 같습니다.
뛰어놀 놀이터가 없어서 회사 주변의 도보를 손잡고 걸어가며 산책만 하는 아이들을 보고 있자면 괜시리 미안한 마음이 드네요..
긍정적으로 검토 부탁 드리겠습니다.",정보·상담·교육·거버넌스,정보 접근성,일반 출산정책 안건,정보·상담·교육·거버넌스,저출생사업1팀,02-2133-5027,가족건강팀 | 생활지원팀,1순위:저출생사업1팀 | 2순위:가족건강팀 | 3순위:생활지원팀,5,서울시 중소기업 워라밸 포인트제 | 서울형 강소기업 지원 | 서울형 강소기업 지원(사업종료) | 서울형 육아휴직장려금 | 서울형 육아휴직장려금(사업종료),"양육친화 및 일?생활 균형을 위한 중소기업의 다양한 노력을 인정하고 중소기업이 아이 키우기 좋은 기업으로 성장할 수 있도록 지원하는 사업 ① 양육친화 및 일?생활 균형 실적에 따른 포인트 적립 ② 적립 포인트에 따른... | ① 청년 정규직 채용 시, 사내복지 개선 등 근무환경개선금 최대 45백만원 지원 ② 육아휴직자 대체 청년인턴에 최대 23개월 인건비 지원으로 업무공백 해소 ③ 육아친화 및 일?생활 균형 조직문화 조성을 위한 교육?컨... | ① 청년 정규직 채용 시, 사내복지 개선 등 근무환경개선금지원(최대 3명) ② 육아친화 및 일?생활 균형 조직문화 조성을 위한 교육?컨설팅 지원 ③ 마음챙김, 스트레스 관리로 신입사원 번아웃 예방을 위한 청년성장 프... | ○ 자녀 1인당 최대 120만원 지원 - 육아휴직기간 연속 6개월 시 60만원, 연속 12개월 경과 시 60만원 추가지급 ※ 부?모 모두 육아휴직 시 각각 지급 (자녀 1인에 대해 가구당 최대 240만원 지급) | ○ 자녀 1인당 최대 120만원 지원 - 육아휴직기간 연속 6개월 시 60만원, 연속 12개월 경과 시 60만원 추가지급 ※ 부?모 모두 육아휴직 시 각각 지급 (자녀 1인에 대해 가구당 최대 240만원 지급)",,,"TAG_REVIEW:현재 태그=정보·상담·교육·거버넌스, 태그 핵심어 약함 || TAG_REVIEW:현재 태그=정보·상담·교육·거버넌스, 태그 핵심어 약함",https://idea.seoul.go.kr/front/freeSuggest/view.do?sn=190338
PROP-190302,2021-05-31,Y,미상,53.0,"""삐빅, 임산부입니다"" 버스 이용 시 안내멘트 건의","""삐빅, 임산부입니다"" 버스 이용 시 안내멘트 건의",임신·난임·생식건강,임산부 건강·배려,임산부 건강관리·배려,임신·난임·생식건강,건강임신지원팀,02-2133-9492,저출생사업1팀 | 생활지원팀,1순위:건강임신지원팀 | 2순위:저출생사업1팀 | 3순위:생활지원팀,1,임산부 배려공간 조성,ㅇ 교통 약자인 임산부의 엘리베이터 안전사고 예방 및 배려문화 확산을 위해 엘리베이터 내?외부에 임산부 배려공간 조성(엠블럼 부착)   - 임산부를 위해 해당 공간을 비워두고 양보하는 사회 분위기 확산 유도 ㅇ 임산...,,,,https://idea.seoul.go.kr/front/freeSuggest/view.do?sn=190302
PROP-190300,2021-05-31,N,미상,2.0,신혼부부 코로나 예방접종도 빠른일정에 넣어주세요,신혼부부 코로나 예방접종도 빠른일정에 넣어주세요,보육·돌봄 인프라,아동 건강·의료 접근성,소아응급·야간진료·영유아검진,보육·돌봄 인프라,돌봄사업팀,02-2133-6560,저출생사업1팀 | 생활지원팀,1순위:돌봄사업팀 | 2순위:저출생사업1팀 | 3순위:생활지원팀,4,신혼부부 결혼ㆍ살림비용 지원 | 신혼희망타운 | 신혼부부 전용 주택 구입 자금 대출 | 신혼부부 임차보증금 이자 지원,"ㅇ 결혼ㆍ살림 비용 최대 100만원 지원    - 결혼준비 및 혼인살림 장만 관련 비용 지출    ※ 생애 1회 지급   ? 결혼준비 : 혼수, 예식장, 신혼여행, 청첩장 등    ? 혼인살림 : 전자제품, 주방가전... | 신혼희망타운 분양?임대주택 공급 및 청약 자격 제공 | 연 2.55~3.85% 금리로 주택구입 자금 대출, 최대 3억 2천만 원 한도 | - 임차보증금 대출금: 최대 3억원(임차보증금의 90% 이내) - 이자지원 금리: 최대 4.5% - 지원기간: 최장 10년(25.11.20. 부터 최장 12년) ※ 자세한 사항은 서울주거포털 공고문 참조",,,"TAG_REVIEW:현재 태그=보육·돌봄 인프라, 태그 핵심어 약함 || TAG_REVIEW:현재 태그=보육·돌봄 인프라, 태그 핵심어 약함",https://idea.seoul.go.kr/front/freeSuggest/view.do?sn=190300
PROP-190293,2021-05-30,N,미상,11.0,코로나19 예방접종증명서,"코로나19 예방접종증명서를 현재 A4용지로 교부하고 있는데 이는 휴대가 매우 불편하고 증서 필요시 일일이 제시해야 되는 번거로움이 있어서 최소 주민증록증 사이즈로 교부해주었으면 좋았을 것입니다.
대외적으로 쉽게 판별되고 예방접종 독려 효과도 노릴수 있도록 접종증명 뱃지를 만들어 의무적으로 부착하는 규정을 만들것을 제안합니다.
뱃지모양 : 첨부파일 참조",보육·돌봄 인프라,아동 건강·의료 접근성,소아응급·야간진료·영유아검진,보육·돌봄 인프라,돌봄사업팀,02-2133-6560,가족지원팀 | 저출생사업1팀,1순위:돌봄사업팀 | 2순위:가족지원팀 | 3순위:저출생사업1팀,0,,,,,"TAG_REVIEW:현재 태그=보육·돌봄 인프라, 태그 핵심어 약함 || TAG_REVIEW:현재 태그=보육·돌봄 인프라, 태그 핵심어 약함",https://idea.seoul.go.kr/front/freeSuggest/view.do?sn=190293
PROP-190234,2021-05-21,N,미상,18.0,"작은도서관에 전자잡지(또는 신문, 전자책) 공용아이디 발급","작은도서관을 운영중입니다.
공간적인, 경제적인 문제로 잡지(신문 등) 류의 배치에 어려움이 있습니다.
서울도서관 , 서울교육도서관 또는 지자체의 공공도서관의
전자잡지류(또는 신문, 전자책) 열람할 수 있는 ID를 개인이 아닌
작은도서관 별로 고유아이디를 배정해서 직접 서울도서관 회원가입 절차를 진행하지 않아도
작은도서관 방문만으로 해당 잡지들(또는 신문, 전자책)을 볼 수 있도록 허용해준다면
정보 격차에도 해소가 일면 될 것이고 보다 가깝게 도서관을 이용할 수 있을거라 생각됩니다.
또한 도서관 입장에서는 비용적인 부분이나 공간적인 문제로 비치하지 못했던 잡지류 (또는 신문, 책)등을
제공하여 보다 지역사회 주민들에게 보다 나은 서비스를 제공할 수 있을것이라 생각됩니다.",정보·상담·교육·거버넌스,정보 접근성,일반 출산정책 안건,정보·상담·교육·거버넌스,저출생사업1팀,02-2133-5027,생활지원팀,1순위:저출생사업1팀 | 2순위:생활지원팀,0,,,,,,https://idea.seoul.go.kr/front/freeSuggest/view.do?sn=190234
PROP-190204,2021-05-17,N,미상,6.0,유기견들에게 예방접종을 해주세요,유기견들에게 예방접종을 해주세요 유기견들은 예방접종을 못해 아프거나 심장 사상충에 걸려 죽을수도 있습니다 저는 동물들을 좋아해서 유기견들이 아픈걸보면 마음이 아파집니다 그리고 동물들은 우리와 같은 생명입니다 그래서 유기견들에게 예방 접종시켜주셔야합니다 그래야 유기견들이 안 아프고 불행하지도 않을것입니다,보육·돌봄 인프라,아동 건강·의료 접근성,소아응급·야간진료·영유아검진,보육·돌봄 인프라,돌봄사업팀,02-2133-6560,저출생사업1팀 | 생활지원팀,1순위:돌봄사업팀 | 2순위:저출생사업1팀 | 3순위:생활지원팀,0,,,,,"TAG_REVIEW:현재 태그=보육·돌봄 인프라, 태그 핵심어 약함 || TAG_REVIEW:현재 태그=보육·돌봄 인프라, 태그 핵심어 약함",https://idea.seoul.go.kr/front/freeSuggest/view.do?sn=190204
PROP-190198,2021-05-16,N,미상,10.0,영유아 화상사고에 관련한 대책 문의,"안녕하세요. 항상 서울 시민을 위해 힘써주셔서 감사합니다. 저는 서울에서 살고 있는 한 고등학생입니다.
제가 이번에 수행평가를 하게되면서 제안하고 싶은 것이 생겨 이렇게 글을 쓰게 되었습니다.
2020년 한국소비자원에서 발표한 어린이 안전사고 동향분석 문헌에 따르면 서울시에서 제일 많은 어린이 안전사고가 발생합니다. 또한 어린이 안전사고에서 영유아기의 비율과 화상사고의 비율이 높았습니다. 저와 제 친구들만 해도 어릴 적 화상사고를 한 번쯤은 당한 적이 있었구요.
왜 화상사고가 발생할까 친구들과 탐구하고 소비자원의 문서를 참고한 결과 이랬습니다.
영유아기는 호기심이 제일 왕성한 시기입니다. 그만큼 인지능력이 부족하구요. 그래서 아이들은 위험성을 인지하지 못합니다. 성장하면서 인지능력 또한 성장하지만, 그렇다고 영유아기에 일어난 화상사고가 없어지는 것은 아닙니다.
그리고 부모님의 보호범위를 벗어나는 경우가 생기며 사고가 발생합니다. 부모님이 종일 밖에 머무는 맞벌이 가정을 예로 들 수 있습니다.
그렇다면 어떻게 이 영유아 화상사고를 줄일 수있을까 생각해보았는데요.
첫째로, 화재사고 혹은 화상에 대한 교육은 영유아기 같은 아직 안전사고의 위험성을 잘 파악하고 인식 할 수 없는 어린이들에게 안전사고에 대한 예비책, 혹은 안전교육을 어린이집과 유치원 등에서 실시하면 좋겠습니다.
또한 맞벌이 가정은 안전사고가 일어난 후 처치가 시급하게 이루어지지 않음을 대비하여 저소득층, 맞벌이 가정에게 기존의 정부 아이돌봄 서비스를 적극 권장해주셨으면 좋겠습니다.
시민을 위해 힘써주시는 모든 분들께 감사의 인사를 전해드리며, 마치겠습니다.",정보·상담·교육·거버넌스,정보 접근성,일반 출산정책 안건,정보·상담·교육·거버넌스,저출생사업1팀,02-2133-5027,가족건강팀 | 생활지원팀,1순위:저출생사업1팀 | 2순위:가족건강팀 | 3순위:생활지원팀,5,영아 전담 아이돌봄서비스 | 외국인 가사(육아)인력 시범사업 | 1인 자영업자 등 배우자 출산휴가급여 지원 | 1인 자영업자?프리랜서 배우자 출산휴가 지원금 | 서울형 육아휴직장려금,"출산휴가, 육아휴직 후 복귀하는 맞벌이 가정을 지원하고자 영아 돌봄 교육을 이수한 전담 돌보미가 영아 이유식 먹이기, 젖병 소독 등 영아 특화 돌봄서비스 제공 | 맞벌이 부부 등 ‘육아 조력자’의 도움이 절실한 자녀양육 가정에 외국인 육아도우미를 활용한 양육지원사업 도입 | 1인 자영업자 등에 배우자(남편) 출산휴가급여 최대 120만원(15일분) 지원 (2026.1.1. 기준 출생아부터 적용) - 2025년 출생아는 최대 80만원(10일분) 지원 ㅇ 지원대상에 대한 자격요건 완화(202... | 1인 자영업자 등에 배우자 출산휴가급여 80만원 지원 | ○ 자녀 1인당 최대 120만원 지원 - 육아휴직기간 연속 6개월 시 60만원, 연속 12개월 경과 시 60만원 추가지급 ※ 부?모 모두 육아휴직 시 각각 지급 (자녀 1인에 대해 가구당 최대 240만원 지급)",,,,https://idea.seoul.go.kr/front/freeSuggest/view.do?sn=190198
PROP-190111,2021-05-06,N,미상,5.0,코로나 예방접종 예진에 대한 제안,"코로나 예방접종 관련 업무로 고생이 많으십니다.
본인은 소아청소년과 의사로 하루동안의 예방접종 예진 업무에 투입된 뒤 정말 많은 생각과 고민 끝에 그만 두었습니다.
물론 제가 일한 지역의 공무원의 고압적인 태도로 기분이 많이 상한 것도 있지만 무엇보다 절차 상의 문제가 있어 이에 대한
보완 수정이 필요할 것 같다는 생각 때문이었습니다.
다음은 제가 생각한 문젯점과 해결 받안입니다.
1. 일단 예진 의사의 역할 - 지금같은 예진은 사실 필요가 없습니다.무엇보다 더 중요한 것 접종자들의 vital sign, 즉, 체온 뿐 아니라 혈압과 맥박 등을 체크해서 문제가 있으면 접종 연기를 권유 드려야합니다. 그리고 일반 직원들이 접종자에게 알러지, 부작용 전반에 대한 상담을 해서 문제가 되는 부분이 있을 때 예진 의사가 보는 시스템으로 가야합니다.
무조건 의사를 보게 하는 건 아무 의미가 없습니다.
2. 따라서 의사의 서명과 사인 또한 필요한 사항이 아닙니다. 이건 특별히 의사가 관찰해야 하고 상담해야 하는 접종자, 그리고 특별히 상담을 받고 싶은 분만 설정해서 예진하고 사인하면 되는 사항입니다. 이미 접종자들은 접종 자체에 대해 많은 걸 듣고 오시고 공무원의 말을 빌리자면 이미 맞겠다고 사인하고 온 분들이시니까요. 그러니 이건 이미 앞서 체크하면서 사인을 한번 더 받으시면 될 문제입니다. 어떤 분들은 오늘 상황이 안 좋아 미루자고 아무리 권유를 드려도 협박조로 맞겠다고 하기도 합니다. 황당하고 끔찍한데 여기에 사인을 해야만 하는 것 또한 제게 큰 스트레스 였으니까요.
3. 어차피 15~30분 기다려야 하는 상황이라면 이 때 TV 스크린으로 접종 전후로 어떻게 관리해야 하는지 알려주는 동영상을 계속 반복적으로 보여 주는 것이 어르신들에게 알리는 가장 좋은 방법 입니다.
4. 아무리 접종자 수를 늘리는 게 중요하다고 위에서 강요해도 하루 수용할 수 있는 한계가 있습니다. 1일 인원수 조절이 필요합니다. 의사 한명당 볼 수 있는 인원, 그래야 확실하게 상담할 수 있습니다.
5. 서울시에서 접종 전후 주의사항, 이럴 땐 미뤄야 한다는 것, 어르신 들은 화이자 백신을 계속 줄 것이라는 확신 (미루면 아스트라제니카 맞아야 하니 무조건 오늘 맞겠다고 억지 주장 펼치시는 어르신들이 꽤 됩니다.) 이런 전반적인 것에 대한 홍보가 무엇보다 중요합니다. 포괄적이고 대충 그냥 일단 맞으러 오세요는 아닙니다.
예방접종은 부작용이 가장 큰 문제이지만 무엇보다 맞았을 때 항체 형성이 잘 되어야 합니다. 그러려면 왠만하면 상태가 좋을 때 맞아야 합니다. 우린 지금 초유의 사태를 맞이하고 있지만, 그러나 무엇보다 이 백신의 효과와 장 단기적 부작용에 대해 알지 못하는 백신을 실험 중입니다. 그것도 인간한테요. (과장되게 들리실지 모르지만. 어쨌든 사실은 사실이니까요. 백신의 전반적인 걸 평가하기엔 너무 짧은 시간이니까요.) 그러니 제발 제 목소리에 귀 기울여 주시기를 간절히 바랍니다.
여러분의 노고에 감사드립니다.",보육·돌봄 인프라,아동 건강·의료 접근성,소아응급·야간진료·영유아검진,보육·돌봄 인프라,돌봄사업팀,02-2133-6560,고령사회정책팀 | 저출생사업1팀,1순위:돌봄사업팀 | 2순위:고령사회정책팀 | 3순위:저출생사업1팀,0,,,,,"TAG_REVIEW:현재 태그=보육·돌봄 인프라, 태그 핵심어 약함 || TAG_REVIEW:현재 태그=보육·돌봄 인프라, 태그 핵심어 약함",https://idea.seoul.go.kr/front/freeSuggest/view.do?sn=190111
PROP-189949,2021-04-22,N,미상,9.0,지하철 임산부석 문제,"안녕하세용
？
안녕하세요.서울에 사는 6학년 학생4명입니다.
저희가 수업시간을 통해 사회 공공의 문제가 무엇이 있나 생각을 해보니,
지하철 임산부석 문제가 생각나서 건의 들입니다.
아직 어린 저희가 보기에도 이해가 되지않는 행동을 합니다.
예를 들면,임산부석 자리를 앉거나 1칸만 앉아야 하는 자리에 다른 사람자리 까지 차지하여 3칸을 앉는 경우도 보았습니다.따라서 저희가 건의하고 싶은 사항은 지하철 안내방송 문구에 다음 문구를 추가해주시면 정말 감사하겠습니당.
""임산부 자리는 되도록 양보를 해주시고, 자리를 혼자 독차지 하면 다른 사람들에게 피해가 가니 유의해주시면 감사하겠습니다""
문구에 라도 추가 되어 사람들의 행동이 조금이라도 바뀌었으면 좋겠다는 생각이 듭니다. 이상입니다. 안녕히계세요",임신·난임·생식건강,임산부 건강·배려,임산부 건강관리·배려,임신·난임·생식건강,건강임신지원팀,02-2133-9491,가족지원팀 | 저출생사업1팀,1순위:건강임신지원팀 | 2순위:가족지원팀 | 3순위:저출생사업1팀,1,임산부 배려공간 조성,ㅇ 교통 약자인 임산부의 엘리베이터 안전사고 예방 및 배려문화 확산을 위해 엘리베이터 내?외부에 임산부 배려공간 조성(엠블럼 부착)   - 임산부를 위해 해당 공간을 비워두고 양보하는 사회 분위기 확산 유도 ㅇ 임산...,,,,https://idea.seoul.go.kr/front/freeSuggest/view.do?sn=189949
PROP-189934,2021-04-20,N,미상,11.0,미세먼지 경보가 발효되어도 어린이집 실외활동이 가능한 지침을 개정해 주세요,"안녕하세요
어린이집에 두 아이를 맡기고 있는 서울시민입니다.
12월부터 3월까지 미세먼지 계절관리제가 시행되며
실제로 미세먼지가 심한 계절입니다.
2020년 12월부터 2021년 3월까지 서울에서
미세먼지 경보 또는 주의보가 12차례 발효되었으며
미세먼지가 1급 발암물질임을 감안할 때
면밀한 정책적 관리가 필요하다고 생각합니다.
지난 3월 29일일과 3월 30일 양일간
미세먼지와 초미세먼지가 매우 심각하여
주의보와 경보가 차례로 발효되었습니다.
3월 30일에 아이가 다니는 어린이집 외부 활동이 계획되어 있었으나
당연히 취소될 것이라 생각했는데 강행하시길래 문의했더니
지침상 문제가 없어 진행한다는 답변을 받았습니다.
놀라서 지침을 확인해 본 결과
어린이집의 관리주체인 지방자치단체(서울시)에서 나온 대응방안에는
미세먼지(PM10)에 대한 관리 기준은 없고
초미세먼지(PM2.5) 수치에 따른 비상저감조치가 시행되었거나
관련 기준을 충족했을 때 관심-주의-경계-심각 단계로 구분되어 있습니다.
(대응방안 파일이나 링크를 첨부하려고 했더니 개인정보 때문에 업로드가 안되네요)
미세먼지 경보나 주의보가 발효되더라도
서울시 어린이집 미세먼지 대응방안 ""관심"" 단계에 해당하며
실외활동을 자제하고 실내 활동으로 대체할 것을 ""권고"" 하는 것에 그칩니다.
더욱 안타까운 점은 교육청에서 관할하는 유치원의 경우
서울시에서 관리하는 어린이집보다
미세먼지 관련하여 훨씬 상식적인 매뉴얼을 운영하고 있다는 점입니다.
교육청에서는 미세먼지 주의보 발령시
실외활동 자제,
미세먼지 경보 발령시 실외활동 단축 및 금지하고 있습니다.
유치원은 만3세부터 만5세까지,
어린이집은 그보다 어린 아이들이 다니는 시설이라는 것을 감안했을 때
미세먼지 관련 기준이 유치원보다 어린이집 기준이 더 못하다는 것은
도저히 이해하기가 어렵습니다.
또한, 한국환경공단에서 측정한 데이터를 기반으로
국가에서 공식적으로 미세먼지 ""경보""나 ""주의보""를 내어 놓는데
시민들이 체감하는 위험성이나 주의도에 비해
정책이 그만큼 뒷받침되고 있지 못한 부분도 몹시 아쉽습니다.
미세먼지의 계절이 가고
맑은 하늘이 다시 찾아왔습니다.
다시 미세먼지가 기승을 부릴 계절이 찾아왔을 때는
합리적인 미세먼지 정책의 실현으로
아이들의 건강권이 보장받을 수 있기를 기대합니다.
감사합니다!",보육·돌봄 인프라,어린이집·유치원,보육시설·유아교육,보육·돌봄 인프라,돌봄사업팀,02-2133-6560,가족건강팀 | 저출생사업1팀,1순위:돌봄사업팀 | 2순위:가족건강팀 | 3순위:저출생사업1팀,5,어린이집 영유아 방문건강관리 서비스 지원 | 서울형어린이집 | 서울형 0세 전담반 어린이집(사업종료) | 서울형 0세 전담반 어린이집 | 서울형 시간제 전문 어린이집,어린이집으로 방문건강간호사가 찾아가서 건강관리 및 건강교육서비스 제공 | 공인평가를 통하여 우수한 민간 어린이집을 선정하고 인건비 및 운영비를 지원함으로써 향상된 보육서비스를 안정적으로 제공 | 12개월 미만의 영아 보육에 적합한 ‘0세 전담반’  어린이집 100개반 선정 운영 | 12개월 미만의 영아 보육에 적합한 ‘0세 전담반’  어린이집 100개반 선정 운영 | 가정양육 또는 타 기관 이용 보호자 등 누구나 필요시 시간 단위로 이용할 수 있는 보육서비스,,,,https://idea.seoul.go.kr/front/freeSuggest/view.do?sn=189934
PROP-189861,2021-04-14,N,미상,6.0,다자녀혜택에 대해 서울시와 경기도를 구분하지 맙시다,"다자녀 혜택이라는게 사실 딱히 크게 있진 않습니다.
그중에 그나마 가끔 받는 혜택중에 공영주차장 할인 혜택이 있습니다.
가끔 한두달에 한번 서울에 가는데..
공영주차장 주차했다가 다자녀 (3자녀) 카드 내보면
항상 경기도카드라 안된다고 합니다.
금액이 큰건 아니지만, 이런 답변을 받으면 왜 이런걸 경기도 따로,서울시 따로 나눌까?
하는 생각이 듭니다.
많은 서울시민들이 서울인근도시에 거주하며 경기도에서 출퇴근을 하고 있고
서울 시민 역시 서울내에서만 생활하는게 아닌 경기도로 나갑니다.
다자녀정책이나 자녀출산장려가 서울시, 경기도 따로 권장하는내용도 아니고
서울시 다자녀 가정은 경기도나가면 안되고..
경기도민은 서울가면 안되고..
결국 같은 정책, 결국 다자녀가정은 똑같은데 웃기지 않습니까?
이 정책은 국가적 정책인데
서울시에서 먼저 경기도카드도 동등하게 대우해주시면 경기도도
당연히 서울시 다자녀가정에 동등하게 하지 않겠습니까?
다자녀카드 우대정책에서 서울시, 경기도 구분하지 말고
동등하게 대우해주시길 요청드립니다.",다자녀·양육비·생활지원,다자녀 혜택,다자녀 기준·할인·감면,다자녀·양육비·생활지원,저출생사업1팀,02-2133-5027,생활지원팀,1순위:저출생사업1팀 | 2순위:생활지원팀,0,,,,,POLICY_REMOVED:공공요금 감면 요구가 아닌 제안에 공공요금 정책 후보: 다자녀 가구 하수도사용료 감면 || POLICY_REMOVED:차량 취득세 요구가 아닌 제안에 취득세 정책 후보: 다자녀 가구 자동차 취득세 감면 || POLICY_REMOVED:차량 취득세 요구가 아닌 제안에 취득세 정책 후보: 다자녀가구 자동차 취득세 취약계층 감면 || POLICY_REMOVED:공공요금 감면 요구가 아닌 제안에 공공요금 정책 후보: 다자녀 가구 하수도사용료 감면 || POLICY_REMOVED:차량 취득세 요구가 아닌 제안에 취득세 정책 후보: 다자녀 가구 자동차 취득세 감면 || POLICY_REMOVED:차량 취득세 요구가 아닌 제안에 취득세 정책 후보: 다자녀가구 자동차 취득세 취약계층 감면 || POLICY_REMOVED:공공요금 감면 요구가 아닌 제안에 공공요금 정책 후보: 다자녀 가구 하수도사용료 감면 || POLICY_REMOVED:차량 취득세 요구가 아닌 제안에 취득세 정책 후보: 다자녀 가구 자동차 취득세 감면 || POLICY_REMOVED:차량 취득세 요구가 아닌 제안에 취득세 정책 후보: 다자녀가구 자동차 취득세 취약계층 감면,https://idea.seoul.go.kr/front/freeSuggest/view.do?sn=189861
PROP-189719,2021-04-05,N,미상,12.0,신혼부부 임차보증금 지원사업 관련,"안녕하세요
현재 서울시 신혼부부 임차보증금 지원 사업선정되어 전세 보증금 지원을 받고 있는 신혼부부입니다
2020년 4월부터 2022년 4월까지 1년정도 남았는데
2년 한번더 연장이 가능한다고 알고있습니다
5억원 이내 최대 2억 지원으로 설정이 되어있지만
작년 임대차 개정으로 인해 전세가는 2억에서 3억정도 인상이 된상태 입니다
돌아오는 갱신때는 연장하고 싶어도 할수없는 상태가 될꺼같은데
문제는 다른집들도 이미 비슷한 가격인상을 보여서
서울시 지원이 현재 임대차 시장과는 많은 금액의 차이를 보고 있습니다
조건가능 금액상향과 지원금액도 상향이 필요한 상황입니다
부디 현재 상황을 인지하여 지원이 상향되었으면 좋겠습니다",주거·교통·도시생활환경,출산가구 주거,신혼부부·출산가구 주거지원,주거·교통·도시생활환경,저출생사업1팀,02-2133-5027,생활지원팀,1순위:저출생사업1팀 | 2순위:생활지원팀,4,신혼부부 결혼ㆍ살림비용 지원 | 신혼희망타운 | 신혼부부 전용 주택 구입 자금 대출 | 신혼부부 임차보증금 이자 지원,"ㅇ 결혼ㆍ살림 비용 최대 100만원 지원    - 결혼준비 및 혼인살림 장만 관련 비용 지출    ※ 생애 1회 지급   ? 결혼준비 : 혼수, 예식장, 신혼여행, 청첩장 등    ? 혼인살림 : 전자제품, 주방가전... | 신혼희망타운 분양?임대주택 공급 및 청약 자격 제공 | 연 2.55~3.85% 금리로 주택구입 자금 대출, 최대 3억 2천만 원 한도 | - 임차보증금 대출금: 최대 3억원(임차보증금의 90% 이내) - 이자지원 금리: 최대 4.5% - 지원기간: 최장 10년(25.11.20. 부터 최장 12년) ※ 자세한 사항은 서울주거포털 공고문 참조",,,,https://idea.seoul.go.kr/front/freeSuggest/view.do?sn=189719
PROP-189697,2021-04-01,Y,미상,63.0,임산부뱃지비콘제작,"안녕하십니까 서울시민여러분
모두가 연일 고생많으십니다.
저는 6년 전 첫아이를 출산하였고,
올해 둘째를 임신한 임산부입니다.
그 사이 지하철에는 임산부 배려석이
설치되었지요.
하지만 사실상 콩나물시루 같이 복잡한
출퇴근시간은 물론이고 평일 낮시간에도
임산부가 아니신 분들이 많이 앉아계십니다.
핑크빛 원형 임산부 뱃지를 달고 그 앞에 서 있어도
눈감은 척 안 비켜주시는 분들이 대다수 입니다.
지하철 앉을 좌석이 빡빡함에도 불구하고
당시 임산부를 위한 좌석을 별도 설치한
취지가 분명 있었을 것입니다.
그 취지에 맞게 제대로 운영되게 하기 위해
서울시도 부산시 비슷하게 임산부뱃지비콘
제작을 요청드립니다.
- 임산부석에 착석시 알람음이 나오고 뱃지를 클릭해야 알람음 해제됨
- 뱃지를 깜빡 놓고 오는 임산부도 있을 수 있으니 휴대폰 앱 연계 해주는 프로그램 개발
(그럼 사실 모든 임산부가 굳이 뱃지 들고다닐 번거로움도 없어짐)
(그리고 지금 들어오는 차량 내 비어있는 임산부석이 어딘지도 어플에 뜨면 바로 자리 앉을 수 있으니 금상첨화! 예를들어 3-2칸, 5-4칸 이런식으로.)
-대신, 이렇게 되면 일반분들이 임산부석에 앉으실 일이 없어질 것이고, 저출산률로 사실 지하철 내 임산부배려석이 동시에 다 찰 일은 거의 없으므로
현재 임산부배려석 개수의 50%로 줄이기.
일반분들이 앉으실 수 있는 공간 더 확보 취지.
디지털강국 대한민국의 수도
서울시라면 충분히 가능할 것입니다.
아이를 안전하게 키울 수 있는 환경을 제공하기 위해 저출산 대책 세우시느라 고생 많으신데
아이를 건강하게 뱃속에서 키울 수 있는 환경도
마련해 주시면 감사하겠습니다.
사실 조금만 더 서로 배려하는 성숙한 시민의식이
바탕이 된다면 이렇게까지 할 필요가 없겠습니다만,
현 상황상 분명 개선될 필요가 있다고 봅니다.
긍정적인 검토 부탁드립니다.
고맙습니다.",임신·난임·생식건강,임산부 건강·배려,임산부 건강관리·배려,임신·난임·생식건강,건강임신지원팀,02-2133-9491,가족지원팀 | 저출생사업1팀,1순위:건강임신지원팀 | 2순위:가족지원팀 | 3순위:저출생사업1팀,1,임산부 배려공간 조성,ㅇ 교통 약자인 임산부의 엘리베이터 안전사고 예방 및 배려문화 확산을 위해 엘리베이터 내?외부에 임산부 배려공간 조성(엠블럼 부착)   - 임산부를 위해 해당 공간을 비워두고 양보하는 사회 분위기 확산 유도 ㅇ 임산...,,,,https://idea.seoul.go.kr/front/freeSuggest/view.do?sn=189697
PROP-189694,2021-04-01,N,미상,2.0,여성 배려석 원복 및 임산부 무료 택시 이용,여성 배려석 원복 및 임산부 무료 택시 이용,임신·난임·생식건강,임산부 건강·배려,임산부 건강관리·배려,임신·난임·생식건강,건강임신지원팀,02-2133-9492,가족지원팀 | 저출생사업1팀,1순위:건강임신지원팀 | 2순위:가족지원팀 | 3순위:저출생사업1팀,1,임산부 배려공간 조성,ㅇ 교통 약자인 임산부의 엘리베이터 안전사고 예방 및 배려문화 확산을 위해 엘리베이터 내?외부에 임산부 배려공간 조성(엠블럼 부착)   - 임산부를 위해 해당 공간을 비워두고 양보하는 사회 분위기 확산 유도 ㅇ 임산...,,,,https://idea.seoul.go.kr/front/freeSuggest/view.do?sn=189694
PROP-189693,2021-04-01,N,미상,0.0,여성 배려석 원복 및 임산부 무료 택시 이용,여성 배려석 원복 및 임산부 무료 택시 이용,임신·난임·생식건강,임산부 건강·배려,임산부 건강관리·배려,임신·난임·생식건강,건강임신지원팀,02-2133-9492,가족지원팀 | 저출생사업1팀,1순위:건강임신지원팀 | 2순위:가족지원팀 | 3순위:저출생사업1팀,1,임산부 배려공간 조성,ㅇ 교통 약자인 임산부의 엘리베이터 안전사고 예방 및 배려문화 확산을 위해 엘리베이터 내?외부에 임산부 배려공간 조성(엠블럼 부착)   - 임산부를 위해 해당 공간을 비워두고 양보하는 사회 분위기 확산 유도 ㅇ 임산...,,,,https://idea.seoul.go.kr/front/freeSuggest/view.do?sn=189693
PROP-189679,2021-03-30,N,미상,22.0,보건소 난소나이검사(AMH) 실리적인 기준 확대 요청의 건.,"안녕하세요. 여러가지 제안을 지켜보던 중에, 지난 2018년도에 제안된 건을 보고 현재 실리적인 상황에 맞게  미혼여성으로 확대 도입해주시길 간곡히 요청드립니다.
[현 상황]
1) 30대후반 이후 여성의 결혼,출산율이 늘어나고 있음.
2) 미혼 여성 중 만 35세 이상 여성 역시 증가
3) 최근 여러사회이슈들 중 난임 시술이 증가함에 따라 알려져 관심이 증대
4) 난임 지원사업이 점차 확대되고 있으나,실질적인 난임을 예방하는것은 사전 검진을 통한 확인 및 대비임.
5) 실질적인 난임 시술은 난자 과배란을 통한 난자 추출을 바탕으로 진행되나 가장 중요한 것은 '난자의 질(Quality)'임. 난자는 의학적으로 하루라도 빠르게 냉동할수록 확률이 높아지며, 결혼이 예정에 없더라도 자신의 난자보유상태에 따라 현실적인 대비가 필요함.
6) 결혼 이후 임신 준비를 시작하면 이미 때늦은 경우가 될 수 있음.
7) 최근 난임전문의료진들이 진행하는 유튜브채널에서 보건소에서 AMH검사가 가능하다는 정보가 공유되어 정보를 알게되는 대상자가 많아짐
https://youtu.be/SJLsfc3LgIc
8) 서울시에서 2018년도 시범사업으로 진행되었던 난소나이검사는  일부 극히 적은 지역에서만 산전검사에 포함되어 진행, 또는 미진행되었음
9)2021년 현재 지역구별 제각각시행되며, <거주동민>만 해당이 되어 타지역구민은 혜택이 불가함을 확인
10) 본인이 거주하는 성북구는 산전검사를 받은 여성만 받을 수 있으며, 가까운 강북구의 경우 아예 검사를 시행하지 않고 있음.
11)첨부파일 참고 시, 2018년 서울시 유관부서의 답변에 따르면 ""35세 이상 여성을 대상으로 혼인 전
？
？검사를 통해  난소 나이를 측정 후  불임에 대한 예방적 대처를 통해 출산성공율을 높일수 있을 것이다"" 라는 답변이 있으나, 실제 검사는 미혼 35세 이상의 여성은 혜택을 받지 못하고 '기혼'에게만 해당이 됨. 난자를 냉동하는 등의 예방적 대처는 '결혼'이 필수조건이 아님.
<결론>
현재 기혼 35세이상 여성에게만 한정하여 제공하는 난임관련 필요한 검사는 미혼여성들이 실질적으로 예방대처를 할 수 있도록 개정되어야한다고 봅니다.
또한, 각 거주민이 해당 관할 보건소에서만 진행해야한다면 동일하게 시행하지 않는 곳 없도록 전체적으로 동일하게 집행해주세요.",임신·난임·생식건강,임신 준비·가임력 지원,가임력검사·난자냉동·예비부부검진,임신·난임·생식건강,건강임신지원팀,02-2133-9491,저출생사업1팀 | 생활지원팀,1순위:건강임신지원팀 | 2순위:저출생사업1팀 | 3순위:생활지원팀,0,,,,,,https://idea.seoul.go.kr/front/freeSuggest/view.do?sn=189679
PROP-189652,2021-03-25,N,미상,7.0,iseoulu.co.kr 출산용품지원누리집 운영방식 변경 요청,iseoulu.co.kr 운영방식 변경 요청 제안드립니다. 임산부인데 누리집 내 물품 신청할 게 없습니다. 실질적인 혜택이 되게 하기 위해서 누리집 안의 특정 물건 뿐 아니라 10만 제로페이 바우처로 시장에서 아기용품을 살 수 있게 하면 좋겠네요. iseoulu.CO.KR이라 공적누리집이 아니기에 이 사업에 대한 서울시의 세부 운영 권한과 지원 범위가 어디까지인지 모르지만 특정기업에게 혜택을 주는 곳 같아 조금 꺼려집니다.,출산·산후 초기지원,출산가구 초기지원,출산지원금·출생축하,출산·산후 초기지원,가족건강팀,02-2133-9485,저출생사업1팀,1순위:가족건강팀 | 2순위:저출생사업1팀,0,,,,,,https://idea.seoul.go.kr/front/freeSuggest/view.do?sn=189652
PROP-189621,2021-03-19,N,미상,12.0,임산부 대상 공영주차장 우선이용 혜택/할인이 생겼으면 좋겠어요,임산부 대상 공영주차장 우선이용 혜택/할인이 생겼으면 좋겠어요,임신·난임·생식건강,임산부 건강·배려,임산부 건강관리·배려,임신·난임·생식건강,건강임신지원팀,02-2133-9492,가족건강팀 | 저출생사업1팀,1순위:건강임신지원팀 | 2순위:가족건강팀 | 3순위:저출생사업1팀,5,"35세 이상 임산부 외래 진료 및 검사비 지원 | 임산부 엽산제, 철분제 지원 | 서울시 난임?임산부심리상담센터 운영 | 맘편한 임신 원스톱서비스(임산부?출산전 제공) | 임산부 출산급여 지원","의료비 부담이 큰 35세 이상 산모 대상 외래진료 및 검사에 소요되는 비용을 소득과 무관하게 최대 50만원까지 지원 (24년 3월 사회보장제도 신설 협의 완료, 24년 8월까지 사업추진을 위한  사전절차 진행 예정으... | 지원내용 (엽산제) 임신 전후 3개월까지 엽산제 지원  (철분제) 임신 16주부터 철분제 5개월분  신청방법 주소지 보건소에 방문하거나 온라인(정부24)으로 신청 | 난임부부, 유산?사산 경험부부, 임산부 및 양육모의 정서적 안정을 위해 전담 상담사가 등록부터 종결까지 1:1 상담 및 다양한 프로그램을 운영 | 임산부 엽산제?철분제 지급 등 임신 전?중 통합 서비스 제공 | ㅇ 임산부 출산급여 90만원 지원     ※고용노동부 ‘고용보험 미적용자 출산급여’ 150만원에 추가지원",,,,https://idea.seoul.go.kr/front/freeSuggest/view.do?sn=189621
PROP-189440,2021-02-19,N,미상,7.0,2021년 서울형 난임시술지원 서비스 횟수 증가 제안,"안녕하세요, 서울에 거주하고 있는 30대 유부남입니다.
저희부부는 2018년부터 혼인신고를 먼저하여, 시험관 아이를 준비하였습니다.(와이프 40대)
아이를 갖고자 하는 마음이 굴뚝같아 열심히 노력하였으나, 난임지원횟수를 다 차감하고도 일반인들이 감당할수 없는 많은
비용이 발생됩니다. 실패시 좌절감과, 감당할수 없는 비용에도 꿋꿋하게 아이를 갖고자 하는 마음은 변함없었습니다.
그러던중, 2020년 서울형 난임시술 지원을 보고 정말 기뻣습니다.
아직 2021년 서울형 난임시술 지원은 확정되지 않았지만, 서울시에서 저출산율 및 아이를 갖고싶어 하는 부부들을 생각하여
횟수 증가 및 어느일정나이 이상은 횟수제한없이 지원 가능하도록 만들어주셨으면 좋겠습니다.
간곡히 부탁드리며, 제안드립니다.",임신·난임·생식건강,난임 지원,난임시술·주사·시술비,임신·난임·생식건강,건강임신지원팀,02-2133-9491,저출생사업1팀 | 다문화지원팀,1순위:건강임신지원팀 | 2순위:저출생사업1팀 | 3순위:다문화지원팀,5,서울형 난임부부 시술비 지원 | 서울권역 난임?우울증 상담센터 운영 | 서울시 한의약 난임치료 지원 | 서울시 난임?임산부심리상담센터 운영 | 난임부부 지원,"난임시술 비용의 본인부담액에 대한 시술별 지원상한액 지원 - 횟수 : 총 25회(누적) - 지원금액: 시술별 1회당 최대 30만원~110만원 | 난임부부, 유산?사산 경험부부, 임산부 및 양육모의 정서적 안정을 위해 전담 상담사가 등록부터 종결까지 1:1 상담 및 다양한 프로그램을 운영 | 원인불명의 난임진단 부부에게  한의약 난임치료 첩약비용(3개월)의 본인부담금 90%(상한 1,200천원) 지원 | 난임부부, 유산?사산 경험부부, 임산부 및 양육모의 정서적 안정을 위해 전담 상담사가 등록부터 종결까지 1:1 상담 및 다양한 프로그램을 운영 | o 난임시술 비용의 본인부담액에 대한 시술별 지원상한액 지원      -(횟수) 출산당 총25회 (보조생식술 시작일이 '24.11.1.일 이후부터)      -(지원금액) 시술별 1회당 최대 30만원~110만원  o...",,,,https://idea.seoul.go.kr/front/freeSuggest/view.do?sn=189440
PROP-189414,2021-02-16,N,미상,12.0,우리동네키움센터 / 점심 / 저녁 / 시간 / 직장인 / 학교 / 초등돌봄 등등 문제점이 많은것 같습니다. 현실적이지 않아요.,"안녕하세요.
직장인 맘으로써 지금 코로나19 뿐만 아니라 이 코로나시대가 벌어지기 전부터 현실적이지 않은
아이돌봄서비스들이 이해가 되지 않습니다.
우선 최근 우리동네키움센터가 많이 생겨나고 있는 부분은 다행이긴합니다.
하지만 점심은 우선 도시락을 싸보내야하는게... 힘든부분이 많습니다. 봄, 여름, 가을, 겨울 4계절마다 준비해야하는게 다 다르고
일하는 부모로써는 퇴근시간이 아직은 유동적이지 않은데 돌봐주는 이용시간이 오전에는 너무 늦고 오후에는 너무 이릅니다.
현실적으로 보통 오전9시~오후6시까지 근무시간이고 출퇴근 이동시간이 있는데 아이돌봐주는 우리동네키움센터는
보통 오전 10시에 오픈 오후7시까지만 돌봐주고 있는 실정인데 아이를 맡겨놓구서 눈치는 눈치대로 보는 상황입니다.
초등돌봄도 돌봄교사한테 전화상담을 했는데 코로나 핑계로 보내지말라고 계속 설득을 하는데 이건 초등돌봄이
있으나 마나한 상황이고 교사로써 아니 같은 엄마로써 어떻게 그렇게 사명감이 없는지 이해가 되지 않습니다.
여러가지로 현실에 와닿도록 여러가지 개선을 하는게 맞는다고 생각합니다.
개선을 할때는 바로바로 적용을 해서 어떤 부분이 필요한 부분이고 적용한것들이 맞는지는 시민들한테 직접 물어보고
반영해야한다고 생각합니다.
다른 자녀를 둔 직장인 부모의 의견도 궁금합니다.
실질적으로 재택근무가 가능한 직업도 있겠지만 불가능한 직업도 있습니다.
좀더 현실적으로 반영이 가능한 시민들의 의견을 들어주세요.",보육·돌봄 인프라,초등돌봄,초등돌봄·방과후,보육·돌봄 인프라,돌봄사업팀,02-2133-6560,생활지원팀 | 다문화지원팀,1순위:돌봄사업팀 | 2순위:생활지원팀 | 3순위:다문화지원팀,5,1인 자영업자 등 배우자 출산휴가급여 지원 | 1인 자영업자?프리랜서 배우자 출산휴가 지원금 | 서울형 육아휴직장려금 | 서울형 육아휴직장려금(사업종료) | 배우자 출산휴가 지원금,"1인 자영업자 등에 배우자(남편) 출산휴가급여 최대 120만원(15일분) 지원 (2026.1.1. 기준 출생아부터 적용) - 2025년 출생아는 최대 80만원(10일분) 지원 ㅇ 지원대상에 대한 자격요건 완화(202... | 1인 자영업자 등에 배우자 출산휴가급여 80만원 지원 | ○ 자녀 1인당 최대 120만원 지원 - 육아휴직기간 연속 6개월 시 60만원, 연속 12개월 경과 시 60만원 추가지급 ※ 부?모 모두 육아휴직 시 각각 지급 (자녀 1인에 대해 가구당 최대 240만원 지급) | ○ 자녀 1인당 최대 120만원 지원 - 육아휴직기간 연속 6개월 시 60만원, 연속 12개월 경과 시 60만원 추가지급 ※ 부?모 모두 육아휴직 시 각각 지급 (자녀 1인에 대해 가구당 최대 240만원 지급) | ㅇ 임산부 배우자를 둔 1인 자영업자?프리랜서에 배우자 출산휴가 지원금 80만원 지원",,,,https://idea.seoul.go.kr/front/freeSuggest/view.do?sn=189414
PROP-189408,2021-02-14,N,미상,5.0,"양육수당, 아동수당등 지급 시 ？ 부모교육 프로그램을 만들어 교육 시켜주세요.","아이를 키우는 부모의 한
사람으로 작은 의견을 내어 봅니다
.
요즘 뉴스로 안타깝게 하고
있는 아동학대
,
방임
,
유기에 대한 것입니다
.
뉴스로 나올 때마다 안타깝게
생각하고
,
부모에 대한 처벌로 잠잠해졌다 다시 뉴스로
나오는 일이 반복되고 있습니다
.
부모가 되는 것은
 처음이라 모두 힘든 일이라 생각됩니다
.
처음 부모가 되는 초보
부모도 학생들처럼 교육이 필요합니다
.
구마다 지급되는 양육수당
,
아동수당등 지급 시 좋은 부모교육 프로그램을 만들어
동영상 시청해야만 수당
신청이 가능하게 바뀌어야 된다고 생각합니다
.
1.
개월
,
연령에
맞게 단계적 프로그램
2.
동영상 시청
.
인증 후 수당 지급 신청
소중한 아이들을 건강하게 키우기
위해
~
좋은 부모교육이 절실히 필요합니다
.",다자녀·양육비·생활지원,양육비·생활비 지원,분유·기저귀·아동수당·부모급여,다자녀·양육비·생활지원,저출생사업1팀,02-2133-5027,다문화지원팀,1순위:저출생사업1팀 | 2순위:다문화지원팀,0,,,,,,https://idea.seoul.go.kr/front/freeSuggest/view.do?sn=189408
PROP-189401,2021-02-08,Y,미상,60.0,어린이집 학부모회의에서  cctv 정기적 확인할수 있게 해주세요,"어린이집 학대 사고가 많이 발생하는데  뉴스를 보면서 가슴이 너무 아픔니다.
cctv 확인하기 까지 절차가 너무 까다롭기 때문 밝혀지는 것보다
밝혀지지 않고 있는 사건들이 더 많을 것으로 생각되어짐니다.
의심 정황이 있어도 cctv 확인절차까지 가기가 너무 어려운 실정입니다.
말도 표현도 서투른 아이들의 희생, 억울함이 더 이상 발생하지 않도록 미연에 방지 시스템을 만들어주세요~
1. 어린이집 관할 경찰서에서  월1회 이상 날자, 시간 등을( 무작위)  CCTV 확인 보고 하는 시스템
2. 어린이집 학부모 회의에서 월1회 무작위 CCTV 확인하여 보고서 작성하게 하는 시스템
( 어린이들이 보호자들 없이 어떤 생활을 하고 있는지 볼 수 있도록 안심하고 칭찬 감사하며 맡길 수 있게 해 주세요~~)
이러한 시스템을 운영  점수화 체계적 관리로
모범적으로 잘하는 어린이집과 교사에게 혜택을 주는 점수,  표창장 등의 시스템 제안 합니다 ~
어린이들 말도 표현도 못하는 어린아이들 가슴아픈 일들이 발생되지 않도록 한시 바삐 예방 차원에서 실행 시켜 주세요~
가장 좋은 방법은 어린이집 CCTV를 인터넷 상에서 보호자들이 언제나 들어가서 볼 수 있게 하는 시스템은 불가능 한 건지요?
더 이상 말도 못하고 표현도 서툴은 소중한 우리 아이들이
어린이집 학대로 피해를 보는 아이들이 더  발생되지 않게 미연에 방지 대책이 시급히 요구되는 현실입니다.",보육·돌봄 인프라,어린이집·유치원,보육시설·유아교육,보육·돌봄 인프라,돌봄사업팀,02-2133-6560,가족건강팀 | 저출생사업1팀,1순위:돌봄사업팀 | 2순위:가족건강팀 | 3순위:저출생사업1팀,5,어린이집 영유아 방문건강관리 서비스 지원 | 서울형어린이집 | 서울형 0세 전담반 어린이집(사업종료) | 서울형 0세 전담반 어린이집 | 서울형 시간제 전문 어린이집,어린이집으로 방문건강간호사가 찾아가서 건강관리 및 건강교육서비스 제공 | 공인평가를 통하여 우수한 민간 어린이집을 선정하고 인건비 및 운영비를 지원함으로써 향상된 보육서비스를 안정적으로 제공 | 12개월 미만의 영아 보육에 적합한 ‘0세 전담반’  어린이집 100개반 선정 운영 | 12개월 미만의 영아 보육에 적합한 ‘0세 전담반’  어린이집 100개반 선정 운영 | 가정양육 또는 타 기관 이용 보호자 등 누구나 필요시 시간 단위로 이용할 수 있는 보육서비스,,,,https://idea.seoul.go.kr/front/freeSuggest/view.do?sn=189401
PROP-189364,2021-02-01,N,미상,17.0,지하철 임산부 좌석 관련 문의 및 제안,지하철 임산부 좌석 관련 문의 및 제안,임신·난임·생식건강,임산부 건강·배려,임산부 건강관리·배려,임신·난임·생식건강,건강임신지원팀,02-2133-9492,가족지원팀 | 저출생사업1팀,1순위:건강임신지원팀 | 2순위:가족지원팀 | 3순위:저출생사업1팀,1,임산부 배려공간 조성,ㅇ 교통 약자인 임산부의 엘리베이터 안전사고 예방 및 배려문화 확산을 위해 엘리베이터 내?외부에 임산부 배려공간 조성(엠블럼 부착)   - 임산부를 위해 해당 공간을 비워두고 양보하는 사회 분위기 확산 유도 ㅇ 임산...,,,,https://idea.seoul.go.kr/front/freeSuggest/view.do?sn=189364
PROP-189255,2021-01-08,N,미상,7.0,난임지원 서비스 횟수 증원요청,"안녕하세요, 서울시 광진구에 거주하고있는 서울시민 입니다.
항상 서울시 발전을위해 고생하시는 직원분들께 먼저 감사인사드립니다.
제가 하고자하는 제안은,
아이를 갖고자 하는 서민부부에게 지원의 역량을 넓여주셨으면 하는마음입니다.
대한민국의 출산율은 지금 바닥으로 가고 있다고 생각합니다.
2019년 결혼전 아이를 먼저 갖고자 하는마음에 혼인신고를 미리하여 병원을 찾았습니다만, 번번히 실패하고 있습니다.
정부에서 시행하는 난임시술 지원 횟수 및 2020년 서울시 난임 지원 횟수를 모두 사용하였습니다.
광진구청에 유선상 확인하였으나, 2021년 서울시 정책이 정해지지 않았다는 답변을 받고, 지원이라도 없으면, 서민난임부부들은 아이에 대한 기대감이 상실됩니다. 2개월에 한번씩하는 시술에 비용은 더 잘아시겠지만, 서민부부에게는 상당한 비용입니다. 서울시에서 지원하는게 없었다면 정말 좌절하고 아이에대한 갈망이 없었을겁니다.
저희는 최선을다해 아이를 갖고자 하는 부부입니다.
2021년 정책횟수 증원이나, 만40세 이상은 횟수제한없이 지원받을수 있는방법을 건의 드리고자 합니다.",임신·난임·생식건강,난임 지원,난임시술·주사·시술비,임신·난임·생식건강,건강임신지원팀,02-2133-9491,저출생사업1팀 | 다문화지원팀,1순위:건강임신지원팀 | 2순위:저출생사업1팀 | 3순위:다문화지원팀,5,서울형 난임부부 시술비 지원 | 서울권역 난임?우울증 상담센터 운영 | 서울시 한의약 난임치료 지원 | 서울시 난임?임산부심리상담센터 운영 | 난임부부 지원,"난임시술 비용의 본인부담액에 대한 시술별 지원상한액 지원 - 횟수 : 총 25회(누적) - 지원금액: 시술별 1회당 최대 30만원~110만원 | 난임부부, 유산?사산 경험부부, 임산부 및 양육모의 정서적 안정을 위해 전담 상담사가 등록부터 종결까지 1:1 상담 및 다양한 프로그램을 운영 | 원인불명의 난임진단 부부에게  한의약 난임치료 첩약비용(3개월)의 본인부담금 90%(상한 1,200천원) 지원 | 난임부부, 유산?사산 경험부부, 임산부 및 양육모의 정서적 안정을 위해 전담 상담사가 등록부터 종결까지 1:1 상담 및 다양한 프로그램을 운영 | o 난임시술 비용의 본인부담액에 대한 시술별 지원상한액 지원      -(횟수) 출산당 총25회 (보조생식술 시작일이 '24.11.1.일 이후부터)      -(지원금액) 시술별 1회당 최대 30만원~110만원  o...",,,,https://idea.seoul.go.kr/front/freeSuggest/view.do?sn=189255
PROP-189236,2021-01-05,N,미상,15.0,서울시 임신출산 정보센터 글 수정해야 하는거 아닌가요??;;;,"누가 저런식으로 태교를 하고 저런식으로 웃는 얼굴을 만드나요;;; 더 살펴보면 이상한 내용이 너무 많습니다...;
임신 관련 내용 중 ""체위나 시간에 구애받지 않고 마음껏 즐겨도 문제없다""가 서울시 임신출산 정보센터에서 사용할 어휘입니까
비정상적인 포르노를 정상적인 성교마냥 써놓아있는데 상식적으로 임산부에게 남편의 성욕을 풀게 하는게 정상적인 일이라고 생각하세요...?; 자기 자식을 임신한 아내에게 일시적인 성욕을 풀지 않는다면 문제가 생길 정도였습니까 우리나라 남자가?
임신 말기 내용 중에서도 이상한 내용이 많습니다 혹시 서울시 임신출산 정보센터는 남편을 아무것도 할 줄 모르는 여섯살배기 애기로 보나요? 성인이고 임신한 아내까지 있는 남편을 위해 임신 말기의 아내가 출산이 임박할 때에 생필품을 점검하고 ""요리에 서투른 남편이 편리하게 사용하도록"" 밑반찬을 챙기고 또 제 몸 추스리기도 바쁠 임산부가 남편의 옷을 챙겨야 하나요? 남편을 무시하고 임산부에게 부당한 짐을 얹게 만드는 내용이 아닌가요?
서울시청은 이러한 내용을 수정할 필요가 있지 않나요 이게 ""서울시""에서 나온 임산부를 위한 팁이라는 것이 믿겨지지 않을 정도의 수준입니다;",임신·난임·생식건강,임산부 건강·배려,임산부 건강관리·배려,임신·난임·생식건강,건강임신지원팀,02-2133-9491,결혼문화팀,1순위:건강임신지원팀 | 2순위:결혼문화팀,0,,,,,,https://idea.seoul.go.kr/front/freeSuggest/view.do?sn=189236
PROP-189234,2021-01-04,N,미상,9.0,임산부 재택근무,"서울시 산하 장애인,노인 시설종사자 임산부 재택근무 명령 내려주세요  경기도에서는 재택근무 시행하고 있다는데 왜 서울은 아직까지인거죠 작년 상반기에만 공문내려오고 하반기에는 깜깜무소식...
2021년 코로나 심한데 산하기관에 유급 공문 보내주시길 바랍니다",임신·난임·생식건강,임산부 건강·배려,임산부 건강관리·배려,임신·난임·생식건강,건강임신지원팀,02-2133-9491,가족지원팀 | 저출생사업1팀,1순위:건강임신지원팀 | 2순위:가족지원팀 | 3순위:저출생사업1팀,5,"35세 이상 임산부 외래 진료 및 검사비 지원 | 임산부 엽산제, 철분제 지원 | 서울시 난임?임산부심리상담센터 운영 | 맘편한 임신 원스톱서비스(임산부?출산전 제공) | 임산부 출산급여 지원","의료비 부담이 큰 35세 이상 산모 대상 외래진료 및 검사에 소요되는 비용을 소득과 무관하게 최대 50만원까지 지원 (24년 3월 사회보장제도 신설 협의 완료, 24년 8월까지 사업추진을 위한  사전절차 진행 예정으... | 지원내용 (엽산제) 임신 전후 3개월까지 엽산제 지원  (철분제) 임신 16주부터 철분제 5개월분  신청방법 주소지 보건소에 방문하거나 온라인(정부24)으로 신청 | 난임부부, 유산?사산 경험부부, 임산부 및 양육모의 정서적 안정을 위해 전담 상담사가 등록부터 종결까지 1:1 상담 및 다양한 프로그램을 운영 | 임산부 엽산제?철분제 지급 등 임신 전?중 통합 서비스 제공 | ㅇ 임산부 출산급여 90만원 지원     ※고용노동부 ‘고용보험 미적용자 출산급여’ 150만원에 추가지원",,,,https://idea.seoul.go.kr/front/freeSuggest/view.do?sn=189234
PROP-189218,2020-12-30,N,미상,24.0,보육교사 코로나19 선제검사 강력한 공지 철회를 요구합니다,"보육교사라는 직업때문에 동선을 최소화 하기 위해 얼마나 노력했는지 아시나요?
친구도 멀리 시장도 제대로 안가고 가족도 자가격리 수준으로 모두 집에만 있으라며
숨죽인 삶을 살고 있는데 왜 사람많은 그곳에 억지로 줄을 세우시나요
내 앞에 양성인 사람이라도 있으면 그 떠다니는 바이러스를 책임질 수 있나요?
건전하게 노력하고 사는 사람들 말고 놀러 다니고 외식 실컷 하는 사람들을 검사해야 하는거 아닌가요?
무증상 감염자 찾겠다고 전국민 전수검사를 하던지요
검사하러 가는 그 곳이 얼마나 안전한가요?
우리는 노출되어도 괜찮은가요?
대한민국이 민주주의국가가 맞나요?
증상이나 의심사항이 있으면 바로 검사하러 가겠지요 무증상 무감염까지 조사하겠다는건 탁상공론아닌가요?
보육교사 권고사항 공문 철회를 요구합니다",보육·돌봄 인프라,어린이집·유치원,보육시설·유아교육,보육·돌봄 인프라,돌봄사업팀,02-2133-6560,저출생사업1팀 | 생활지원팀,1순위:돌봄사업팀 | 2순위:저출생사업1팀 | 3순위:생활지원팀,4,다문화 보육료 | 시간제 보육 | 만0~5세 보육료 | 방과후 보육료,"만0세: (기본)540,000원, (야간)540,000원, (24시간)810,000원 만1세반: (기본)475,000원, (야간)475,000원, (24시간)712,500원 만2세반: (기본)394,000원, (야간... | 만6개월~36개월 부모급여 또는 양육수당 수급 아동대상 시간제보육 지원 | ① 기본보육료(월별) 만0세반: 540,000원 만1세반: 475,000원 만2세반: 394,000원 만3~5세: 280,000원  ② 연장보육료(월별) 0세반: 3,000원 영아반: 2,000원 유아반: 1,000... | ① 정부지원시설 - 4시간 이용: 월 10만원 지원 - 종일 이용(방학 등): 월 20만원 지원  ② 정부미지원시설  - 4시간 이용: 월 233,650원  - 종일 이용: 월 467,300원   ③교사대아동 비율 ...",,,,https://idea.seoul.go.kr/front/freeSuggest/view.do?sn=189218
PROP-189200,2020-12-28,N,미상,25.0,현장상황 반영 안 된 '보육교사 코로나19 선제검사'와 관련하여 제안합니다.,"안녕하세요, 보육교사입니다.
영유아의 안전과 나아가 사회의 안전을 사전에 지키기 위해 보육교사를 대상으로 한 '보육교사 코로나19 선제검사'를 진행하는 것은 여전히 말이 많고 불합리하다는 의견들이 있었으나, 코로나19가 전세계적으로 아직도 우리의 일상을 많은 부분에서 방해하고 있으니 이해가 됩니다.
다만, 해당 구청에서 어린이집으로 공문으로 이 선제 검사를 안내했을 때,
'휴게시간 및 주말 검사 강요를 자제'
하라는 문구가 있었는데 이것은 현장에 반영하기가 어려운 부분이며
이는
현장 상황이 제대로 반영되지 못한
진행사항입니다.
코로나로 인해 가정보육을 권고했다고 하더라도 어린이집의
50프로는 출석
을 하고 있는 상태이며,
근무 중에 보육교사가 코로나 검사를 받기 위해서는 보육실에 투입되어야 할 대체 인력이 있어야
하는데 서울시에서는 이런 부분을 미리 고려하지 못한 채 진행하라는 공문만을 보내왔습니다. 더군다나 기관의 규모가 작다면 더욱 어려운 실정입니다.
이런 상황에 결국, 저희 기관 또한 31일(목)에 영유아들과 기존에 분리 되어 있던 시간인 오후 4시에 일괄 검사 받기로 했으며, 다음날 2021년 1월 1일, 연휴를 이용해 격리를 하는 것으로 결정이 되었습니다. 그나마도 야간 연장 보육교사들은 제때 받지 못해 미루기로 했습니다.
서울시가 초반에 제시한 선제검사 기간은 2021년 1월 3일 토요일이지만, 모든 보육교사가 검사를 받을 수 없는 상황이기에 아마 턱없이 부족한 기간입니다. 그렇기에
서울시에서는 보육교사들이 안전하고 걱정 없이 검사를 받을 수 있도록 대체인력을 투입해주시거나, 가정보육이 진행될 수 있도록 해주십시오.",보육·돌봄 인프라,어린이집·유치원,보육시설·유아교육,보육·돌봄 인프라,돌봄사업팀,02-2133-6560,저출생사업1팀 | 생활지원팀,1순위:돌봄사업팀 | 2순위:저출생사업1팀 | 3순위:생활지원팀,4,다문화 보육료 | 시간제 보육 | 만0~5세 보육료 | 방과후 보육료,"만0세: (기본)540,000원, (야간)540,000원, (24시간)810,000원 만1세반: (기본)475,000원, (야간)475,000원, (24시간)712,500원 만2세반: (기본)394,000원, (야간... | 만6개월~36개월 부모급여 또는 양육수당 수급 아동대상 시간제보육 지원 | ① 기본보육료(월별) 만0세반: 540,000원 만1세반: 475,000원 만2세반: 394,000원 만3~5세: 280,000원  ② 연장보육료(월별) 0세반: 3,000원 영아반: 2,000원 유아반: 1,000... | ① 정부지원시설 - 4시간 이용: 월 10만원 지원 - 종일 이용(방학 등): 월 20만원 지원  ② 정부미지원시설  - 4시간 이용: 월 233,650원  - 종일 이용: 월 467,300원   ③교사대아동 비율 ...",,,,https://idea.seoul.go.kr/front/freeSuggest/view.do?sn=189200
PROP-189190,2020-12-25,N,미상,16.0,서울시 신혼부부 임차보증금 지원 정책 개선 요청,서울시 신혼부부 임차보증금 지원 정책 개선 요청,주거·교통·도시생활환경,출산가구 주거,신혼부부·출산가구 주거지원,주거·교통·도시생활환경,저출생사업1팀,02-2133-5021,가족지원팀,1순위:저출생사업1팀 | 2순위:가족지원팀,4,신혼부부 결혼ㆍ살림비용 지원 | 신혼희망타운 | 신혼부부 전용 주택 구입 자금 대출 | 신혼부부 임차보증금 이자 지원,"ㅇ 결혼ㆍ살림 비용 최대 100만원 지원    - 결혼준비 및 혼인살림 장만 관련 비용 지출    ※ 생애 1회 지급   ? 결혼준비 : 혼수, 예식장, 신혼여행, 청첩장 등    ? 혼인살림 : 전자제품, 주방가전... | 신혼희망타운 분양?임대주택 공급 및 청약 자격 제공 | 연 2.55~3.85% 금리로 주택구입 자금 대출, 최대 3억 2천만 원 한도 | - 임차보증금 대출금: 최대 3억원(임차보증금의 90% 이내) - 이자지원 금리: 최대 4.5% - 지원기간: 최장 10년(25.11.20. 부터 최장 12년) ※ 자세한 사항은 서울주거포털 공고문 참조",,,,https://idea.seoul.go.kr/front/freeSuggest/view.do?sn=189190
PROP-189155,2020-12-20,N,미상,13.0,보육교사 안전을 위해 긴급보육 등원하는 아이들도 음성확인서 제출 제안합니다.,"저는 어제 보육교사로서 코로나 검사를 하고 왔습니다.
한 시간쯤 일찍 퇴근을 하여 임시 선별 검사소를 통하여 검사를 하고 왔습니다.
검사소에 가니 벌써 100여명의 사람들이 줄을 서서 대기하고 있었습니다.
올해 코로나가 시작된 이후로 가장 많은 사람들 틈에 끼어 있게 되는 극한상황이 되었습니다.
아이들을 보육해야 하는 보육교사라는 무거운 책임감 때문에 집과 어린이집만 오고 가며
가급적 마트에 가는 횟수조차도 줄여가며 생활하였습니다.
이런 위험한 환경 속으로 두 시간을 기다려 검사를 마치고 나니 이건 아니다 싶은 생각이 들었습니다.
그리고 교사들만 받으면 되는 것입니까?
어린이집 현장에 와 보시면
기침하고 열나는데도 약 봉투들고 등원하는 아이들 여러 명입니다.
게다가 긴급보육이라는 말이 무색할 정도로 맞벌이 가정이 아닌 가정에서도 아이가 심심해서
아이보기가 힘들어서 라는  이해하기 어려운 이유로 등원시키고 있습니다.
제안합니다!!!
저희 보육교사들의 안전을 위해서
등원하는 아이들도 코로나 검사를 함께 할 수 있도록 해주세요
솔직히 저희도 아이들과 아이들 주변 양육자들이 무섭습니다.
주말에 가정보육 바란다고 누누히 알림장에 당부하여도, 이곳저곳 생각없이 많이 다니더군요
등원하는 아이들 전수조사하여 음성 확인서 어린이집에 제출하여 줄 것을  제안합니다.
그렇다면 보육교사들 역시 당연히 검사해야되는 것이 맞다고 생각합니다.",보육·돌봄 인프라,초등돌봄,초등돌봄·방과후,보육·돌봄 인프라,돌봄사업팀,02-2133-6560,저출생사업1팀 | 생활지원팀,1순위:돌봄사업팀 | 2순위:저출생사업1팀 | 3순위:생활지원팀,5,영아 전담 아이돌봄서비스 | 외국인 가사(육아)인력 시범사업 | 서울형 육아휴직장려금 | 서울형 육아휴직장려금(사업종료) | 1인 자영업자 등 배우자 출산휴가급여 지원,"출산휴가, 육아휴직 후 복귀하는 맞벌이 가정을 지원하고자 영아 돌봄 교육을 이수한 전담 돌보미가 영아 이유식 먹이기, 젖병 소독 등 영아 특화 돌봄서비스 제공 | 맞벌이 부부 등 ‘육아 조력자’의 도움이 절실한 자녀양육 가정에 외국인 육아도우미를 활용한 양육지원사업 도입 | ○ 자녀 1인당 최대 120만원 지원 - 육아휴직기간 연속 6개월 시 60만원, 연속 12개월 경과 시 60만원 추가지급 ※ 부?모 모두 육아휴직 시 각각 지급 (자녀 1인에 대해 가구당 최대 240만원 지급) | ○ 자녀 1인당 최대 120만원 지원 - 육아휴직기간 연속 6개월 시 60만원, 연속 12개월 경과 시 60만원 추가지급 ※ 부?모 모두 육아휴직 시 각각 지급 (자녀 1인에 대해 가구당 최대 240만원 지급) | 1인 자영업자 등에 배우자(남편) 출산휴가급여 최대 120만원(15일분) 지원 (2026.1.1. 기준 출생아부터 적용) - 2025년 출생아는 최대 80만원(10일분) 지원 ㅇ 지원대상에 대한 자격요건 완화(202...",,,,https://idea.seoul.go.kr/front/freeSuggest/view.do?sn=189155
PROP-189150,2020-12-18,Y,미상,241.0,보육교사 선제적검사관련하여 제안합니다.,"안녕하세요. 저는 보육교사입니다.
오늘 보육교사는 선제적 코로나19검사를 받는걸 권고 한다는 공문을 받았습니다.
의료 관련 기관도 아닌데 무증상자까지 받으라고 하니 긴급보육을 이용하는 부모, 아동들도
함께 받아야 하는건
아닌지 부당하게 느꼈지만 우리 아동들의 안전을 위함이라 생각하고
임시선별검사소에 가보았습니다.
현장에 가보니 음성인 교사라면 이 환경에 노출되어
2~3시간씩 기다려 검사를 받는 것이
현재 상황을 해결하는데 도움이 될지 의문이 생겼고
득보단 실이 많은건 아닌지 걱정되었습니다.
( 어쩌면 음성이였던 건강한 교사가 이 환경에 노출되어 바이러스를 다시 어린이집으로 유입할 수 있는건 아닌지
걱정됩니다.)
그래서 아래와 같이 서울시에 제안합니다.
1. 모든 교사들이 선제적으로 검사를 받아야 한다면 무증상
보육교직원을 대상으로 한 임시검사소를 보건소나 관할구청에
설치해주시길바랍니다.
2. 긴급보육을 이용하는 부모님들도 의무적으로 선제적검사 후 음성으로 판정되면 긴급보육을 이용할 수
있도록 해주시길
바랍니다.
이 두가지가 이루어 진다면 어린이집은 모두가 어렵고 힘든 코로나19시대에
긴급보육의 역할을 제대로 해낼 수 있다고 판단됩니다.",보육·돌봄 인프라,어린이집·유치원,보육시설·유아교육,보육·돌봄 인프라,돌봄사업팀,02-2133-6560,저출생사업1팀 | 생활지원팀,1순위:돌봄사업팀 | 2순위:저출생사업1팀 | 3순위:생활지원팀,4,다문화 보육료 | 시간제 보육 | 만0~5세 보육료 | 방과후 보육료,"만0세: (기본)540,000원, (야간)540,000원, (24시간)810,000원 만1세반: (기본)475,000원, (야간)475,000원, (24시간)712,500원 만2세반: (기본)394,000원, (야간... | 만6개월~36개월 부모급여 또는 양육수당 수급 아동대상 시간제보육 지원 | ① 기본보육료(월별) 만0세반: 540,000원 만1세반: 475,000원 만2세반: 394,000원 만3~5세: 280,000원  ② 연장보육료(월별) 0세반: 3,000원 영아반: 2,000원 유아반: 1,000... | ① 정부지원시설 - 4시간 이용: 월 10만원 지원 - 종일 이용(방학 등): 월 20만원 지원  ② 정부미지원시설  - 4시간 이용: 월 233,650원  - 종일 이용: 월 467,300원   ③교사대아동 비율 ...",,,,https://idea.seoul.go.kr/front/freeSuggest/view.do?sn=189150
PROP-189149,2020-12-18,N,미상,18.0,어린이집 이용 가정은 음성판정 후 이용할 수 있게 해주세요.,"16일 서울시는 보육 교직원 등 코로나 19 선제 검사를 하라는 안내를 하였습니다.
모든 어린이집 보육 교직원, 서울시 및 자치구 육아종합지원센터 직원을 대상으로한 코로나 검사 안내입니다.
안내에 따르면 각 자치구는 관내 어린이집 협조를 받아 붙임 검사 계획표를 작성하라고 되어있습니다.
이에 교직원들은 코로나 검사를 받을 날짜를 구청에 제출하고 검사를 받고 있습니다.
서울시에 의견이 많이 들어가서 인지 오후에는 보육교직원을 보호하기 위한 최소한의 조치라고 하더군요.
그런데, 무엇이 진정 교직원을 위한 조치입니까?
콧물이 흐르고 폐렴으로 기침을 쉴새없이 하는 아이도 등원을 하고 열이나고 약을 투여하는 영유아도 등원을 하고 있습니다. 휴원은 권고이지 의무가 아니고 필요하면 언제든지 긴급보육을 맡길 수 있다는 서울시였습니다. 부모가 육아휴직 중이거나 가정에 있음에도 불구하고 긴급보육이라는 명목아래 매일 등원을 하고 있습니다.
정말 교직원을 위한 조치라면 기관에 등원하는 모든 영유아와 부모들까지 선제검사를 하고 음성 받정을 받은 후에 등원할 수 있도록 조치를 취해주십시오.
교직원들은 매일 불안에 떨며, 기침하고 콧물 나는 아이와 한 교실에서 생활하고 대부분의 교사가 집과 기관 외에는 출입하지 않는 생활을 지속하고 있습니다.
보육 교직원을 대상으로한 이번 안내에 서울시에 깊이 실망하였습니다.
어린이집을 이용하는 모든 가정과 교직원이 안전하고 행복하게 생활할 수 있도록 기관을 이용하는 모든 사람은 음성 판정 후 등원, 출근할 수 있도록 해주십시오.",보육·돌봄 인프라,어린이집·유치원,보육시설·유아교육,보육·돌봄 인프라,돌봄사업팀,02-2133-6560,가족건강팀 | 저출생사업1팀,1순위:돌봄사업팀 | 2순위:가족건강팀 | 3순위:저출생사업1팀,5,서울형 육아휴직장려금 | 서울형 육아휴직장려금(사업종료) | 서울형 新일?생활 균형 3종 패키지 | 서울형 강소기업 지원 | 서울형 일?생활 균형 3종 패키지,"○ 자녀 1인당 최대 120만원 지원 - 육아휴직기간 연속 6개월 시 60만원, 연속 12개월 경과 시 60만원 추가지급 ※ 부?모 모두 육아휴직 시 각각 지급 (자녀 1인에 대해 가구당 최대 240만원 지급) | ○ 자녀 1인당 최대 120만원 지원 - 육아휴직기간 연속 6개월 시 60만원, 연속 12개월 경과 시 60만원 추가지급 ※ 부?모 모두 육아휴직 시 각각 지급 (자녀 1인에 대해 가구당 최대 240만원 지급) | 양육 친화 기업문화 조성을 위해 서울형 新 일?생활 균형 3종 패키지를 시행함으로써 초저출생 위기 극복 및 일?생활 균형 문화 확산 ? 배우자 출산휴가 의무제(10일) ? 육아휴직 사용 활성화 ? 육아기 근로시간 단... | ① 청년 정규직 채용 시, 사내복지 개선 등 근무환경개선금 최대 45백만원 지원 ② 육아휴직자 대체 청년인턴에 최대 23개월 인건비 지원으로 업무공백 해소 ③ 육아친화 및 일?생활 균형 조직문화 조성을 위한 교육?컨... | 양육 친화 기업문화 조성을 위해 서울형 일?생활 균형 3종 패키지를 시행함으로써 초저출생 위기 극복 및 일?생활 균형 문화 확산 ? 배우자 출산휴가 의무제(10일) ? 육아휴직 사용 활성화 ? 육아기 근로시간 단축 ...",,,,https://idea.seoul.go.kr/front/freeSuggest/view.do?sn=189149
PROP-189148,2020-12-18,N,미상,27.0,보육교사가 우스운 정부공무원들께.,"국가는 보육교사들이 아주 쉽고 만만하고 우스운가봐요
1. 어린이집 교사들은 코로나 바이러스공장이라서 막 만들어내는 그런사람들인가?
2. 어린이집에 다니는 원생과 학부모는 절대 코로나에 걸릴 일이 없는데 어린이집교사들이 아주 위험하니까 보육교사만 받아하는건가?
3. 그럴꺼면 긴급보육 하지말고 강제 휴원해서 대한민국을 지켜내시지 그랬는가?
4. 긴급보육이 어떻게 되고 있는지 파악은 했어요? 학부모들이 얼마나 정부 말을 쉽게 씹는지? 아~ 근데 학부모들한테는 할 말 못하겠구나~ 겁먹어서~? 근데 보육교사들은 너무 쉽죠~?
5. 말대로, 긴급보육 정책을 폈다면 안심하셔야지 왜 검사를 하세요 ㅎㅎ 긴급보육 잘 되고 있으면 어차피 애들 어린이집 안와서 검사할 필요도 없을 텐데...본인들이 정책피고 말도 안돼는 정책이라는걸 스스로 입증하시려고 하는 시도인가?
6. 보육교사들은 대한민국에서 가장 위험한 예비보균자니까 보건소에 몰려가고 해도 어차피 의료진들만 무서운거니까 이렇게 한거 맞죠? 보건소에서 절대 옮을 일은 ㅇ없구요 그쪽들 상식대로라면~?
7. 이런거 생각할 시간에 3단계 격상할 생각은 안드는가?
8. 예산이 많이 남아 도는가?
9. 이렇게 위험하고 무서운 어린이집인데 그냥 전국에 있는 어린이집 다 태워버릴 생각은 없는가?
10. 이 정책을 생각한 사람은 누구인가? 어떻게 그런 생각을 하게 되었는지 너무 신기해서 알고싶고, 만약 우리나라 정치인들이 다 이정도 수준이라면.......세상에.........제발 하나만 생각하는 그런 인간들은 없기를.......
11. 그냥 어린이집 없애요. 정부 장난감인가??",보육·돌봄 인프라,어린이집·유치원,보육시설·유아교육,보육·돌봄 인프라,돌봄사업팀,02-2133-6560,저출생사업1팀 | 생활지원팀,1순위:돌봄사업팀 | 2순위:저출생사업1팀 | 3순위:생활지원팀,4,다문화 보육료 | 시간제 보육 | 만0~5세 보육료 | 방과후 보육료,"만0세: (기본)540,000원, (야간)540,000원, (24시간)810,000원 만1세반: (기본)475,000원, (야간)475,000원, (24시간)712,500원 만2세반: (기본)394,000원, (야간... | 만6개월~36개월 부모급여 또는 양육수당 수급 아동대상 시간제보육 지원 | ① 기본보육료(월별) 만0세반: 540,000원 만1세반: 475,000원 만2세반: 394,000원 만3~5세: 280,000원  ② 연장보육료(월별) 0세반: 3,000원 영아반: 2,000원 유아반: 1,000... | ① 정부지원시설 - 4시간 이용: 월 10만원 지원 - 종일 이용(방학 등): 월 20만원 지원  ② 정부미지원시설  - 4시간 이용: 월 233,650원  - 종일 이용: 월 467,300원   ③교사대아동 비율 ...",,,,https://idea.seoul.go.kr/front/freeSuggest/view.do?sn=189148
PROP-189145,2020-12-18,N,미상,16.0,긴급보육사용 코로나검사,"안녕하세요.
최근들어 코로나 확진자가 더 증가하여 불안한 요즘입니다. 저는 어린이집 교사로 일하면서 긴급보육을 쓰는 아이들을 보육하고있는데 어제 서울시 공문으로 어린이집 종사자들은 선제검사를 받으라고 지침이 내려왔더라구요 그런데 그선제검사는 긴급보육을 쓰는 아이들과 학부모도 함께 해야한다고 생각합니다
대부분의 학부모님들 정말 어쩔수없이 보내는 부모님들 계시겠지만 집에서 쉬는 어머님이 더 많이 보내고 계신 상황입니다.
이렇게 해서라도 심각성을 알게 해야하고
긴급보육 사유서?원장님께서는 구청에서 확인안하니 그냥 대충써서 내라고 하십니다.
구청은 긴급보육 사유서도 검사안하시면서 교사들은 코로나 검사를
받으라구요? 거기에 확진자도 많이 오실텐데 혹시라도 동선겹쳐 위험해지면 책임지실건가요?
집과 어린이집만 전전하고 소독에 신경쓰고있는 가만히있는 교사들을 왜건드시는지 이해가안갑니다.
답변바랍니다.",보육·돌봄 인프라,어린이집·유치원,보육시설·유아교육,보육·돌봄 인프라,돌봄사업팀,02-2133-6560,가족지원팀 | 저출생사업1팀,1순위:돌봄사업팀 | 2순위:가족지원팀 | 3순위:저출생사업1팀,4,다문화 보육료 | 시간제 보육 | 만0~5세 보육료 | 방과후 보육료,"만0세: (기본)540,000원, (야간)540,000원, (24시간)810,000원 만1세반: (기본)475,000원, (야간)475,000원, (24시간)712,500원 만2세반: (기본)394,000원, (야간... | 만6개월~36개월 부모급여 또는 양육수당 수급 아동대상 시간제보육 지원 | ① 기본보육료(월별) 만0세반: 540,000원 만1세반: 475,000원 만2세반: 394,000원 만3~5세: 280,000원  ② 연장보육료(월별) 0세반: 3,000원 영아반: 2,000원 유아반: 1,000... | ① 정부지원시설 - 4시간 이용: 월 10만원 지원 - 종일 이용(방학 등): 월 20만원 지원  ② 정부미지원시설  - 4시간 이용: 월 233,650원  - 종일 이용: 월 467,300원   ③교사대아동 비율 ...",,,,https://idea.seoul.go.kr/front/freeSuggest/view.do?sn=189145
PROP-189144,2020-12-17,N,미상,0.0,육아수당이나 출생지원금이나 좀 제발 국민좀 챙겨요,"대한민국 국민입니다.
이번에 아이를 가지면서 육아수당이나 지원금을 좀 봤는데
종로구 중구 용산구만
첫째 낳았을때 돈을 무지막지하게 많이 주더라구요?
100% 다문화인지 뭔지 지원하는거겠죠?
대한민국 국민들은 찬밥신세고
저기 이상한 국가에서 넘어온 지능낫고 돈 없는 국가에서 넘어온
이상한 놈들 많이 사는 지역은 돈 뿌려대고
지금 장난합니까?
진짜 대한민국 더럽고 치사하고 뭐같아서
진심으로 이민 생각중입니다. 주변에 지금 이민 가고 싶다고 난리인거 대한민국에 탁상공론하는 대한민국 세금걷어서 밥해 먹는 인간들만 모르나요?
지금 대한민국 미래 생각해보면 이렇게 눈에 띄게 망가지는게 믿기지가 않을정도로
몸소 느낍니다. 뭐 이런 뭐같은 나라가 있나 싶네 진짜.",정보·상담·교육·거버넌스,정보 접근성,일반 출산정책 안건,정보·상담·교육·거버넌스,저출생사업1팀,02-2133-5027,생활지원팀,1순위:저출생사업1팀 | 2순위:생활지원팀,0,,,,,"TAG_REVIEW:현재 태그=정보·상담·교육·거버넌스, 태그 핵심어 약함 || TAG_REVIEW:현재 태그=정보·상담·교육·거버넌스, 태그 핵심어 약함",https://idea.seoul.go.kr/front/freeSuggest/view.do?sn=189144
PROP-189143,2020-12-17,N,미상,4.0,임산부의 재택근무,"서울시청은 정부정책의 모범을 보여야 하는데
임산부의 재택근무는 실시해야 하는 것 아닌가요
출퇴근하는 임산부가 많은 것 같은데 ㅠㅠ",임신·난임·생식건강,임산부 건강·배려,임산부 건강관리·배려,임신·난임·생식건강,건강임신지원팀,02-2133-9491,가족지원팀 | 저출생사업1팀,1순위:건강임신지원팀 | 2순위:가족지원팀 | 3순위:저출생사업1팀,5,"35세 이상 임산부 외래 진료 및 검사비 지원 | 임산부 엽산제, 철분제 지원 | 서울시 난임?임산부심리상담센터 운영 | 맘편한 임신 원스톱서비스(임산부?출산전 제공) | 임산부 출산급여 지원","의료비 부담이 큰 35세 이상 산모 대상 외래진료 및 검사에 소요되는 비용을 소득과 무관하게 최대 50만원까지 지원 (24년 3월 사회보장제도 신설 협의 완료, 24년 8월까지 사업추진을 위한  사전절차 진행 예정으... | 지원내용 (엽산제) 임신 전후 3개월까지 엽산제 지원  (철분제) 임신 16주부터 철분제 5개월분  신청방법 주소지 보건소에 방문하거나 온라인(정부24)으로 신청 | 난임부부, 유산?사산 경험부부, 임산부 및 양육모의 정서적 안정을 위해 전담 상담사가 등록부터 종결까지 1:1 상담 및 다양한 프로그램을 운영 | 임산부 엽산제?철분제 지급 등 임신 전?중 통합 서비스 제공 | ㅇ 임산부 출산급여 90만원 지원     ※고용노동부 ‘고용보험 미적용자 출산급여’ 150만원에 추가지원",,,,https://idea.seoul.go.kr/front/freeSuggest/view.do?sn=189143
PROP-189075,2020-12-10,N,미상,11.0,저출산 근본적 해결을 위한 남녀성평등 교육 강화 방안,"저출산이 심각해지고 있는 가운데 서울시는 전세계 최저 수준인 0.72의 출산율을 기록하였습니다.
서울시는 이를 해결하기 위해 아동수당, 마미박스 등을 지원하고 있는 것으로 알고 있습니다.
하지만 이러한 일회성 지원보다는 성평등한 의식의 개선이 중요한 변곡점이 될 것이라 생각합니다.
최근에 한 기사를 본 적이 있습니다. 프랑스, 덴마크와 같은 나라들도 한 때 여성의 사회진출로 인구절벽을 경험했지만
이들은 적극적인 성평등 교육, 집과 노동환경에서의 성평등 의식을 강화하였더니 출산율이 급격히 높아져 인구절벽의 늪에서 빠져나올 수 있었다고 하였습니다.
따라서, 정부와 지자체는 전연령을 대상으로 심도 있는 성교육을 진행할 것을 제안드립니다. 어린 아이부터 노년층 별로 성교육 책자를 발간하고 지속적인 교육을 진행하여야 합니다. 여자는 핑크, 남자는 파랑 그리고 여아는 요리 장난감, 남아는 레고 등 성역할 고착화는 어렸을 때부터 시작됩니다. 어렸을 때부터 시작된 성역할 고착화는 여성이 가사와 육아를 남성보다 책임져야한다는 인식으로 이어집니다. 이는 사회에 진출해 있는 여성들이 결혼과 출산을 꺼리게 되는 이유가 됩니다.
남녀성평등이 가정, 직장, 사회에서 이루어진다면 사회진출을 한 여성들도 결혼과 출산으로 자신이 불이익을 받지 않을 것이라는 확신이 들 것이고 마음놓고 출산을 할 수 있겠다는 마음이 들 것입니다.",출산·산후 초기지원,출산가구 초기지원,출산지원금·출생축하,출산·산후 초기지원,가족건강팀,02-2133-9486,,1순위:가족건강팀,5,서울형 강소기업 지원(사업종료) | 서울형 강소기업 지원 | 영아 전담 아이돌봄서비스 | 외국인 가사(육아)인력 시범사업 | 1인 자영업자 등 배우자 출산휴가급여 지원,"① 청년 정규직 채용 시, 사내복지 개선 등 근무환경개선금지원(최대 3명) ② 육아친화 및 일?생활 균형 조직문화 조성을 위한 교육?컨설팅 지원 ③ 마음챙김, 스트레스 관리로 신입사원 번아웃 예방을 위한 청년성장 프... | ① 청년 정규직 채용 시, 사내복지 개선 등 근무환경개선금 최대 45백만원 지원 ② 육아휴직자 대체 청년인턴에 최대 23개월 인건비 지원으로 업무공백 해소 ③ 육아친화 및 일?생활 균형 조직문화 조성을 위한 교육?컨... | 출산휴가, 육아휴직 후 복귀하는 맞벌이 가정을 지원하고자 영아 돌봄 교육을 이수한 전담 돌보미가 영아 이유식 먹이기, 젖병 소독 등 영아 특화 돌봄서비스 제공 | 맞벌이 부부 등 ‘육아 조력자’의 도움이 절실한 자녀양육 가정에 외국인 육아도우미를 활용한 양육지원사업 도입 | 1인 자영업자 등에 배우자(남편) 출산휴가급여 최대 120만원(15일분) 지원 (2026.1.1. 기준 출생아부터 적용) - 2025년 출생아는 최대 80만원(10일분) 지원 ㅇ 지원대상에 대한 자격요건 완화(202...",,,,https://idea.seoul.go.kr/front/freeSuggest/view.do?sn=189075
PROP-189067,2020-12-09,N,미상,49.0,어린이집 예산 지출시 전자적 영수증 첨부시 증빙 인증으로 명문 및 제도화,"어린이집 예산 지출시 전자적 영수증 첨부시 증빙 인증으로 명문 및 제도화
서울시어린이집관리시스템 지출증빙서류로 카드매출영수증
(
일명 종이영수증 풀칠 증빙
)
대신 적격증빙서류로 인정하는 전자적 문서 영수증 증빙 명문화
1)
문제제기
:
어린이집 관리시스템에서 예산 지출시 지출결의서에 카드영수증을 풀칠하여 증빙으로 사용하고 있습니다
.
이는 일정기간 경과시 증빙으로 붙인 카드영수증의 휘발성으로 휘미해 지면서 더 영수증의 의미를 상실하고 있습니다
.
이를 어린이집관리시스템에서 지출결의서에 전자적 영수증 첨부시 기전의 종이 영수증 대신 정식으로 영수증 증빙 가능하게  명문화 및 제도화를 요청합니다
.
2)
현재
:
어린이집관리시스템에서 지출결의서 작성시 대부분의 어린이집에서 카드 매출 종이영수증을 사용하고 있습니다
.
이는 서울시의  행정업무에서 영수증 시스템이 제도화되고 문서가 디지털화되어 보관 가능하도록 되어 있음에도 일선 어린이집 현장에서 서울시의 명확한 유권해석이 없어 이중
(
전자적 문서와 종이 영수증 병행
)
으로 또는 기존의 방식대로 풀칠하여 증빙하는  현실이 반복되어 제도권으로 정착하지 못하고 있습니다
.
(
전자적 문서로 작성된 지출결의서는 현재 경기도 어린이집관리시스템은 제도적으로 명문화 되어 편리한 시스템으로 사용하고 있습니다
.
현재 보건복지부도 인정한 제도 방식입니다
.)
3)
개선방향
:
기존의  아나로그방식의 종이 증빙 영수증 대신에 디지털화 된 전자적 영수증 증빙 방식으로 제도화를 요청합니다
.
서울시 어린이집 관리시스템 초기에는 전자적영수증 증빙을 서울시가 최초로 시행하였습니다
.
그러나 현 시스템에서 정착되지 못하거나 홍보 부족과 정확한  지침이 없어 어린이집 현장에서는 이중으로 혼란이 가증되고 있습니다
.
이를 전자적 영수증을 제도화하여 혼란이 없게 변경하여 제도를 정착한다면 디지털화 된 문서 보관 방식으로 전자적 영수증을 첨부한 지출결의서는 보관을 생략할 수 있도록 제도 보안을 요청합니다
.
위와 같은 제도 시행시 어린이집 관리시스템의 사용 시간을 줄어들어 행정업무와 안전한 어리이집 관리업무에 집중할 수 있을 것으로 생각합니다
.
4)
개선 후 장점
:
？
어린이집 예산 증빙 디지털화로 제도권 정착으로 어린이집 관리시스템 이     용율
100%
조기 달성
？
지출결의서 작성시 전자적 문서 증빙으로 간편하고 편리한 행정업무 가능
？
지출결의서 추출여 보관하는 기존방식에서 벗어나 디지털화 된 문서보관     가능",보육·돌봄 인프라,어린이집·유치원,보육시설·유아교육,보육·돌봄 인프라,돌봄사업팀,02-2133-6560,가족건강팀 | 생활지원팀,1순위:돌봄사업팀 | 2순위:가족건강팀 | 3순위:생활지원팀,5,어린이집 영유아 방문건강관리 서비스 지원 | 서울형어린이집 | 서울형 0세 전담반 어린이집(사업종료) | 서울형 0세 전담반 어린이집 | 서울형 시간제 전문 어린이집,어린이집으로 방문건강간호사가 찾아가서 건강관리 및 건강교육서비스 제공 | 공인평가를 통하여 우수한 민간 어린이집을 선정하고 인건비 및 운영비를 지원함으로써 향상된 보육서비스를 안정적으로 제공 | 12개월 미만의 영아 보육에 적합한 ‘0세 전담반’  어린이집 100개반 선정 운영 | 12개월 미만의 영아 보육에 적합한 ‘0세 전담반’  어린이집 100개반 선정 운영 | 가정양육 또는 타 기관 이용 보호자 등 누구나 필요시 시간 단위로 이용할 수 있는 보육서비스,,,,https://idea.seoul.go.kr/front/freeSuggest/view.do?sn=189067
PROP-188888,2020-11-23,N,미상,5.0,키움센터 교사 채용,"안녕하세요. 저는 키움센터의 돌봄교사가 되고 싶은 서울 시민입니다.
근무 시작일로 부터 한달 전에 채용 확정이 될 수 있도록 해주세요. 일을 해야 생계를 유지 할 수 있는데 채용 확정 후 일주일 후 근무가 개시되는 곳이 많더라고요. 일하고 있는 사업장에 피해를 주지 않고 당당하게 키움센터 돌봄교사 채용 준비를 하고 싶습니다.
아주 소규모 사업장에서 아르바이트를 하고 있어도 다음 근무자를 뽑을 수 있는 시간을 (한달 정도) 드려야 하는 것이 옳은니까요. 휴직 상태에서 채용공고만을 기다릴 수가 없는 상황이 의외로 많다는 것을 이해해주시기 바랍니다. 그래야 더 역량있는 교사들이 더 많이 지원할 수 있고 이것은 곧 돌봄의 질을 높일 수 있는 또하나의 방법일 수 있다고 생각합니다. 최종 합격일로 부터 근무개시일까지 한달 정도 여유가 있을 수 있도록 해주십시요.
부탁드립니다.",보육·돌봄 인프라,초등돌봄,초등돌봄·방과후,보육·돌봄 인프라,돌봄사업팀,02-2133-6560,가족지원팀 | 저출생사업1팀,1순위:돌봄사업팀 | 2순위:가족지원팀 | 3순위:저출생사업1팀,0,,,,,,https://idea.seoul.go.kr/front/freeSuggest/view.do?sn=188888
PROP-188884,2020-11-22,N,미상,6.0,"어린이집 사회적 거리두기 단계에 따른  방역지침을 보다 세밀하게 강화해주십시오.(아픈 아이들의 등원문제, 가림막설치, 교사인권 등)","사회적 거리두기에서는 아프면 쉬라고 했지만 어린이집에 등원하는 어린이들은 아프면 약을 가지고 옵니다
.
해열제 포함된 약이라 발열체크도 소용이 없습니다
.
한 반에 적을땐
2-3
명
,
많을 땐
7-8
명의 아이들이 약을 가지고 와서 전체
1/3
을 넘습니다
.
교사도 마찬가지 입니다
.
아프면 쉬라는 기준이 너무 모호합니다
.
강화된 방역에서 약을 복용중인 아이들의 등원
,
아이들 보육을 하는 교사의 등원을 제한해야한다고 봅니다
.
작은 책상에서 하루 두번의 간식과 한번의 식사도 여전히 마주보고 먹어야 하는 열악한 상황입니다
.
가림판도 설치 안한곳이 수두룩합니다
.
등원제한
,
권고는 소용없습니다
.
국공립 어린이집인데도 이정도 이니  보다 세밀한 규정들이 필요함을 느낍니다
.
그 외에 어린이집 교사들의 인권도 생각해 주셨으면 합니다
.
사회적 분위기로 어린이집은 긴급돌봄으로 지속적으로 열고 있지만 교사들은 언제든지 감염될지도 모른다는 위기감을 가지고 출근하고 있습니다
.  ㅠㅠ",보육·돌봄 인프라,초등돌봄,초등돌봄·방과후,보육·돌봄 인프라,돌봄사업팀,02-2133-6560,,1순위:돌봄사업팀,5,어린이집 영유아 방문건강관리 서비스 지원 | 서울형어린이집 | 서울형 0세 전담반 어린이집(사업종료) | 서울형 0세 전담반 어린이집 | 서울형 시간제 전문 어린이집,어린이집으로 방문건강간호사가 찾아가서 건강관리 및 건강교육서비스 제공 | 공인평가를 통하여 우수한 민간 어린이집을 선정하고 인건비 및 운영비를 지원함으로써 향상된 보육서비스를 안정적으로 제공 | 12개월 미만의 영아 보육에 적합한 ‘0세 전담반’  어린이집 100개반 선정 운영 | 12개월 미만의 영아 보육에 적합한 ‘0세 전담반’  어린이집 100개반 선정 운영 | 가정양육 또는 타 기관 이용 보호자 등 누구나 필요시 시간 단위로 이용할 수 있는 보육서비스,,,,https://idea.seoul.go.kr/front/freeSuggest/view.do?sn=188884
PROP-188854,2020-11-18,N,미상,4.0,"육아휴직 가능한 자녀연령을 만 15세까지로 연장하고, 비공무원과 공무원 모두 육아휴직 3년과 육아기 2시간단축근무 당장 시행해주세요!!","안녕하세요
저는 초등학생 아이들 셋을 키우고 있는 서울에사는 워킹맘입니다.
아이셋을 잘키우는것만으로도 돈을 버는거라고 하지만 서울에서 높은 주거비와 아이들 학원비를 감당하려면 맞벌이를 할수밖에 없습니다..
코로나로 일년째 힘든 워킹맘생활을 하고있는 가운데 저는 또하나의 고민이 생겼습니다.
현재는 제가 맞벌이를 하는 중에 틈틈히 연로하신 어머님께서 아이들을 가끔 돌보아주시고계십니다. 하지만 연로하셔 여기저기 편찬으신 어머님께서 언제까지 저희 아이들을 돌봐주실지 항상 걱정인 가운데, 현재 육아휴직이 만8세이하인 아동에게만 해당되는 현행법때문에 저는 늘 시간에 ？기듯 육아휴직 신청가능잔여일에 신경을 쓰고있습니다.
만 8세이하의 자녀를 둔 부모만이 육아휴직을 쓸수있다는 것은 대체 어디에근거를 둔 법인지요?? 만8세가 지나면 아이들은 스스로 밥을해먹고 스스로자신을 돌보고 모든것을 스스로 처리할수있는것인가요?? 최근 인천 라면형제사건을 보면서 저는 눈물이 멈추지않았습니다. 10살 8살 형제가 라면을 끓여먹다가 화재가 나고 결국 목숨을 잃은사건.... 정말 대한민국은 저출산대책은 커녕 이나라의 아이들을 방치하는 국가인것인가요??
아이들은 최소한 만16세전까지는 누군가의 도움이 필요합니다. 대한민국의 청소년은 법적으노 만18세로 명시되어있지만 만16세 정도만 되더라도 아이들은 스스로 식사를 해결하고 스스로 자신을 보호할수있는 최소한의 나이라고 생각합니다.
부디 현재 만 8세 미만 이라고제한되어 있는 육아휴직 자녀연령을 폐지해주시고 그 연령대를 만 15세까지로 변경해야 합니다 !! 그정도 나이까지는 부모 또는 보호자의 손길이 필요합니다. 그리고 현재 공무원에게만 한정되어 있는 육아휴직 3년과 하루2시간 육아기 단축근무도 모든 노동자에게 확대시행되여야 합니다. 대한민국 아이들의 부모는 공무원 또는 비공무원 모두에게 같은 조건의 휴직 및 사회적배려가 필요합니다.
이것이 진정한 대한민국의 인간다운삶이며 정의입니다. !!
'사람이 먼저다' 라고 외치는 대한민국 현정부가 가장먼저 시행해야할 정책입니다 !!
이러한 정책조차 시행하지않고 저출산대책을 남발하는 정부는 국민이 신뢰할수없습니다.
이땅의 모든 대한민국 아이들을 사랑하고 아이셋을 키우며 직장을 다니고있는 대한민국 다둥이 워킹맘으로써 다시한번 정부에 요구합니다.
육아휴직 자녀연령제한을 만15세까지 확대하고 육아휴직기간을 한아이당 3년, 육아기 모든 부모에게 하루2시간 단축근무시행 법령을 조속히 시행해주세요 !! 이것만이 저출산을 극복하고 희망찬 대한민국을 지킬수있는 방법입니다 !!",일·가정 양립·부모 노동,유연근무·재택근무,부모 노동시간·돌봄 병행,일·가정 양립·부모 노동,가족지원팀,02-2133-6562,,1순위:가족지원팀,5,서울형 육아휴직장려금 | 서울형 육아휴직장려금(사업종료) | 육아휴직장려금 | 영아 전담 아이돌봄서비스 | 서울형 新일?생활 균형 3종 패키지,"○ 자녀 1인당 최대 120만원 지원 - 육아휴직기간 연속 6개월 시 60만원, 연속 12개월 경과 시 60만원 추가지급 ※ 부?모 모두 육아휴직 시 각각 지급 (자녀 1인에 대해 가구당 최대 240만원 지급) | ○ 자녀 1인당 최대 120만원 지원 - 육아휴직기간 연속 6개월 시 60만원, 연속 12개월 경과 시 60만원 추가지급 ※ 부?모 모두 육아휴직 시 각각 지급 (자녀 1인에 대해 가구당 최대 240만원 지급) | ○ 1인 최대 120만원 지원 - 육아휴직기간 연속 6개월 시 60만원, 연속 12개월 경과 시 60만원 추가지급 ※ 부?모 동시 육아휴직 시 각각 지급 (자녀 1인에 대해 가구당 최대 240만원 지급) | 출산휴가, 육아휴직 후 복귀하는 맞벌이 가정을 지원하고자 영아 돌봄 교육을 이수한 전담 돌보미가 영아 이유식 먹이기, 젖병 소독 등 영아 특화 돌봄서비스 제공 | 양육 친화 기업문화 조성을 위해 서울형 新 일?생활 균형 3종 패키지를 시행함으로써 초저출생 위기 극복 및 일?생활 균형 문화 확산 ? 배우자 출산휴가 의무제(10일) ? 육아휴직 사용 활성화 ? 육아기 근로시간 단...",,,,https://idea.seoul.go.kr/front/freeSuggest/view.do?sn=188854
PROP-188850,2020-11-17,N,미상,31.0,어린이보호구역에 깃발을 설치해주세요,어린이보호구역내 횡단보도(신호등없는)에 노란 깃발을 설치해 주세요 아이들이 들고 있으면 차가 멈출수 있게요. 요즘 교통사고 나는거 보면 무섭습니다. 아이가 혼자 횡단보도 건너려 해도 차들이 멈춰주지 않아요  양쪽에서 오는 차들이 다 서거나 안 올때까지 하염없이 기다립니다 그러다 혹시 아이들이 급하게 가야 할 때면 어떻게 될까요? 서두르다 사고가 날수도 있죠 학교에서 모든 아이들에게 나눠주던지 아니면 신호등없는 횡단보도 마다 설치를 해주던지 했으면 좋겠어요,정보·상담·교육·거버넌스,정보 접근성,일반 출산정책 안건,정보·상담·교육·거버넌스,저출생사업1팀,02-2133-5027,생활지원팀,1순위:저출생사업1팀 | 2순위:생활지원팀,0,,,,,"TAG_REVIEW:현재 태그=정보·상담·교육·거버넌스, 태그 핵심어 약함 || TAG_REVIEW:현재 태그=정보·상담·교육·거버넌스, 태그 핵심어 약함",https://idea.seoul.go.kr/front/freeSuggest/view.do?sn=188850
PROP-188816,2020-11-13,N,미상,19.0,지하철 임산부 배려석 핑크색 스티커,"안녕하세요
매일 아침 지하철을 이용하고 있는 임산부입니다
.
핑크색으로 되어있는 임산부 배려석
,
너무나 감사하게 이용하고 있습니다
.
매일 아침 배가 낑길까봐
(?)
안절부절하며 지하철에 오르지만
,
임산부석 자리 비켜주시고
,
비워주시는
많은 분들의 배려 덕분에
하루하루 감사하게 살고 있어요
.
특히
,
지하철 타기 전에 붙어있는
‘
임산부석이 있는 칸입니다
’
라는 스티커가
너무도 감사하더라고요
.
그런데
..!
감사한 마음으로 이용하고 있지만
몇달간 조금 아쉬웠던 점이 있어
이렇게 글을 올립니다
.
임산부석이 있다는 스티커를 보고
지하철에 올랐는데요
.
사람이 너
~
무 많은 출근시간이라
'
아뿔싸
..
대체 어디가 임산부석이지
?'
찾기가 쉽지 않은 겁니다
.
물론 바닥과 등받이에 핑크색으로 표시가 되어있지만
남성분들에 비해 상대적으로 키가 작은 여성으로서
,
핑크색 찾기가 여간 어려운 게 아니더라고요
.
사람이 많아서
,
어떻게든 인파를 뚫고
(?)
임산부석 앞까지 가야하는데
어느 쪽으로 가야할 지 막막하더라고요
.
출근시간 혼잡한 지하철이라도
임산부가 안계시면 비워져 있는 경우가 많은데
,
정작 필요한 임산부는 찾기가 쉽지 않은 거예요
.
'
아니 얼마나 멀다고 못가
?'
'네 자리 중 하나일텐데 잘 찾아보면 되잖아
!'
라고
생각하시는 분들 계시겠지만
..
배가 눌릴까 봐 쉽게 움직이지 못하기 때문에
,
처음부터 임산부석 위치를 알고 가는 것과
모르고 무작정 가는 것은 아주 큰 차이거든요ㅠㅠ
그래서
..
임산부석 옆 기둥 위쪽에
핑크색 스티커
,
작은 거라도 하나 붙여주시면
어떨까 제안합니다
!
키가 작은 임산부도 위쪽은 쉽게 보이니까
핑크색 스티커 보고
임산부석 위치를 쉽게 찾을 수 있을 것 같아요
!
별거 아니라고 생각하실수 있지만
임산부들에게 아주아주 반가운 스티커가 될 것 같습니다
.
물론 지금도 많은 분들 배려 덕분에
감사히 이용하고 있지만
보다 살기좋은 서울시를 위해 제안합니다
^^
감사합니다
!",임신·난임·생식건강,임산부 건강·배려,임산부 건강관리·배려,임신·난임·생식건강,건강임신지원팀,02-2133-9492,저출생사업1팀 | 가족지원팀,1순위:건강임신지원팀 | 2순위:저출생사업1팀 | 3순위:가족지원팀,1,임산부 배려공간 조성,ㅇ 교통 약자인 임산부의 엘리베이터 안전사고 예방 및 배려문화 확산을 위해 엘리베이터 내?외부에 임산부 배려공간 조성(엠블럼 부착)   - 임산부를 위해 해당 공간을 비워두고 양보하는 사회 분위기 확산 유도 ㅇ 임산...,,,,https://idea.seoul.go.kr/front/freeSuggest/view.do?sn=188816
PROP-188801,2020-11-12,N,미상,56.0,2021년 서울형 뉴딜일자리 어린이집 공동회계사무원 뉴딜일자리 제안서,"안녕하세요?
저는 서울시 50플러스재단 중부캠퍼스에서 어린이집 공동회계 사무원으로 일하는  김완기입니다.
붙임파일과 같이 2021년 뉴딜 일자리를 제안하오니 해당부서로 이첩부탁드립니다.
감사합니다.
김완기 올림",보육·돌봄 인프라,어린이집·유치원,보육시설·유아교육,보육·돌봄 인프라,돌봄사업팀,02-2133-6560,가족건강팀 | 저출생사업1팀,1순위:돌봄사업팀 | 2순위:가족건강팀 | 3순위:저출생사업1팀,5,어린이집 영유아 방문건강관리 서비스 지원 | 서울형어린이집 | 서울형 0세 전담반 어린이집(사업종료) | 서울형 0세 전담반 어린이집 | 서울형 시간제 전문 어린이집,어린이집으로 방문건강간호사가 찾아가서 건강관리 및 건강교육서비스 제공 | 공인평가를 통하여 우수한 민간 어린이집을 선정하고 인건비 및 운영비를 지원함으로써 향상된 보육서비스를 안정적으로 제공 | 12개월 미만의 영아 보육에 적합한 ‘0세 전담반’  어린이집 100개반 선정 운영 | 12개월 미만의 영아 보육에 적합한 ‘0세 전담반’  어린이집 100개반 선정 운영 | 가정양육 또는 타 기관 이용 보호자 등 누구나 필요시 시간 단위로 이용할 수 있는 보육서비스,,,,https://idea.seoul.go.kr/front/freeSuggest/view.do?sn=188801
PROP-188788,2020-11-11,N,미상,0.0,지하철 임신부지정석 관련,"서울지하철 임신부 지정석 이용의 관한 건의
임신부 배려석으로 항상 비워두는 미덕을 요구하는데 그럴필요 없이 쎈서가 달린 손잡이를 교체하면 아무나 앉아 있다가 임신부 여성이 탑승하게 되면 또는 가까이 오면 쎈써등이 10초간 핑크색으로 깜박이게 되게 하여 자동으로 양보하겠금 해주셨으면 편리하겠습니다.
임신부 여성은 단추만한 스위치를 개찰구에서 받았다 필요없으시 반납하는 방식으로 몸에 지니게 되면 임산부 지정석 부근에 탑승하게 되면 임산부석에 있는 자동 핑크색 형광 손잡이가 깜박이게 되면 앉아 있던 분이 자동으로 양보하게 되어 너나 없이 큰 부담없이 지하철을 이용할 수 있겠금 고려해 주시면 감사하겠습니다.
가끔 임산부도 아닌데 앉아 있는 분들이 많아서 꼴분견이기도 합니다.서로 인상 찌푸리는 상황이 없었으면 하는 바랩으로 글을 씁니다.",임신·난임·생식건강,임산부 건강·배려,임산부 건강관리·배려,임신·난임·생식건강,건강임신지원팀,02-2133-9491,가족지원팀,1순위:건강임신지원팀 | 2순위:가족지원팀,1,임산부 배려공간 조성,ㅇ 교통 약자인 임산부의 엘리베이터 안전사고 예방 및 배려문화 확산을 위해 엘리베이터 내?외부에 임산부 배려공간 조성(엠블럼 부착)   - 임산부를 위해 해당 공간을 비워두고 양보하는 사회 분위기 확산 유도 ㅇ 임산...,,,,https://idea.seoul.go.kr/front/freeSuggest/view.do?sn=188788
PROP-188744,2020-11-03,Y,미상,74.0,[생활 속 안전사고 거리두기] 스마트 세이프 커뮤니케이션(안전소통) 서비스 아이디어 제안,"퍼스널 모빌리티는 전통적으로
레저와 여가취미
생활에 이용되었고
최근
퍼스트-라스트마일 모빌리티
로 관심을 받고 있습니다.
더욱이 코로나19로 인한 언택트운동 확산에 따라
대중교통의 안전 대체 수단
으로 부상하고 있으며
금년 도로교통법 개정으로
이용기준이 완화
되는 등 시장 성장에 더욱 탄력을 받고 있는 상황입니다.
이런 성장과 함께 퍼스널모빌리티의 안전사고는 사회적인 문제가 되고 있으며
다양한 퍼스널 모빌리티의 등장과 사용증가로 인해
도심사고가 급증
하고 있고
사고율은 매년 2배 이상으로 급증하는 등 사회적 문제로 대두되고 있습니다.
또한 도로교통법개정에 따른 이용기준완화로
청소년의 안전에 심각한 우려
가 예상됩니다.
더욱이 서울시 자전거 하이웨이 구축 등의
인프라 확충과 함께
따릉이 자전거 자체의
소통 장치 개선
을 통한 이용자 안전을 위한
새로운 아이디어가 적용되었으면 합니다.
이에
사고율이 높은 야간 시간의 사고 예방 소통장치를 적용
하였으면 합니다.
제품의 개발 컨셉은
[시야 확보가 어려운 야간 시간에]
- 퍼스널모빌리티의 구조적 한계를 극복하고 시인성 극대화를 통한 주시력을 향상시키고
- 전,후,좌,우에서 운행 정보를 인지할 수 있어 다양한 충돌의 예방에 모두 대응이 가능하고
- 다양한 정보를 통해 단방향(단순시그널)이 아닌 양방향 소통이 가능한 장치를 개발하게 되었습니다.
해당 아이디어는 공기업 사내벤처로 지원을 받아 시제품개발을 완료하였으며
서울시 따릉이와 함께 기술과 서비스를 고도화, 상품화
하여
서울시민은 물론
국민의 안전에 기여
하고 싶습니다.
[제안내용서]
첨부파일
[아이디어 적용 홍보 영상]
https://youtu.be/fOxXDibN9Oo",정보·상담·교육·거버넌스,정보 접근성,일반 출산정책 안건,정보·상담·교육·거버넌스,저출생사업1팀,02-2133-5027,다문화지원팀,1순위:저출생사업1팀 | 2순위:다문화지원팀,0,,,,,,https://idea.seoul.go.kr/front/freeSuggest/view.do?sn=188744
PROP-188675,2020-10-28,N,미상,6.0,소·중소기업 육아 및 임산부 근로환경 컨설팅 시행,"현황
1. 한국여성정책연구원이 지난해(2017) 고용노동부 의뢰로 작성한 '일가정 양립 근로자 실태조사' 보고서에 따르면 근로기준법상 여성 근로자에게 주어지는 출산 전후 90일 휴가 제도를 직장에서 사용할 수 있다는 응답은 5~9인 영세사업장에서 35.6%, 300인 이상 사업장에서 81.7%로 두 배 이상 차이가 남
2. 임신, 육아와 관련한 제도에 대해 인지와 사용 가능에 대하여 회사 규모에 따른 차이 발생
- 임신기 근로시간 단축 제도
: 5~9인 사업체 근로자 인지도 43.1%, 사용 가능도 11%
: 사업체 규모가 커질수록 사용 가능여부가 높음
- 배우자 출산에 따른 남성 근로자 출산 휴가 제도
: 5~9인 사업체 근로자 인지도 67.1%, 사용 가능도 15.1%
: 300인 이상 사업체 근로자 인지도 81.6%, 사용 가능도 56.6%
- 육아휴직제도
: 2017_ 5~9인 사용 가능도 15.8% / 10~29인 20.4% / 30~99인 36.7% / 100인~299인 36.6% /300인 이상 54.2%
: 2018_인지도와 활용(사용)도의 차이가 여전히 크게 존재하며, 사업체의 규모에 따른 차이도 여전히 존재하고 있음
3. 중소기업중앙회가 발표(2017)한 '중소기업 일자리 실태조사'에서 육아휴직 대상 근로자 중 제도를 사용한 근로자 비중은 '0%'가 58.5%로 가장 높게 나타나기도 했다. 이어 '10~30% 미만'이 14.4%, '30~60% 미만'이 9.0% 순으로 조사됐다.
사례
- 5인의 사업장 규모에서 근무를 하고 있는 본인은 근래 임신을 하게 되어 회사에 이를 알렸으나 임신과 관련된 제도는 별도 안내 받은 것이 없음
- 현 사업장에서도 임신한 직원이 처음 있는 일이라 사전에 준비된 규정, 자료가 없음
- 본인 스스로 인터넷 정보를 찾아 이를 인지하고 근무단축을 제안하였으며 그제서야 대표도 인지를 하고 알아봄
- 이 외에도 임산부 재택근무에 대한 제도 이후 출산/육아 휴직에 대한 제도도 회사에서는 먼저 알려주는 정보는 없으며, 당사자 본인 스스로가 정보를 탐색하여 회사측에 알려야 하는 절차임
- 소규모 사업장의 경우 특히 별도의 노무/인사를 담당하는 담당자의 부재가 많으며, 또한 대표 중심의 경영일 경우가 많음. 때문에 이러한 사업장에서 근무를 하는 근로자의 경우, 특히 임신을 하는 여성 근로자의 경우 대표가 사전에 정보를 인지하고 활용하고자 하는 의지를 갖추지 않는 한 일과 가정을 양립할 수 있는 근로환경의 여건이 충분히 마련되지 못하게 됨
- 이는 결국 더욱 근로자들의 소규모, 중소기업의 사업체 근무를 지양하게 되는 결과를 낳게 됨
- 대기업과 차이가 나지 않도록 소규모, 중소기업의 근로자들도 충분히 일과 가정을 양립할 수 있는 근로환경의 개선이 시급하게 요구 시 됨
제안 정책
- 현황과 사례를 기반으로 소규모, 중소기업의 근로자가 일과 가정 양립을 사업체 규모에 따라 차이 없이 출산, 육아에 대한 기본적인 제도를 누릴 수 있도록 하는 정책이 필요함
- 이를 위해 소규모, 중소기업의 사업체의 대표를 대상으로 일과 가정 양립을 위한 출산, 육아에 대한 기본적인 제도에 대한 필수 교육과 사내 제도를 설계할 수 있도록 하는 전문 컨설팅이 필요하다고 사료됨
- 또한, 근로자를 대상으로 이러한 제도에 대해 인지하고 권리를 누릴 수 있도록 정보를 다양한 채널(책자, 동영상 등)을 제공받을 수 있도록 하는 사이트가 개설될 필요가 있다고 사료됨
- 마지막으로 정부는 이러한 정책이 시행되어야 하는 곳을 파악하고 진행할 수 있도록 사업체의 대표에게 출산, 육아와 관련된 제도 수혜가 필요한 근로자가 발생할 경우 신고를 할 수 있도록 시스템을 마련하고, 이후 제도이 수혜를 받은 근로자가 제대로 된 제도를 사용하게 되었는지에 대해 평가를 할 수 있도록 하여 이 결과를 바탕으로 연 1회씩 사업체의 일과 가정 양립에 대한 사업체를 평가하고 대표의 인식개선이 필요할 경우 보수 교육/컨설팅을 받도록 하는 프로세스가 마련되어야 한다고 사료됨
- 또한 제대로 잘 수행하고 있는 사업체의 경우, 세금 혜택을 줌으로써 본 정책의 취지가 지속적으로 잘 운영될 수 있도록 하는 방향의 설계도 필요함",임신·난임·생식건강,임산부 건강·배려,임산부 건강관리·배려,임신·난임·생식건강,가족지원팀,02-2133-6562,건강임신지원팀 | 저출생사업1팀,1순위:가족지원팀 | 2순위:건강임신지원팀 | 3순위:저출생사업1팀,5,1인 자영업자 등 배우자 출산휴가급여 지원 | 서울형 新일?생활 균형 3종 패키지 | 서울형 일?생활 균형 3종 패키지 | 서울형 육아휴직장려금(사업종료) | 서울형 산후조리경비 지원,"1인 자영업자 등에 배우자(남편) 출산휴가급여 최대 120만원(15일분) 지원 (2026.1.1. 기준 출생아부터 적용) - 2025년 출생아는 최대 80만원(10일분) 지원 ㅇ 지원대상에 대한 자격요건 완화(202... | 양육 친화 기업문화 조성을 위해 서울형 新 일?생활 균형 3종 패키지를 시행함으로써 초저출생 위기 극복 및 일?생활 균형 문화 확산 ? 배우자 출산휴가 의무제(10일) ? 육아휴직 사용 활성화 ? 육아기 근로시간 단... | 양육 친화 기업문화 조성을 위해 서울형 일?생활 균형 3종 패키지를 시행함으로써 초저출생 위기 극복 및 일?생활 균형 문화 확산 ? 배우자 출산휴가 의무제(10일) ? 육아휴직 사용 활성화 ? 육아기 근로시간 단축 ... | ○ 자녀 1인당 최대 120만원 지원 - 육아휴직기간 연속 6개월 시 60만원, 연속 12개월 경과 시 60만원 추가지급 ※ 부?모 모두 육아휴직 시 각각 지급 (자녀 1인에 대해 가구당 최대 240만원 지급) | 출산에 소요되는 경제적 부담을 경감하고, 출산 이후 산모의 건강권을 확보하기 위하여 산후조리경비 지원 1. 지원금액 : 자녀 수에 따른 <b class='font-color-primary'>차등지원</b> ※ 첫째 ...",,,,https://idea.seoul.go.kr/front/freeSuggest/view.do?sn=188675
PROP-188674,2020-10-28,N,광진구,1.0,지하철 이용중 임산부의 임산부 좌석  접근 및 승차 시 신호발송 장치기구의 설치를 제안합니다,지하철 이용중 임산부의 임산부 좌석  접근 및 승차 시 신호발송 장치기구의 설치를 제안합니다,임신·난임·생식건강,임산부 건강·배려,임산부 건강관리·배려,임신·난임·생식건강,건강임신지원팀,02-2133-9492,저출생사업1팀 | 가족지원팀,1순위:건강임신지원팀 | 2순위:저출생사업1팀 | 3순위:가족지원팀,1,임산부 배려공간 조성,ㅇ 교통 약자인 임산부의 엘리베이터 안전사고 예방 및 배려문화 확산을 위해 엘리베이터 내?외부에 임산부 배려공간 조성(엠블럼 부착)   - 임산부를 위해 해당 공간을 비워두고 양보하는 사회 분위기 확산 유도 ㅇ 임산...,,,,https://idea.seoul.go.kr/front/freeSuggest/view.do?sn=188674
PROP-188671,2020-10-27,N,미상,1.0,교통시설 임산부 알림,"교통시설에는 임산부 지정석이 있습니다.
그런데 유튜브 영상 '[소셜실함]저 임산부 인데요""라는 방송을 보니 배가나오지 않은 임산부는 자리 양보가 잘 되지 않고, 임산부 또한 자신이 임산부이니 자리를 양보해 달라는 말을 하지 못하는 것으로 확인 됩니다.
이러한 문제는 배가 나오지 않은 임산부의 경우 확인이 어려워 자리 양보가 되지 않는것 같습니다.
그래서 임산부 지정석에 조명 또는 스피커를 설치하고, 임산부가 소지한 임산부 뱃지나 휴대폰 nfc 등 을 활용하여 임산부가 지정석 가까이 갔을때 착석자가 인지 할 수 있도록 신호를 주는 장치 설치를 제안합니다.",임신·난임·생식건강,임산부 건강·배려,임산부 건강관리·배려,임신·난임·생식건강,건강임신지원팀,02-2133-9491,가족지원팀 | 저출생사업1팀,1순위:건강임신지원팀 | 2순위:가족지원팀 | 3순위:저출생사업1팀,1,임산부 배려공간 조성,ㅇ 교통 약자인 임산부의 엘리베이터 안전사고 예방 및 배려문화 확산을 위해 엘리베이터 내?외부에 임산부 배려공간 조성(엠블럼 부착)   - 임산부를 위해 해당 공간을 비워두고 양보하는 사회 분위기 확산 유도 ㅇ 임산...,,,,https://idea.seoul.go.kr/front/freeSuggest/view.do?sn=188671
PROP-188658,2020-10-25,N,미상,12.0,북서울 꿈의숲 유아숲체험장,"근처 공원이라 북서울 꿈의숲에 아이들을 데리고 자주 산책을 갑니다 넓고 경치가 좋아 어른들 산책하기는 참 감사하고 좋으나 아이들 놀곳이 전망대 쪽 놀이터 뿐이라 항상 북적인다 생각하고 있었는데 최근 아래쪽에 유아숲체험장이 생긴것을 발견했습니다
반가운 마음에 아이들과 가보았는데 기대와 달리 휑한 모습에 실망치 않을 수 없었습니다
근래 일이 생겨 지방에 갔다가 지방 숲놀이터를 갔었는데 넘 비교가 되는 거 같아 제안합니다 아이들이 숲체험을 더 즐겁게 할 수 있도록 북서울 꿈의숲 공원  규모와 명성에 맞는 숲놀이터가 생겼으면 하는 바램입니다
첨부사진은 정읍에 있는 아양사랑숲이라는 곳입니다 다양한 테마와 시설로 아이들이 즐거운 숲체험을 하고 있는 모습이 부러웠습니다",정보·상담·교육·거버넌스,정보 접근성,일반 출산정책 안건,정보·상담·교육·거버넌스,저출생사업1팀,02-2133-5025,가족지원팀,1순위:저출생사업1팀 | 2순위:가족지원팀,0,,,,,"TAG_REVIEW:현재 태그=정보·상담·교육·거버넌스, 태그 핵심어 약함 || TAG_REVIEW:현재 태그=정보·상담·교육·거버넌스, 태그 핵심어 약함",https://idea.seoul.go.kr/front/freeSuggest/view.do?sn=188658
PROP-188612,2020-10-17,N,미상,8.0,예식을 앞둔 신혼부부입니다,"저희는 양천구에 있는 모 웨딩홀에서 조만간 결혼식을 할 예비신혼부부입니다
다름이 아니고 그동안 사회적거리두기2단계로 인해 홀 50인제한과 뷔페금지 원판사진촬영시      마스크착용을 시행하였습니다
결혼을 앞두고 있는 예비신혼부부들은 1단계로 변경되길 학수고대했고 저번주 드디어 1단계가 되어 드디어 사진촬영은 되겠구나했는데 사진촬영때 신랑신부와혼주제외 모두 마스크 착용이라는 내용을 웨딩홀측에서 전달받았습니다 뷔페는 마스크벗는게 식사시에만 가능하다고..
근데 전 의문점이 있습니다 식사시에는 오랫동안 그 복잡한 곳에서 마스크 벗는게 가능한데 사진촬영 그 한순간 잠시 벗는게 왜 불가능한거죠? 간격도 다 띠어서 서고 찍는순간에만 말없이 사진촬영하게 해주는게 크게 무리는 아닐꺼 같다는 생각이 드는데요..
평생 남을 사진입니다.
소상공인도 중요하지만 예비신혼부부들에게 이보다 더 중요한건 없을거란 생각입니다
전 뷔페도 필요없으니 사진찍을때만큼이라도 마스크 벗게 해주셨으면 좋겠습니다
웨딩홀측에 항의하니 구청에서 논의중이라고만 했다던데 다른지방보다 코로나 확진자가 좀 많다는건 알지만 왜 서울만 이런건가요..
답답합니다",주거·교통·도시생활환경,출산가구 주거,신혼부부·출산가구 주거지원,주거·교통·도시생활환경,저출생사업1팀,02-2133-5025,가족지원팀,1순위:저출생사업1팀 | 2순위:가족지원팀,5,신혼부부 결혼ㆍ살림비용 지원 | 자녀출산 무주택가구 주거비 지원 | 신혼희망타운 | 신혼부부 전용 주택 구입 자금 대출 | 신혼부부 임차보증금 이자 지원,"ㅇ 결혼ㆍ살림 비용 최대 100만원 지원    - 결혼준비 및 혼인살림 장만 관련 비용 지출    ※ 생애 1회 지급   ? 결혼준비 : 혼수, 예식장, 신혼여행, 청첩장 등    ? 혼인살림 : 전자제품, 주방가전... | 월 최대 30만원(2년간 최대 720만원) 주거비 지원 | 신혼희망타운 분양?임대주택 공급 및 청약 자격 제공 | 연 2.55~3.85% 금리로 주택구입 자금 대출, 최대 3억 2천만 원 한도 | - 임차보증금 대출금: 최대 3억원(임차보증금의 90% 이내) - 이자지원 금리: 최대 4.5% - 지원기간: 최장 10년(25.11.20. 부터 최장 12년) ※ 자세한 사항은 서울주거포털 공고문 참조",,,"TAG_REVIEW:현재 태그=주거·교통·도시생활환경, 태그 핵심어 약함 || TAG_REVIEW:현재 태그=주거·교통·도시생활환경, 태그 핵심어 약함",https://idea.seoul.go.kr/front/freeSuggest/view.do?sn=188612
PROP-188607,2020-10-16,N,미상,9.0,임산부검사 다시 복구시켜주세요!,"원래 보건소에서 진행되고있는 산전검사, 임산부기초검사, 기형아검사, 막달검사, 출산준비교실 등등 모든것이 중단되었는데요
보건소에서 할수있었던 검사들을 병원에서 다 해야하니 비용도 만만치않네요.
보건소에서 다시 검사를 할 수 없다면, 병원에서 무료검사/할인검사 가능한 쿠폰이라도 발급해주셨으면 좋겠습니다.
이미 시행하고 있는 시들도 있는데 서울시는 너무 늦는것같아요.
빨리 대책이 나오면 좋겠습니다.",임신·난임·생식건강,임산부 건강·배려,임산부 건강관리·배려,임신·난임·생식건강,건강임신지원팀,02-2133-9491,저출생사업1팀 | 생활지원팀,1순위:건강임신지원팀 | 2순위:저출생사업1팀 | 3순위:생활지원팀,5,"35세 이상 임산부 외래 진료 및 검사비 지원 | 임산부 엽산제, 철분제 지원 | 서울시 난임?임산부심리상담센터 운영 | 맘편한 임신 원스톱서비스(임산부?출산전 제공) | 임산부 출산급여 지원","의료비 부담이 큰 35세 이상 산모 대상 외래진료 및 검사에 소요되는 비용을 소득과 무관하게 최대 50만원까지 지원 (24년 3월 사회보장제도 신설 협의 완료, 24년 8월까지 사업추진을 위한  사전절차 진행 예정으... | 지원내용 (엽산제) 임신 전후 3개월까지 엽산제 지원  (철분제) 임신 16주부터 철분제 5개월분  신청방법 주소지 보건소에 방문하거나 온라인(정부24)으로 신청 | 난임부부, 유산?사산 경험부부, 임산부 및 양육모의 정서적 안정을 위해 전담 상담사가 등록부터 종결까지 1:1 상담 및 다양한 프로그램을 운영 | 임산부 엽산제?철분제 지급 등 임신 전?중 통합 서비스 제공 | ㅇ 임산부 출산급여 90만원 지원     ※고용노동부 ‘고용보험 미적용자 출산급여’ 150만원에 추가지원",,,,https://idea.seoul.go.kr/front/freeSuggest/view.do?sn=188607
PROP-188468,2020-09-17,N,미상,10.0,어린이집 인건비 정부 지원정책에 연령 제한이 있다구요?,"안녕하세요.
어린이집에서 근무하고 있는 직원입니다.
코로나19로 인해 모두가 힘든 가운데 어린이들의 건강과 안전을 최일선에서 돌봐야 하는 어린이집 근무자들은
하루하루 최선을 다하고 있습니다.
아동 돌봄에 있어서 중요하지 않은 업무가 있을리 없겠지만
건강과 안전에 무엇보다 많은 비중을 차지하는 부분이 식사 및 간식일 것입니다.
그래서 매일 우리 어린이집의 원아들의 영양과 안전을 책임져 주시는 조리사님이 얼마나 고맙고 든든한지 모릅니다.
그러나 최근 조리사님의 생일 축하를 하는 자리에서 이제 정년이라 곧 그만두신다는 이야기를 전해 들었습니다.
요즘 대부분의 정년이 65세로 상향되고 있다는 소식들도 있는데
조리사의 정년이 60세라는 사실에 놀라서 원에 문의해 보니
현재 국공립 어린이집 원장 및 보조교사는 65세까지 인건비 지원이 되고,
보육교직원, 조리사는 60세까지만 인건비 지원이 된다고 명시되어 있다는걸 알게 되었습니다.
인건비 지원이 되지 않는다면 이것은 묵시적 정년이 되는 것이며
원에서도 인건비 부담때문에 어쩔수 없다는 답변이었습니다.
보조교사도 65세까지 인건비 지원이 되는데 조리사는 왜 60세까지만 되는지 잘 이해가 되지 않습니다.
원에서는 아이들 음식 조리야 말로 영양과 안전을 고려한 숙련자들의 손이 절실합니다.
아직 정신이나 육체적으로 충분히 잘할 수 있는 직원을
정부 인건비 지원이란 문제로 손을 놓게 해야 한다는 사실이 매우 안타깝습니다.
정부에서 추진해오고 있는 돌봄지원 일자리 확충 사안과도 빗나가는 정책이라고 생각합니다.
전체 공무원들의 정년등 여러문제가 동시에 수반된 것이라서
정년 상한에 대한 수정이 어렵다면
각 지자체에서 원장등의 승인을 거친 근무자에 한해
직군별로 65세까지는 정부 인건비 지원을 해주는 방식 등은 어려울까요?
아니면 해마다 일정에 따라 각 원에서 신청한 직원에 한하여
신체검사 등의 조건을 충족한 사람에 대한 지자체 승인을 거친 후
인건비 지원 여부를 결정해 주는 방식은 어떨까요?
정책 제안에 대한 면밀한 숙고 부탁드립니다~",보육·돌봄 인프라,어린이집·유치원,보육시설·유아교육,보육·돌봄 인프라,돌봄사업팀,02-2133-6560,가족건강팀 | 저출생사업1팀,1순위:돌봄사업팀 | 2순위:가족건강팀 | 3순위:저출생사업1팀,5,어린이집 영유아 방문건강관리 서비스 지원 | 서울형어린이집 | 서울형 0세 전담반 어린이집(사업종료) | 서울형 0세 전담반 어린이집 | 서울형 시간제 전문 어린이집,어린이집으로 방문건강간호사가 찾아가서 건강관리 및 건강교육서비스 제공 | 공인평가를 통하여 우수한 민간 어린이집을 선정하고 인건비 및 운영비를 지원함으로써 향상된 보육서비스를 안정적으로 제공 | 12개월 미만의 영아 보육에 적합한 ‘0세 전담반’  어린이집 100개반 선정 운영 | 12개월 미만의 영아 보육에 적합한 ‘0세 전담반’  어린이집 100개반 선정 운영 | 가정양육 또는 타 기관 이용 보호자 등 누구나 필요시 시간 단위로 이용할 수 있는 보육서비스,,,,https://idea.seoul.go.kr/front/freeSuggest/view.do?sn=188468
PROP-188412,2020-09-09,N,미상,9.0,임산부배려석에 대한 작은 생각,"안녕하세요?
수고많으십니다.
먼저 이렇게 시민이 아이디어를 제안할수 있는 창구를 만들어주셔서 진심으로 감사드립니다.
지하철을 이용하면서 어르신께 자리를 양보하는것은 물론 임산부에게도 당연히 자리를 양보해야 한다고 생각하는 1인입니다. 임산부배려석을 비워놓는것은 당연하구요...
그러나 제 생각과는 다르게 임산부를 확인하는게 쉽지가 않았습니다.
핸드폰을 보느라 고개를 숙이고 있다가 나풀거리는 긴 치마를 보고 용기를 내어 가방위치까지 시선을 올리고 핑크배찌를 찾는것도 일이고 또 가방을 바꾸느라 미처 핑크배찌까지 챙기지 못하는 경우도 있을겁니다.
핑크배찌는 없는데 임산부원피스 스타일에 배가 많이 나온 분께 “임산부시죠?”하고 일어났다가 “아닌데요”라고 하셔서 서로 민망한 적이 있었네요.
제가 이렇게 말을 하고 양보를 하는 이유는 예전에 어르신께 자리를 양보하려고 일어났는데 다른 분이 앉으신 일이 있었거든요.
암튼 이렇게 임산부를 오해하는 일이 무려 3번이나 발생하면서 할수없이 작전을 바꾸기는 했네요. 말 안하고 그냥 일어나는 걸로...
저처럼 양보하고 싶어도 임산부인줄 몰라서 못 일어나는 경우도 많다고 생각합니다.
핸드폰을 향하고 있는 시선을 올리는게 자칫하면 오해를 불러일으킬수도 있어서...
해서 임산부용 신발제작이나 신발에 부착할수 있는 배찌를 제안합니다.
편한 신발은 임산부와 아기의 건강에 도움이 되고 꾸준한 수요를 발생시킴으로써 내수진작에도 도움이 될거라 생각합니다.
부산의 핑크라이트처럼 제작이나 유지에 비싼 돈이 드는것도 아니고...
그래도 예산이 문제라면 요즘 저출산정책으로 현금성 지원을 많이 하고 있는데 여성가족부와 서울교통공사가 같이 진행하는것도 방법이라 생각됩니다.
임산부 배려석에 대한 캠페인을 꾸준히 하는데도 시민의식이 그에 미치지 못해서 안타깝지만 최소한 임산부용신발은 임산부와 아기의 건강을 위해서라도 한번쯤 시도해볼만한 사업이라 생각되어 글 올렸습니다.
？",임신·난임·생식건강,임산부 건강·배려,임산부 건강관리·배려,임신·난임·생식건강,건강임신지원팀,02-2133-9491,고령사회정책팀 | 저출생사업1팀,1순위:건강임신지원팀 | 2순위:고령사회정책팀 | 3순위:저출생사업1팀,1,임산부 배려공간 조성,ㅇ 교통 약자인 임산부의 엘리베이터 안전사고 예방 및 배려문화 확산을 위해 엘리베이터 내?외부에 임산부 배려공간 조성(엠블럼 부착)   - 임산부를 위해 해당 공간을 비워두고 양보하는 사회 분위기 확산 유도 ㅇ 임산...,,,,https://idea.seoul.go.kr/front/freeSuggest/view.do?sn=188412
PROP-188337,2020-08-31,N,미상,6.0,임산부 알림,"초기 임산부일경우 임산부인지 확인이 되지 않아 양보하지 않는 경우가 많은 듯하다
임산부만 사용할 수 있는 어플을 사용하여 임산부 승차시 임산부석 센서가 점등할 수 있도록 하면 좋을 것 같다.",임신·난임·생식건강,임산부 건강·배려,임산부 건강관리·배려,임신·난임·생식건강,건강임신지원팀,02-2133-9491,가족지원팀 | 저출생사업1팀,1순위:건강임신지원팀 | 2순위:가족지원팀 | 3순위:저출생사업1팀,1,임산부 배려공간 조성,ㅇ 교통 약자인 임산부의 엘리베이터 안전사고 예방 및 배려문화 확산을 위해 엘리베이터 내?외부에 임산부 배려공간 조성(엠블럼 부착)   - 임산부를 위해 해당 공간을 비워두고 양보하는 사회 분위기 확산 유도 ㅇ 임산...,,,,https://idea.seoul.go.kr/front/freeSuggest/view.do?sn=188337
PROP-188280,2020-08-25,N,미상,7.0,기업들의 직원식당을 이용하여 현재의 엄마아빠 미래의 엄마아빠가 아이들에게 따뜻한 밥을 제공해줍시다.,"안녕하세요.
직장생활 중인 직장인 입니다.
기업들이 모여있는 건물이나 기업사옥들을 보면 직원식당이 있습니다. 이러한 직원식당을 활용하여 끼니를 챙기기 힘든 아이들에게 식사를 제공할 수 있다면 얼마나 좋을까 해서 이러한 아이디어를 내봅니다.
직원들이 이용하는 식당인 만큼 질좋고 영양가 있는 식단들이 골고루 나오는 장점이 있습니다.
직원들이 붐비게 사용하는 점심식사시간이 아닌 조금 일찍은 시간이나 직장인들의 점심시간을 20분만 빗겨나가도 아이들이 충분히 영양가 있고 좋은 음식을 더욱 안전하고 쾌적한 곳에서 제공 받을 수 있다고 생각합니다.
사실 직원식당을 이용해보면 생각보다 음식을 여유있게 만드셔서 항상 남아서 버려지는 것을 보게됩니다. 쓰레기를 매립할 장소도 부족한 요즘, 버리는 것이 아닌 필요한 곳에 나누는 것도 우리나라를 이끌어가는 기업들이 동참해야하는 것이라 생각합니다.
또한 이러한 어린이 무료식사제공을 참여하는 기업에는 서울시에서 어떠한 혜택을 제공한다고 하면 기업이미지와 상생하는 모습을 마케팅으로 활용 할 수 있는덕에 참여하는 곳은 많아질 거라 생각합니다.
또한 사춘기를 겪고있는 아이들이 가장 걱정하는 또래아이들의 눈치와 놀림거리보다는 현재의 엄마아빠 미래의 엄마아빠의 따뜻한 시선을 느낄 수 있는 장소라고 생각합니다.
자녀를 키우고있는 부모 어느누가 ""너 공짜밥 먹구나. 너 집이 형편이 안되구나"" 라고 말하겠습니까.
아이들이 편의점에 몇안되는 구석자리에서 매일같이 컵라면과 삼각김밥을 먹고 끼니를 때운다고 생각하면 마음이 아픕니다.
매일 영양가 있게 짜여진 식단, 비가와도 눈이와도 쾌적한 공간에서 밥을 먹을 수 있는 권리를 찾아주는 것은 2020년을 살아가는 어른인 우리에게 주어진 숙제라 생각합니다.
밥먹고살기가 힘들어는 옛말인줄 알았습니다. 자라나는 아이들에게는 해당안되는 말인줄 알았습니다.
미래의 희망이 무궁무진한 아이들에게 따뜻한 밥을 제공해 줄 수있는 방안이 많이 생겨났으면 좋겠습니다.",정보·상담·교육·거버넌스,정보 접근성,일반 출산정책 안건,정보·상담·교육·거버넌스,저출생사업1팀,02-2133-5027,생활지원팀,1순위:저출생사업1팀 | 2순위:생활지원팀,5,서울형 육아휴직장려금 | 서울형 육아휴직장려금(사업종료) | 1인 자영업자 등 배우자 출산휴가급여 지원 | 배우자 출산휴가 지원금 | 육아휴직장려금,"○ 자녀 1인당 최대 120만원 지원 - 육아휴직기간 연속 6개월 시 60만원, 연속 12개월 경과 시 60만원 추가지급 ※ 부?모 모두 육아휴직 시 각각 지급 (자녀 1인에 대해 가구당 최대 240만원 지급) | ○ 자녀 1인당 최대 120만원 지원 - 육아휴직기간 연속 6개월 시 60만원, 연속 12개월 경과 시 60만원 추가지급 ※ 부?모 모두 육아휴직 시 각각 지급 (자녀 1인에 대해 가구당 최대 240만원 지급) | 1인 자영업자 등에 배우자(남편) 출산휴가급여 최대 120만원(15일분) 지원 (2026.1.1. 기준 출생아부터 적용) - 2025년 출생아는 최대 80만원(10일분) 지원 ㅇ 지원대상에 대한 자격요건 완화(202... | ㅇ 임산부 배우자를 둔 1인 자영업자?프리랜서에 배우자 출산휴가 지원금 80만원 지원 | ○ 1인 최대 120만원 지원 - 육아휴직기간 연속 6개월 시 60만원, 연속 12개월 경과 시 60만원 추가지급 ※ 부?모 동시 육아휴직 시 각각 지급 (자녀 1인에 대해 가구당 최대 240만원 지급)",,,"TAG_REVIEW:현재 태그=정보·상담·교육·거버넌스, 태그 핵심어 약함 || TAG_REVIEW:현재 태그=정보·상담·교육·거버넌스, 태그 핵심어 약함",https://idea.seoul.go.kr/front/freeSuggest/view.do?sn=188280
PROP-188272,2020-08-24,Y,미상,10.0,각 주민센터마다 아이스팩을 재활용할 수 있는 시스템을 만들어주세요,"비대면으로 인하여 택배물량이 많아지면서 아이스팩 사용량도 늘어나고 있습니다.
집에 쌓여가는 아이스팩을 일반쓰레기로 버리기에 환경에 심각한 문제가 있지 않을까 싶습니다.
각 주민센터마다 아이스팩 수거를 하여 개수를 정하여 휴지나 종량제봉투로 바꾸어주는 사업을 하면 좋을것 같습니다.
아이스팩을 필요로 하는 사업자들에게는 나누어주어 아이스팩을 효율적을 사용했으면 합니다.",정보·상담·교육·거버넌스,정보 접근성,일반 출산정책 안건,정보·상담·교육·거버넌스,저출생사업1팀,02-2133-5027,생활지원팀,1순위:저출생사업1팀 | 2순위:생활지원팀,0,,,,,"TAG_REVIEW:현재 태그=정보·상담·교육·거버넌스, 태그 핵심어 약함 || TAG_REVIEW:현재 태그=정보·상담·교육·거버넌스, 태그 핵심어 약함",https://idea.seoul.go.kr/front/freeSuggest/view.do?sn=188272
PROP-188264,2020-08-23,N,미상,1.0,보육시설폐쇄 등 코로나 확진과 관련한 보육대책 마련관련,"지난 8. 21.(금)부, 보육교사 확진으로
폐쇄된 서울 강동구 소재 이루니키즈 어린이집 소속 만 2세 유아의 부모입니다.
저희는 교사 확진당일 오전 05시경, 어린이집으로부터 관련 내용을 통보받고 부모의 양측 직장에 보고 후 급히 공가를 내어 코로나 검사를 받고 같은 날 오후 늦게 다행이 세 가족 모두 음성판정을 받았습니다.
아이와 저희 내외, 모두 2주 자가격리대상자에도 제외되어 다행이 8. 24.(월)부터 직장근무가 가능하게 되었는데요,
아이는 능동감시대상자로 지정된 데다가, 어린이 집까지 폐쇄되어 아이 보육을 맡길 곳이 없는 상황인데, 이런 어려움에 부딪히는 젊은 부모들이 많을거라고 생각됩니다.
지자체에서 혹시 국공립 어린이집을 활용한 긴급보육 등 방안을 마련할 생각이 있는지 궁금하구요.
아울러 중앙정부에도 성인이 아닌 유아가 코로나 확진, 자가격리, 능동감시대상 등에 관계될시 부모의 직장 공가처리, 긴급보육 등 대책을 담은 보건복지부 지시 등을 신속히 마련하여,
실질적으로 코로나 위험에 노출된 자녀 보호를 위해  법령의 테두리 안에서 부모가 보육활동을 할 수 있도록 해 주시기를 촉구드립니다.
이 위험한 시국에도 시민을 위해 일하시는 시장대행님 이하 모든 공직자여러분에게 감사와 경의를 표합니다.",보육·돌봄 인프라,어린이집·유치원,보육시설·유아교육,보육·돌봄 인프라,돌봄사업팀,02-2133-6560,저출생사업1팀 | 생활지원팀,1순위:돌봄사업팀 | 2순위:저출생사업1팀 | 3순위:생활지원팀,5,1인 자영업자 등 배우자 출산휴가급여 지원 | 1인 자영업자?프리랜서 배우자 출산휴가 지원금 | 서울형 육아휴직장려금 | 서울형 육아휴직장려금(사업종료) | 육아휴직장려금,"1인 자영업자 등에 배우자(남편) 출산휴가급여 최대 120만원(15일분) 지원 (2026.1.1. 기준 출생아부터 적용) - 2025년 출생아는 최대 80만원(10일분) 지원 ㅇ 지원대상에 대한 자격요건 완화(202... | 1인 자영업자 등에 배우자 출산휴가급여 80만원 지원 | ○ 자녀 1인당 최대 120만원 지원 - 육아휴직기간 연속 6개월 시 60만원, 연속 12개월 경과 시 60만원 추가지급 ※ 부?모 모두 육아휴직 시 각각 지급 (자녀 1인에 대해 가구당 최대 240만원 지급) | ○ 자녀 1인당 최대 120만원 지원 - 육아휴직기간 연속 6개월 시 60만원, 연속 12개월 경과 시 60만원 추가지급 ※ 부?모 모두 육아휴직 시 각각 지급 (자녀 1인에 대해 가구당 최대 240만원 지급) | ○ 1인 최대 120만원 지원 - 육아휴직기간 연속 6개월 시 60만원, 연속 12개월 경과 시 60만원 추가지급 ※ 부?모 동시 육아휴직 시 각각 지급 (자녀 1인에 대해 가구당 최대 240만원 지급)",,,,https://idea.seoul.go.kr/front/freeSuggest/view.do?sn=188264
PROP-188170,2020-08-14,N,미상,2.0,공덕sk리더슈뷰 단지 내 어린이집 개원 도와주세요.,"신규 아파트이지만 500세대가 안돼
국공리집 어린이집 의무 설치 아파트가 아닙니다.
하지만 입주민들의 압도적인 찬성으로 국공립 어린이집 개원을 요구하고 있습니다.
마포로 6구역 조합장님의 직인 날인도 받아
마포구청에 신청하였지만,
절차를 이유로 개원이 늦어지고 있습니다. 꼭 좀 도와주십시오.",보육·돌봄 인프라,어린이집·유치원,보육시설·유아교육,보육·돌봄 인프라,돌봄사업팀,02-2133-6560,가족건강팀 | 저출생사업1팀,1순위:돌봄사업팀 | 2순위:가족건강팀 | 3순위:저출생사업1팀,5,어린이집 영유아 방문건강관리 서비스 지원 | 서울형어린이집 | 서울형 0세 전담반 어린이집(사업종료) | 서울형 0세 전담반 어린이집 | 서울형 시간제 전문 어린이집,어린이집으로 방문건강간호사가 찾아가서 건강관리 및 건강교육서비스 제공 | 공인평가를 통하여 우수한 민간 어린이집을 선정하고 인건비 및 운영비를 지원함으로써 향상된 보육서비스를 안정적으로 제공 | 12개월 미만의 영아 보육에 적합한 ‘0세 전담반’  어린이집 100개반 선정 운영 | 12개월 미만의 영아 보육에 적합한 ‘0세 전담반’  어린이집 100개반 선정 운영 | 가정양육 또는 타 기관 이용 보호자 등 누구나 필요시 시간 단위로 이용할 수 있는 보육서비스,,,,https://idea.seoul.go.kr/front/freeSuggest/view.do?sn=188170
PROP-187964,2020-07-20,Y,미상,6.0,지하철 임산부석 폐지,"지하철 임산부석이 실제 임산부보다 여성전용석이 되어가고 있다는 느낌입니다.
대부분이 임신과 관련 없는 혹은 불가능한 여성이고, 일부 외국인, 남성노년층이 자리하고 있습니다.
특히 대다수 무자격 여성들이 아무 죄의식이나 거리낌 없이 앉아있는 모습을 보면 자괴감마저 듭니다.
피곤에 찌든 때면 그들에 대한 분노와 함께 법을 지키며 사는 것이 얼마나 허망하도 억울한지 느끼게 됩니다.
자리에서만 행정을 집행하지 마시고 직접 나와 단 몇일만이라도 전수조사를 통해 이 제도가 얼마나 무의미한 것인지 알아주기를 바랍니다.
인권을 떠나 한눈에 봐도 임신과는 관련 없는 이들이 99%(과장이 아닙니다. 어쩌면 100%일 수도)입니다.
이게 임신부좌석입니까 아니면 임신이 가능한 혹은 가능했던 사람들의 좌석입니까.
다른 노약자 좌석과 통합해주기를 바랍니다.",임신·난임·생식건강,임산부 건강·배려,임산부 건강관리·배려,임신·난임·생식건강,건강임신지원팀,02-2133-9491,가족지원팀 | 저출생사업1팀,1순위:건강임신지원팀 | 2순위:가족지원팀 | 3순위:저출생사업1팀,1,임산부 배려공간 조성,ㅇ 교통 약자인 임산부의 엘리베이터 안전사고 예방 및 배려문화 확산을 위해 엘리베이터 내?외부에 임산부 배려공간 조성(엠블럼 부착)   - 임산부를 위해 해당 공간을 비워두고 양보하는 사회 분위기 확산 유도 ㅇ 임산...,,,,https://idea.seoul.go.kr/front/freeSuggest/view.do?sn=187964
PROP-187957,2020-07-20,Y,미상,170.0,공동육아초등방과후의 사회적 인정과 제도적 지원을 원합니다.,"안녕하세요.
저는 서울 송파구에서 송파파란하늘공동체교육사회적협동조합이 운영하는 초등방과후에 다니는 아이의 아빠입니다.
저희 방과후에서는 저를 포함한 부모와 교사 60여 명이 협력하며 30명이 넘는 초등 아이들을 돌보고 있습니다.
전국 방방곡곡에 저희와 같은 형태로 운영되고 있는 공동육아 초등방과후가 18개나 있습니다.
1. 최근 정부는 온종일돌봄체계를 구축하겠다 발표했습니다. 영유아 돌봄이 어느 정도 성과를 거두고 있으니 이제 초등 아이들의 돌봄을 국가가 책임지겠다는 것입니다. 이를 위해 전국에 지자체 단위로 ‘다함께돌봄센터’ 설립을 추진하고 있습니다. 서울시도 초등 아이들을 돌보기 위해 그 어느 지자체보다도 빠른 속도로 ‘우리동네키움센터’를 설치 중에 있고 2019년 말 기준, 103개가 설치 확정되었습니다. 저희는 정부와 지자체가 초등 돌봄을 책임지는 정책을 펼치는 것을 누구보다도 환영하는 입장입니다.
2. 저희는 국가가 초등돌봄정책을 시행하기 전부터, 부모와 교사들이 함께 협동조합을 만들어 투명하게, 민주적으로 운영하며 초등 아이들을 돌보고 있는데 고민이 깊습니다. 저희와 같은 공동육아방과후협동조합들이 전국에 있는데, 저희는 이제 어떻게 해야 할까요? 교사들을 모두 해고하고 문을 닫고 흩어져 우리동네키움센터와 다함께돌봄센터에 아이를 보내는 것이 답일까요?
3. (사)공동육아와공동체교육은 1994년 신촌지역에 공동육아협동조합으로 모여 최초의 공동육아어린이집인 우리어린이집을 만들어, 아이, 부모, 교사가 모두 행복한 터전을 모토로 아이들은 나들이와 놀이를 중심으로 행복하게 자랐고 부모와 교사들은 참여보육을 실천하였습니다. 그 성과를 인정받아 ‘부모협동어린이집(현재는 협동어린이집)’으로 법제도 안으로 들어갈 수 있었습니다. 현재도 ‘놀이 중심’ 교육과정을 중심으로 의미가 확장되고 있습니다.
4. 한편, 1999년, 부모와 교사들은 초등아이들이 학교가 끝난 후 학원을 전전하거나 방치되지 않고 놀이와 관계와 공동체 속에서 자라도록 하고자 공동육아방과후를 만들었고, 현재 전국 곳곳 공동육아방과후는 아이들의 쉼터, 놀이터이며, 학교와 학원에서 배우지 못하는 것들을 삶의 과정 속에서 배우는 배움터로 기능하고 있습니다.
5. 그러나 무작정 우리 동네에 키움센터가 만들어지기를 기다리거나, 모두 흩어져 키움센터로 가기엔 20여 년간 만들어온 의미와 성과가 아주 많습니다. 첫째, 공동육아 아이들은 자율성을 존중받으며 놀이와 관계, 공동체 속에서 즐겁게 배우며 성장하고 있습니다. 이곳은 아이들의 쉼터, 놀이터, 배움터입니다. 둘째, 부모들은 단순 참여를 넘어, 시간과 자원과 투여해 운영위원회, 방모임 등을 구성해 민주적이고 투명한 협동조합의 운영 원리를 실현하고 있으며, 이는 사회적 경제 영역의 의미 있는 모델로서 새롭게 주목받고 있습니다. 부모와 교사의 집단 운영 체제는 비리와 불법이 자라지 못하도록 막아줍니다. 셋째, 교사들은 교사성장체계라는 이름의 교사 교육 과정을 갖추었고 자율적으로 구성한 교사 네트워크 속에서 교류합니다. 넷째, 마을, 나아가 지역사회와 교류하며 마을에서 생활과 배움의 공동체를 지향하며 활동하고 있습니다.
6. 공동육아초등방과후에서 성장한 교사들은 제도 밖의 영역에서 초등 돌봄과 공동체교육의 중요한 주체로서 역할을 담당하고 있습니다. 법이 요구하는 일정한 기준을 획득한 교사들에 대해 사회적협동조합 및 공동육아초등방과후에서의 경력이 사회적으로 인정될 수 있기를 바랍니다. 공동육아초등방과후 교사들의 경력이 인정된다면 공동육아 교사들이 네트워크를 통해 상호 성장을 도모하고 우수 사례를 발굴해 온 성과를 확대하는 밑거름이 될 것입니다. 아동 인권에 대한 감수성이 높은 시대입니다. 프로그램 코디네이터가 아니라, 아이들과 인격적으로 관계 맺고 소통하며, 자율적, 민주적인 역량을 갖춘 시민으로 성장하는 데 기여해 온 교사들의 노하우는 소중한 사례가 될 수 있습니다.
7. 민간 영역, 특히 사회적 경제 및 협동조합 영역에서 운영되어 온 공동육아초등방과후를 법으로 인정하고 지원하는 것은 서울시(와 각 지자체)의 성과 확대를 의미합니다. 기존의 프로그램식 교육과 단순 돌봄을 넘어서는 혁신적인 초등돌봄의 모델을 보유하게 될 것이고, 현재 설치 중인 우리동네키움센터(와 다함께돌봄센터)의 돌봄의 질 제고에 도움이 될 것입니다. 정부와 지자체 중심의 관 주도 획일화된 모델을 넘어 민관 협력을 통한 다양한 돌봄 모델을 확보할 수 있어 돌봄 정책의 전망에도 긍정적 영향을 줄 것입니다. 서울시 초등학생 42만 명(2018년 통계), 그 중 맞벌이가정 아동은 48%입니다. 이들에 대한 공적 돌봄은 초등학교 돌봄교실과 지역아동센터를 모두 포함해 12.8%에 불과합니다.(출처:서울시 온마을돌봄 토론회 자료집) 서울시의 계획대로 2022년까지 400개의 우리동네키움센터가 설치되어도 맞벌이 가구의 초등학생 모두가 돌봄을 받을 수는 없습니다. 공적 돌봄만으로 모든 수요를 감당할 수 없다면 건강한 민간 부문과 잘 협력하는 것은 정책 완수에 있어 필수적인 요소입니다.
8. 이를 위해 영유아를 돌보는 협동 어린이집처럼, 민간에서 초등 돌봄을 담당하는 (사회적 협동)조합형 공동육아방과후가 법으로 인정받고 제도로 지원받을 수 있기를 희망합니다. 이와 함께 ‘조합형 다함께돌봄센터(우리동네키움센터)’ 모델을 검토해 주시기를 요청 드리는 바입니다. 이를 통해 의미있는 초등 돌봄 모델 발굴과 유형의 다양화는 향후 초등돌봄정책의 성공적 안착에 도움이 될 것입니다. 이를 통해 의미 있는 초등 돌봄 모델이 발굴되고, 법적 보호와 제도적 지원을 받을 수 있기를 바랍니다.
송파파란하늘방과후 부모대표 이윤석, 교사대표 김양희
계수나무방과후 부모대표 김영준, 교사대표 장정미
도토리마을방과후 부모대표 홍은배, 교사대표 박상민
마법방과후 부모대표 이영은, 교사대표 김현주
봉제산방과후 부모대표 전재윤, 교사대표 김수림
사이좋은해바라기방과후 부모대표 주성호, 교사대표 김영도
산방과후 부모대표 신철용, 교사대표 김자영
소중한방과후 부모대표 정상화, 교사대표 배선아
아름다운방과후 부모대표 박서연, 교사대표 박재준
옹달샘친구들방과후 부모대표 정슬아, 교사대표 조대희
율동방과후 부모대표 최익준, 교사대표 정상현
재미난방과후 부모대표 민명기, 교사대표 박순모
징검다리놓는아이들방과후 부모대표 김송아, 교사대표 문경
푸른들판방과후 부모대표 서동업, 교사대표 박은영
하제누리방과후 부모대표 오영석, 교사대표 장영진
해맑은방과후 부모대표 양서영, 교사대표 강미선
마포구 성산2동 우리동네키움센터 부모대표 김흥수, 센터장 황대영
서대문구 북가좌동 우리동네키움센터 친구랑 센터장 이영미
(사)공동육아와공동체교육",보육·돌봄 인프라,초등돌봄,초등돌봄·방과후,보육·돌봄 인프라,돌봄사업팀,02-2133-6560,저출생사업1팀 | 생활지원팀,1순위:돌봄사업팀 | 2순위:저출생사업1팀 | 3순위:생활지원팀,5,영아 전담 아이돌봄서비스 | 서울시 중소기업 워라밸 포인트제 | 외국인 가사(육아)인력 시범사업 | 서울형 육아휴직장려금 | 서울형 육아휴직장려금(사업종료),"출산휴가, 육아휴직 후 복귀하는 맞벌이 가정을 지원하고자 영아 돌봄 교육을 이수한 전담 돌보미가 영아 이유식 먹이기, 젖병 소독 등 영아 특화 돌봄서비스 제공 | 양육친화 및 일?생활 균형을 위한 중소기업의 다양한 노력을 인정하고 중소기업이 아이 키우기 좋은 기업으로 성장할 수 있도록 지원하는 사업 ① 양육친화 및 일?생활 균형 실적에 따른 포인트 적립 ② 적립 포인트에 따른... | 맞벌이 부부 등 ‘육아 조력자’의 도움이 절실한 자녀양육 가정에 외국인 육아도우미를 활용한 양육지원사업 도입 | ○ 자녀 1인당 최대 120만원 지원 - 육아휴직기간 연속 6개월 시 60만원, 연속 12개월 경과 시 60만원 추가지급 ※ 부?모 모두 육아휴직 시 각각 지급 (자녀 1인에 대해 가구당 최대 240만원 지급) | ○ 자녀 1인당 최대 120만원 지원 - 육아휴직기간 연속 6개월 시 60만원, 연속 12개월 경과 시 60만원 추가지급 ※ 부?모 모두 육아휴직 시 각각 지급 (자녀 1인에 대해 가구당 최대 240만원 지급)",,,"TAG_REVIEW:현재 태그=취약·다양가족 사각지대, 태그 핵심어 약함",https://idea.seoul.go.kr/front/freeSuggest/view.do?sn=187957
PROP-187940,2020-07-17,N,미상,0.0,임산부 전용 교통카드 정책,"임산부 배려석에 임산부가 아닌 사람도 앉는 모습이 종종 발견 됩니다.
？그로인해 막상 그 자리에 앉아야 할 임산부는 그 자리에 앉지 못하고 있습니다.
이런 경우를 방지하기 위해 임산부들은 임산부 전용 교통카드를 산부인과로부터 발급받고,
모든 대중교통의 임산부 배려석에 LED라이트를 설치하여,
임산부 전용 교통카드를 교통카드 단말기에 태그하였을 때
평소에는 다른 좌석들과 다름없던 임산부 배려석의 색깔이 바뀌어
임산부들이 눈치를 보지 않고 임산부 배려석에 앉을 수 있게하는 정책을 제안하고 싶습니다.",임신·난임·생식건강,임산부 건강·배려,임산부 건강관리·배려,임신·난임·생식건강,건강임신지원팀,02-2133-9491,가족지원팀 | 저출생사업1팀,1순위:건강임신지원팀 | 2순위:가족지원팀 | 3순위:저출생사업1팀,1,임산부 배려공간 조성,ㅇ 교통 약자인 임산부의 엘리베이터 안전사고 예방 및 배려문화 확산을 위해 엘리베이터 내?외부에 임산부 배려공간 조성(엠블럼 부착)   - 임산부를 위해 해당 공간을 비워두고 양보하는 사회 분위기 확산 유도 ㅇ 임산...,,,,https://idea.seoul.go.kr/front/freeSuggest/view.do?sn=187940
PROP-187929,2020-07-15,N,미상,5.0,지하철 임산부석 폐지 건의,"지하철내 임산부석 이용실태에 대해서는 이미 여러 방식으로 충분히 인지하고 있을 것으로 판단됩니다.
그럼에도 불구하고 현행 임산부석 제도를 유지하는 이유가 있는가요?
임산부들이 이용하는게 아니라, 대부분의 승객들이 기껏 임산부를 위해서 양보한 자리에는 결국 대부분의 경우에는
그냥 여성들(주로 아줌마와 20-30대 여성), 그 다음으로는 여학생(중고생 및 대학생), 또는 아저씨와 일부 남학생들이 앉는 경우가 대부분입니다. 이처럼 실효성이 없는 임산부석 제도를 계속 유지하는 것이 맞나요?
이러한 무질서한 승객들로 인해서 기분이 매우 상하고, 점점 이러한 사람들이 늘어나면서 더더욱 짜증이 납니다.
효과가 전혀 없는 정책에 대해서는 즉각적인 폐지가 되어야 한다고 생각합니다.",임신·난임·생식건강,임산부 건강·배려,임산부 건강관리·배려,임신·난임·생식건강,건강임신지원팀,02-2133-9491,가족지원팀 | 저출생사업1팀,1순위:건강임신지원팀 | 2순위:가족지원팀 | 3순위:저출생사업1팀,1,임산부 배려공간 조성,ㅇ 교통 약자인 임산부의 엘리베이터 안전사고 예방 및 배려문화 확산을 위해 엘리베이터 내?외부에 임산부 배려공간 조성(엠블럼 부착)   - 임산부를 위해 해당 공간을 비워두고 양보하는 사회 분위기 확산 유도 ㅇ 임산...,,,,https://idea.seoul.go.kr/front/freeSuggest/view.do?sn=187929
PROP-187873,2020-07-08,N,미상,10.0,[임산부 복지 제안] 임신 중기 이후에는 (ex. 20주 등) 택시 이용시 50% 할인(시에서 50%부담) 제도 건의합니다,"안녕하십니까.
서울시민으로 서울시에서 진행하는 많은 복지제도 및 다양한 문화시설에 자부심과 감사함을 느끼고 있습니다.
저는 현재 임신을 해서 출퇴근을 대중버스로 하고 있습니다.
전철역에서 임산부 뱃지도 받았지만 현실적으로 출퇴근 버스는 만원버스일 때가 많기 때문에
임산부 자리 양보받기를 기대하지도 않고 왕복 50분씩 하루에 2번을 서서 다닐 때가 많습니다.
아직은 초기라 참을만 하지만 중기 이후, 만삭 즈음을 생각하면 걱정이 많이 됩니다.
그런데 오늘 문득 회사분이랑 이야기하다, 임산부에게 임신기간동안 (예를들어 16주/20주/30주 이후..)은
택시 이용시 시에서 50%를 부담하고 본인은 반만 부담한다면 참 좋겠다는 생각이 났습니다.
서울시에서도 나라에서도 출산율을 높이기 위해 다양한 임산/육아 제도를 고민하고 있는 것으로 압니다.
이 제도가 시행된다면
1. 임산부 입장에서는 중기 이후 숨이 차고 배가 많이 나와서 불편할 때 만원버스를 안타고 덜 부담스러운 요금으로 택시를 이용할 수 있어서 좋고
2. 대중교통을 이용하는 다른 시민들 입장에서도 만원버스에 임산부가 탈 때 비켜주는것도 때로는 힘들때가 있는데 (사람들이 너무 많아서. 그런데 사실 봐도 잘 안비켜주긴 합니다) 인구밀도가 낮아져서 좋고
3. 택시 기사분들 입장에서도 손님이 늘어서 좋고
4. 서울시 입장에서도 임산부 복지제도를 간편하고 효율적으로 개선할 수 있으므로 좋을 것이라고 생각합니다.
제가 생각해본 바로는 현재 임신하게 되면 국민/우리행복카드라고 해서 40만원 바우처 카드를 만들 수 있는데, 거기에 택시비도 이용할 수 있도록 하는 방안도 있을 수 있겠고 (현재는 병원비 등 정해진 항목에서만 쓸 수 있는 것으로 알고 있습니다.) 더 나은 방식으로는 임산부용 교통카드를 충전하여 만들어 주셔도 참 좋을 거 같습니다. (택시에서도 결제 가능한)
그럼 꼭 고려 부탁드리겠습니다.
감사합니다.
이명현 드림",임신·난임·생식건강,임산부 건강·배려,임산부 건강관리·배려,임신·난임·생식건강,건강임신지원팀,02-2133-9492,저출생사업1팀,1순위:건강임신지원팀 | 2순위:저출생사업1팀,1,임산부 배려공간 조성,ㅇ 교통 약자인 임산부의 엘리베이터 안전사고 예방 및 배려문화 확산을 위해 엘리베이터 내?외부에 임산부 배려공간 조성(엠블럼 부착)   - 임산부를 위해 해당 공간을 비워두고 양보하는 사회 분위기 확산 유도 ㅇ 임산...,,,,https://idea.seoul.go.kr/front/freeSuggest/view.do?sn=187873
PROP-187783,2020-06-27,N,미상,1.0,지하철 임산부석 실질이용률,"지하철 임산부석을 만들어 사람들 앉지못하게 했지만 실질임산부이용률은 극악적인 수준.
실제로 임산부가 얼마나 앉는지 조사부터 하시길 요청합니다",임신·난임·생식건강,임산부 건강·배려,임산부 건강관리·배려,임신·난임·생식건강,건강임신지원팀,02-2133-9491,가족지원팀 | 저출생사업1팀,1순위:건강임신지원팀 | 2순위:가족지원팀 | 3순위:저출생사업1팀,1,임산부 배려공간 조성,ㅇ 교통 약자인 임산부의 엘리베이터 안전사고 예방 및 배려문화 확산을 위해 엘리베이터 내?외부에 임산부 배려공간 조성(엠블럼 부착)   - 임산부를 위해 해당 공간을 비워두고 양보하는 사회 분위기 확산 유도 ㅇ 임산...,,,,https://idea.seoul.go.kr/front/freeSuggest/view.do?sn=187783
PROP-187774,2020-06-26,N,미상,3.0,코로나 19로 인한 유치원 어린이집 특기강사 에 대한 정부에 대책이 시급합니다.,"안녕하세요 헌데 마음은... 안녕하지 못하다는 인사를 드립니다.
유치원 어린이집 특기체육 수업을 운영하는 세븐짐 예체능  대표 한기석 입니다.
현제 코로나로 인해 2월달 부터 어린이집 유치원이 체육 특기 수업을 못하고 있습니다.
매달 말에 원장님께 전화를 해보면 정부에서 수업을 못하게 막고 있어서 이번달에도 못해요.
이번달에도 못해요,  이버달에도 못해요. 이렇게 2월부터 3,4,5,6,7월달 가고 있습니다.
다른 업종들은 그래도 유지라도 하는데,  저희는 아예 수업을 할수 없게 ""코로나 19로 휴원 권고조치로 인해 특강 수업 및 방과후 수업을 금지"" 라고 해놓으니 저희 회사는 몇달째 빛에 허덕이고 있습니다.   그리고 직원들 고융유지 지원금도 6개월까지만 주기 때문에 이제 1,2달 있으면 지원금도 끊어지는 상황 입니다.
언제 까지 대책 없이 휴원권고로 인해 특기 수업을 못하게 하시는건지 그 기한과 방안은 언제까지인지...
지칠때로 지친 체육 교사들은.. 특강수업의 시작은 언제 시작하수 있을지... 정말 불안하고 힘든 시간입니다.
코로나가 안잡히는거 다 알고 이해 합니다.
하지만 저희같은 업종에게 어떤 방안을 제시해 주셔야 한다고 생각 합니다.
제가 부탁드리고 싶은거는..
첫번째로 빨리 특강 수업을 시작하게 해주시는것이고..
두번째로는 특강수업을 계속 못하게 하신다면 고용유지 지원금이라도 6개월이 지난 후에 계속 받을수 있게라도 직원들 떠
나지 않게 잡아달라는 부탁들 드리고 싶습니다. 다들 체욱 선생님들이 가정이 있어서 교용 유지 지원금이 끊어지면 더이상
직원들도 기다리지 않고 떠날 준비를 하고 있습니다.  뿐만 아니라 저도 더욱 큰 빛더미에 앉게 될겁니다.
부디 저희같은 어린이집 특기체육 교사들에게 견딜수 있는 방안을 꼭 만들어 주세요.  부탁 드립니다.
끝까지 읽어 주셔서 감사드리고, 코로나 극복을 위해 간절히 기도합니다.",보육·돌봄 인프라,어린이집·유치원,보육시설·유아교육,보육·돌봄 인프라,돌봄사업팀,02-2133-6560,가족건강팀,1순위:돌봄사업팀 | 2순위:가족건강팀,5,어린이집 영유아 방문건강관리 서비스 지원 | 서울형어린이집 | 서울형 0세 전담반 어린이집(사업종료) | 서울형 0세 전담반 어린이집 | 서울형 시간제 전문 어린이집,어린이집으로 방문건강간호사가 찾아가서 건강관리 및 건강교육서비스 제공 | 공인평가를 통하여 우수한 민간 어린이집을 선정하고 인건비 및 운영비를 지원함으로써 향상된 보육서비스를 안정적으로 제공 | 12개월 미만의 영아 보육에 적합한 ‘0세 전담반’  어린이집 100개반 선정 운영 | 12개월 미만의 영아 보육에 적합한 ‘0세 전담반’  어린이집 100개반 선정 운영 | 가정양육 또는 타 기관 이용 보호자 등 누구나 필요시 시간 단위로 이용할 수 있는 보육서비스,,,,https://idea.seoul.go.kr/front/freeSuggest/view.do?sn=187774
PROP-187760,2020-06-24,N,미상,0.0,어린이집  특기 교육  왜 못하게 하나요?,"서울에 어린이집 특기 강사로 아이들과 수업해 온지 10년이 넘었습니다
이번 코로나로 인해서 3.4.5.6월 수업을 못하고 있는데...  이유는 서울시에서 못하게 한다고들었습니다
특기 강사들이 외부에서 온다는 이유인데 대부분 자차를 이용해서 안전하게 다니고 있습니다
어린이집은 아이들이 다~오고있는 상황에서 특기 수업만 못하게 막아놓으면,,,이게 말이 됩니까
동네 커피숍이나... 식당.. 클럽등등.. 이런곳이 더 위험합니다
어린이집 특기 교사들 수업할 수 있게 해주세요
저희같은 특기 강사들은 다 굶어죽습니다...",보육·돌봄 인프라,어린이집·유치원,보육시설·유아교육,보육·돌봄 인프라,돌봄사업팀,02-2133-6560,가족건강팀 | 저출생사업1팀,1순위:돌봄사업팀 | 2순위:가족건강팀 | 3순위:저출생사업1팀,5,어린이집 영유아 방문건강관리 서비스 지원 | 서울형어린이집 | 서울형 0세 전담반 어린이집(사업종료) | 서울형 0세 전담반 어린이집 | 서울형 시간제 전문 어린이집,어린이집으로 방문건강간호사가 찾아가서 건강관리 및 건강교육서비스 제공 | 공인평가를 통하여 우수한 민간 어린이집을 선정하고 인건비 및 운영비를 지원함으로써 향상된 보육서비스를 안정적으로 제공 | 12개월 미만의 영아 보육에 적합한 ‘0세 전담반’  어린이집 100개반 선정 운영 | 12개월 미만의 영아 보육에 적합한 ‘0세 전담반’  어린이집 100개반 선정 운영 | 가정양육 또는 타 기관 이용 보호자 등 누구나 필요시 시간 단위로 이용할 수 있는 보육서비스,,,,https://idea.seoul.go.kr/front/freeSuggest/view.do?sn=187760
PROP-187678,2020-06-15,N,미상,2.0,반려견 양육을 위한 공공교육,"최근 통계에 따르면 반려견 수가 약 600만 마리이고, 양육과정에서 불미스럽거나 치명적인 사고 발생이 점차 증가하고 있어서 반려견 양육을 위한 교육의 필요성이 높아지고 있으나 민간에 맡겨져 있고, 교육을 받기도 쉽지 않은 상태여서 접근이 용이한 교육제도가 마련되어야 한다는 생각입니다.
현재 구청문화센터와 주민센터에서 다양한 교양/문화/체육 프로그램이 진행중인 것으로 아는데.  여기에 반려견 관련 실질적인 교육과 실습(반려견의 행동/사회화 교육, 사육인의 예절/법규교육 등)이 포함된다면 비교적 저렴한 비용에 쉽게 반려견 교육을 받을 수 있을 것으로 생각합니다.",정보·상담·교육·거버넌스,정보 접근성,일반 출산정책 안건,정보·상담·교육·거버넌스,저출생사업1팀,02-2133-5027,가족건강팀 | 생활지원팀,1순위:저출생사업1팀 | 2순위:가족건강팀 | 3순위:생활지원팀,0,,,,,,https://idea.seoul.go.kr/front/freeSuggest/view.do?sn=187678
PROP-187673,2020-06-13,N,미상,4.0,실질적인 임산부 배려석 운영을 위한 제안,실질적인 임산부 배려석 운영을 위한 제안,임신·난임·생식건강,임산부 건강·배려,임산부 건강관리·배려,임신·난임·생식건강,건강임신지원팀,02-2133-9492,가족건강팀 | 저출생사업1팀,1순위:건강임신지원팀 | 2순위:가족건강팀 | 3순위:저출생사업1팀,1,임산부 배려공간 조성,ㅇ 교통 약자인 임산부의 엘리베이터 안전사고 예방 및 배려문화 확산을 위해 엘리베이터 내?외부에 임산부 배려공간 조성(엠블럼 부착)   - 임산부를 위해 해당 공간을 비워두고 양보하는 사회 분위기 확산 유도 ㅇ 임산...,,,,https://idea.seoul.go.kr/front/freeSuggest/view.do?sn=187673
PROP-187657,2020-06-12,N,미상,0.0,어린이보호구역,"어린이보호구역내 교통사고가 계속 일어나고있습니다
제 개인적인생각으로 어린이보호구역 내  도로를 반경300m 이내
어린보호구역자체를 전부 과속방지턱으로 했으면 하는생각입니다
우선 방지턱간격을 5m 내외로 해놓으면 차들이 제대로 달리지를 못하니
과속우려가거의 없을꺼구요사고가나더라도경미한사고로 이어질수잇다고 생각합니다
제 의견이 반영될지는모르겠지만 개인적인생각 적어봅니다.",정보·상담·교육·거버넌스,정보 접근성,일반 출산정책 안건,정보·상담·교육·거버넌스,저출생사업1팀,02-2133-5025,가족지원팀,1순위:저출생사업1팀 | 2순위:가족지원팀,0,,,,,"TAG_REVIEW:현재 태그=정보·상담·교육·거버넌스, 태그 핵심어 약함 || TAG_REVIEW:현재 태그=정보·상담·교육·거버넌스, 태그 핵심어 약함",https://idea.seoul.go.kr/front/freeSuggest/view.do?sn=187657
PROP-187651,2020-06-11,N,미상,6.0,임산부 출퇴근 택시비 감면 복지(바우쳐카드 허용 등),임산부 출퇴근 택시비 감면 복지(바우쳐카드 허용 등),임신·난임·생식건강,임산부 건강·배려,임산부 건강관리·배려,임신·난임·생식건강,건강임신지원팀,02-2133-9492,저출생사업1팀,1순위:건강임신지원팀 | 2순위:저출생사업1팀,5,"35세 이상 임산부 외래 진료 및 검사비 지원 | 임산부 엽산제, 철분제 지원 | 서울시 난임?임산부심리상담센터 운영 | 맘편한 임신 원스톱서비스(임산부?출산전 제공) | 임산부 출산급여 지원","의료비 부담이 큰 35세 이상 산모 대상 외래진료 및 검사에 소요되는 비용을 소득과 무관하게 최대 50만원까지 지원 (24년 3월 사회보장제도 신설 협의 완료, 24년 8월까지 사업추진을 위한  사전절차 진행 예정으... | 지원내용 (엽산제) 임신 전후 3개월까지 엽산제 지원  (철분제) 임신 16주부터 철분제 5개월분  신청방법 주소지 보건소에 방문하거나 온라인(정부24)으로 신청 | 난임부부, 유산?사산 경험부부, 임산부 및 양육모의 정서적 안정을 위해 전담 상담사가 등록부터 종결까지 1:1 상담 및 다양한 프로그램을 운영 | 임산부 엽산제?철분제 지급 등 임신 전?중 통합 서비스 제공 | ㅇ 임산부 출산급여 90만원 지원     ※고용노동부 ‘고용보험 미적용자 출산급여’ 150만원에 추가지원",,,,https://idea.seoul.go.kr/front/freeSuggest/view.do?sn=187651
PROP-187645,2020-06-10,N,미상,10.0,대중교통 버스 임산부석 대책 요망,"출근 길에 대중교통 버스에 올랐다. 목적지 까지 가려면 30~40분이 걸리는데 혼잡한 상황에서 다행하게도 탑승후 곧 바로 자리가 나서 다가가니 임산부 배려석이라고 조그맣게 딱지가 붙어있다.  나는 그 글을 보는 순간 혼잡한 버스 안에서도 앉지 못하고 서있을 수밖에 없었다. 그러나  매 정차장에서 새로운 사람들이 탑승할 때마다 여러 사람들이 그 자리에 앉으려고 했으나, 내가 좌석 입구를 팔로 가로막고 딱지를 가리켜 계속 빈자리가 유일하게 남아 운행 되었다... 적어도 내가 하차할 때까지는 .... 이렇게 방치되는 현상이 이해되지 않아 자세히 보니 ""임산부 배려석""이라고 적혀 있었고 그 아래에는 자리를 비워 놓으라는 문구가 아주 작은 글씨로 씌여 있었다.... 노약자석에 젊은이들이 앉아 있는 것은 일부 이해할 수 있으나, 남녀노소 가리지 않고 임산부석을 염치도 없고 주저없이 경쟁적으로 탐하는 시민문화가 슬프게 다가왔다... 서울시장님 ... 임산부 배려석이 아니고 ""임산부 지정석""이라 표시해야 하며 해당자가 아니면 그 좌석에 착석하지 못하도록 명확한 대책을 세워야지 출퇴근하는 임산부를 전혀 배려하지 않는 시민문화를 계속 방치할 것인지요? . . 서울시 공무원들이 똑똑한 인재가 즐비한데 기초적인 것 하나도 해결하지 못해 임산부들이 곤란을 겪도록 방치해서는 선진사회 진입이 곤란할 뿐만 아니라 서울시민으로서의 부끄러움은 수치로 다가옵니다.... 어떠한 방식이 되었던 서울시내 대중교통 버스에서는 임산부 지정석이 반드시 잘 정착되도록 조속한 대책수립을 부탁드립니다.. 끝.",임신·난임·생식건강,임산부 건강·배려,임산부 건강관리·배려,임신·난임·생식건강,건강임신지원팀,02-2133-9491,저출생사업1팀 | 생활지원팀,1순위:건강임신지원팀 | 2순위:저출생사업1팀 | 3순위:생활지원팀,1,임산부 배려공간 조성,ㅇ 교통 약자인 임산부의 엘리베이터 안전사고 예방 및 배려문화 확산을 위해 엘리베이터 내?외부에 임산부 배려공간 조성(엠블럼 부착)   - 임산부를 위해 해당 공간을 비워두고 양보하는 사회 분위기 확산 유도 ㅇ 임산...,,,,https://idea.seoul.go.kr/front/freeSuggest/view.do?sn=187645
PROP-187434,2020-05-25,N,미상,6.0,지하철 임산부 배려석에 IoT 기술 접목한다면?,지하철 임산부 배려석에 IoT 기술 접목한다면?,임신·난임·생식건강,임산부 건강·배려,임산부 건강관리·배려,임신·난임·생식건강,건강임신지원팀,02-2133-9492,저출생사업1팀 | 가족지원팀,1순위:건강임신지원팀 | 2순위:저출생사업1팀 | 3순위:가족지원팀,1,임산부 배려공간 조성,ㅇ 교통 약자인 임산부의 엘리베이터 안전사고 예방 및 배려문화 확산을 위해 엘리베이터 내?외부에 임산부 배려공간 조성(엠블럼 부착)   - 임산부를 위해 해당 공간을 비워두고 양보하는 사회 분위기 확산 유도 ㅇ 임산...,,,,https://idea.seoul.go.kr/front/freeSuggest/view.do?sn=187434
PROP-187426,2020-05-24,N,미상,0.0,어린이보호구역횡단보도전면차단기설치및인도난간재정비필요,"어린이보호구역횡단보도 전면차단기설치 및인도난간무단횡단방지용으로재정비가 필요하다고생각됨.
법으로 중하게하는것도중요하지만 먼저 물리적으로최대한 사고를예방하는것이 더중하다생각됨.
횡단보도같은경우 보행자측 차람측4면에 차단기를설치하면 차량은 아무래도속도를낼수없고 보행자측도 무단횡단을어느정도방지할수있음.만약차량이 속도조절을못해 차단기파손이나 속도위반이되었을경우 기존에받았던처벌에서 기물파손에관한것도더해지며 .보행자가 무단횡단할경우 성인과어린이로 나뉘는데 성인은일반적으로받는처벌수위보다높게받아야한다고생각됨.어린이보호구역인만큼 아이들교육적인면에서 저해된다고봄.만약아이가 위반했을경우 보호자를 대동한교통안전교육을 의무적으로 몇시간이상을 들어야한다고봄.그를어길시 그또한 막중한처벌로 이루어져야함.그래야 이교통안전이라는것이 가정교육으로도 일루어질수있다고생각됨.
그외 횡단보도외인도난간또한 절대로 넘어갈수없고 발헛디딤으로인한 사고방지를위한 무단횡단방지용난간으로꼼꼼한 재정비가필요하다고봄.어디로든지차도로 나갈수없겠끔.
전 운전자인남편과 자식을둘 둔 엄마입니다.요즘민식이법이네뭐네하면서얘기가많더라구요.자식잃은부모나 안타깝게사고난운전자나모두내식구라생각하면 가슴아프겠더라구요.코로나로인해나라살림이말도아닐텐데도그리고 저만이런생각하는거아닐텐데도 꼭쓰고싶었습니다.효과가있을지는모르겠지만 모두가 조금이라도 안전해졌으면좋겠습니다",정보·상담·교육·거버넌스,정보 접근성,일반 출산정책 안건,정보·상담·교육·거버넌스,저출생사업1팀,02-2133-5027,생활지원팀,1순위:저출생사업1팀 | 2순위:생활지원팀,0,,,,,,https://idea.seoul.go.kr/front/freeSuggest/view.do?sn=187426
PROP-187404,2020-05-21,N,미상,1.0,어린이 보호구역 내 어린이 보행규정강화와 부모벌점제.,"어린이 사고예방은
운전자만 조심한다고 될 문제가 아니라고 봅니다.
어린이 안전보행 교육강화
부모교육 및 자녀의 안전보행의무 위반시 누적벌점제로
일정기준의 벌점이 초과됐을 시 보육지원금 삭감과
더이상 삭감할 지원금이 없을시 벌금을 부과하는 방법으로
강력한 계도에 따른 어린이 안전보행 실현이 필요하다고 봅니다.
또한. 어린이보호구역에서 등하교시간에 안전의무 불이행시
가중처벌또한 이루어 져야한다고 봅니다.",정보·상담·교육·거버넌스,정보 접근성,일반 출산정책 안건,정보·상담·교육·거버넌스,저출생사업1팀,02-2133-5027,가족건강팀 | 생활지원팀,1순위:저출생사업1팀 | 2순위:가족건강팀 | 3순위:생활지원팀,0,,,,,,https://idea.seoul.go.kr/front/freeSuggest/view.do?sn=187404
PROP-187401,2020-05-21,N,미상,3.0,지하철 임산부 배려석,"지하철 임산부석은 임산부를 위해 비워두라고 목이 터져라 안내방송을 하고 있지만 남녀노소를 막론하고 이를 지키는 경우가 없다. 여전히 무언가 잘못 돌아가고 있다는 느낌이다. 홍보와 캠페인으로 안된다면 얼굴이 뜨거워지는 좀 더 자발적인 대책이 필요할 것 같다.
그래서 제안하는 내용은,
첫째, 임산부배려석에 앉으면 자동적으로 임산부인지 여부를 묻는 안내 멘트가 나오도록 엉덩이가 닫는 의자 바닥에 칩을 설치하여 일반인이 앉지 못하도록 하자. 예를 들어 '이 의자는 임산부배려석입니다. 임산부가 아닌 경우 자리를 비워두시기 바랍니다'라는 멘트를 일어날때까지 계속 내보내게 하는 것이다.
둘째, 임산부인 경우 이 멘트를 끄는 방법으로는 임산부에게 배부하는 임산부표식에 칩을 끼워 배부하고 임산부가 앉을때 이 표식을 의자에 갖다대면 안내 멘트가 안나오거나 중지하도록 하면 됩니다.",임신·난임·생식건강,임산부 건강·배려,임산부 건강관리·배려,임신·난임·생식건강,건강임신지원팀,02-2133-9491,가족지원팀 | 저출생사업1팀,1순위:건강임신지원팀 | 2순위:가족지원팀 | 3순위:저출생사업1팀,1,임산부 배려공간 조성,ㅇ 교통 약자인 임산부의 엘리베이터 안전사고 예방 및 배려문화 확산을 위해 엘리베이터 내?외부에 임산부 배려공간 조성(엠블럼 부착)   - 임산부를 위해 해당 공간을 비워두고 양보하는 사회 분위기 확산 유도 ㅇ 임산...,,,,https://idea.seoul.go.kr/front/freeSuggest/view.do?sn=187401
PROP-187366,2020-05-19,N,미상,3.0,동네 나눔 육아 50+어벤져스,"저는
50
대 중반의 주부입니다
.
저는 아이 키우면 직장 생활을 했는데요
.
가장 난감했던 순간이 갑자기 업무가 생겨  야근을 하거나 출장을 가게 되는 경우였습니다
.
정규적인 시간대에는 아이 돌보는 분을 구한다거나 어린이집에 보냈다거나 해결책을 가지고 있지만 갑자기 일이 생기면 여기 저기 구원의 손길을 구하며 난감했던 경험들이 있습니다
.
엄마가 일순위 해결사셨지만 오시는 거리가 있어 마음을 동동구르고 죄송한 마음이 많이 들었습니다
.
이제 아이들이 크고 제가 집에 있게 되면서 저와 같은
50+
가 어벤져스가 되어 이런 엄마들을 도울 수 있다면 좋겠다는 생각이 들었습니다
.
아이들이 다 커 챙겨줄 필요도 줄고 저녁 시간에 홀로 있는 경우도 많으니 이웃의 아이를 가끔 봐주는 것이 그리 부담되지 않는 일이고 어린 친구가 생기는 즐거운 일도 될 수 있다는 생각입니다
.
같은 지역
,
특히 요즘은 아파트 거주가 대부분이니 같은 지역
,
아파트에 사는 이웃이 아이들 돌보아 줄 수 있다면 아이도 낯설지 않고 아이를 찾아가기도 쉽고 믿을 수 있지 않을까 싶습니다
.
직장맘은 아무래도 동네 네트웍이 약한 경우가 많습니다
.
그래서 이 연결 고리 역할을 동주민센터에서 해주시면 어떨까 합니다
.
같은 동에 사는 시간제 나눔 육아가 가능한
50+
가 동주민센터에 신청하면
(
가능한 요일
,
시간대 표기
)
동주민센터에서 신원 확인과 건강 상태 확인을 거친 후 어벤져스로 등록됩니다
.
그리고 필요한 엄마들이 동주민센터로 연락하면 같은 아파트 우선으로 하고 안되면 가장 가까운 곳의 어벤져스를 연결시켜 주는 시스템을 만드는 거죠
.
발전하면 직장맘뿐 아니라 모든 엄마들을 위한 시스템이 될 수 있겠죠
.
같은 동네에서 아이를 키운 어벤져스들이기에 시간제 아이 돌봄뿐 아니라 동네 교육
,
육아 정보과 경험들도 나누어 줄 수 있다고 생각합니다
.
동네 선배 엄마가 후배 엄마를 돕는거죠
~~!!!
이상이 저의 동네 나눔 육아
50+
어벤젼스에 대한 제안입니다
~^^",정보·상담·교육·거버넌스,정보 접근성,일반 출산정책 안건,정보·상담·교육·거버넌스,저출생사업1팀,02-2133-5027,생활지원팀,1순위:저출생사업1팀 | 2순위:생활지원팀,5,서울형 육아휴직장려금(사업종료) | 1인 자영업자 등 배우자 출산휴가급여 지원 | 서울형 강소기업 지원(사업종료) | 서울형 육아휴직장려금 | 1인 자영업자?프리랜서 배우자 출산휴가 지원금,"○ 자녀 1인당 최대 120만원 지원 - 육아휴직기간 연속 6개월 시 60만원, 연속 12개월 경과 시 60만원 추가지급 ※ 부?모 모두 육아휴직 시 각각 지급 (자녀 1인에 대해 가구당 최대 240만원 지급) | 1인 자영업자 등에 배우자(남편) 출산휴가급여 최대 120만원(15일분) 지원 (2026.1.1. 기준 출생아부터 적용) - 2025년 출생아는 최대 80만원(10일분) 지원 ㅇ 지원대상에 대한 자격요건 완화(202... | ① 청년 정규직 채용 시, 사내복지 개선 등 근무환경개선금지원(최대 3명) ② 육아친화 및 일?생활 균형 조직문화 조성을 위한 교육?컨설팅 지원 ③ 마음챙김, 스트레스 관리로 신입사원 번아웃 예방을 위한 청년성장 프... | ○ 자녀 1인당 최대 120만원 지원 - 육아휴직기간 연속 6개월 시 60만원, 연속 12개월 경과 시 60만원 추가지급 ※ 부?모 모두 육아휴직 시 각각 지급 (자녀 1인에 대해 가구당 최대 240만원 지급) | 1인 자영업자 등에 배우자 출산휴가급여 80만원 지원",,,,https://idea.seoul.go.kr/front/freeSuggest/view.do?sn=187366
PROP-187148,2020-04-26,N,미상,5.0,난임부부 180%추가 지원,"안녕하십니까?
경제적 문제로 첫 아이를 포기하고자 하는 기로에 서 있는 난임 부부입니다. 인공수정과 시험관 등 난임과 관련된 비용이 건강보험료가 본인부담 30%가 적용되면서 비용이 예전보다 훨씬 낮아졌습니다. 하지만, 저희는 맞벌이로 180% 이하에 속하는 건강보험료에 4000원이 초과되어 지원을 받지 못하는 경우입니다.
시험관을 할 때마다 건강보험료가 적용이 되어도 본인부담금이 200만원 정도 들어갑니다.한번 실패를 하면 2-3개월은 휴식기를 가져야 되어서 1년에 최대 3번 정도 가능합니다. 한번 해서 성공을 하면 감당할 수 있는 비용이지만, 몇 번 정도 지속이 될 경우는 이 개인부담금이 너무 부담이 됩니다.1년하고 다음에는 적금 들듯이 1년 정도 비용을 모으고 해야하는 실정입니다. 그만큼 임신 가능성은 멀어집니다.
현재 다른 시도나 자치단체에서는 중위소득 180%초과자 에게도 예산을 따로 배정하여, 소득에 관계없이 조금이나마 지원하고자 노력을 하고 있습니다.(부산,경상남도,경상북도,광주, 전라남도, 익산 등)
저는 서울에서 40년 넘게 살고 있는 사람으로서, 서울시에서 180%초과자에게도 첫 아이를 안을 때까지는 시험관 단 1회 비용이라도 지원을 하여 주셨으면 합니다. 혹은 중위소득 200%까지라도 조금이라도 폭을 넓혀주셨으면 좋겠습니다.
시간은 계속 가고 있고, 몸 상태는 언제까지 지속될 지는 모르겠지만, 경제적 부담으로 지원을 받기 위해 다른 시도에 가서 아이를 가지고, 낳아야 하는 고민도 해보았습니다. 이제는 이러한 고민도 사치가 되어버렸지만, 저출산 시대에 아이를 낳으라는 국가의 정책에 도움이 되는 현실적인 정책이 나왔으면 합니다.
제발 서울시가 잉여 예산이 조금이라도 남아있다면, 180%초과자에게도 지원을 가능한 빨리 주셨으면 좋겠습니다.지금까지는 기존의 혜택을 받으시는 분들의 혜택이 확대되는 것에 초점을 두셨다면, 혜택을 받지 못한 180%초과자에게도 첫 아이만큼은 현실적인 시술비가 지원될 수 있도록 현실적 정책 제안을 조속히 마련부탁드립니다.",임신·난임·생식건강,난임 지원,난임시술·주사·시술비,임신·난임·생식건강,가족지원팀,02-2133-6562,건강임신지원팀 | 저출생사업1팀,1순위:가족지원팀 | 2순위:건강임신지원팀 | 3순위:저출생사업1팀,5,서울형 육아휴직장려금 | 서울형 육아휴직장려금(사업종료) | 영아 전담 아이돌봄서비스 | 1인 자영업자 등 배우자 출산휴가급여 지원 | 육아휴직장려금,"○ 자녀 1인당 최대 120만원 지원 - 육아휴직기간 연속 6개월 시 60만원, 연속 12개월 경과 시 60만원 추가지급 ※ 부?모 모두 육아휴직 시 각각 지급 (자녀 1인에 대해 가구당 최대 240만원 지급) | ○ 자녀 1인당 최대 120만원 지원 - 육아휴직기간 연속 6개월 시 60만원, 연속 12개월 경과 시 60만원 추가지급 ※ 부?모 모두 육아휴직 시 각각 지급 (자녀 1인에 대해 가구당 최대 240만원 지급) | 출산휴가, 육아휴직 후 복귀하는 맞벌이 가정을 지원하고자 영아 돌봄 교육을 이수한 전담 돌보미가 영아 이유식 먹이기, 젖병 소독 등 영아 특화 돌봄서비스 제공 | 1인 자영업자 등에 배우자(남편) 출산휴가급여 최대 120만원(15일분) 지원 (2026.1.1. 기준 출생아부터 적용) - 2025년 출생아는 최대 80만원(10일분) 지원 ㅇ 지원대상에 대한 자격요건 완화(202... | ○ 1인 최대 120만원 지원 - 육아휴직기간 연속 6개월 시 60만원, 연속 12개월 경과 시 60만원 추가지급 ※ 부?모 동시 육아휴직 시 각각 지급 (자녀 1인에 대해 가구당 최대 240만원 지급)",,,,https://idea.seoul.go.kr/front/freeSuggest/view.do?sn=187148
PROP-187097,2020-04-21,N,미상,6.0,어린이보호구역 간판 설치,"큰... 초등학교나 그옆의 도로
뻘건색 아스팔트 정도는 .. 어린이 보호구역이라 알고있고 .. 대충봐도  어린이보호구역이란것이
운전자한테 느껴집니다 ..
근데 ... 왠 이상한골목이나 .. 한적한 도로가 .. 주변에 팬스 쳐진 공원에 빗물펌프장옆인데 ..
이게 어린이 보호구역인지 뭔지 .. 알수가 없습니다 ... 도로고 검은색에 ...
어린이 보호구역의 범위를 누구나 알아볼수있을만한 간판설치를 부탁드립니다 ...
아니 법이 바껴서 이래저래 모자른것들은 .. 알겠는데 ..
우린 이대로 그냥 할테니 모르면 모든 주정차.운행과태료 두배내라 .. ... 너무하는거아닙니까 ..
애들은 보호하고 시민들은 봉으로 생각합니까 .....",정보·상담·교육·거버넌스,정보 접근성,일반 출산정책 안건,정보·상담·교육·거버넌스,저출생사업1팀,02-2133-5025,가족지원팀,1순위:저출생사업1팀 | 2순위:가족지원팀,0,,,,,"TAG_REVIEW:현재 태그=정보·상담·교육·거버넌스, 태그 핵심어 약함 || TAG_REVIEW:현재 태그=정보·상담·교육·거버넌스, 태그 핵심어 약함",https://idea.seoul.go.kr/front/freeSuggest/view.do?sn=187097
PROP-187052,2020-04-15,N,미상,0.0,"저소득, 다자녀 가구에 매트 제공","코로나19로 인해 뉴스에서 ""층간소음""과 관련한 불만에 대해 공감하는 바입니다.
지금도 제 머리위에선 아이들의 쿵쾅소리가 울려퍼지고 이제 진동까지 쩌렁댑니다...
참고로 이곳은 sh공사 매입임대 다가구주택이고 지은지 정확히는 모르겠으나 10년은 넘은듯 합니다. 필로티 공법 다가구이고
저희가 거주하는 층 아래는 주차장입니다. 지금도 후회합니다... 이럴줄 알았으면 맨 꼭대기로 선택했어야 하는데...
유독 잘 뛰는 아이들이 최근 이사를 온 관계로 이 집이 이렇게 통울림이 심한줄 온몸으로 깨닫고 있습니다.
sh공사에 전화, 인터넷으로 민원을 넣어도 기다림도 그렇고 문자 한통 넣어줬는지 피드백도 없고, 이사온 부모들에게
주위를 줘 봤자 기분만 상하고 뛰는 아이들을 부모라고 감당하겠습니까... 또한 주택 자체의 문제가 큽니다.
벽을 두들겨 보면 퉁퉁 소리가 나는 보드로 마감을 했네요. 층간소음이 덜했을때는 그러려니 했던 것이 이젠 여기저기
기웃거리고 문제점이 여간 심각한게 아닙니다. 아이들의 발소리, 뛰는소리, 방문소리, 화장실 물내리는 소리, 계단
과 출입문 발소리 등 무엇을 하는지 대충 감을 잡을 정도로 소리가 크게 울리고 진동까지 느껴집니다.
오늘 우연히 뉴스를 보니 다자녀가구에 매트를 제공한다는 것을 보고 좋은 생각이라고 생각하여 제안을 해 봅니다.
우선,
1. sh공사 임대주택에 입주하는 2층이상 거주하는 자녀가 있는 세대에 바닥 매트만이라도 필수적으로 깔게 해야만 합니다.
2. 최소 건축된 10년이상 임대주택에 대해서는 층간소음 및 주택의 이상유무를 체크했으면 합니다.
3. 현재 운영중인 ""서울시 공동주택 층간소음 상담실""을 sh공사 ""불편신고"" 민원과 연계하여 체계적인 민원 해결과 중재가
이뤄지고 이러한 홍보를 강하게 해야만 합니다.
""층간소음""문제는 몇달 당해보니 삶이 피폐해진다는 것이 어떤 것인지 실감합니다.
저희가 탈출을 하더라도 언젠가 내가 사는 곳에, 또한 수많은 층간소음으로 이뤄지는 분들이 조금이나 평화적이고 상식적
으로 해결하고 완화되는 바램으로 이러한 제안을 합니다.",다자녀·양육비·생활지원,다자녀 혜택,다자녀 기준·할인·감면,다자녀·양육비·생활지원,저출생사업1팀,02-2133-5027,가족건강팀,1순위:저출생사업1팀 | 2순위:가족건강팀,0,,,,,,https://idea.seoul.go.kr/front/freeSuggest/view.do?sn=187052
PROP-187005,2020-04-09,N,미상,7.0,"서울특별시 신혼부부 전세대출제도에서, 장기전세도 지원에 포함시켜주세요.","서울특별시 신혼부부 전세대출제도에서, 장기전세도 지원에 포함시켜주세요.",주거·교통·도시생활환경,출산가구 주거,신혼부부·출산가구 주거지원,주거·교통·도시생활환경,저출생사업1팀,02-2133-5027,생활지원팀,1순위:저출생사업1팀 | 3순위:생활지원팀,4,신혼부부 결혼ㆍ살림비용 지원 | 신혼희망타운 | 신혼부부 전용 주택 구입 자금 대출 | 신혼부부 임차보증금 이자 지원,"ㅇ 결혼ㆍ살림 비용 최대 100만원 지원    - 결혼준비 및 혼인살림 장만 관련 비용 지출    ※ 생애 1회 지급   ? 결혼준비 : 혼수, 예식장, 신혼여행, 청첩장 등    ? 혼인살림 : 전자제품, 주방가전... | 신혼희망타운 분양?임대주택 공급 및 청약 자격 제공 | 연 2.55~3.85% 금리로 주택구입 자금 대출, 최대 3억 2천만 원 한도 | - 임차보증금 대출금: 최대 3억원(임차보증금의 90% 이내) - 이자지원 금리: 최대 4.5% - 지원기간: 최장 10년(25.11.20. 부터 최장 12년) ※ 자세한 사항은 서울주거포털 공고문 참조",,,,https://idea.seoul.go.kr/front/freeSuggest/view.do?sn=187005
PROP-186943,2020-04-05,Y,미상,66.0,초등 온라인개학이 직장부모 자녀의 교육 불평등이 이어지지 않을 대책이 필요합니다.,초등 온라인개학이 직장부모 자녀의 교육 불평등이 이어지지 않을 대책이 필요합니다.,정보·상담·교육·거버넌스,정보 접근성,일반 출산정책 안건,정보·상담·교육·거버넌스,저출생사업1팀,02-2133-5027,다문화지원팀,1순위:저출생사업1팀 | 2순위:다문화지원팀,5,1인 자영업자 등 배우자 출산휴가급여 지원 | 배우자 출산휴가 지원금 | 서울형 강소기업 지원 | 서울형 강소기업 지원(사업종료) | 서울형 육아휴직장려금,"1인 자영업자 등에 배우자(남편) 출산휴가급여 최대 120만원(15일분) 지원 (2026.1.1. 기준 출생아부터 적용) - 2025년 출생아는 최대 80만원(10일분) 지원 ㅇ 지원대상에 대한 자격요건 완화(202... | ㅇ 임산부 배우자를 둔 1인 자영업자?프리랜서에 배우자 출산휴가 지원금 80만원 지원 | ① 청년 정규직 채용 시, 사내복지 개선 등 근무환경개선금 최대 45백만원 지원 ② 육아휴직자 대체 청년인턴에 최대 23개월 인건비 지원으로 업무공백 해소 ③ 육아친화 및 일?생활 균형 조직문화 조성을 위한 교육?컨... | ① 청년 정규직 채용 시, 사내복지 개선 등 근무환경개선금지원(최대 3명) ② 육아친화 및 일?생활 균형 조직문화 조성을 위한 교육?컨설팅 지원 ③ 마음챙김, 스트레스 관리로 신입사원 번아웃 예방을 위한 청년성장 프... | ○ 자녀 1인당 최대 120만원 지원 - 육아휴직기간 연속 6개월 시 60만원, 연속 12개월 경과 시 60만원 추가지급 ※ 부?모 모두 육아휴직 시 각각 지급 (자녀 1인에 대해 가구당 최대 240만원 지급)",,,,https://idea.seoul.go.kr/front/freeSuggest/view.do?sn=186943
PROP-186896,2020-04-02,N,미상,0.0,코로나 아동수당(긴급돌봄쿠폰) 관련,"안녕하세요. 이번 코로나19로 코로나 아동수당 계획이 발표되었습니다. 사실상 코로나가 4월에도 계속되고..3-6월 분만하시는 분들은 산후조리원이나 도우미 쓰기도 꺼려지고 집에서만 보내야 하는 분들도 많습니다. 기사에서 해남시는 2020.4-6월 출생아에도 차등 지급을 한다고 명시가 되었는데, 서울은 발표 내용처럼 2020.3월생까지만 지급이 되는지 궁금합니다. 3-6월 지급해서 40만원 지급인데, 2020. 4월-6월 분만예정인 분들도 받았으면 좋겠습니다 :)
다들 수고해주세요!",보육·돌봄 인프라,가족돌봄,아이돌봄·조부모돌봄,보육·돌봄 인프라,돌봄사업팀,02-2133-6560,생활지원팀,1순위:돌봄사업팀 | 2순위:생활지원팀,5,병원동행 전담 아이돌봄서비스 | 아픈아이 전담 아이돌봄서비스 | 영아 전담 아이돌봄서비스 | 영아종일제 아이돌봄 서비스 | 초등돌봄교실,"부모의 맞벌이 등으로 아픈 자녀의 병원 동행을 할 수 없는 경우 아이돌보미가 병원 동행 및 가정 내 돌봄 서비스 제공 | 부모의 맞벌이 등으로 아픈 자녀의 병원 동행을 할 수 없는 경우 아이돌보미가 병원 동행 및 가정 내 돌봄 서비스 제공('23년은 5개구 시범운영 중 : 성동, 동대문, 강북, 강서, 서초) | 출산휴가, 육아휴직 후 복귀하는 맞벌이 가정을 지원하고자 영아 돌봄 교육을 이수한 전담 돌보미가 영아 이유식 먹이기, 젖병 소독 등 영아 특화 돌봄서비스 제공 | 양육공백 가정에 아이돌보미가 찾아가 영아 이유식 먹이기, 젖병 소독, 기저귀 갈기, 목욕 등 돌봄 서비스 제공  ※ 정부지원 아이돌봄 서비스는 서울형 아이돌봄비(조부모 돌봄수당 등)와 별개의 사업   - 서울형 아이... | 돌봄, 교육 및 일부 급?간식비 지원",,,,https://idea.seoul.go.kr/front/freeSuggest/view.do?sn=186896
PROP-186849,2020-03-30,N,미상,5.0,어린이 보호구역 횡단보도에 스크린 도어 설치,"안녕하세요! 저는 유아교사를 직업으로 삼고 있는 서울 시민 강ㅇㅇ 이라고 합니다 :)
이번 민식이 법이 생겨나면서, 어찌 보면 어린이들을 위해 당연히 생겼어야 할 법이기도 하지요! 하지만 제가 유아들을 교육하면서 느낀 유아들은, 절대 완벽한 통제를 할 수 없다는 것입니다.
유아들은 신체적 욕구가 활발하고 에너지가 많아 뛰는 것을 좋아합니다.
하고 싶은 일 (목표)가 생기면 그 목표만을 바라보고 달려갑니다.
아이를 키우시는 부모님, 유치원, 보육교사 선생님들께서도 모두 공감하실거예요!
그래서 저희가 차를 통제하는 것도 물론 좋지만, 언제 어디서 튀어나올지 모르는 어린이들을 물리적으로나마 막아줄 수 있는 장치를 설치했으면 좋겠습니다.
제가 어떤 장치가 있을까 생각해 보다가 지하철 스크린도어가 생각이 났고, 어린이 보호구역에 한해서 횡단보도에 스크린도어를 설치한다면 조금 더 아이들과 운전자들이 안전한 서울시가 될 수 있지 않을까 생각을 해보았습니다!
물론 도로와 인도가 정확하게 구분이 되지 않은 지역은 추가로 팬스를 설치하거나, 다른 대책들이 필요할 것입니다
어린이들의 안전도, 우리 어른의 안전도 모두 생각할 수 있는 어린이보호구역 횡단보도 스크린도어 설치를 제안해봅니다!",정보·상담·교육·거버넌스,정보 접근성,일반 출산정책 안건,정보·상담·교육·거버넌스,저출생사업1팀,02-2133-5027,가족건강팀,1순위:저출생사업1팀 | 2순위:가족건강팀,0,,,,,,https://idea.seoul.go.kr/front/freeSuggest/view.do?sn=186849
PROP-186804,2020-03-26,N,미상,0.0,민식법 실효성 높이려면 어린이 보호구역  과속 방지턱 두개 이상 연속 설치 전국적으로 시행 제안,"민식이 법이 통과 된 후에도 차량들이 어린이 보호구역에서 속도를 줄이지 않고 지나 가고 있다는 뉴스보도를 보았습니다.
법을 제정하는 것고 좋지만 실질적으로 현장에서 운전자들이 속도를 줄이지 않고는 지나갈 수 없는 환경을 만드는 게 훨씬 실효성이 크다고 봅니다. 그래서 어린이 보호구역에서 과속방지 턱을 높이거나 두개 이상 연속으로 설치해서 속도를 줄이지 않고는 지나갈 수 없게 하자는 제안을 드립니다.",정보·상담·교육·거버넌스,정보 접근성,일반 출산정책 안건,정보·상담·교육·거버넌스,저출생사업1팀,02-2133-5027,가족건강팀,1순위:저출생사업1팀 | 2순위:가족건강팀,0,,,,,"TAG_REVIEW:현재 태그=정보·상담·교육·거버넌스, 태그 핵심어 약함 || TAG_REVIEW:현재 태그=정보·상담·교육·거버넌스, 태그 핵심어 약함",https://idea.seoul.go.kr/front/freeSuggest/view.do?sn=186804
PROP-186769,2020-03-24,N,미상,2.0,서울시 장애인시설 임산부 종사자 재택근무,서울시 장애인시설 임산부 종사자 재택근무,임신·난임·생식건강,임산부 건강·배려,임산부 건강관리·배려,임신·난임·생식건강,건강임신지원팀,02-2133-9491,가족지원팀 | 저출생사업1팀,1순위:건강임신지원팀 | 2순위:가족지원팀 | 3순위:저출생사업1팀,5,"35세 이상 임산부 외래 진료 및 검사비 지원 | 임산부 엽산제, 철분제 지원 | 서울시 난임?임산부심리상담센터 운영 | 맘편한 임신 원스톱서비스(임산부?출산전 제공) | 임산부 출산급여 지원","의료비 부담이 큰 35세 이상 산모 대상 외래진료 및 검사에 소요되는 비용을 소득과 무관하게 최대 50만원까지 지원 (24년 3월 사회보장제도 신설 협의 완료, 24년 8월까지 사업추진을 위한  사전절차 진행 예정으... | 지원내용 (엽산제) 임신 전후 3개월까지 엽산제 지원  (철분제) 임신 16주부터 철분제 5개월분  신청방법 주소지 보건소에 방문하거나 온라인(정부24)으로 신청 | 난임부부, 유산?사산 경험부부, 임산부 및 양육모의 정서적 안정을 위해 전담 상담사가 등록부터 종결까지 1:1 상담 및 다양한 프로그램을 운영 | 임산부 엽산제?철분제 지급 등 임신 전?중 통합 서비스 제공 | ㅇ 임산부 출산급여 90만원 지원     ※고용노동부 ‘고용보험 미적용자 출산급여’ 150만원에 추가지원",,,,https://idea.seoul.go.kr/front/freeSuggest/view.do?sn=186769
PROP-186685,2020-03-16,N,미상,2.0,"기저귀 전용 배출봉투 제작, 배포","현황 및 문제점
1. 저출산의 문제점중 육아비용 부담이 있으며, 그중
매일 사용 하는 기저귀, 폐기저귀 처리용 종량제
봉투 구입 비용이 있음.
2. 저소득층의  경우 종량제 구입비용도 육아 비용에      부담 될 수 있음
3. 기저귀의 경우 재활용이 가능 함.
4. 병의원,요양원에서 사용하는 기저귀의 경우
분리배출 하여야 하나 비용의 부담으로 혼합배출
하는 사례가 빈번히 발생됨.
5. 기저귀를 재활용 하는 의견이나 폐기소각 하는
의견이 있는데 이 모두 분리배출이 전제조건임.
제안내용
서울시에서 자체적으로 기저귀 전용 배출봉투를
제작하여 가정용은 소형으로 무료 배포,
병의원용은 중대형으로 저렴한 가격에 제공.
기대효과
가정용, 의료용 기저귀의 분리배출이 가능해져
재활용, 폐기시 수훨하게 처리 가능.
가정용배포로 육아비용이 절감 되고,
의료용 혼합배출을 예방 할 수 있음.",다자녀·양육비·생활지원,양육비·생활비 지원,분유·기저귀·아동수당·부모급여,다자녀·양육비·생활지원,저출생사업1팀,02-2133-5027,가족건강팀 | 생활지원팀,1순위:저출생사업1팀 | 2순위:가족건강팀 | 3순위:생활지원팀,0,,,,,"TAG_REVIEW:현재 태그=다자녀·양육비·생활지원, 태그 핵심어 약함 || TAG_REVIEW:현재 태그=다자녀·양육비·생활지원, 태그 핵심어 약함",https://idea.seoul.go.kr/front/freeSuggest/view.do?sn=186685
PROP-186658,2020-03-13,N,미상,1.0,2020년 신혼부부 전세자금 대출 이자 지원 기준 변경 제안,2020년 신혼부부 전세자금 대출 이자 지원 기준 변경 제안,주거·교통·도시생활환경,출산가구 주거,신혼부부·출산가구 주거지원,주거·교통·도시생활환경,저출생사업1팀,02-2133-5027,생활지원팀,1순위:저출생사업1팀 | 2순위:생활지원팀,4,신혼부부 결혼ㆍ살림비용 지원 | 신혼희망타운 | 신혼부부 전용 주택 구입 자금 대출 | 신혼부부 임차보증금 이자 지원,"ㅇ 결혼ㆍ살림 비용 최대 100만원 지원    - 결혼준비 및 혼인살림 장만 관련 비용 지출    ※ 생애 1회 지급   ? 결혼준비 : 혼수, 예식장, 신혼여행, 청첩장 등    ? 혼인살림 : 전자제품, 주방가전... | 신혼희망타운 분양?임대주택 공급 및 청약 자격 제공 | 연 2.55~3.85% 금리로 주택구입 자금 대출, 최대 3억 2천만 원 한도 | - 임차보증금 대출금: 최대 3억원(임차보증금의 90% 이내) - 이자지원 금리: 최대 4.5% - 지원기간: 최장 10년(25.11.20. 부터 최장 12년) ※ 자세한 사항은 서울주거포털 공고문 참조",,,,https://idea.seoul.go.kr/front/freeSuggest/view.do?sn=186658
PROP-186632,2020-03-11,N,미상,0.0,구별로 영유아 마스크 공급 동일하게해주세요,구별로 영유아 마스크 공급 동일하게해주세요,정보·상담·교육·거버넌스,정보 접근성,일반 출산정책 안건,정보·상담·교육·거버넌스,저출생사업1팀,02-2133-5027,다문화지원팀,1순위:저출생사업1팀 | 2순위:다문화지원팀,0,,,,,"TAG_REVIEW:현재 태그=정보·상담·교육·거버넌스, 태그 핵심어 약함 || TAG_REVIEW:현재 태그=정보·상담·교육·거버넌스, 태그 핵심어 약함",https://idea.seoul.go.kr/front/freeSuggest/view.do?sn=186632
PROP-186626,2020-03-11,N,미상,1.0,우리 서울시 만큼이라도  아동수당 추가 지급 하게 된다면 현금으로 지급 하면 좋겠네요,"아동수당 추가 지급 (추경이 통과되면 상품권으로 동사무소 등에서 지급한다고 뉴스에서 봤는데 이거 문제 아닌가요?
전국적으로 확산되고 있는 코로나와 관련 현 정부시책 및 국민의 다수 의견은 최대한 사람간의 접촉을 피하는 것이 가장 급선무이며 중차대한 예방의 선결과제이다.(
서울시도 사회적 거리두기 하고 있잖아요
)
헌데 아동양육 한시지원의 정책 중 10만원 상당의 지류(상품권 지급)은 다음과 같은 문제점을 야기시켜요.
1. 반드시 대면 접촉을 하게 된다는 점 -동 등 에서 지류로 배부 할 시 아동 가족 그 누군가와는 반드시 대면 접촉을 하게 되는 점
2. 등기 발송 시 또한 등기 수령인과 반드시 대면 접촉을 하게 된다는 점
3. 지류로 받은 아동 가족 중 누군가는 반드시 지류를 쓰기 위하여 지역 시장, 마트 등을 방문해야 한다는 점
4. 위와 같은 상황은 현 정부의 방역시책에 역행할 뿐만 아니라 잠재적 감염상태에 무방비 노출되어 현 사태에 전혀 도움이 되지 않는 점
5. 지류로 배부 하였다 하여도 코로나 사태가 나아질 때 까지 대부분 외출을 삼가 하기 때문에 현 아동에 직접적인 도움이 되지 못한 다는 점
6. 소비가 이루어지지 않기 때문에 아동 가구나 지역경제에 전혀 도움이 되지 못한다는 점
정말 답답한 생각이 들어서 글 올리는데 적어도 서울시에서 만큼은 현금으로 지급 하면 안되나요?
그게 가구에 훨씬 도움이 되고 온라인으로 구매 할 수 있고 사회적 거리두기 정책에도 맞는거 아닌가요?
실시 여부가 아직 미확정이라고 하지만 뉴스를 보다가 참 어이없어서 적어도 우리 서울시 만큼은
만약 한다면 현금으로 지급 했으면 하는 생각에 제안 해 봅니다.",다자녀·양육비·생활지원,양육비·생활비 지원,분유·기저귀·아동수당·부모급여,다자녀·양육비·생활지원,저출생사업1팀,02-2133-5025,,1순위:저출생사업1팀,0,,,,,,https://idea.seoul.go.kr/front/freeSuggest/view.do?sn=186626
PROP-186619,2020-03-11,N,미상,0.0,임산부들을 위한 마스크 무료 제공 제안,임산부들을 위한 마스크 무료 제공 제안,임신·난임·생식건강,임산부 건강·배려,임산부 건강관리·배려,임신·난임·생식건강,건강임신지원팀,02-2133-9491,가족건강팀 | 저출생사업1팀,1순위:건강임신지원팀 | 2순위:가족건강팀 | 3순위:저출생사업1팀,5,"35세 이상 임산부 외래 진료 및 검사비 지원 | 임산부 엽산제, 철분제 지원 | 서울시 난임?임산부심리상담센터 운영 | 맘편한 임신 원스톱서비스(임산부?출산전 제공) | 임산부 출산급여 지원","의료비 부담이 큰 35세 이상 산모 대상 외래진료 및 검사에 소요되는 비용을 소득과 무관하게 최대 50만원까지 지원 (24년 3월 사회보장제도 신설 협의 완료, 24년 8월까지 사업추진을 위한  사전절차 진행 예정으... | 지원내용 (엽산제) 임신 전후 3개월까지 엽산제 지원  (철분제) 임신 16주부터 철분제 5개월분  신청방법 주소지 보건소에 방문하거나 온라인(정부24)으로 신청 | 난임부부, 유산?사산 경험부부, 임산부 및 양육모의 정서적 안정을 위해 전담 상담사가 등록부터 종결까지 1:1 상담 및 다양한 프로그램을 운영 | 임산부 엽산제?철분제 지급 등 임신 전?중 통합 서비스 제공 | ㅇ 임산부 출산급여 90만원 지원     ※고용노동부 ‘고용보험 미적용자 출산급여’ 150만원에 추가지원",,,,https://idea.seoul.go.kr/front/freeSuggest/view.do?sn=186619
PROP-186586,2020-03-09,N,미상,5.0,보육원 졸업생 대상 직업군인 되기 캠페인,"매년 약 4000명 가량의 아이들이 나이가 다 되서 보육원을 나오게 되는데 최근 '열여덟어른' 캠페인 처럼 아직 사회에 나올
준비가 덜 된 아이들이다 보니 나와야될 아이들도, 내보내는 보육원도, 아이들을 후원하는 일반인들도 심정이 좀 답답합니다.
저도 10년 넘게 후원하던 아이가 보육원을 졸업하게 되었는데 도움을 줄 마땅한 방법이 없어 고심하던 끝에 이 아이들 중
원하는 아이가 있다면 직업군인(하사관)으로 유도하면 어떨까 하여 제안 드립니다.
제도적으로 이 아이들은 대게 군대에 갈 필요가 없는 경우가 많으나 의무사병이 아닌 직업으로서 군인이 될 수 있다면
당장 오갈데와 취업이 마땅하지 않은 아이들을 건전한 국가의 시스템으로 일부나마 흡수할 수 있다면 어떨까 생각됩니다.
남여아이들을 불문하고 졸업시 5백~1천만원 정도의 자립금과 6개월간의 직업 훈련 및 구직지원을 받는다고는 하나 많은
아이들이 제대로 취업이 안되고 정상적인 사회생활을 영위해 나가지 못하여 또 다른 불행의 시작이 되기도 합니다.
막연한 후원보다는 기왕에 운영되고 있는 국가시스템인 직업군인제도를 활용하면 홀로 지내애 하는 이 아이들의 주거,
취업 문제가 해결되어 아이들 본인은 물론 관계하시는 모든 분들의 만족을 불러 올 수 있지 않을까 합니다.
이를 위해 아이들이 시험과 제도를 잘 모를 수 있으니 국방부 또는 병무청 주도로 정기적인 보육원 전담 홍보활동 및 하사관
시험 준비를 위한 지원활동을 해 준다면 보육원 운영진측과 아이들이 관심을 갖고 준비하리라 봅니다.
아이들 또한 준비도 안된채 막막한 사회인이 되는 것 보다 일정한 기간 직업 군인으로서 활동하고 보다 먼 미래에 충분한
준비를 한 후 사회에 나오게 된다면 그 아이들도 삶의희망을 갖게되어 사회적으로 긍정적인 효과도 줄 수 있을것 같네요.
어떤 부처에 제안드려야 할 지 몰라 일단 여기에 남겨 봅니다.",보육·돌봄 인프라,어린이집·유치원,보육시설·유아교육,보육·돌봄 인프라,돌봄사업팀,02-2133-6560,아동보호팀 | 가족건강팀,1순위:돌봄사업팀 | 2순위:아동보호팀 | 3순위:가족건강팀,4,다문화 보육료 | 시간제 보육 | 만0~5세 보육료 | 방과후 보육료,"만0세: (기본)540,000원, (야간)540,000원, (24시간)810,000원 만1세반: (기본)475,000원, (야간)475,000원, (24시간)712,500원 만2세반: (기본)394,000원, (야간... | 만6개월~36개월 부모급여 또는 양육수당 수급 아동대상 시간제보육 지원 | ① 기본보육료(월별) 만0세반: 540,000원 만1세반: 475,000원 만2세반: 394,000원 만3~5세: 280,000원  ② 연장보육료(월별) 0세반: 3,000원 영아반: 2,000원 유아반: 1,000... | ① 정부지원시설 - 4시간 이용: 월 10만원 지원 - 종일 이용(방학 등): 월 20만원 지원  ② 정부미지원시설  - 4시간 이용: 월 233,650원  - 종일 이용: 월 467,300원   ③교사대아동 비율 ...",,,"TAG_REVIEW:현재 태그=일·가정 양립·부모 노동, 태그 핵심어 약함",https://idea.seoul.go.kr/front/freeSuggest/view.do?sn=186586
PROP-186511,2020-02-29,N,미상,6.0,코로나 19 임산부 및 노약자 재택근무 요청드립니다.,코로나 19 임산부 및 노약자 재택근무 요청드립니다.,임신·난임·생식건강,임산부 건강·배려,임산부 건강관리·배려,임신·난임·생식건강,건강임신지원팀,02-2133-9492,저출생사업1팀 | 가족지원팀,1순위:건강임신지원팀 | 2순위:저출생사업1팀 | 3순위:가족지원팀,5,"35세 이상 임산부 외래 진료 및 검사비 지원 | 임산부 엽산제, 철분제 지원 | 서울시 난임?임산부심리상담센터 운영 | 맘편한 임신 원스톱서비스(임산부?출산전 제공) | 임산부 출산급여 지원","의료비 부담이 큰 35세 이상 산모 대상 외래진료 및 검사에 소요되는 비용을 소득과 무관하게 최대 50만원까지 지원 (24년 3월 사회보장제도 신설 협의 완료, 24년 8월까지 사업추진을 위한  사전절차 진행 예정으... | 지원내용 (엽산제) 임신 전후 3개월까지 엽산제 지원  (철분제) 임신 16주부터 철분제 5개월분  신청방법 주소지 보건소에 방문하거나 온라인(정부24)으로 신청 | 난임부부, 유산?사산 경험부부, 임산부 및 양육모의 정서적 안정을 위해 전담 상담사가 등록부터 종결까지 1:1 상담 및 다양한 프로그램을 운영 | 임산부 엽산제?철분제 지급 등 임신 전?중 통합 서비스 제공 | ㅇ 임산부 출산급여 90만원 지원     ※고용노동부 ‘고용보험 미적용자 출산급여’ 150만원에 추가지원",,,,https://idea.seoul.go.kr/front/freeSuggest/view.do?sn=186511
PROP-186485,2020-02-26,N,미상,4.0,코로나로 학원휴원 학원비반환에 대한 제안,"코로나19로 많은 자영업자들이 피해를 보고 있습니다.
개학이 연기되고 학생들의 안전을 위하여 많은 학원들도 피해를 감수하고 교육부의 학원 휴원 권고 지침에 따라 코로나19가 더이상 확산되지 않기위해 휴원을 하고 있습니다.
휴원중임에도 불구하고 나가는 월세, 강사월급과 더불어 3월 매출이 없음도 부담스럽지만,
이 상황에서 휴원함으로 다시 되돌려 드려야하는 1주일에서 2주일치의 원비 반환이 현재 매출이 없는 상황에서 너무 힘이 듭니다.
학원비를 현금으로 돌려드리는 대신, 학원에서 재사용하실 수 있는 지역상품권으로 돌려드린다면
학원측에서는 당장 자금부족을 이겨낼 수 있고, 학부모측에서는 학원비로 재사용 하실 수 있으니 양해해주실 것 같습니다.
학원도 자영업자인데, 아이들 건강을 위해 2주 휴원을 합니다. 방학 내내 비수기를 겪고 3월 신학기로 매출을 극복해야하는 시기에
더 어려움을 겪는 학원 원장들에게 힘이 되어주시길 바랍니다.",정보·상담·교육·거버넌스,정보 접근성,일반 출산정책 안건,정보·상담·교육·거버넌스,저출생사업1팀,02-2133-5027,,1순위:저출생사업1팀,5,1인 자영업자 등 배우자 출산휴가급여 지원 | 1인 자영업자?프리랜서 배우자 출산휴가 지원금 | 배우자 출산휴가 지원금 | 임산부 출산급여 지원 | 서울형 육아휴직장려금,"1인 자영업자 등에 배우자(남편) 출산휴가급여 최대 120만원(15일분) 지원 (2026.1.1. 기준 출생아부터 적용) - 2025년 출생아는 최대 80만원(10일분) 지원 ㅇ 지원대상에 대한 자격요건 완화(202... | 1인 자영업자 등에 배우자 출산휴가급여 80만원 지원 | ㅇ 임산부 배우자를 둔 1인 자영업자?프리랜서에 배우자 출산휴가 지원금 80만원 지원 | ㅇ 임산부 출산급여 90만원 지원 ※고용노동부 ‘고용보험 미적용자 출산급여’ 150만원에 추가지원 | ○ 자녀 1인당 최대 120만원 지원 - 육아휴직기간 연속 6개월 시 60만원, 연속 12개월 경과 시 60만원 추가지급 ※ 부?모 모두 육아휴직 시 각각 지급 (자녀 1인에 대해 가구당 최대 240만원 지급)",,,,https://idea.seoul.go.kr/front/freeSuggest/view.do?sn=186485
PROP-186464,2020-02-24,N,미상,15.0,산후도우미 사용기간 예외적용(코로나 상황),산후도우미 사용기간 예외적용(코로나 상황),출산·산후 초기지원,산후조리,산후조리·산모도우미,출산·산후 초기지원,가족건강팀,02-2133-9485,저출생사업1팀,1순위:가족건강팀 | 2순위:저출생사업1팀,0,,,,,,https://idea.seoul.go.kr/front/freeSuggest/view.do?sn=186464
PROP-186461,2020-02-23,Y,미상,4.0,어린이집은 입학연기가 없는건가요?,"영아,초등을 둔학부모입니다
왜 유치원,초.중고는 단체생활한다고 입학도 연기가 공식적인데
어린이집다니는 아이는 공식적인 입학연기가 없는건가요?
어린이집도 많은아이들이 단체로 생활을 하는곳인데...
교육부주관이 아니라고 빼놓고 발표하는건 정말 아닌거같습니다
어디에 글올릴데도없어 이곳에 남겨봅니다",보육·돌봄 인프라,어린이집·유치원,보육시설·유아교육,보육·돌봄 인프라,돌봄사업팀,02-2133-6560,저출생사업1팀 | 생활지원팀,1순위:돌봄사업팀 | 2순위:저출생사업1팀 | 3순위:생활지원팀,5,어린이집 영유아 방문건강관리 서비스 지원 | 서울형어린이집 | 서울형 0세 전담반 어린이집(사업종료) | 서울형 0세 전담반 어린이집 | 서울형 시간제 전문 어린이집,어린이집으로 방문건강간호사가 찾아가서 건강관리 및 건강교육서비스 제공 | 공인평가를 통하여 우수한 민간 어린이집을 선정하고 인건비 및 운영비를 지원함으로써 향상된 보육서비스를 안정적으로 제공 | 12개월 미만의 영아 보육에 적합한 ‘0세 전담반’  어린이집 100개반 선정 운영 | 12개월 미만의 영아 보육에 적합한 ‘0세 전담반’  어린이집 100개반 선정 운영 | 가정양육 또는 타 기관 이용 보호자 등 누구나 필요시 시간 단위로 이용할 수 있는 보육서비스,,,,https://idea.seoul.go.kr/front/freeSuggest/view.do?sn=186461
PROP-186393,2020-02-06,N,미상,0.0,신혼부부 전세 혜택 기준,결혼을 준비 하는 청년입니다 올해 서울시에서 운영하는 전월세 2억 지원 광고도 많이 하는데 120 콜센터에서 문의 전화만 다섯차례 넘게 하고 부동산 계약하고 은행에 방문을 했는데 대출 한도가 1억4천 밖에 안된다고 하는데 도대체 광고를 왜 2억 지원이라는 문구만 쓰고 소득기준 금액이 다르면 1억도 안나온다는 말은 언지도 안하는지 궁금하고 다산콜센터 상담원은 소득기준 구간이 있는데 낮을때마다 금리인하가 좋아 진다라고 말해주는지 도대체 이건 납득이 안가구요 어차피 타은행에서 금리 3% 때 받으면서 들어갈수 있는 집을 시에서 도와준다고 세금으로 광고 까지 하면서 소득기준 낮다고 왜 대출한도를 2억도 안해주는지 이해가 안되서 문의 드림니다 그리고 세금으로 광고하면서 왜 허위광고를 하는지 제발 이상한 희망가졌다가 좌절하게 하지말고 정직하게좀 광고 부탁합니다,주거·교통·도시생활환경,출산가구 주거,신혼부부·출산가구 주거지원,주거·교통·도시생활환경,저출생사업1팀,02-2133-5025,가족지원팀,1순위:저출생사업1팀 | 2순위:가족지원팀,5,신혼부부 결혼ㆍ살림비용 지원 | 자녀출산 무주택가구 주거비 지원 | 신혼희망타운 | 신혼부부 전용 주택 구입 자금 대출 | 신혼부부 임차보증금 이자 지원,"ㅇ 결혼ㆍ살림 비용 최대 100만원 지원    - 결혼준비 및 혼인살림 장만 관련 비용 지출    ※ 생애 1회 지급   ? 결혼준비 : 혼수, 예식장, 신혼여행, 청첩장 등    ? 혼인살림 : 전자제품, 주방가전... | 월 최대 30만원(2년간 최대 720만원) 주거비 지원 | 신혼희망타운 분양?임대주택 공급 및 청약 자격 제공 | 연 2.55~3.85% 금리로 주택구입 자금 대출, 최대 3억 2천만 원 한도 | - 임차보증금 대출금: 최대 3억원(임차보증금의 90% 이내) - 이자지원 금리: 최대 4.5% - 지원기간: 최장 10년(25.11.20. 부터 최장 12년) ※ 자세한 사항은 서울주거포털 공고문 참조",,,,https://idea.seoul.go.kr/front/freeSuggest/view.do?sn=186393
PROP-186295,2020-01-10,N,미상,0.0,"박물관, 미술관, 도서관등 아이들이 이용하는 공공시설에 공기청정기 설치","박물관, 미술관, 도서관등 아이들이 이용하는 공공시설에 공기청정기 설치",정보·상담·교육·거버넌스,정보 접근성,일반 출산정책 안건,정보·상담·교육·거버넌스,저출생사업1팀,02-2133-5027,가족건강팀,1순위:저출생사업1팀 | 2순위:가족건강팀,0,,,,,"TAG_REVIEW:현재 태그=정보·상담·교육·거버넌스, 태그 핵심어 약함 || TAG_REVIEW:현재 태그=정보·상담·교육·거버넌스, 태그 핵심어 약함",https://idea.seoul.go.kr/front/freeSuggest/view.do?sn=186295
PROP-186290,2020-01-07,N,미상,2.0,2020 난임부부 시술비 지원정책 수정이 필요합니다.,"출산율 최저점을 찍고 있는 대한민국에서, 소중한 새생명을 기다리는 난임부부입니다.
우선 이번에 나라에서 2020 난임부부 지원사업 확대안에 대해서 잘 살펴보고, 병원을 찾게 되었습니다.
표면적으로는 지원금이 늘어나고, 심지어는 난임시술이 이제는 환자가 부담하는것이 없다는 느낌에 밑져야 본전이라는 마음으로 병원을 찾는 사람들도 있다고 하더군요. 하지만 이런 마음에 싸게 싸게 시술해달라, 그리고 내 몸에 주사기 마구 꽂아도 된다 의 의미가 되어서는 안됩니다.
난임 치료를 위해서 쓰여지는 여러 약들이 있고, 사실 각각의 차이를 설명받으며 약제에 대해서 환자들도 의견을 듣고 선택할 수 있어야 하는거 아닐까요? 근데 이번에 바뀐 정책에는 제가 선택하고 싶은 진료를 선택해도 나라지원을 받을 수 없는것드리 많습니다. 혹시 이런 것들도 생각해보셨나요?
실제 정책을 펼치시고, 소중한 나라 예산으로 귀중한 일들을 하시는 분들이라면, 이번 정책적인 부분들에 헛점들을 빠르게 확인하시고 수정해주시면 감사하겠습니다.
눈으로 보여지는 숫자에 속을것 같은 우중으로 생각하지 마시고, 진짜 의미있는 정책이었다 생각하고 나라에 다시 한번 감사함을 느낄 수 있는 정책으로 이끌어주세요. 그럼 저희 같은 난임부부들도 좀 더 희망을 갖고 새생명, 더 나아가 저출산 시대에서의 탈출에 주인공이 될 수 있을것이라 생각합니다.
감사합니다.",임신·난임·생식건강,난임 지원,난임시술·주사·시술비,임신·난임·생식건강,건강임신지원팀,02-2133-9492,저출생사업1팀,1순위:건강임신지원팀 | 3순위:저출생사업1팀,5,서울형 난임부부 시술비 지원 | 서울권역 난임?우울증 상담센터 운영 | 서울시 한의약 난임치료 지원 | 서울시 난임?임산부심리상담센터 운영 | 난임부부 지원,"난임시술 비용의 본인부담액에 대한 시술별 지원상한액 지원 - 횟수 : 총 25회(누적) - 지원금액: 시술별 1회당 최대 30만원~110만원 | 난임부부, 유산?사산 경험부부, 임산부 및 양육모의 정서적 안정을 위해 전담 상담사가 등록부터 종결까지 1:1 상담 및 다양한 프로그램을 운영 | 원인불명의 난임진단 부부에게  한의약 난임치료 첩약비용(3개월)의 본인부담금 90%(상한 1,200천원) 지원 | 난임부부, 유산?사산 경험부부, 임산부 및 양육모의 정서적 안정을 위해 전담 상담사가 등록부터 종결까지 1:1 상담 및 다양한 프로그램을 운영 | o 난임시술 비용의 본인부담액에 대한 시술별 지원상한액 지원      -(횟수) 출산당 총25회 (보조생식술 시작일이 '24.11.1.일 이후부터)      -(지원금액) 시술별 1회당 최대 30만원~110만원  o...",,,,https://idea.seoul.go.kr/front/freeSuggest/view.do?sn=186290
PROP-186264,2019-12-30,N,미상,0.0,지하철내 임산부석 개선,"열차 맨 뒷칸 한 량을 임산부 배려석으로 통째로 만든 다음 예를 들어 각 열차마다 만드는 건 무리가 있고 한 대 걸러 한 대씩 자리를 만들어 열차에 의자를 영화관처럼 일렬로 몇 줄씩 만들어 놓고
(
임산부들이 자리에 앉아 편안히 가는 것이 목적이기에 굳이 일반열차처럼 통로는 불필요할 것 같다는 생각에
)
일반사람 이용시 출입문에 센서를 설치해 경보음이 울리도록 해놓는다. 임산부한테는 산부인과에서 뱃지 나누어주듯이 출입문을 무사 통과할 수 있도록 뱃지 안에 칩을
(
칩은 산부인과에서 판매 또는 무료배포
)
넣어 문을 통과할 때 경보음이 울리지 않도록 시스템을 만들어 놓으면 일반인은 출입이 안 되고
(
문을 통과할 때 칩이 내장된 뱃지가 없기 때문에 경보음이 울리니까
)
임산부들은 노인분들이나 그밖에 일반인들의 눈치를 보지 않고 편안히 이용할 수 있으니 괜찮지 않을까 의견을 내어봅니다.
*단 직장인들이 가장 많이 붐비는 출퇴근 시간에만 적용하고, 그 외의 나머지 낮시간에는 일반인도 이용할 수 있도록 함. (예: 아침 6시~9시, 저녁 5시~8시)",임신·난임·생식건강,임산부 건강·배려,임산부 건강관리·배려,임신·난임·생식건강,건강임신지원팀,02-2133-9491,가족지원팀 | 저출생사업1팀,1순위:건강임신지원팀 | 2순위:가족지원팀 | 3순위:저출생사업1팀,1,임산부 배려공간 조성,ㅇ 교통 약자인 임산부의 엘리베이터 안전사고 예방 및 배려문화 확산을 위해 엘리베이터 내?외부에 임산부 배려공간 조성(엠블럼 부착)   - 임산부를 위해 해당 공간을 비워두고 양보하는 사회 분위기 확산 유도 ㅇ 임산...,,,,https://idea.seoul.go.kr/front/freeSuggest/view.do?sn=186264
PROP-186240,2019-12-24,N,동대문구,550.0,청량리 한양수자인 교육연구 및 노유자시설에 국공립 유치원 설립을 부탁드립니다.,청량리 한양수자인 교육연구 및 노유자시설에 국공립 유치원 설립을 부탁드립니다.,보육·돌봄 인프라,어린이집·유치원,보육시설·유아교육,보육·돌봄 인프라,돌봄사업팀,02-2133-6560,저출생사업1팀 | 생활지원팀,1순위:돌봄사업팀 | 2순위:저출생사업1팀 | 3순위:생활지원팀,0,,,,,,https://idea.seoul.go.kr/front/freeSuggest/view.do?sn=186240
PROP-186221,2019-12-21,N,미상,0.0,출산율 관련 정책 제안,"안녕하세요. 이화여자대학교에 재학중인 학생들입니다. 이번 학기 경제학 전공 수업 중 자율 팀프로젝트의 주제로 한국의 저출산의 심각성을 논의하였고, 이를 바탕으로 경제통계를 활용해 정책을 제안하고자 합니다.
한국의 합계출산율이 올해 처음으로 0명대로 진입하여 저출산 문제가 갈수록 심각해지고 있습니다. 이에 대한 대응으로 정부가 출산장려 정책을 시행한지 벌써 10년이 넘었지만 합계출산율이 꾸준히 하락하고 있어 그 실효성에 대한 논쟁이 끊이질 않고 있습니다. 따라서 학부생인 저희들은 출산 관련 정부 지출액이 실제 출생아 수에 영향을 미치는지 검증하고 이를 바탕으로 정책 기조에 대한 제안을 하고자 합니다.
출산 절벽에 직면한 대한민국이 현명히 위기를 극복했으면 하는 바람을 담아, 대한민국의 정책 발전에 도움이 되길 진심으로 기원합니다.
감사합니다.",출산·산후 초기지원,출산가구 초기지원,출산지원금·출생축하,출산·산후 초기지원,가족건강팀,02-2133-9485,가족지원팀,1순위:가족건강팀 | 2순위:가족지원팀,0,,,,,,https://idea.seoul.go.kr/front/freeSuggest/view.do?sn=186221
PROP-186199,2019-12-17,N,미상,0.0,임산부석을 마냥 비워두지 않는 방법,"저는 지하철을 자주 애용하는 여성입니다.
임산부석이 지정되어 있어 흐뭇하지만 홍보부족, 강제불가등 제대로 활용되고 있지 못하는 것이 참 안타깝다고 생각합니다.
나이드신 어르신들, 심지어 젊은 여성분들이 이 좌석에 앉을때 보면 눈살을 찌뿌리게 되지만, 한편으로는 저마다 피곤하고 아플수 있는 사정이라는
것이 있는데 강제할 수 도 없다고 생각합니다.
또한 임산부가 언제 탈지도 모르는데 마냥 이 좌석을 마냥 비워두는 것도 비효울적이라고 생각합니다.
그래서 저는 시간과 비용이 좀 들더라도 문앞에 센서부착을 해서 임산부나 교통약자분들이 지하철에 탑승하면 그들이 착용한 뱃지를 인식하고
'교통약자가 탑승하였습니다. 좌석을 양보해 주세요'하고 좌석옆에 음성지원과 핑크색벨이 울리는 방법이 있으면 좋겠습니다.
그러면 일반인들도 죄책감없이 앉아있다가 소리가 들리고 벨이 울리면 뱃지를 보고 좌석에서 일어나면 되지 않을까요?
일반인들과 임산부 모두 배려받는 좋은 방법이 될 수 있을 것 같습니다.",임신·난임·생식건강,임산부 건강·배려,임산부 건강관리·배려,임신·난임·생식건강,건강임신지원팀,02-2133-9492,아동보호팀 | 결혼문화팀,1순위:건강임신지원팀 | 2순위:아동보호팀 | 3순위:결혼문화팀,1,임산부 배려공간 조성,ㅇ 교통 약자인 임산부의 엘리베이터 안전사고 예방 및 배려문화 확산을 위해 엘리베이터 내?외부에 임산부 배려공간 조성(엠블럼 부착)   - 임산부를 위해 해당 공간을 비워두고 양보하는 사회 분위기 확산 유도 ㅇ 임산...,,,,https://idea.seoul.go.kr/front/freeSuggest/view.do?sn=186199
PROP-186176,2019-12-12,N,미상,1.0,지하철 임신부 배려석 운영 개선방안에 대한 제안,"지하철
임신부 배려석의 운영에 대한 개선 방안
을 제안합니다.
현재 지하철 임신부 배려좌석은 거의 아무나(?) 앉는 좌석으로 이용되고 있는 실정입니다. 여자가 아니라 남자가 앉아 있는 경우도 자주 봅니다.
분홍색으로 구분하고 또 임신부를 위한 배려좌석이라 비워두시라는 호소 문구만으로는 지정한  효과를 거의  볼 수 없는 것이 사실입니다.
이렇게 제안합니다. 먼저,
임신부 배려석을 바를 설치하거나 공간을 살짝 띄움으로써
일반좌석과 공간상으로 구분
하면 좋겠습니다
.
이와 함께 좌석을
일반 지하철 좌석이 아닌
접힘 의자와 같은 형태로 구비
했으면 합니다.
좌석에 앉으려면
약간의 잠금장치를 해제
해야 하도록 만듭니다(일부러 이용에 약간 불편하게).
또한 이때 '임신부를 위한 좌석을 배려하고 이용해 주셔서 감사합니다.'와 같은 멘트가  나오게 합니다.
이용자가
좌석에서 일어나면 의자는 자동으로 다시 접히고
잠금장치가 자동으로 채워지며 이때에도 배려와 감사의 멘트
를 내보내게 합니다.
이와 같이 이용하기에 약간 번거롭게 하고 일반좌석과 구분해 둔다면 별 생각없이 임신부 배려좌석을 차지하는 행태가 다소나마 고쳐지지 않을까 생각합니다 .
좌석의 잠금해제와 재잠금의 시기에 제공되는 멘트를 적절히 제공한다면 임신부 배려좌석을 비워 둔 일반 시민들은 배려와 베풂의 기쁨을 얻을 것이며, 좌석을 이용하는 임신부는 감사의 마음과 함께 더불어 사는 보람을 느낄 수 있으리라 생각합니다
.",임신·난임·생식건강,임산부 건강·배려,임산부 건강관리·배려,임신·난임·생식건강,건강임신지원팀,02-2133-9491,가족건강팀,1순위:건강임신지원팀 | 2순위:가족건강팀,0,,,,,,https://idea.seoul.go.kr/front/freeSuggest/view.do?sn=186176
PROP-186118,2019-12-07,N,미상,1.0,대중교통 임산부석 자리를 비워주세요,"대중교통 이용시 임산부석 자리에 남성분 또는 임신중이지 않은 여성분들이 앉아계셔서, 정작 임산부가 앉지못하는 경우가 왕왕 발생하고있습니다.
제도를 잘 만들어도 실행이 잘되지않으면 실질적 혜택이 어려운것같습니다. 고려해주세요",임신·난임·생식건강,임산부 건강·배려,임산부 건강관리·배려,임신·난임·생식건강,건강임신지원팀,02-2133-9491,저출생사업1팀 | 생활지원팀,1순위:건강임신지원팀 | 2순위:저출생사업1팀 | 3순위:생활지원팀,1,임산부 배려공간 조성,ㅇ 교통 약자인 임산부의 엘리베이터 안전사고 예방 및 배려문화 확산을 위해 엘리베이터 내?외부에 임산부 배려공간 조성(엠블럼 부착)   - 임산부를 위해 해당 공간을 비워두고 양보하는 사회 분위기 확산 유도 ㅇ 임산...,,,,https://idea.seoul.go.kr/front/freeSuggest/view.do?sn=186118
PROP-186065,2019-12-07,N,강북구,0.0,서울시 수유실 찾기 지도 앱 개발 및 출시,"일전에 식사를 하러 간 식당에서 옆 테이블에서 아이 기저귀를 가는 광경을 목격하고 식욕을 잃고 식사 도중 자리를 뜬 적이 있습니다. 당시에는 너무 불쾌한 경험이었고 그 손님들이 무례하고 비상식적인 사람들이라고 치부했지만 돌이켜 생각해보면 오래된 상가 건물에 위치한 동네 식당의 어디에도 수유실이 없을 거라는 사실은 명백했습니다. 그 부부가 식당 내부가 아닌 다른 어디에서 기저귀를 갈 수 있었을까요?
영유아를 동반해 외출하는 경우 아이의 기저귀를 갈아줄 수유실은 절대적으로 필요한 공간입니다. 때문에 영유아를 데리고 외출할 수 있는 공간이 백화점이나 쇼핑몰처럼 그런 시설이 잘 갖추어진 장소로 한정되기도 하고, 불편함을 무릅쓰고 자가용 뒷자리에서 기저귀를 갈아주는 경우도 많습니다. 자차가 없거나 여건이 안되는 경우에는 타인에게 민폐(?)를 줄 수 있는 공간에서 다른 사람들의 눈총을 받아 가며
어쩔 수 없이 기저귀를 갈아주게 되기도 할 것입니다.
만약 따릉이 앱처럼 지도 기반으로 현위치에서 가장 가까운 수유실이 어디인지 확인할 수 있는 앱이 출시된다면 영유아를 돌보아야 하는 입장에 처한 수많은 사람들에게 큰 도움이 될 것이라 생각합니다. 가임지도 따위가 아니라 이런 어플리케이션이 바로 아이를 낳아 기를 만한 사회를 만들어나가는데 조금이라도 기여할 수 있지 않을까요?
더 나아가 단독 주택 소유자가 담을 허물고 주차장을 만들 때, 베란다나 옥상 등에 태양광 발전 설비를 마련할 때, 친환경 하이브리드 자동차를 구입할 때 정부나 지자체에서 보조금을 지급하는 것처럼 건물주가 리노베이션을 통해 일정 요건을 갖춘 수유실을 마련할 경우 리노베이션 비용의 일부를 지원하는 등의 정책을 편다면 더 바람직할 것 같습니다.
서울시 수유실 찾기 어플리케이션 개발 및 출시와 수유실 신설 시 비용 지원 등에 대한 정책 검토를 희망합니다.",보육·돌봄 인프라,아동 놀이·체험공간,공공키즈카페·수유실·유아휴게실,보육·돌봄 인프라,돌봄사업팀,02-2133-6560,건강임신지원팀,1순위:돌봄사업팀 | 2순위:건강임신지원팀,0,,,,,,https://idea.seoul.go.kr/front/freeSuggest/view.do?sn=186065
PROP-185985,2019-12-06,N,미상,0.0,어린이집/유치원 지원정책 확대,"어린이집/유치원에 지원되는 정책에대해 연계되는 기관을 사용할때 현재 너무 복잡하고 지금있는 기관도 제대로 일을 못하고 있는데
문제가 발생하면 또 다른 기관을 만들기만 급급한것같아요
지금 존재하는 기관에 대해서 지원정책을 제대로 접할수있고 정책에대해 확대해주셨음해요",보육·돌봄 인프라,어린이집·유치원,보육시설·유아교육,보육·돌봄 인프라,돌봄사업팀,02-2133-6560,저출생사업1팀 | 생활지원팀,1순위:돌봄사업팀 | 2순위:저출생사업1팀 | 3순위:생활지원팀,5,어린이집 영유아 방문건강관리 서비스 지원 | 서울형어린이집 | 서울형 0세 전담반 어린이집(사업종료) | 서울형 0세 전담반 어린이집 | 서울형 시간제 전문 어린이집,어린이집으로 방문건강간호사가 찾아가서 건강관리 및 건강교육서비스 제공 | 공인평가를 통하여 우수한 민간 어린이집을 선정하고 인건비 및 운영비를 지원함으로써 향상된 보육서비스를 안정적으로 제공 | 12개월 미만의 영아 보육에 적합한 ‘0세 전담반’  어린이집 100개반 선정 운영 | 12개월 미만의 영아 보육에 적합한 ‘0세 전담반’  어린이집 100개반 선정 운영 | 가정양육 또는 타 기관 이용 보호자 등 누구나 필요시 시간 단위로 이용할 수 있는 보육서비스,,,,https://idea.seoul.go.kr/front/freeSuggest/view.do?sn=185985
PROP-185984,2019-12-06,N,미상,0.0,난임부부를 위한 친구 만들기,"우리 부부는 딩크족이 아닙니다
.
아이를 너무 갖고 싶은 부부입니다
.
제 아내는 수년동안 많은 임테기를 반복하며 기대와 실망을 계속해서 경험하면서 지쳐가고 있습니다
.
국가차원이든 시차원이든 다양한 물질적 지원 정책들이 있지만
(
물론 더 확대되길 바라지만
..)
특히 정신적
,
감정적인 차원에서 지원해주는 방안도 필요하지 않나 생각합니다
.
매번 시술을 하고 실패할 때마다 남편 속상해 할까봐 매일 방에서 울며 모든 짐을 본인이 혼자 짊어지려하는 아내분들이 많다고 알고 있습니다
.
친구들 혹은 회사동료들을 포함하여 주변에 난임으로 힘들어하는 사람이 없다면
,
직접적으로 공감대를 형성하기 힘들어 더더욱 혼자인 것처럼 느껴지고
‘
왜 나만 안될까
?’
라는 생각이 커져 정신적으로 더 지쳐가고 심하면 우울증까지 겪는 것으로 알고 있습니다
.
따라서 이런 분들이 각자의 힘듬을 서로 공유할 수 있는 만남의 장 같은 것을 주민센터 등에 마련해주셨으면 합니다
.
물론 인터넷 상에서도 교류가 가능하지만
,
가상의 공간과는 달리 주변에 사는 분을 직접 만나서 서로의 힘든 마음을 직접 공유하면서 친구가 되고
,
더 나아가 그 중 누군가가 임신이 되면 서로 축하해주고
‘
나도 곧 될 수 있겠구나
’
라는 희망을 갖게 만들어 줄 수 있는 모임이 있었으면 합니다
.
이 모임에서 난임 관련 제도 혹은 혜택 등의 정보도 서로 교류하고
,
더 나아가 주민센터 차원에서 난임 관련 정보 및 마음치료
,
심리상담 등의 강의도 열어 주신다면 난임으로 힘들어하는 분들의 마음을 치유하는데 도움이 될 것이라 생각합니다
.
감사합니다
.",임신·난임·생식건강,난임 지원,난임시술·주사·시술비,임신·난임·생식건강,건강임신지원팀,02-2133-9491,가족건강팀 | 저출생사업1팀,1순위:건강임신지원팀 | 2순위:가족건강팀 | 3순위:저출생사업1팀,5,서울형 난임부부 시술비 지원 | 서울권역 난임?우울증 상담센터 운영 | 서울시 한의약 난임치료 지원 | 서울시 난임?임산부심리상담센터 운영 | 난임부부 지원,"난임시술 비용의 본인부담액에 대한 시술별 지원상한액 지원 - 횟수 : 총 25회(누적) - 지원금액: 시술별 1회당 최대 30만원~110만원 | 난임부부, 유산?사산 경험부부, 임산부 및 양육모의 정서적 안정을 위해 전담 상담사가 등록부터 종결까지 1:1 상담 및 다양한 프로그램을 운영 | 원인불명의 난임진단 부부에게  한의약 난임치료 첩약비용(3개월)의 본인부담금 90%(상한 1,200천원) 지원 | 난임부부, 유산?사산 경험부부, 임산부 및 양육모의 정서적 안정을 위해 전담 상담사가 등록부터 종결까지 1:1 상담 및 다양한 프로그램을 운영 | o 난임시술 비용의 본인부담액에 대한 시술별 지원상한액 지원      -(횟수) 출산당 총25회 (보조생식술 시작일이 '24.11.1.일 이후부터)      -(지원금액) 시술별 1회당 최대 30만원~110만원  o...",,,,https://idea.seoul.go.kr/front/freeSuggest/view.do?sn=185984
PROP-185872,2019-12-06,N,미상,2.0,어린이보호구역 스쿨존 도로 형태 변경을 제안합니다.,"어린이보호구역 혹은 노인보호 구역은 도로 포장 자체를 다른 형식의 도로로 바꿔보는 건
어떨까 싶습니다.
그 구역마다 과속단속 cctv를 설치를 한다고는 하나 일단 설치율이 저조하며
법적 의무사항은 아니라고 들엇습니다.
그리고 정작 운전자가 그걸 잊고 빠르게 달려버리면 그만입니다.
벌금내고 뭐...벌점 있고....근데 사고가 난다면 이야기는 달라집니다.
그래서 아에 물리적인 부분에서 차량의 속도를 줄이게 만들면 어떨까 싶은겁니다.
도로자체를 바꿔버리는 거죠
예를 들어 일정구간은 방지턱으로만 도로를 만드는 겁니다.
지금 처럼 한두개가 아닌 아에...도로 자체를 방지턱으로 만들어버리는거죠...
운전자들은 과속방지턱 앞에서는 본인과 본인 차량의 리스크를 줄이기 위해 자동적으로 속도를 급격히 줄이기 마련입니다. 거의 습관처럼...
저 또한 운전자 이기에 과속방지턱 앞에서는 급 줄이게 됩니다.
혹은 지름 30cm 정도되는 얕고 넓은 홈을 도로 군데군데 만들어 두는 겁니다.
미관상 이쁠것 같지는 않지만 예쁘게 만들면 그만이고,
가끔 도로를 달리다보면 파져있는 부분을 밟으면 차가 크게 덜컹 거립니다.그래서 그곳 또한 운전자는 피하게 되고 조심스럽게 지나갑니다.
왜냐...내차는 소중하다고 생각하니깐....ㅉㅉㅉ
그러니 빠르게 달리면 차가 흔들리니 운전자는 속도를 줄일 수밖에 없겠죠?
그리고 큰 덤프트럭이나 물건을 많이 적재한 트럭은 그 도로가 불편하면 다른 길로 돌아가겠죠. 굳이 초등학생이 많은 길로 오게 할 필요가 없을 것 같습니다.
즉슨 제가 제안하고 싶은 부분은 어린이보호 구역을 운전자의 양심에 맡기는 것보다
물리적인 차원에서 보행자는 불편함 없고 운전자 또한 서행을 했을 시 차량에 큰 문제가
없을 정도의 도로형태를 만들면 어떨까 싶은 겁니다.
전문가가 아니라 딱히 더 좋은 생각은 나지 않지만 적어도 300m 구간 사이에 1m 간격으로
연속된 과속방지턱이 설치가 되어 있다면
운전자인 저로써도 빨리 달리고 싶은 생각은
없지 않을 까 싶습니다.
더 좋은 아이디어가 있음 댓글 달아주세요.
민식이법 같은 생명안전법안 처럼 법적으로 오래거걸리고 어려운 부분은 그것대로 해결하고!
우리는 우리식으로 쉽게 먼저 도와주고 더 안전하게 할 수있는 방법이 있다면 그것을 먼저 행하는 것도 좋을 것같습니다. 도로포장 새로 하는게 법안 통과보다는 쉬울거아닙니까!
맨날 괜한 걸로 세금 낭비하시지 마시고!!",정보·상담·교육·거버넌스,정보 접근성,일반 출산정책 안건,정보·상담·교육·거버넌스,저출생사업1팀,02-2133-5027,생활지원팀,1순위:저출생사업1팀 | 2순위:생활지원팀,0,,,,,"TAG_REVIEW:현재 태그=정보·상담·교육·거버넌스, 태그 핵심어 약함 || TAG_REVIEW:현재 태그=정보·상담·교육·거버넌스, 태그 핵심어 약함",https://idea.seoul.go.kr/front/freeSuggest/view.do?sn=185872
PROP-185835,2019-12-05,N,미상,0.0,임산부석 홍보 캠페인 더 적극적으로 해주세요.,임산부석 홍보 캠페인 더 적극적으로 해주세요.,임신·난임·생식건강,임산부 건강·배려,임산부 건강관리·배려,임신·난임·생식건강,건강임신지원팀,02-2133-9491,저출생사업1팀 | 생활지원팀,1순위:건강임신지원팀 | 2순위:저출생사업1팀 | 3순위:생활지원팀,1,임산부 배려공간 조성,ㅇ 교통 약자인 임산부의 엘리베이터 안전사고 예방 및 배려문화 확산을 위해 엘리베이터 내?외부에 임산부 배려공간 조성(엠블럼 부착)   - 임산부를 위해 해당 공간을 비워두고 양보하는 사회 분위기 확산 유도 ㅇ 임산...,,,,https://idea.seoul.go.kr/front/freeSuggest/view.do?sn=185835
PROP-185816,2019-12-05,N,미상,0.0,임산부석을 늘려주세요,임산부석을 한 칸에 배치시키긴 했지만 아직 부족하고 그에 대한 인식도 너무 낮은 것 같아요 관련 법안을 더 강화해주시거나 임산부석을 더 늘려주세요,임신·난임·생식건강,임산부 건강·배려,임산부 건강관리·배려,임신·난임·생식건강,건강임신지원팀,02-2133-9491,가족지원팀 | 저출생사업1팀,1순위:건강임신지원팀 | 2순위:가족지원팀 | 3순위:저출생사업1팀,1,임산부 배려공간 조성,ㅇ 교통 약자인 임산부의 엘리베이터 안전사고 예방 및 배려문화 확산을 위해 엘리베이터 내?외부에 임산부 배려공간 조성(엠블럼 부착)   - 임산부를 위해 해당 공간을 비워두고 양보하는 사회 분위기 확산 유도 ㅇ 임산...,,,,https://idea.seoul.go.kr/front/freeSuggest/view.do?sn=185816
PROP-185814,2019-12-05,N,미상,0.0,임산부 배지 홍보를 더 늘려주세요,"일본같은 경우 임산부 뱃지가 상용화되어있어서 사람들이 임부에게 자리를 양보해줄 수 있어 교통약자 배려석을 더 효율적으로 이용할 수 있는데, 서울시는 배지를 달고 계신 분이 많지 않으신데다 자리를 비워두라는 방송이 나와 좌석 이용의 효율성이 조금 떨어지는 것 같습니다. 임산부 뱃지를 더 상용화할 수 있도록 홍보가 더 활발해지면 좋을 것 같습니다.",임신·난임·생식건강,임산부 건강·배려,임산부 건강관리·배려,임신·난임·생식건강,건강임신지원팀,02-2133-9492,저출생사업1팀 | 가족지원팀,1순위:건강임신지원팀 | 2순위:저출생사업1팀 | 3순위:가족지원팀,1,임산부 배려공간 조성,ㅇ 교통 약자인 임산부의 엘리베이터 안전사고 예방 및 배려문화 확산을 위해 엘리베이터 내?외부에 임산부 배려공간 조성(엠블럼 부착)   - 임산부를 위해 해당 공간을 비워두고 양보하는 사회 분위기 확산 유도 ㅇ 임산...,,,,https://idea.seoul.go.kr/front/freeSuggest/view.do?sn=185814
PROP-185793,2019-12-05,N,미상,0.0,워킹맘에게 어린이집에서 전화올 때 달려가 줄 수 있는 돌보미 서비스는 없을까요?,"워킹맘이에요.
아이가 열이 난다거나 아프다고 연락이 급히 올 때 친정도 시댁도 멀어서 월차 연차가 없을 때 너무 곤란한데요. 이럴 때 도움 받을 방법이 정말 없나요??",보육·돌봄 인프라,어린이집·유치원,보육시설·유아교육,보육·돌봄 인프라,돌봄사업팀,02-2133-6560,생활지원팀 | 저출생사업1팀,1순위:돌봄사업팀 | 2순위:생활지원팀 | 3순위:저출생사업1팀,5,어린이집 영유아 방문건강관리 서비스 지원 | 서울형어린이집 | 서울형 0세 전담반 어린이집(사업종료) | 서울형 0세 전담반 어린이집 | 서울형 시간제 전문 어린이집,어린이집으로 방문건강간호사가 찾아가서 건강관리 및 건강교육서비스 제공 | 공인평가를 통하여 우수한 민간 어린이집을 선정하고 인건비 및 운영비를 지원함으로써 향상된 보육서비스를 안정적으로 제공 | 12개월 미만의 영아 보육에 적합한 ‘0세 전담반’  어린이집 100개반 선정 운영 | 12개월 미만의 영아 보육에 적합한 ‘0세 전담반’  어린이집 100개반 선정 운영 | 가정양육 또는 타 기관 이용 보호자 등 누구나 필요시 시간 단위로 이용할 수 있는 보육서비스,,,,https://idea.seoul.go.kr/front/freeSuggest/view.do?sn=185793
PROP-185784,2019-12-05,N,미상,0.0,지하철 임산부 좌석을 비워두는 의식을 키울수 있도록,지하철 임산부 좌석을 비워두는 의식을 키울수 있도록,임신·난임·생식건강,임산부 건강·배려,임산부 건강관리·배려,임신·난임·생식건강,건강임신지원팀,02-2133-9492,저출생사업1팀 | 가족지원팀,1순위:건강임신지원팀 | 2순위:저출생사업1팀 | 3순위:가족지원팀,1,임산부 배려공간 조성,ㅇ 교통 약자인 임산부의 엘리베이터 안전사고 예방 및 배려문화 확산을 위해 엘리베이터 내?외부에 임산부 배려공간 조성(엠블럼 부착)   - 임산부를 위해 해당 공간을 비워두고 양보하는 사회 분위기 확산 유도 ㅇ 임산...,,,,https://idea.seoul.go.kr/front/freeSuggest/view.do?sn=185784
PROP-185758,2019-12-05,N,미상,0.0,임산부를 위한 프로그램이 부족합니다.,임산부를 위한 프로그램이 부족합니다.,임신·난임·생식건강,임산부 건강·배려,임산부 건강관리·배려,임신·난임·생식건강,건강임신지원팀,02-2133-9491,가족건강팀 | 저출생사업1팀,1순위:건강임신지원팀 | 2순위:가족건강팀 | 3순위:저출생사업1팀,5,"35세 이상 임산부 외래 진료 및 검사비 지원 | 임산부 엽산제, 철분제 지원 | 서울시 난임?임산부심리상담센터 운영 | 맘편한 임신 원스톱서비스(임산부?출산전 제공) | 임산부 출산급여 지원","의료비 부담이 큰 35세 이상 산모 대상 외래진료 및 검사에 소요되는 비용을 소득과 무관하게 최대 50만원까지 지원 (24년 3월 사회보장제도 신설 협의 완료, 24년 8월까지 사업추진을 위한  사전절차 진행 예정으... | 지원내용 (엽산제) 임신 전후 3개월까지 엽산제 지원  (철분제) 임신 16주부터 철분제 5개월분  신청방법 주소지 보건소에 방문하거나 온라인(정부24)으로 신청 | 난임부부, 유산?사산 경험부부, 임산부 및 양육모의 정서적 안정을 위해 전담 상담사가 등록부터 종결까지 1:1 상담 및 다양한 프로그램을 운영 | 임산부 엽산제?철분제 지급 등 임신 전?중 통합 서비스 제공 | ㅇ 임산부 출산급여 90만원 지원     ※고용노동부 ‘고용보험 미적용자 출산급여’ 150만원에 추가지원",,,,https://idea.seoul.go.kr/front/freeSuggest/view.do?sn=185758
PROP-185646,2019-11-28,N,미상,60.0,서울시 -저소득층 임산부와 그 남편을 대상으로 하는 임산부들의 산후우울증 예방 프로그램에 대하여  제안합니다,"안녕하세요 저희는 동국대학교 사회복지학과 학생들(실타래조-김달우, 김윤지, 장혜선, 최성우)입니다.
저희가 학교 수업에서 진행한 팀 프로젝트 중 서울시의 복지증진을 위하여 활용되었으면 하는 프로그램이 있어 이렇게 제안합니다.
최근 보건복지부의 산후 실태조사 결과에 따르면 임산부의
14~23%
가 임신 우울증을 겪고 있으며
,
산후 우울감을 경험한 산모는 전체 임산부의
50.3%
에 달하는 것으로 나타났습니다
.
관련 연구에 따르면 산후 우울감은
,
산모는 물론 해당 산모의 남편과 태어난 영아의 신체적 정신적 건강에도 상당한 영향을 미치는 것으로 나타났습니다
.
이는 또한 최근 급증하고 있는 영아에 대한 방임
,
영아 유기와 영아 살해 등의 심각한 사회문제로도 이어질 수 있습니다
.
이를 해결하기 위하여 정부와 관련 학계는 산모의 산후우울증을 해소하기 위한 다양한 프로그램과 방법론을 개발 및 연구 중에 있습니다
.
이러한 추세를 반영하여 최근 산후조리원에서도 산모의 산후우울증을 예방하기 위한 다양한 프로그램을 개발
,
진행하고 있습니다
.
그러나 저소득층 여성에게는 산후 우울증을 극복하기 위하여 이러한 고액의 산후조리원을 이용할 경제적 여력이 부족합니다
.
이 점에서 착안하여 저희는 저소득층 산모의 산후우울증을 예방하기 위한 사회복지 프로그램을 제안합니다
.
다음은 프로그램의 목적 및 세부목표입니다.
목적
:
저소득층 임산부의 산후우울증을 예방하기 위한 프로그램
세부 목표
①
임산부의 정서적 안정 및 우울감 완화
②
임산부와 남편 사이의 정서적 유대 강화
③
출산 이후의 내
/
외적 변화에 대한 수용과 바람직한 미래상의 건설
④
전문적 임신 및 출산 교육을 통한 남편의 지지체 기능 강화
⑤
산모들 간의 네트워크 형성
이외의 자세한 내용은 첨부파일에 담겠습니다.",임신·난임·생식건강,임산부 건강·배려,임산부 건강관리·배려,임신·난임·생식건강,건강임신지원팀,02-2133-9491,결혼문화팀,1순위:건강임신지원팀 | 2순위:결혼문화팀,5,"35세 이상 임산부 외래 진료 및 검사비 지원 | 임산부 엽산제, 철분제 지원 | 서울시 난임?임산부심리상담센터 운영 | 맘편한 임신 원스톱서비스(임산부?출산전 제공) | 임산부 출산급여 지원","의료비 부담이 큰 35세 이상 산모 대상 외래진료 및 검사에 소요되는 비용을 소득과 무관하게 최대 50만원까지 지원 (24년 3월 사회보장제도 신설 협의 완료, 24년 8월까지 사업추진을 위한  사전절차 진행 예정으... | 지원내용 (엽산제) 임신 전후 3개월까지 엽산제 지원  (철분제) 임신 16주부터 철분제 5개월분  신청방법 주소지 보건소에 방문하거나 온라인(정부24)으로 신청 | 난임부부, 유산?사산 경험부부, 임산부 및 양육모의 정서적 안정을 위해 전담 상담사가 등록부터 종결까지 1:1 상담 및 다양한 프로그램을 운영 | 임산부 엽산제?철분제 지급 등 임신 전?중 통합 서비스 제공 | ㅇ 임산부 출산급여 90만원 지원     ※고용노동부 ‘고용보험 미적용자 출산급여’ 150만원에 추가지원",,,"TAG_REVIEW:현재 태그=취약·다양가족 사각지대, 태그 핵심어 약함",https://idea.seoul.go.kr/front/freeSuggest/view.do?sn=185646
PROP-185569,2019-11-13,N,미상,2.0,규모가 큰 공원 내 시립어린이집+유치원 설립 및 운영,"1. 제안배경
- 서울시 직장맘의 육아를 위한 시설이 많이 부족함
- 특히 직장맘을 위한 야간 근무 어린이집은 턱없이 부족한 현실
- 월드컵 공원은 부지가 넓고, 대규모 주차시설 완비, 어린이체험학습장 기운영 등 시립어린이집을 설립하여 운영할 수 있는 좋은 인프라가 구축되어 있음
2. 제안 내용
- 맞벌이 부모가 시간에 구애받지 않고 맞길 수 있는 최대규모의 시립어린이집 + 유치원 운영
- 서울시 거점별로 다른 큰 규모의 공원에서도 사업진행
3. 기대효과
- 공원의 기능을 다른 차원에서 접근하는 발상으로 시민복지 증진 도모 (최근 차고지를 컴팩트시티로 만드는 등 색다른 접근으로 시민복지에 기여하는 프로젝트가 많음)
- 고용창출 효과
- 서울시 홍보효과 : 막대한 예산이 투여되나 정작 시민들은 많이 이용하지 못하고 유지비만 드는 공원이 아니라, 시민들에게 힘이되고 실질적인 도움을 주는 새로운 패러다임을 서울시가 주도
- 공원 관람객 증진 (아이들 마중 나온 부모들이 차를 주차하고 공원시설을 더 이용 가능, 일부러 오긴 힘드나 딜리버리로 올 경우 모객증진 효과 큼) 및 이를 통한 부대사업 증진 가능",보육·돌봄 인프라,어린이집·유치원,보육시설·유아교육,보육·돌봄 인프라,돌봄사업팀,02-2133-6560,생활지원팀,1순위:돌봄사업팀 | 2순위:생활지원팀,5,외국인 가사(육아)인력 시범사업 | 서울형 육아휴직장려금(사업종료) | 영아 전담 아이돌봄서비스 | 서울형 육아휴직장려금 | 1인 자영업자 등 배우자 출산휴가급여 지원,"맞벌이 부부 등 ‘육아 조력자’의 도움이 절실한 자녀양육 가정에 외국인 육아도우미를 활용한 양육지원사업 도입 | ○ 자녀 1인당 최대 120만원 지원 - 육아휴직기간 연속 6개월 시 60만원, 연속 12개월 경과 시 60만원 추가지급 ※ 부?모 모두 육아휴직 시 각각 지급 (자녀 1인에 대해 가구당 최대 240만원 지급) | 출산휴가, 육아휴직 후 복귀하는 맞벌이 가정을 지원하고자 영아 돌봄 교육을 이수한 전담 돌보미가 영아 이유식 먹이기, 젖병 소독 등 영아 특화 돌봄서비스 제공 | ○ 자녀 1인당 최대 120만원 지원 - 육아휴직기간 연속 6개월 시 60만원, 연속 12개월 경과 시 60만원 추가지급 ※ 부?모 모두 육아휴직 시 각각 지급 (자녀 1인에 대해 가구당 최대 240만원 지급) | 1인 자영업자 등에 배우자(남편) 출산휴가급여 최대 120만원(15일분) 지원 (2026.1.1. 기준 출생아부터 적용) - 2025년 출생아는 최대 80만원(10일분) 지원 ㅇ 지원대상에 대한 자격요건 완화(202...",,,,https://idea.seoul.go.kr/front/freeSuggest/view.do?sn=185569
PROP-185511,2019-10-30,N,미상,3.0,어린이대공원을 아이들과 미래세대를 위한 &#39;지혜의 바다&#39;로 만들어주세요!!!,어린이대공원을 아이들과 미래세대를 위한 &#39;지혜의 바다&#39;로 만들어주세요!!!,정보·상담·교육·거버넌스,정보 접근성,일반 출산정책 안건,정보·상담·교육·거버넌스,저출생사업1팀,02-2133-5027,가족건강팀 | 생활지원팀,1순위:저출생사업1팀 | 2순위:가족건강팀 | 3순위:생활지원팀,0,,,,,"TAG_REVIEW:현재 태그=정보·상담·교육·거버넌스, 태그 핵심어 약함 || TAG_REVIEW:현재 태그=정보·상담·교육·거버넌스, 태그 핵심어 약함",https://idea.seoul.go.kr/front/freeSuggest/view.do?sn=185511
PROP-185502,2019-10-29,N,미상,0.0,주차공간을 크게 법 개정을 통해 임산부나 비만인들 쉽게 하자,주차공간을 크게 법 개정을 통해 임산부나 비만인들 쉽게 하자,임신·난임·생식건강,임산부 건강·배려,임산부 건강관리·배려,임신·난임·생식건강,건강임신지원팀,02-2133-9491,저출생사업1팀 | 생활지원팀,1순위:건강임신지원팀 | 2순위:저출생사업1팀 | 3순위:생활지원팀,5,"35세 이상 임산부 외래 진료 및 검사비 지원 | 임산부 엽산제, 철분제 지원 | 서울시 난임?임산부심리상담센터 운영 | 맘편한 임신 원스톱서비스(임산부?출산전 제공) | 임산부 출산급여 지원","의료비 부담이 큰 35세 이상 산모 대상 외래진료 및 검사에 소요되는 비용을 소득과 무관하게 최대 50만원까지 지원 (24년 3월 사회보장제도 신설 협의 완료, 24년 8월까지 사업추진을 위한  사전절차 진행 예정으... | 지원내용 (엽산제) 임신 전후 3개월까지 엽산제 지원  (철분제) 임신 16주부터 철분제 5개월분  신청방법 주소지 보건소에 방문하거나 온라인(정부24)으로 신청 | 난임부부, 유산?사산 경험부부, 임산부 및 양육모의 정서적 안정을 위해 전담 상담사가 등록부터 종결까지 1:1 상담 및 다양한 프로그램을 운영 | 임산부 엽산제?철분제 지급 등 임신 전?중 통합 서비스 제공 | ㅇ 임산부 출산급여 90만원 지원     ※고용노동부 ‘고용보험 미적용자 출산급여’ 150만원에 추가지원",,,,https://idea.seoul.go.kr/front/freeSuggest/view.do?sn=185502
PROP-185480,2019-10-24,N,미상,0.0,"아동 양육 수당을 현금 지급이 아닌 바우처나 쿠폰, 공공시설 이용 포인트로 전환해주세요","아동 양육 수당을 현금 지급이 아닌 바우처나 쿠폰, 공공시설 이용 포인트로 전환해주세요",정보·상담·교육·거버넌스,정보 접근성,일반 출산정책 안건,정보·상담·교육·거버넌스,저출생사업1팀,02-2133-5027,아동보호팀 | 생활지원팀,1순위:저출생사업1팀 | 2순위:아동보호팀 | 3순위:생활지원팀,3,저소득층 기저귀조제분유 취약계층 지원 (사회서비스전자바우처) | 농식품바우처 취약계층 지원 | 과학문화 바우처 취약계층 지원,"(출산가정/ⓧ/(기저귀)만2세 미만의 영아를 둔 기초생활보장, 차상위,, 한부모가족 수급 가구 대상. (조제분유)아동복지시설, 공동생활가정, 입양아동, 한부모 아동 등(별도 확인)/남여/기저귀, 조제분유 구매비용) | (생계급여 수급가구 중 임산부,영유아,아동이 포함된 가구/농협하나로마트 등의 공급처에서 국내산 과일, 채소, 흰우유, 신선계란, 육류, 잡곡류, 두부류를 구매할 수 있는 농식품바우처 제공) | (6세 이상(2019.12.31 이전 출생자) 기초생활수급자, 차상위계층/과학문화 상품 및 서비스 이용하는 온라인 포인트 5만원 지급/과학문화바우처 홈페이지)",,,"TAG_REVIEW:현재 태그=정보·상담·교육·거버넌스, 태그 핵심어 약함 || TAG_REVIEW:현재 태그=정보·상담·교육·거버넌스, 태그 핵심어 약함",https://idea.seoul.go.kr/front/freeSuggest/view.do?sn=185480
PROP-185430,2019-10-18,N,미상,3.0,"서울시 신혼부부 전세자금 대출, 신혼부부를 위한 대출인가 저소득자를 위한 대출인가?","서울시 신혼부부 전세자금 대출, 신혼부부를 위한 대출인가 저소득자를 위한 대출인가?",주거·교통·도시생활환경,출산가구 주거,신혼부부·출산가구 주거지원,주거·교통·도시생활환경,저출생사업1팀,02-2133-5027,,1순위:저출생사업1팀,4,신혼부부 결혼ㆍ살림비용 지원 | 신혼희망타운 | 신혼부부 전용 주택 구입 자금 대출 | 신혼부부 임차보증금 이자 지원,"ㅇ 결혼ㆍ살림 비용 최대 100만원 지원    - 결혼준비 및 혼인살림 장만 관련 비용 지출    ※ 생애 1회 지급   ? 결혼준비 : 혼수, 예식장, 신혼여행, 청첩장 등    ? 혼인살림 : 전자제품, 주방가전... | 신혼희망타운 분양?임대주택 공급 및 청약 자격 제공 | 연 2.55~3.85% 금리로 주택구입 자금 대출, 최대 3억 2천만 원 한도 | - 임차보증금 대출금: 최대 3억원(임차보증금의 90% 이내) - 이자지원 금리: 최대 4.5% - 지원기간: 최장 10년(25.11.20. 부터 최장 12년) ※ 자세한 사항은 서울주거포털 공고문 참조",,,,https://idea.seoul.go.kr/front/freeSuggest/view.do?sn=185430
PROP-185383,2019-10-10,N,미상,8.0,어린이공원 내에 젊은 부모들의 감성을 자극하는 테마공원을 조성해주세요.,"요즘 젊은 부모들의 새로운 랜드마크가 될 수 있도록
SNS 감성을 자랑할 수 있는
아름다운 허브공원, 핑크뮬공원, 아름다운 카페, 먹거리촌 등을 담고 아이들이 즐거워 할 수 있는 특화거리나  유명 디자이너나 설치미술가들의 작품들을 전시하는 공간을 운영하면 좋을 것 같습니다.
젊은 엄마 아빠의 감성을 자극하는 테마 공원조성을 통해
아이들이 어린이대공원에 대한 기억이 쭉 이어져 100주년을 맞이하는 어린이 대공원이 되기를 바랍니다.",정보·상담·교육·거버넌스,정보 접근성,일반 출산정책 안건,정보·상담·교육·거버넌스,저출생사업1팀,02-2133-5027,생활지원팀,1순위:저출생사업1팀 | 2순위:생활지원팀,0,,,,,"TAG_REVIEW:현재 태그=정보·상담·교육·거버넌스, 태그 핵심어 약함 || TAG_REVIEW:현재 태그=정보·상담·교육·거버넌스, 태그 핵심어 약함",https://idea.seoul.go.kr/front/freeSuggest/view.do?sn=185383
PROP-185302,2019-09-24,N,미상,6.0,아이와 조부모가 함께 할 수 있는 공간을 만들어주세요,"손자를 돌보는 조부모들이
아이와 함께 이용할 수 있는 공간이 아파트 단지 내, 마을에 있으면 좋겠습니다.
노인정은 아이들과 함께 갈 수 없는 공간이고
도서관도 아이들과 함께가기 어려운 문화입니다.
(도서관에서 아이들과 이야기 나누는 걸 허용하지 않는 문화..)
이야기도 나누고 책도 읽고
커뮤니티 활동도 할 수 있는
세대 복합 문화 공간이 필요합니다.",보육·돌봄 인프라,가족돌봄,아이돌봄·조부모돌봄,보육·돌봄 인프라,돌봄사업팀,02-2133-6560,저출생사업1팀 | 생활지원팀,1순위:돌봄사업팀 | 2순위:저출생사업1팀 | 3순위:생활지원팀,0,,,,,"TAG_REVIEW:현재 태그=보육·돌봄 인프라, 태그 핵심어 약함 || TAG_REVIEW:현재 태그=보육·돌봄 인프라, 태그 핵심어 약함",https://idea.seoul.go.kr/front/freeSuggest/view.do?sn=185302
PROP-185295,2019-09-24,N,미상,11.0,육아휴직 2년으로,출산  후 육아휴직 2년으로 하면 아기가 걷게 되고 조부모육아문제도 해결되고 아기도 엄마와함께 크면서 정서적으로 잘 크게 되며  안심하고 출산할 수 있어 출산률에도 효과를 가져올 수 있다고 생각하기에 제안합니다,일·가정 양립·부모 노동,육아휴직·근로시간,휴직·휴가·단축근무,일·가정 양립·부모 노동,가족지원팀,02-2133-6562,저출생사업1팀,1순위:가족지원팀 | 2순위:저출생사업1팀,5,서울형 新일?생활 균형 3종 패키지 | 서울형 육아휴직장려금 | 서울형 육아휴직장려금(사업종료) | 서울형 일?생활 균형 3종 패키지 | 영아 전담 아이돌봄서비스,"양육 친화 기업문화 조성을 위해 서울형 新 일?생활 균형 3종 패키지를 시행함으로써 초저출생 위기 극복 및 일?생활 균형 문화 확산 ? 배우자 출산휴가 의무제(10일) ? 육아휴직 사용 활성화 ? 육아기 근로시간 단... | ○ 자녀 1인당 최대 120만원 지원     - 육아휴직기간 연속 6개월 시 60만원, 연속 12개월 경과 시 60만원 추가지급      ※ 부?모 모두 육아휴직 시 각각 지급 (자녀 1인에 대해 가구당 최대 240... | ○ 자녀 1인당 최대 120만원 지원     - 육아휴직기간 연속 6개월 시 60만원, 연속 12개월 경과 시 60만원 추가지급      ※ 부?모 모두 육아휴직 시 각각 지급 (자녀 1인에 대해 가구당 최대 240... | 양육 친화 기업문화 조성을 위해 서울형 일?생활 균형 3종 패키지를 시행함으로써 초저출생 위기 극복 및 일?생활 균형 문화 확산 ? 배우자 출산휴가 의무제(10일) ? 육아휴직 사용 활성화 ? 육아기 근로시간 단축 ... | 출산휴가, 육아휴직 후 복귀하는 맞벌이 가정을 지원하고자 영아 돌봄 교육을 이수한 전담 돌보미가 영아 이유식 먹이기, 젖병 소독 등 영아 특화 돌봄서비스 제공",,,,https://idea.seoul.go.kr/front/freeSuggest/view.do?sn=185295
PROP-185291,2019-09-24,N,미상,9.0,시가 직접 운영하는 산후조리원 건립을 제안합니다,부모님들의 부재 및 질병으로 산후조리가 어렵거나 산후조리원 비용이 너무 고가이기 때문에 서울시에서 지원해주면 좋겠습니다.,출산·산후 초기지원,산후조리,산후조리·산모도우미,출산·산후 초기지원,가족건강팀,02-2133-9485,저출생사업1팀,1순위:가족건강팀 | 2순위:저출생사업1팀,2,서울형 산모 산후조리경비 지원 | 서울형 산후조리경비 지원,"산모 1인당 산후조리경비 100만원 산모 본인 명의 신용(체크)카드에 100만원 바우처 포인트 지급   ※ 단태아 100만원, 쌍태아 200만원, 삼태아 300만원 출산일로부터 60일 이내 신청   ※ ‘23. 7.... | 출산에 소요되는 경제적 부담을 경감하고, 출산 이후 산모의 건강권을 확보하기 위하여 산후조리경비 지원  1. 지원금액 : 자녀 수에 따른 <b class='font-color-primary'>차등지원</b>     ...",,,,https://idea.seoul.go.kr/front/freeSuggest/view.do?sn=185291
PROP-185286,2019-09-24,N,미상,9.0,조부모 공동육아 및 조부모 육아교실,"-. 공동육아시설
지역 공공시설에서 육아 환경시설이 있다면
지역내 조부모가 손자녀들을 데리고 와서
교육과 육아와 커뮤니티가 가능한 공동체.
-. 조부모 육아교실
세대간 갈등 해소를 위한 바람직한 육아교실.",보육·돌봄 인프라,가족돌봄,아이돌봄·조부모돌봄,보육·돌봄 인프라,돌봄사업팀,02-2133-6560,저출생사업1팀 | 생활지원팀,1순위:돌봄사업팀 | 2순위:저출생사업1팀 | 3순위:생활지원팀,0,,,,,"TAG_REVIEW:현재 태그=보육·돌봄 인프라, 태그 핵심어 약함 || TAG_REVIEW:현재 태그=보육·돌봄 인프라, 태그 핵심어 약함 || TAG_REVIEW:현재 태그=보육·돌봄 인프라, 태그 핵심어 약함",https://idea.seoul.go.kr/front/freeSuggest/view.do?sn=185286
PROP-185284,2019-09-24,N,미상,1.0,이웃 할머니 할아버지 긴급돌봄 지원,"새벽이나 한밤 긴급 돌보미 지원이 필요한 경우가 있습니다
어린이집 등원 전이나, 한밤에 갑자기 일하는 부모가 돌보기 어려울 때 이웃 할아버지 할머니들이 돌봐줄 수 있는 방법이 있으면 좋겠습니다.",보육·돌봄 인프라,가족돌봄,아이돌봄·조부모돌봄,보육·돌봄 인프라,돌봄사업팀,02-2133-6560,저출생사업1팀 | 생활지원팀,1순위:돌봄사업팀 | 2순위:저출생사업1팀 | 3순위:생활지원팀,5,병원동행 전담 아이돌봄서비스 | 아픈아이 전담 아이돌봄서비스 | 영아 전담 아이돌봄서비스 | 영아종일제 아이돌봄 서비스 | 초등돌봄교실,"부모의 맞벌이 등으로 아픈 자녀의 병원 동행을 할 수 없는 경우 아이돌보미가 병원 동행 및 가정 내 돌봄 서비스 제공 | 부모의 맞벌이 등으로 아픈 자녀의 병원 동행을 할 수 없는 경우 아이돌보미가 병원 동행 및 가정 내 돌봄 서비스 제공('23년은 5개구 시범운영 중 : 성동, 동대문, 강북, 강서, 서초) | 출산휴가, 육아휴직 후 복귀하는 맞벌이 가정을 지원하고자 영아 돌봄 교육을 이수한 전담 돌보미가 영아 이유식 먹이기, 젖병 소독 등 영아 특화 돌봄서비스 제공 | 양육공백 가정에 아이돌보미가 찾아가 영아 이유식 먹이기, 젖병 소독, 기저귀 갈기, 목욕 등 돌봄 서비스 제공  ※ 정부지원 아이돌봄 서비스는 서울형 아이돌봄비(조부모 돌봄수당 등)와 별개의 사업   - 서울형 아이... | 돌봄, 교육 및 일부 급?간식비 지원",,,,https://idea.seoul.go.kr/front/freeSuggest/view.do?sn=185284
PROP-185280,2019-09-24,N,미상,48.0,조부모육아경제지원,조부모가 손주손녀들을 돌보고 싶지만 현실적으로 조부모 당사자 삶은 물론 경제적 지원이 절대적 필요한게 현실이라고 생각합니다.  그래야 젊은층이 안심하고 출산도하고 아기도 맡기는데 안심하고 경제활동을 할 수있다고 봅니다.,보육·돌봄 인프라,가족돌봄,아이돌봄·조부모돌봄,보육·돌봄 인프라,돌봄사업팀,02-2133-6560,가족지원팀 | 저출생사업1팀,1순위:돌봄사업팀 | 2순위:가족지원팀 | 3순위:저출생사업1팀,0,,,,,"TAG_REVIEW:현재 태그=보육·돌봄 인프라, 태그 핵심어 약함 || TAG_REVIEW:현재 태그=보육·돌봄 인프라, 태그 핵심어 약함 || TAG_REVIEW:현재 태그=보육·돌봄 인프라, 태그 핵심어 약함",https://idea.seoul.go.kr/front/freeSuggest/view.do?sn=185280
PROP-185277,2019-09-24,N,미상,0.0,조부모육아경제적지원해주세요,조부모육아시매월50만원이상지원해주시면감사하겠습니다,보육·돌봄 인프라,가족돌봄,아이돌봄·조부모돌봄,보육·돌봄 인프라,돌봄사업팀,02-2133-6560,가족지원팀 | 저출생사업1팀,1순위:돌봄사업팀 | 2순위:가족지원팀 | 3순위:저출생사업1팀,0,,,,,"TAG_REVIEW:현재 태그=보육·돌봄 인프라, 태그 핵심어 약함 || TAG_REVIEW:현재 태그=보육·돌봄 인프라, 태그 핵심어 약함 || TAG_REVIEW:현재 태그=보육·돌봄 인프라, 태그 핵심어 약함",https://idea.seoul.go.kr/front/freeSuggest/view.do?sn=185277
PROP-185272,2019-09-24,N,미상,0.0,조부모 육아,"조부모 육아하시는 분들께 경제지원을 해주세요
월 50만원힉 지원 바랍니다",보육·돌봄 인프라,가족돌봄,아이돌봄·조부모돌봄,보육·돌봄 인프라,돌봄사업팀,02-2133-6560,가족지원팀 | 저출생사업1팀,1순위:돌봄사업팀 | 2순위:가족지원팀 | 3순위:저출생사업1팀,0,,,,,"TAG_REVIEW:현재 태그=보육·돌봄 인프라, 태그 핵심어 약함 || TAG_REVIEW:현재 태그=보육·돌봄 인프라, 태그 핵심어 약함 || TAG_REVIEW:현재 태그=보육·돌봄 인프라, 태그 핵심어 약함",https://idea.seoul.go.kr/front/freeSuggest/view.do?sn=185272
PROP-185260,2019-09-21,N,미상,0.0,"임산부에게 지하철 무임승차권을 지급하자,,,","임산부에게 지하철 무임승차권을 지급하자,,,",임신·난임·생식건강,임산부 건강·배려,임산부 건강관리·배려,임신·난임·생식건강,건강임신지원팀,02-2133-9491,저출생사업1팀 | 생활지원팀,1순위:건강임신지원팀 | 2순위:저출생사업1팀 | 3순위:생활지원팀,1,임산부 배려공간 조성,ㅇ 교통 약자인 임산부의 엘리베이터 안전사고 예방 및 배려문화 확산을 위해 엘리베이터 내?외부에 임산부 배려공간 조성(엠블럼 부착)   - 임산부를 위해 해당 공간을 비워두고 양보하는 사회 분위기 확산 유도 ㅇ 임산...,,,,https://idea.seoul.go.kr/front/freeSuggest/view.do?sn=185260
PROP-185243,2019-09-20,N,미상,0.0,어린이집 학교급식 식자재에 팜유 함유된 제품을 제한해주세요,건강에도 나쁘지만 열대우림을 훼손하여 사람과 동물의 미래를 해치는 팜유 (야자유)가 함유되지 않은 과자나 음식물을 찾기는 (우리나라에서는) 거의 불가능합니다. 유럽처럼 정부차원에서 제재를 가할수 없다면 서울시 차원에서라도 최소한 어린이집이나 학교 급식에 납품되는 식자재 중 야자유 함류 품목을 제한해 주시기를 부탁드립니다.,보육·돌봄 인프라,어린이집·유치원,보육시설·유아교육,보육·돌봄 인프라,돌봄사업팀,02-2133-6560,가족건강팀 | 저출생사업1팀,1순위:돌봄사업팀 | 2순위:가족건강팀 | 3순위:저출생사업1팀,5,어린이집 영유아 방문건강관리 서비스 지원 | 서울형어린이집 | 서울형 0세 전담반 어린이집(사업종료) | 서울형 0세 전담반 어린이집 | 서울형 시간제 전문 어린이집,어린이집으로 방문건강간호사가 찾아가서 건강관리 및 건강교육서비스 제공 | 공인평가를 통하여 우수한 민간 어린이집을 선정하고 인건비 및 운영비를 지원함으로써 향상된 보육서비스를 안정적으로 제공 | 12개월 미만의 영아 보육에 적합한 ‘0세 전담반’  어린이집 100개반 선정 운영 | 12개월 미만의 영아 보육에 적합한 ‘0세 전담반’  어린이집 100개반 선정 운영 | 가정양육 또는 타 기관 이용 보호자 등 누구나 필요시 시간 단위로 이용할 수 있는 보육서비스,,,,https://idea.seoul.go.kr/front/freeSuggest/view.do?sn=185243
PROP-185220,2019-09-18,N,미상,5.0,10월1일부터 개정되는 육아휴직관련법안관련,"10월1일부터 육아휴직1년 +육아기 근로시간단축1년으로 변경된다고 들었습니다.
모든 8세미만의 엄마들에게 희소식이었으나. 이 제도가 10월 1일부터 육아휴직을 사용하는 사람에 한하여 적용이 된다는 설이 있어. 제안합니다.
제도의 취지는 8세미만의 아이가 있는 가정의 일과 양육의 밸런스를 맞춰주고자, 고충을 줄여주고자 하는것으로 보이는데.
10월 1일부터 육아휴직을 사용하는 사람부터 적용?? 이건 취지와 전혀 맞지 않는 것으로 생각됩니다.
한참전에 사용했던 사람들일지라도 8세가 되기 1년전에 있는 사람들이라면 해줘야 하는것으로 생각됩니다.

혹여 이렇게 하는것이 너무 무리가 된다면 
당해년도 혹은 몇년전까지만으로도 유예기간을 둬야 하는것 아닐까요?
10월1일부터 사용하는 자. 에 해당하는 이 제도는 격어보지 못한 사람들의 그저 보여주기 식의 제도인것 같습니다.
19년 1월에 태어나 휴직을 몇개월 빨리 썼다는 이유로 적용을 받지 못하는것도 억울하며,
전년도에 태어나서 갓 돌 된아이를 갖고있는   .. 이제서야 복직을 해야하는 걱정에 잠못이루는 엄마들의 고충도 함께 생각해주시길 요청드립니다",일·가정 양립·부모 노동,육아휴직·근로시간,휴직·휴가·단축근무,일·가정 양립·부모 노동,가족지원팀,02-2133-6562,저출생사업1팀,1순위:가족지원팀 | 2순위:저출생사업1팀,5,서울형 新일?생활 균형 3종 패키지 | 서울형 일?생활 균형 3종 패키지 | 서울형 육아휴직장려금 | 서울형 육아휴직장려금(사업종료) | 영아 전담 아이돌봄서비스,"양육 친화 기업문화 조성을 위해 서울형 新 일?생활 균형 3종 패키지를 시행함으로써 초저출생 위기 극복 및 일?생활 균형 문화 확산 ? 배우자 출산휴가 의무제(10일) ? 육아휴직 사용 활성화 ? 육아기 근로시간 단... | 양육 친화 기업문화 조성을 위해 서울형 일?생활 균형 3종 패키지를 시행함으로써 초저출생 위기 극복 및 일?생활 균형 문화 확산 ? 배우자 출산휴가 의무제(10일) ? 육아휴직 사용 활성화 ? 육아기 근로시간 단축 ... | ○ 자녀 1인당 최대 120만원 지원 - 육아휴직기간 연속 6개월 시 60만원, 연속 12개월 경과 시 60만원 추가지급 ※ 부?모 모두 육아휴직 시 각각 지급 (자녀 1인에 대해 가구당 최대 240만원 지급) | ○ 자녀 1인당 최대 120만원 지원 - 육아휴직기간 연속 6개월 시 60만원, 연속 12개월 경과 시 60만원 추가지급 ※ 부?모 모두 육아휴직 시 각각 지급 (자녀 1인에 대해 가구당 최대 240만원 지급) | 출산휴가, 육아휴직 후 복귀하는 맞벌이 가정을 지원하고자 영아 돌봄 교육을 이수한 전담 돌보미가 영아 이유식 먹이기, 젖병 소독 등 영아 특화 돌봄서비스 제공",,,,https://idea.seoul.go.kr/front/freeSuggest/view.do?sn=185220
PROP-185120,2019-08-27,N,미상,3.0,지하철 임산부 배려석 캠페인 소음 폭력 개선,지하철 임산부 배려석 캠페인 소음 폭력 개선,임신·난임·생식건강,임산부 건강·배려,임산부 건강관리·배려,임신·난임·생식건강,건강임신지원팀,02-2133-9492,저출생사업1팀 | 가족지원팀,1순위:건강임신지원팀 | 2순위:저출생사업1팀 | 3순위:가족지원팀,1,임산부 배려공간 조성,ㅇ 교통 약자인 임산부의 엘리베이터 안전사고 예방 및 배려문화 확산을 위해 엘리베이터 내?외부에 임산부 배려공간 조성(엠블럼 부착)   - 임산부를 위해 해당 공간을 비워두고 양보하는 사회 분위기 확산 유도 ㅇ 임산...,,,,https://idea.seoul.go.kr/front/freeSuggest/view.do?sn=185120
PROP-185087,2019-08-20,N,미상,3.0,지하철 임산부배려석 재명명 해주세요!,지하철 임산부배려석 재명명 해주세요!,임신·난임·생식건강,임산부 건강·배려,임산부 건강관리·배려,임신·난임·생식건강,건강임신지원팀,02-2133-9491,저출생사업1팀 | 생활지원팀,1순위:건강임신지원팀 | 2순위:저출생사업1팀 | 3순위:생활지원팀,1,임산부 배려공간 조성,ㅇ 교통 약자인 임산부의 엘리베이터 안전사고 예방 및 배려문화 확산을 위해 엘리베이터 내?외부에 임산부 배려공간 조성(엠블럼 부착)   - 임산부를 위해 해당 공간을 비워두고 양보하는 사회 분위기 확산 유도 ㅇ 임산...,,,,https://idea.seoul.go.kr/front/freeSuggest/view.do?sn=185087
PROP-185086,2019-08-20,N,미상,2.0,지하철 임산부 좌석 글귀,"서울시 지하철에 임산부를 배려하는 임산부 좌석이 있습니다.
임산부만 이용할 수 있게 여러문구와 핑크색으로 차별화 해 봤지만
아직도 임산부에 대한 배려는 갈 길이 멀어보입니다.
복잡한 시간대는 물론이고 , 심지어 다른 좌석이 비어있는 경우에도 임산부자리에 앉아있는 남자분들도
많이 계시고, 임산부로 볼 수 없는  연령대의 여성분들도 종종 앉아 계십니다.
이렇게 써보면 어떨까요?
<저는 임산부입니다!!!>
임산부 좌석 위와 발아래에 이 문구를 써 놓는다면 좀더 효과적으로 임산부만을 위한 좌석으로  배려를 실천 할수 있지 않을까 기대해봅니다.",임신·난임·생식건강,임산부 건강·배려,임산부 건강관리·배려,임신·난임·생식건강,건강임신지원팀,02-2133-9491,가족지원팀 | 저출생사업1팀,1순위:건강임신지원팀 | 2순위:가족지원팀 | 3순위:저출생사업1팀,1,임산부 배려공간 조성,ㅇ 교통 약자인 임산부의 엘리베이터 안전사고 예방 및 배려문화 확산을 위해 엘리베이터 내?외부에 임산부 배려공간 조성(엠블럼 부착)   - 임산부를 위해 해당 공간을 비워두고 양보하는 사회 분위기 확산 유도 ㅇ 임산...,,,,https://idea.seoul.go.kr/front/freeSuggest/view.do?sn=185086
PROP-185076,2019-08-19,N,미상,0.0,임산부임을 알리는 가방고리를 옷에 달 수 있는 뱃지형태로도 제작하는 것은 어떨까 제안합니다,임산부임을 알리는 가방고리를 옷에 달 수 있는 뱃지형태로도 제작하는 것은 어떨까 제안합니다,임신·난임·생식건강,임산부 건강·배려,임산부 건강관리·배려,임신·난임·생식건강,건강임신지원팀,02-2133-9491,저출생사업1팀 | 생활지원팀,1순위:건강임신지원팀 | 2순위:저출생사업1팀 | 3순위:생활지원팀,1,임산부 배려공간 조성,ㅇ 교통 약자인 임산부의 엘리베이터 안전사고 예방 및 배려문화 확산을 위해 엘리베이터 내?외부에 임산부 배려공간 조성(엠블럼 부착)   - 임산부를 위해 해당 공간을 비워두고 양보하는 사회 분위기 확산 유도 ㅇ 임산...,,,,https://idea.seoul.go.kr/front/freeSuggest/view.do?sn=185076
PROP-185071,2019-08-18,N,미상,3.0,임산부배려석 관련 의견입니다.,"지하철에 임산부 배려석을 보면 남성분이나 가임기 지난 여성분들이 아직도 많이 앉아있는 것을 심심치않게 볼수있습니다. 육안으로 확인할수없는 초기 임산부를 배려하여 임산부 배려석이 평소에도 공석으로 유지될 수 있으면 좋겠습니다.
비임산부들에게도 거부감이 없는 부드러운 대책은 인형이라고 생각합니다. 대신 아기캐릭터 인형에 ""초기임산부도 배려해주세요"" 라는 문구를 넣어 임산부배려석 팔걸이에 줄로 고정시켜놓는 것을 제안드립니다.",임신·난임·생식건강,임산부 건강·배려,임산부 건강관리·배려,임신·난임·생식건강,건강임신지원팀,02-2133-9492,생활지원팀,1순위:건강임신지원팀 | 2순위:생활지원팀,1,임산부 배려공간 조성,ㅇ 교통 약자인 임산부의 엘리베이터 안전사고 예방 및 배려문화 확산을 위해 엘리베이터 내?외부에 임산부 배려공간 조성(엠블럼 부착)   - 임산부를 위해 해당 공간을 비워두고 양보하는 사회 분위기 확산 유도 ㅇ 임산...,,,,https://idea.seoul.go.kr/front/freeSuggest/view.do?sn=185071
PROP-185069,2019-08-18,N,미상,11.0,임산부배려석 알리미,"현재 부산에서는 임산부배려석 관련 정책으로 핑크라이트를 도입해 임산부가 열쇠고리를 지니고 탑승하면 불빛과 음성이 나오면서 자리 양보를 부탁하는 멘트가 나오는 것으로 알고 있습니다 이를 조금 더 보완해 핑크 알리미를 제안합니다
핑크 알리미는 서울시에 설치된 미세먼지 알리미를 벤치마킹한 것으로 기존의 핑크 라이트와 다음과 같은 차별점이 있습니다
1. 열쇠고리가 아니라 임산부 배지에 센서를 부착해 휴대성을 높임 배지를 단 임산부가 탑승할 경우 핑크알리미에 집계되도록 함
2. 불빛과 음성을 사용할시, 임산부에게도 부담이 될 수 있고 자리를 양보하는 승객에게도 무안을 줄 수 있으므로 임산부배려석쪽에 전광판을 설치함 -> 한 칸에 탑승한 임산부의 수가 좌석보다 적을 경우에만 전광판에 o를 띄우고 그렇지 않을 경우에는 x를 띄움
기대되는 효과 : 전광판에 x가 떠있으면 앉으면 안 된다는 것을 가시적으로 알 수 있고 자리를 비켜주는 경우에도 승객은 무안하지 않고 임산부는 미안해하지 않으며 앉을 수 있게 됨.",임신·난임·생식건강,임산부 건강·배려,임산부 건강관리·배려,임신·난임·생식건강,건강임신지원팀,02-2133-9491,가족지원팀 | 저출생사업1팀,1순위:건강임신지원팀 | 2순위:가족지원팀 | 3순위:저출생사업1팀,1,임산부 배려공간 조성,ㅇ 교통 약자인 임산부의 엘리베이터 안전사고 예방 및 배려문화 확산을 위해 엘리베이터 내?외부에 임산부 배려공간 조성(엠블럼 부착)   - 임산부를 위해 해당 공간을 비워두고 양보하는 사회 분위기 확산 유도 ㅇ 임산...,,,,https://idea.seoul.go.kr/front/freeSuggest/view.do?sn=185069
PROP-184945,2019-08-04,N,미상,1.0,어린이 노인장애인보호구역 도로표시  지그자그로,"현행도로의 30으로제한이 되어있는데 그구간보다는 이구간에  들어가는 횡단보도정지선에서  횡단보도좌우  실선을 모두 이무적으로지그재그로  법적으로의무화 해 주？으면 합니다. 서행인데이구간횡단보도는 도로사정에따라 간격이들쑥날쑥해 큰것은크고 좁은곳은 좁아 너무위험합니다  자전거도로까지생겨서 더 문제가아닌가합니다  보호구역과 그안의 횡단보도앞 측구의 거리는 일반도로 측구너비만큼 거리유지의무와 지그재그로 보호를 해주셨으면합니다
지워제서다시작성",정보·상담·교육·거버넌스,정보 접근성,일반 출산정책 안건,정보·상담·교육·거버넌스,저출생사업1팀,02-2133-5027,가족건강팀 | 생활지원팀,1순위:저출생사업1팀 | 2순위:가족건강팀 | 3순위:생활지원팀,0,,,,,"TAG_REVIEW:현재 태그=정보·상담·교육·거버넌스, 태그 핵심어 약함 || TAG_REVIEW:현재 태그=정보·상담·교육·거버넌스, 태그 핵심어 약함",https://idea.seoul.go.kr/front/freeSuggest/view.do?sn=184945
PROP-184905,2019-07-31,N,미상,55.0,아동들의 놀 공간을 찾아주세요!,"안녕하십니까? 저는 서울시 동작구에 살고 있는 '노회림' 입니다.
저는 요즘 아동들이 놀 수 있는 실내공간이 더욱 많아져야 한다고 생각하고, 필요하다고 생각합니다. 요즘에는 미세먼지가 심한 날도 있고, 폭우가 쏟아지는 날, 또 폭염이 기승을 부리는 날도 있기 때문에 밖에서는 놀지 못할 때가 대다수 입니다. 그리고 키즈카페는 저학년들이 놀 수 있는 '키즈카페' 라는 공간이 있지만 그곳에는 고학년들이 가지 못하고, 요즘에는 키즈카페에 가는 초등학교 저학년도 많이 볼 수 없습니다. 그래서 저는 아동들이 편히 놀 수 있는 실내 놀이공간이 필요하다고 생각합니다.
만약에 실내 공간에 '놀이시설'이 생긴다면 어떤 놀이시설이 필요할까요? 먼저 활동적인 아동들을 위해 활동적인 아동들이 편히 이용할 수 있는 운동기구들이나 박진감 넘치는 모험 놀이터가 생기면 좋을 것이고, 예술적인 것을 좋아하는 아동들을 위해 자신의 생각을 자유롭게 표현할 수 있는 미술 공간이 필요할 것입니다.(+미술도구) 또한, 요즘 고학년들이 많이 찾는 만화방이나, 노래방도 필요할 것입니다. 또, 휴대폰 게임 말고, 카드게임이나 보드게임을 좋아하는 아동들도 있으므로 그런 시설을 들여놓는 것 또한 좋을 것입니다.
요즘 아동들은 놀 권리에 대해 잘 모르고 있고, 공부하는 시간에 놀 시간을 뺏겨 잘 놀지 못하는 경우도 많습니다. (아동들의 공부시간이 성인들의 근무시간보다 많았습니다) 그럴수록 우리는 아동들의 놀 권리를 존중해주어야 하며 또한 아동들의 놀 권리의 필요성을 아는 것이 중요하다고 생각합니다. 감사합니다.",정보·상담·교육·거버넌스,정보 접근성,일반 출산정책 안건,정보·상담·교육·거버넌스,저출생사업1팀,02-2133-5027,생활지원팀,1순위:저출생사업1팀 | 2순위:생활지원팀,0,,,,,"TAG_REVIEW:현재 태그=정보·상담·교육·거버넌스, 태그 핵심어 약함 || TAG_REVIEW:현재 태그=정보·상담·교육·거버넌스, 태그 핵심어 약함",https://idea.seoul.go.kr/front/freeSuggest/view.do?sn=184905
PROP-184904,2019-07-31,N,미상,8.0,아이들만의 쉬는 공간이 필요해요!!,"아이들만의 쉬는 공간이 필요해요! 부모님이 일하셔서 혼자있는 날이 많을 때. 어르신들의 무더위 쉼터처럼 저학년 고학년 학생들이 방학때만 편안히 놀 수 있는 곳이 생기면 좋겠다.
(새솔초)",정보·상담·교육·거버넌스,정보 접근성,일반 출산정책 안건,정보·상담·교육·거버넌스,저출생사업1팀,02-2133-5027,생활지원팀,1순위:저출생사업1팀 | 2순위:생활지원팀,0,,,,,"TAG_REVIEW:현재 태그=정보·상담·교육·거버넌스, 태그 핵심어 약함 || TAG_REVIEW:현재 태그=정보·상담·교육·거버넌스, 태그 핵심어 약함",https://idea.seoul.go.kr/front/freeSuggest/view.do?sn=184904
PROP-184899,2019-07-31,N,미상,28.0,무료로 아이들이 놀수 있는 시설을 마련해주세요.,무료로 아이들이 놀수 있는 시설을 마련해주세요.,정보·상담·교육·거버넌스,정보 접근성,일반 출산정책 안건,정보·상담·교육·거버넌스,저출생사업1팀,02-2133-5027,생활지원팀,1순위:저출생사업1팀 | 2순위:생활지원팀,0,,,,,"TAG_REVIEW:현재 태그=정보·상담·교육·거버넌스, 태그 핵심어 약함 || TAG_REVIEW:현재 태그=정보·상담·교육·거버넌스, 태그 핵심어 약함",https://idea.seoul.go.kr/front/freeSuggest/view.do?sn=184899
PROP-184898,2019-07-31,N,미상,2.0,아이들을 위한 놀이공간이 필요합니다,저는 아이들이 쉽게 말할 수 있는 실내공간이 있었으면 좋겠습니다.아이들이 요즈음 학원이나 공부에 시간을 쓰니까 다른 아이들과 말하는 시간이 줄어듭니다.다른 아이들과 공감을 하고 말하는 능력도 기르고 그 아이들과 친하게도 지낼 수 있는 공간 말하는 공간이 필요합니다. 실내는 바깥날씨에 연연하지 않고 친구들과 있을 수 있으니 실내에 말하는 공간이 있었으면 좋겠습니다.,정보·상담·교육·거버넌스,정보 접근성,일반 출산정책 안건,정보·상담·교육·거버넌스,저출생사업1팀,02-2133-5027,가족건강팀 | 생활지원팀,1순위:저출생사업1팀 | 2순위:가족건강팀 | 3순위:생활지원팀,0,,,,,"TAG_REVIEW:현재 태그=정보·상담·교육·거버넌스, 태그 핵심어 약함 || TAG_REVIEW:현재 태그=정보·상담·교육·거버넌스, 태그 핵심어 약함",https://idea.seoul.go.kr/front/freeSuggest/view.do?sn=184898
PROP-184889,2019-07-31,N,미상,6.0,아이들을 위한 실내 놀이공간에 대한  의견,아이들을 위한 실내 놀이공간에 대한  의견,정보·상담·교육·거버넌스,정보 접근성,일반 출산정책 안건,정보·상담·교육·거버넌스,저출생사업1팀,02-2133-5027,가족건강팀,1순위:저출생사업1팀 | 2순위:가족건강팀,0,,,,,"TAG_REVIEW:현재 태그=정보·상담·교육·거버넌스, 태그 핵심어 약함 || TAG_REVIEW:현재 태그=정보·상담·교육·거버넌스, 태그 핵심어 약함",https://idea.seoul.go.kr/front/freeSuggest/view.do?sn=184889
PROP-184886,2019-07-31,N,미상,3.0,아이들을 위한 실내 공간에 대한 나의 의견,"저는 아이들을 위한 실내 시설이 더 필요하다고 생각합니다. 왜냐하면 실내 놀이 시설 같은 경우는 대부분 한정적이거나 나이 제한, 키 제한등이 있는 경우가 많은데, 유치원생이나 저학년만 사용할 수 있는 곳이 아닌 고학년들도 신나게 뛰어놀 수 있고, 책도 읽으며, 노래도 부르고 대화도 하면서 게임도 하고 음식도 먹을 수 있는 곳이 생긴다면 많은 고학년 들이 즐길 수 있고 핸드폰중독 연령대가 덜 낮아질 수 있지 않을까라고 생각합니다.",정보·상담·교육·거버넌스,정보 접근성,일반 출산정책 안건,정보·상담·교육·거버넌스,저출생사업1팀,02-2133-5027,가족건강팀,1순위:저출생사업1팀 | 2순위:가족건강팀,0,,,,,"TAG_REVIEW:현재 태그=정보·상담·교육·거버넌스, 태그 핵심어 약함 || TAG_REVIEW:현재 태그=정보·상담·교육·거버넌스, 태그 핵심어 약함",https://idea.seoul.go.kr/front/freeSuggest/view.do?sn=184886
PROP-184852,2019-07-26,N,미상,1.0,어린이집 개선이 필요합니다,"초보 워킹맘입니다.
가정/민간 어린이집이 국공립 어린이집 레벨로 올라가려면 어떤 환경이 갖춰져야 할까-하고 고민하고 제안드립니다. 많은 서울의 초보 엄마, 아빠들이 맘편히 아이를 맡기고 퇴근할 때 만날 수 있는 환경이 되었으면 합니다.
1. 무조건 7:30-19:30 근무시간을 지키게 한다
- 어린이집은 표면상으로만 7:30-19:30 운영하고, 실제로는 훨씬 일찍 닫으면서 맞춤형이 아닌 종일반 금액을 국가에 청구한다. 시간 조사는 워낙 힘들기에 이걸 악용해서 돈을 버는 곳이 많다.
- 남는 아이가 없다고 매일 5시에 불끄고 퇴근하는 어린이집들을 급습해서 조사해서 처벌한다.
- 한편, 아침 7시 반에도 조사를 한다.
- 회사에서 일이 없다고 6시가 아니라 4시에 집에가는 건 말이 안된다. 어린이집 원장도 일종의 월급쟁이이다. 시간제로 월급을 받으면서 일찍 문을 닫는 것은 배임이다.
- 무조건 7시반까지 운영하게 해야 등하원 도우미 없이 맡기는 부모들이 생긴다. 지금은 눈치를 줘서 못 맡기는 거다.
2. 보육교사가 보육만 할 수 있게 한다.
-  일자리나눔 사업을 적극 활용해 인력을 보강한다.
- 장난감 세척, 등원 맞이, 놀이터에서 다치지 않게 봐주거나, 아이들 노는 모습을 사진을 찍어서 학부모에게 공유해준다는지, 교구 정리하기 등.. 보육교사가 할일은 참 많다.
- 교사가 보육만 할 수 있게 나머지 일들은 노인복지관 파견 등 청년/노년 인력을 백분 활용하다.
3. 비리를 차단한다.
-  원장이 담임 겸직을 못하게 한다 = 원장이 서무도 보고, 활동도 짜면서 담임 할 시간이 없다 그 아이들 누가 보겠나.
- 원장이 조리를 하지 못하게 한다 = 물리적으로 불가능한 일이나 종종 인건비 절감을 위해 직접 한다. 아이들 먹거리에 장난을 치지 좋아진다.
- 지원금을 원장을 통하지 않고 국가가 보육교사에서 직접 주게 하고, 국가는 매달 근로한 시간에 대한 전자서명을 개별 보육교사로부터 받는다. 이때 근로시간을 허위로 작성한 교사는 처벌 및 근로계약 해지대상이고, 이로서 종일반 운영을 했는지 안했는지도 확인이 가능하다.
4. 학부모 만족도 조사를 한다.
- 단순 출석인수 X 시간 X 명수로 국가 보조금을 지급하지 않고, 학부모 만족도 조사를 분기별로 해서 인센티브를 책정한다.
- 인센티브는 원장/교사 월급이 될 수 도 있고, 청소도우미/ 공익요원 지원 바우처가 될 수도 있다.
(지금 보내는 어린이집에는 공익요원과 노인복지관에서 오신 할머니 청소부가 계시다)
- 만족도 지수와 피드백은 어린이집 선택시 부모들이 참고할 수 있어야 한다(호텔스닷컴처럼)
- 만족도가 높은 선생님들은 호봉이 빨리 올라갈 수도 있다.",보육·돌봄 인프라,어린이집·유치원,보육시설·유아교육,보육·돌봄 인프라,가족지원팀,02-2133-6562,돌봄사업팀 | 저출생사업1팀,1순위:가족지원팀 | 2순위:돌봄사업팀 | 3순위:저출생사업1팀,5,서울형 新일?생활 균형 3종 패키지 | 서울형 일?생활 균형 3종 패키지 | 1인 자영업자?프리랜서 배우자 출산휴가 지원금 | 1인 자영업자 등 배우자 출산휴가급여 지원 | 서울형 강소기업 지원,"양육 친화 기업문화 조성을 위해 서울형 新 일?생활 균형 3종 패키지를 시행함으로써 초저출생 위기 극복 및 일?생활 균형 문화 확산 ? 배우자 출산휴가 의무제(10일) ? 육아휴직 사용 활성화 ? 육아기 근로시간 단... | 양육 친화 기업문화 조성을 위해 서울형 일?생활 균형 3종 패키지를 시행함으로써 초저출생 위기 극복 및 일?생활 균형 문화 확산 ? 배우자 출산휴가 의무제(10일) ? 육아휴직 사용 활성화 ? 육아기 근로시간 단축 ... | 1인 자영업자 등에 배우자 출산휴가급여 80만원 지원 | 1인 자영업자 등에 배우자(남편) 출산휴가급여 최대 120만원(15일분) 지원 (2026.1.1. 기준 출생아부터 적용) - 2025년 출생아는 최대 80만원(10일분) 지원 ㅇ 지원대상에 대한 자격요건 완화(202... | ① 청년 정규직 채용 시, 사내복지 개선 등 근무환경개선금 최대 45백만원 지원 ② 육아휴직자 대체 청년인턴에 최대 23개월 인건비 지원으로 업무공백 해소 ③ 육아친화 및 일?생활 균형 조직문화 조성을 위한 교육?컨...",,,,https://idea.seoul.go.kr/front/freeSuggest/view.do?sn=184852
PROP-184851,2019-07-25,N,미상,1.0,임산부 석에 앉는 사람이 많습니다.,"지하철을 탈 때마다 느끼는 점인데 임산부석에 아저씨들이나 일반 청년들이 앉는 경우를 많이 봐왔습니다. 개월 수가 얼마 되지 않아 티가 나지 않는 임산부들이 그 분들에게 말도 못하고 서 있을 수 있다는 생각에 걱정이 됩니다.
임산부 석에 사람들이 앉을 때 짧게 "" 이곳은 임산부가 앉는 곳입니다."" 또는 ""당신은 임산부 입니까? "" 라고 방송이 나올 수 있게 음성박스를 설치하면 사람들이 앉을 때 경각심이 들 거라고 생각합니다. 너무 예산이 많이 들까요?",임신·난임·생식건강,임산부 건강·배려,임산부 건강관리·배려,임신·난임·생식건강,건강임신지원팀,02-2133-9492,저출생사업1팀 | 가족지원팀,1순위:건강임신지원팀 | 2순위:저출생사업1팀 | 3순위:가족지원팀,1,임산부 배려공간 조성,ㅇ 교통 약자인 임산부의 엘리베이터 안전사고 예방 및 배려문화 확산을 위해 엘리베이터 내?외부에 임산부 배려공간 조성(엠블럼 부착)   - 임산부를 위해 해당 공간을 비워두고 양보하는 사회 분위기 확산 유도 ㅇ 임산...,,,,https://idea.seoul.go.kr/front/freeSuggest/view.do?sn=184851
PROP-184839,2019-07-22,N,미상,2.0,지하철 임산부 승차시 자동 알람 기능,지하철 임산부 승차시 자동 알람 기능,임신·난임·생식건강,임산부 건강·배려,임산부 건강관리·배려,임신·난임·생식건강,건강임신지원팀,02-2133-9492,저출생사업1팀 | 가족지원팀,1순위:건강임신지원팀 | 2순위:저출생사업1팀 | 3순위:가족지원팀,1,임산부 배려공간 조성,ㅇ 교통 약자인 임산부의 엘리베이터 안전사고 예방 및 배려문화 확산을 위해 엘리베이터 내?외부에 임산부 배려공간 조성(엠블럼 부착)   - 임산부를 위해 해당 공간을 비워두고 양보하는 사회 분위기 확산 유도 ㅇ 임산...,,,,https://idea.seoul.go.kr/front/freeSuggest/view.do?sn=184839
PROP-184757,2019-07-03,N,미상,0.0,임산부배려석 차단바설치,"유명무실한 임산부배려석
엉덩이나 등 부분에서 평소에는 차단바 같은게 내려오거나 올라와서 카드를 대야 차단바가 움직이게 하는것입니다
카드는 교통카드와 연동해 임산부 확인된 여성의 카드에 프로그램을 심어 태그를 하는 방식으로 했으면 합니다",임신·난임·생식건강,임산부 건강·배려,임산부 건강관리·배려,임신·난임·생식건강,건강임신지원팀,02-2133-9491,가족지원팀 | 저출생사업1팀,1순위:건강임신지원팀 | 2순위:가족지원팀 | 3순위:저출생사업1팀,1,임산부 배려공간 조성,ㅇ 교통 약자인 임산부의 엘리베이터 안전사고 예방 및 배려문화 확산을 위해 엘리베이터 내?외부에 임산부 배려공간 조성(엠블럼 부착)   - 임산부를 위해 해당 공간을 비워두고 양보하는 사회 분위기 확산 유도 ㅇ 임산...,,,,https://idea.seoul.go.kr/front/freeSuggest/view.do?sn=184757
PROP-184729,2019-06-27,N,미상,0.0,임산부 배려석에 관해서~~,"안녕하세요?
저는 서울이 거주지가 아닌 전남 순천에 거주하고 있는 55세 여성입니다.
거창한 제안은 아니지만 저의 생각을 올려봅니다.
뉴스에서나 인터넷에 보면 지하철내 임산부석에 대해서 많은 말들이 나올때마다
좋은방법이 없을까 생각해봤는데, 임산부나 미취학아동을  데리고다니는 엄마나 아빠 보면
많은 불편한 일들이 일어납니다.
지하철 한량전체를 임산부나 아기를 데리고 타시는분들 전용칸으로 만들면 어떨까요?
임산부좌석을 편한좌석으로, 아기데리고 타시는분들은 기저귀도 갈수있고,
수유나  분유도 편안하고 눈치안보면서 갈수있도록 하는겁니다.
또 가능하다면 미취학아동들이 탔을경우 간단하게 놀수있는 장난감도 가지고 놀수있는
공간도 만들어주면 어떨까요?
저의 일차적인 생각이니 더 좋은안건을 보태셔서 좋은제도를 만들었으면 좋겠습니다.
감사합니다.",임신·난임·생식건강,임산부 건강·배려,임산부 건강관리·배려,임신·난임·생식건강,건강임신지원팀,02-2133-9491,가족지원팀 | 저출생사업1팀,1순위:건강임신지원팀 | 2순위:가족지원팀 | 3순위:저출생사업1팀,1,임산부 배려공간 조성,ㅇ 교통 약자인 임산부의 엘리베이터 안전사고 예방 및 배려문화 확산을 위해 엘리베이터 내?외부에 임산부 배려공간 조성(엠블럼 부착)   - 임산부를 위해 해당 공간을 비워두고 양보하는 사회 분위기 확산 유도 ㅇ 임산...,,,,https://idea.seoul.go.kr/front/freeSuggest/view.do?sn=184729
PROP-184659,2019-06-22,N,미상,5.0,임산부 배려석과 국민행복카드 연계 및 지하철 앱 활용,임산부 배려석과 국민행복카드 연계 및 지하철 앱 활용,임신·난임·생식건강,임산부 건강·배려,임산부 건강관리·배려,임신·난임·생식건강,건강임신지원팀,02-2133-9492,저출생사업1팀 | 가족지원팀,1순위:건강임신지원팀 | 2순위:저출생사업1팀 | 3순위:가족지원팀,1,임산부 배려공간 조성,ㅇ 교통 약자인 임산부의 엘리베이터 안전사고 예방 및 배려문화 확산을 위해 엘리베이터 내?외부에 임산부 배려공간 조성(엠블럼 부착)   - 임산부를 위해 해당 공간을 비워두고 양보하는 사회 분위기 확산 유도 ㅇ 임산...,,,,https://idea.seoul.go.kr/front/freeSuggest/view.do?sn=184659
PROP-184649,2019-06-20,N,미상,0.0,공영주차장에 아파트를  건축하여 저소득층이나 신혼부부에게 저렴하게 분양하자,공영주차장에 아파트를  건축하여 저소득층이나 신혼부부에게 저렴하게 분양하자,주거·교통·도시생활환경,출산가구 주거,신혼부부·출산가구 주거지원,주거·교통·도시생활환경,저출생사업1팀,02-2133-5027,생활지원팀,1순위:저출생사업1팀 | 2순위:생활지원팀,4,신혼부부 결혼ㆍ살림비용 지원 | 신혼희망타운 | 신혼부부 전용 주택 구입 자금 대출 | 신혼부부 임차보증금 이자 지원,"ㅇ 결혼ㆍ살림 비용 최대 100만원 지원    - 결혼준비 및 혼인살림 장만 관련 비용 지출    ※ 생애 1회 지급   ? 결혼준비 : 혼수, 예식장, 신혼여행, 청첩장 등    ? 혼인살림 : 전자제품, 주방가전... | 신혼희망타운 분양?임대주택 공급 및 청약 자격 제공 | 연 2.55~3.85% 금리로 주택구입 자금 대출, 최대 3억 2천만 원 한도 | - 임차보증금 대출금: 최대 3억원(임차보증금의 90% 이내) - 이자지원 금리: 최대 4.5% - 지원기간: 최장 10년(25.11.20. 부터 최장 12년) ※ 자세한 사항은 서울주거포털 공고문 참조",,,"TAG_REVIEW:현재 태그=주거·교통·도시생활환경, 태그 핵심어 약함 || TAG_REVIEW:현재 태그=주거·교통·도시생활환경, 태그 핵심어 약함",https://idea.seoul.go.kr/front/freeSuggest/view.do?sn=184649
PROP-184604,2019-06-07,N,미상,0.0,동성연애 시청앞 대형행사  출산감소 부채질,"출산감소가 악화되어 몇십년후에는 군인을 수입해야 되고  노동력 부족으로 경제위기가 온다고  뜻있는 국민들이 크게걱정하는 터에 서울시장님은
동성연애를 지지하고 시청앞에서 춤추며 행사 하도록  허가를 지속적으로 해줘 동성연애 반대하는 시민들이 분노하고있다. 특히 종교단체에서  수년전부터 시청앞에서  단대 집회하며 시정에 항거하고 있다. 외국인 근로자가 300만이나 되는터에  동성애 장려하고 애완견과 사랑하다보면  아이는 누가낳고  힘든노동은 누가한단 말인가. ? 인권주장하는 소수의 행동에 서울시장님께서 찬사하여 나라의 미래가 암담하다. 나라의 운명이 달려있는 정책을 시민토론회 없이 결정하여 시행하는 것은 시민을 위함이 아니여 나라의 미래를 위한 정책이 아니라 생가하므로 즉시시정돼야한다.",출산·산후 초기지원,출산가구 초기지원,출산지원금·출생축하,출산·산후 초기지원,가족건강팀,02-2133-9485,저출생사업1팀,1순위:가족건강팀 | 2순위:저출생사업1팀,0,,,,,"TAG_REVIEW:현재 태그=취약·다양가족 사각지대, 태그 핵심어 약함",https://idea.seoul.go.kr/front/freeSuggest/view.do?sn=184604
PROP-184600,2019-06-06,N,미상,1.0,서울지하철 내 임산부배려석에 ‘테디베어’ 곰 인형 설치를 확대해주세요.,서울지하철 내 임산부배려석에 ‘테디베어’ 곰 인형 설치를 확대해주세요.,임신·난임·생식건강,임산부 건강·배려,임산부 건강관리·배려,임신·난임·생식건강,건강임신지원팀,02-2133-9491,저출생사업1팀 | 생활지원팀,1순위:건강임신지원팀 | 2순위:저출생사업1팀 | 3순위:생활지원팀,1,임산부 배려공간 조성,ㅇ 교통 약자인 임산부의 엘리베이터 안전사고 예방 및 배려문화 확산을 위해 엘리베이터 내?외부에 임산부 배려공간 조성(엠블럼 부착)   - 임산부를 위해 해당 공간을 비워두고 양보하는 사회 분위기 확산 유도 ㅇ 임산...,,,,https://idea.seoul.go.kr/front/freeSuggest/view.do?sn=184600
PROP-184573,2019-05-31,N,미상,37.0,육아 우수기업 서울시 인증제도 도입,"아직까지 육아에 대한 시선이 편하지는 않습니다
남성육아는 더더욱이나 그렇습니다
언젠가는 이러한 시선도 변하겠지만 시간을 다소나마 단축하는 것이 필요하지 않을까 생각합니다
이에 서울시에서 육아 우수기업을 선정하면 어떨까 생각합니다. 직장어린이집 유무, 육아휴직 비율 등의
지표를 통하여 선정하는 것입니다.
또한 남성육아휴직에 대해서는 많은 가중치를 두다 보면 남성육아를 보는 시선이 조금씩 변할 것으로 생각 됩니다 이에 서울시 육아우수기업선정 제도를 제안합니다.",정보·상담·교육·거버넌스,정보 접근성,일반 출산정책 안건,정보·상담·교육·거버넌스,저출생사업1팀,02-2133-5027,,1순위:저출생사업1팀,5,서울형 육아휴직장려금(사업종료) | 서울형 육아휴직장려금 | 영아 전담 아이돌봄서비스 | 서울형 新일?생활 균형 3종 패키지 | 서울형 일?생활 균형 3종 패키지,"○ 자녀 1인당 최대 120만원 지원 - 육아휴직기간 연속 6개월 시 60만원, 연속 12개월 경과 시 60만원 추가지급 ※ 부?모 모두 육아휴직 시 각각 지급 (자녀 1인에 대해 가구당 최대 240만원 지급) | ○ 자녀 1인당 최대 120만원 지원 - 육아휴직기간 연속 6개월 시 60만원, 연속 12개월 경과 시 60만원 추가지급 ※ 부?모 모두 육아휴직 시 각각 지급 (자녀 1인에 대해 가구당 최대 240만원 지급) | 출산휴가, 육아휴직 후 복귀하는 맞벌이 가정을 지원하고자 영아 돌봄 교육을 이수한 전담 돌보미가 영아 이유식 먹이기, 젖병 소독 등 영아 특화 돌봄서비스 제공 | 양육 친화 기업문화 조성을 위해 서울형 新 일?생활 균형 3종 패키지를 시행함으로써 초저출생 위기 극복 및 일?생활 균형 문화 확산 ? 배우자 출산휴가 의무제(10일) ? 육아휴직 사용 활성화 ? 육아기 근로시간 단... | 양육 친화 기업문화 조성을 위해 서울형 일?생활 균형 3종 패키지를 시행함으로써 초저출생 위기 극복 및 일?생활 균형 문화 확산 ? 배우자 출산휴가 의무제(10일) ? 육아휴직 사용 활성화 ? 육아기 근로시간 단축 ...",,,,https://idea.seoul.go.kr/front/freeSuggest/view.do?sn=184573
PROP-184570,2019-05-31,N,미상,13.0,살림.육아에 대한 정보를 공공장소에 노출시켜주세요,"항상 엄마만 살림해야하나요?
당연하게 느껴지는건 모든 육아정보에 -엄마.맘-이라고 적혀있어서가 아닐까요.
버스정류장에 유명한 남성 쉐프님이 이유식을 만드는 영상이 나오고,지하철 정보란에 아빠가 살림하는 모습이 보인다면
우리가 함께하는 생활이 더  쉽게  다가올꺼라 생각됩니다.
공공장소에 많이 노출이 될수록 부모의 위치가 같아질꺼라 생각됩니다.",정보·상담·교육·거버넌스,정보 접근성,정보통합·상담·신청,정보·상담·교육·거버넌스,저출생사업1팀,02-2133-5027,,1순위:저출생사업1팀,0,,,,,"TAG_REVIEW:현재 태그=주거·교통·도시생활환경, 태그 핵심어 약함",https://idea.seoul.go.kr/front/freeSuggest/view.do?sn=184570
PROP-184569,2019-05-31,N,미상,11.0,“공동육아”를 기업법정 교육시간에 포함시켜주세요.,"매년 1회 기업에 강제된 성희롱 예방교육 처럼
공동육아도 모든 직장 사회구성원들이 이해하고
배려하는 분위기를 만들 수 있도록 법정 의무 교육에 포함 시켜주세요.
꾸준한 교육으로 인식이 변화하는 계기가 되기를 바라고 더 이상 이런 교육 자체가 필요없는 시기가 더 빨리 오기를 바랍니다.",정보·상담·교육·거버넌스,부모·가족 교육/상담,초보부모·공동육아·육아정보,정보·상담·교육·거버넌스,저출생사업1팀,02-2133-5027,생활지원팀,1순위:저출생사업1팀 | 2순위:생활지원팀,5,서울시 중소기업 워라밸 포인트제 | 서울형 강소기업 지원 | 서울형 강소기업 지원(사업종료) | 배우자 출산휴가 지원금 | 서울형 新일?생활 균형 3종 패키지,"양육친화 및 일?생활 균형을 위한 중소기업의 다양한 노력을 인정하고 중소기업이 아이 키우기 좋은 기업으로 성장할 수 있도록 지원하는 사업 ① 양육친화 및 일?생활 균형 실적에 따른 포인트 적립 ② 적립 포인트에 따른... | ① 청년 정규직 채용 시, 사내복지 개선 등 근무환경개선금 최대 45백만원 지원 ② 육아휴직자 대체 청년인턴에 최대 23개월 인건비 지원으로 업무공백 해소 ③ 육아친화 및 일?생활 균형 조직문화 조성을 위한 교육?컨... | ① 청년 정규직 채용 시, 사내복지 개선 등 근무환경개선금지원(최대 3명) ② 육아친화 및 일?생활 균형 조직문화 조성을 위한 교육?컨설팅 지원 ③ 마음챙김, 스트레스 관리로 신입사원 번아웃 예방을 위한 청년성장 프... | ㅇ 임산부 배우자를 둔 1인 자영업자?프리랜서에 배우자 출산휴가 지원금 80만원 지원 | 양육 친화 기업문화 조성을 위해 서울형 新 일?생활 균형 3종 패키지를 시행함으로써 초저출생 위기 극복 및 일?생활 균형 문화 확산 ? 배우자 출산휴가 의무제(10일) ? 육아휴직 사용 활성화 ? 육아기 근로시간 단...",,,"TAG_REVIEW:현재 태그=취약·다양가족 사각지대, 태그 핵심어 약함",https://idea.seoul.go.kr/front/freeSuggest/view.do?sn=184569
PROP-184568,2019-05-31,N,미상,13.0,공동육아  참여하는 부모님들 위한 심리 프로그램 마련해주세요!,엄마도 바쁘고 아빠는 힘들고 공동육아도 쉽지 않은데 기댈곳이 없어요. 공동육아 같이하는 분들끼리 심리적인 부담을 덜수있는 프로그램이 절실합니다.,정보·상담·교육·거버넌스,부모·가족 교육/상담,초보부모·공동육아·육아정보,정보·상담·교육·거버넌스,저출생사업1팀,02-2133-5027,,1순위:저출생사업1팀,0,,,,,"TAG_REVIEW:현재 태그=정보·상담·교육·거버넌스, 태그 핵심어 약함 || TAG_REVIEW:현재 태그=정보·상담·교육·거버넌스, 태그 핵심어 약함 || TAG_REVIEW:현재 태그=정보·상담·교육·거버넌스, 태그 핵심어 약함",https://idea.seoul.go.kr/front/freeSuggest/view.do?sn=184568
PROP-184567,2019-05-31,N,미상,9.0,공동육아를 위한 교육이 필요해요,"공동육아를 알고는 있지만, 어떻게 접근할지  힘들어 하는 육아엄마,아빠를 위한 교육을 해주세요.",정보·상담·교육·거버넌스,부모·가족 교육/상담,초보부모·공동육아·육아정보,정보·상담·교육·거버넌스,저출생사업1팀,02-2133-5027,가족건강팀 | 생활지원팀,1순위:저출생사업1팀 | 2순위:가족건강팀 | 3순위:생활지원팀,0,,,,,,https://idea.seoul.go.kr/front/freeSuggest/view.do?sn=184567
PROP-184566,2019-05-31,N,미상,7.0,각 지역 공동육아 단체들과 교류할수 있게 해주세요,"각 지역에 있는 공동육아 단체들과 서로 교류하는 공간이 필요합니다
실질적인 공간이든 온라인상의 공간이든,
교류로 인해 공동육아로 인한 좋은 점은 나누고
안좋은 점은 서로 피할 수 있다면 서로 많은 도움이 될 것 같습니다",정보·상담·교육·거버넌스,부모·가족 교육/상담,초보부모·공동육아·육아정보,정보·상담·교육·거버넌스,저출생사업1팀,02-2133-5027,가족지원팀,1순위:저출생사업1팀 | 2순위:가족지원팀,0,,,,,"TAG_REVIEW:현재 태그=정보·상담·교육·거버넌스, 태그 핵심어 약함 || TAG_REVIEW:현재 태그=정보·상담·교육·거버넌스, 태그 핵심어 약함 || TAG_REVIEW:현재 태그=다자녀·양육비·생활지원, 태그 핵심어 약함",https://idea.seoul.go.kr/front/freeSuggest/view.do?sn=184566
PROP-184557,2019-05-29,N,미상,722.0,"서울의료원 공공난임센터 신설을 반대합니다, 누구를 위한 정책인가요?","서울시 추경예산 39억을 들여서 서울의료원에 공공난임센터를 신설한다고 기사를 통해 알게 되었습니다. 공공난임센터에 39억이라니.. 도대체 누구를 위한 정책인가요?
여기 민주주의서울을 통해 난임부부와 시장님이 간담회까지 했는데, 아직 정책 만드시는 분들은 난임부부들이 정말 무엇이 필요한지 모르시나 봅니다.
난임병원이 없어서 시험관 시술 못 받는거 아니고 시험관 시술 받을 비용이 경제적으로 부담을 주기 때문에 고통받고 있는 겁니다,
난임시술은 고도의 전문성을 요하는 부분이라, 아무 병원이나 가지 않습니다, 난임부부들은 최고의 명의/최고의 기술을 가진 병원을 찾아 가서 어떻게든 최대한 빨리 아이를 만나고 싶은데, 3~40년 시술경력 있는 베테랑 민간병원 의사두고, 이제 막 시작단계인 공공난임센터에 가서 마루타 시술 받는 사람이 얼마나 될까요?
공공난임센터 수요조사는 하고 진행하는 것인지 의심스럽고, 최소한 지난 간담회 통해서 만들어진 난임정책협의체 시민자문단에게 의견만 물어 봤어도 이런 식으로 예산이 낭비되는 일은 없었을 껍니다. 이럴꺼면 시민자문단은 왜 만들었나요?
시립의료원에서 시술하면 시술비가 저렴하다고요? 소외계층, 저소득층을 위한 정책이라고요?
공공난임센터 설립할 예산으로 직접 시술비 지원하면 훨씬 많은 난임부부들이 자신이 원하는 병원을 선택하면서 혜택을 받게 될 것이고, 소외계층/저소득층은 더 지원해주면 됩니다.
왜 그 엄청난 예산 39억을 실수혜자인 난임부부를 직접 지원에 사용하지 않고, 서울의료원의 공무원 늘리기 프로젝트에 투입하는 것인지, 이 정책의 수혜자는 도대체 누구인가요,
서울시 건강증진과는 공공난임센터 예산과
관련 없다고 알고 있습니다,
간담회에서 난임부부의 눈물을 닦아준다고 약속하신 시장님과 서울시의료원의 답변을 듣고 싶습니다.",임신·난임·생식건강,난임 지원,난임시술·주사·시술비,임신·난임·생식건강,건강임신지원팀,02-2133-9491,가족건강팀 | 저출생사업1팀,1순위:건강임신지원팀 | 2순위:가족건강팀 | 3순위:저출생사업1팀,5,서울형 난임부부 시술비 지원 | 서울권역 난임?우울증 상담센터 운영 | 서울시 한의약 난임치료 지원 | 서울시 난임?임산부심리상담센터 운영 | 난임부부 지원,"난임시술 비용의 본인부담액에 대한 시술별 지원상한액 지원 - 횟수 : 총 25회(누적) - 지원금액: 시술별 1회당 최대 30만원~110만원 | 난임부부, 유산?사산 경험부부, 임산부 및 양육모의 정서적 안정을 위해 전담 상담사가 등록부터 종결까지 1:1 상담 및 다양한 프로그램을 운영 | 원인불명의 난임진단 부부에게  한의약 난임치료 첩약비용(3개월)의 본인부담금 90%(상한 1,200천원) 지원 | 난임부부, 유산?사산 경험부부, 임산부 및 양육모의 정서적 안정을 위해 전담 상담사가 등록부터 종결까지 1:1 상담 및 다양한 프로그램을 운영 | o 난임시술 비용의 본인부담액에 대한 시술별 지원상한액 지원      -(횟수) 출산당 총25회 (보조생식술 시작일이 '24.11.1.일 이후부터)      -(지원금액) 시술별 1회당 최대 30만원~110만원  o...",,,,https://idea.seoul.go.kr/front/freeSuggest/view.do?sn=184557
PROP-184534,2019-05-23,N,미상,0.0,지하철 임산부 배려석 도우미 &#39;Pink Voice&#39; 도입,지하철 임산부 배려석 도우미 &#39;Pink Voice&#39; 도입,임신·난임·생식건강,임산부 건강·배려,임산부 건강관리·배려,임신·난임·생식건강,건강임신지원팀,02-2133-9492,저출생사업1팀 | 가족지원팀,1순위:건강임신지원팀 | 2순위:저출생사업1팀 | 3순위:가족지원팀,1,임산부 배려공간 조성,ㅇ 교통 약자인 임산부의 엘리베이터 안전사고 예방 및 배려문화 확산을 위해 엘리베이터 내?외부에 임산부 배려공간 조성(엠블럼 부착)   - 임산부를 위해 해당 공간을 비워두고 양보하는 사회 분위기 확산 유도 ㅇ 임산...,,,,https://idea.seoul.go.kr/front/freeSuggest/view.do?sn=184534
PROP-184476,2019-05-09,N,미상,0.0,"지하철 임산부배려석 위치 통일, 플랫폼(스크린도어)에 임산부배려석 위치 표시","지하철 임산부배려석 위치 통일, 플랫폼(스크린도어)에 임산부배려석 위치 표시",임신·난임·생식건강,임산부 건강·배려,임산부 건강관리·배려,임신·난임·생식건강,건강임신지원팀,02-2133-9491,저출생사업1팀 | 생활지원팀,1순위:건강임신지원팀 | 2순위:저출생사업1팀 | 3순위:생활지원팀,1,임산부 배려공간 조성,ㅇ 교통 약자인 임산부의 엘리베이터 안전사고 예방 및 배려문화 확산을 위해 엘리베이터 내?외부에 임산부 배려공간 조성(엠블럼 부착)   - 임산부를 위해 해당 공간을 비워두고 양보하는 사회 분위기 확산 유도 ㅇ 임산...,,,,https://idea.seoul.go.kr/front/freeSuggest/view.do?sn=184476
PROP-184454,2019-05-03,N,미상,0.0,임산부 배려석 없애주세요,"지난달 29일 페이스북 ‘군대나무숲’에는 “휴가를 나왔다가 지하철 안에 있는 임산부석에 앉았는데 민원신고로 조사를 받았습니다”라는 글이 올라왔다.
[출처] - 국민일보
[원본링크] - http://news.kmib.co.kr/article/view.asp?arcid=0013281755&code=61121111&cp=nv
임산부 배려석이 본래의 취지와는 다르게, 여성전용 좌석이 된듯 합니다.
요즘은 지하철 뿐만 아니라 시내버스에도 임산부 배려석이라고 있던데,
배려석과 전용석이라는거 말 자체를 이해 못하는 사람들이 너무 많아서 인지,
서울시에서부터 이런 문제를 아예 발생하지 않도록 배려석을 없애는가 나을거 같습니다.",임신·난임·생식건강,임산부 건강·배려,임산부 건강관리·배려,임신·난임·생식건강,건강임신지원팀,02-2133-9491,가족지원팀 | 저출생사업1팀,1순위:건강임신지원팀 | 2순위:가족지원팀 | 3순위:저출생사업1팀,1,임산부 배려공간 조성,ㅇ 교통 약자인 임산부의 엘리베이터 안전사고 예방 및 배려문화 확산을 위해 엘리베이터 내?외부에 임산부 배려공간 조성(엠블럼 부착)   - 임산부를 위해 해당 공간을 비워두고 양보하는 사회 분위기 확산 유도 ㅇ 임산...,,,,https://idea.seoul.go.kr/front/freeSuggest/view.do?sn=184454
PROP-184433,2019-04-28,N,미상,0.0,임산부 배려석 관련 제안드립니다,"얼마전 서울에 올라가 지하철을 타니 사람들이 꽤 있는 시간인데 임산부배려석이 비어있는 상태로
제 목적지에 도착하여 하차한 적이 있습니다.
임산부께서 미탑승시 일반인도 이용 가능하게 해주세요.
제안하는 방법은 임산부들께 배지나 스마트폰 앱을 제공하여 탑승시 좌석에 진동이 울리거나 하는 방식으로
평소에는 일반인이 앉고 임산부 탑승시 임산부가 이용하면 좋겠습니다.
임산부께서도 눈치 안보고 타시고 일반 이용자도 효율적으로 자리를 이용 가능할 것 같습니다.",임신·난임·생식건강,임산부 건강·배려,임산부 건강관리·배려,임신·난임·생식건강,건강임신지원팀,02-2133-9492,가족지원팀 | 저출생사업1팀,1순위:건강임신지원팀 | 2순위:가족지원팀 | 3순위:저출생사업1팀,1,임산부 배려공간 조성,ㅇ 교통 약자인 임산부의 엘리베이터 안전사고 예방 및 배려문화 확산을 위해 엘리베이터 내?외부에 임산부 배려공간 조성(엠블럼 부착)   - 임산부를 위해 해당 공간을 비워두고 양보하는 사회 분위기 확산 유도 ㅇ 임산...,,,,https://idea.seoul.go.kr/front/freeSuggest/view.do?sn=184433
PROP-184424,2019-04-26,N,미상,1.0,생명을 살리는 어린이 안전 모자,"키가 작은 어린이가 운전자의 시야에 잘 들어오도록 노란 고깔모자 착용
*키가 작은 어린이가 운전자의 시야에 들어오지 않아 교통사고 발생이 잦음
30cm 높이의 고깔모자를 제작하여, 어린이 등하원길 및 야외학습 시 착용토록 안내
- 어린이집, 초등학교, 주민센터 등 고깔모자 만들기 활동 시행
- 추진방법 : 구립어린이집을 1개소를 선정, 4세반 도는 5세반을 대상으로 시험시행후 확산
* 예산등으로 추진이 어려울 경우 평생교육팀과 협력적으로 추진 가능
어린이 교통사고 예방효과뿐만 아니라 학부모 등 보호자에게 심리적 안정을 줄 수 있다고 볼 수 있다",정보·상담·교육·거버넌스,정보 접근성,일반 출산정책 안건,정보·상담·교육·거버넌스,저출생사업1팀,02-2133-5027,가족건강팀 | 생활지원팀,1순위:저출생사업1팀 | 2순위:가족건강팀 | 3순위:생활지원팀,0,,,,,,https://idea.seoul.go.kr/front/freeSuggest/view.do?sn=184424
PROP-184423,2019-04-26,N,미상,5.0,지하철 임산부석을 없애주세요.,"임산부 전용석 생기고 지하철 자주 탔지만 임산부 딱 두명 봤습니다. 이렇게 이용률 저조한데 왜 있는지 모르겠습니다.
그리고 일부 극성 여자분들이 남자가 임산부석 앉으면 기관사께 신고폭탄 날려서 기관사 피로도 증가시키고
(임산부 있는데 안 비켜준 것이 아니라 단지 남자가 앉았다는 이유만으로요)
사진 찍어서 커뮤니티에 올려서 조리돌림하는 일도 문제시 된 적 있습니다.
그에 반해 여자가 앉으면 '임산부일 가능성'을 내세워서 어떻게든 옹호받고 이해받습니다.
그래서 요즘은 '여성전용석'이라는 말도 생기고 있습니다.
방송도 내보내지 말아주세요. 임산부석 왜 있어야 하는건가요. 이미 노약자석 있잖아요.
임산부 배려석이 배려석이 아니게 되었네요.
지하철 이용하면서 임산부는 도통 본적이 없는데 언제 임산부가 나타날지 모르니까 항상 비워두라는 것은 무슨 논리인가요? 정말로
' 매 칸마다 두 좌석씩 (이미 노약자석이 있음에도) 자리를 만들어서 사람들을 앉지 못하게 할 만큼' 임산부가 많이 보이나요? 저는 도저히 납득이 가지 않습니다.
배려석이다. 배려석이므로 앉아도 된다. 하는데 지금 사회적 분위기상 그냥 앉지 못하는 자리입니다.
특히나 남자는 앉으면 완전히 개념없이 취급받는데 '배려석이니까 평소에는 앉아도 됩니다.'이런 무책임한
답변말고 실용성 있는 답변 좀 주시고 그냥 임산부석을 아예 없애주세요.
초기 임산부는 눈에 띄지 않으니까 항상 비워둬야 합니다.
이만큼 무식한 말이 없습니다. 임산부 뱃지는 왜 있나요? 배 어느정도 부른 사람은 뱃지 없어도 임산부인거 다 압니다. 겉으로 표시 나지 않는 사람이 임산부임을 알리고 배려 받기 위해서 뱃지가 있는 겁니다. 뱃지 없으면 무조건 임산부 아니고요. 설령 임산부가 못 가져왔다 하더라도 그건 임산부가 감당해야 할 일이죠. 뱃지 없어도 임산부일수 있다는 건 그냥 모든 여자가 다 임산부일 수 있다는 겁니다. 그럼 여자는 앉아도 되고 남자는 앉으면 안된다는 말입니다.
그리고 초기 임산부는 유산가능성이 크다. 하시는데 서 있는 걸로 유산될거면 그냥 자동차/택시 타고 다니세요. 뭣하러 대중교통 타고 다닙니까. 그리고 부득이하게 지하철 탔어도 노약자석 뒀다 뭐합니까. 거기 앉으면 될거를 왜 또 임산부석 만들어서 이용률도 높지 않은데 사람들 못 앉게 합니까.
자리 좀 비켜달라 하기 그렇다.
그러니까 노약자석 앉으라고요. 자리 없으면 옆 칸 가세요. 옆 칸도 노약자석 있지 않습니까. 그리고 자리 비켜달라고 하는 것 가지고 뭐라 하는 사람이 이상한 겁니다. 또 순순히 자리 비켜주는 사람도 많습니다. 자리 양보해달라고 말을 못하면 그건 말을 안한 임산부 책임이지 왜 우리가 그것까지 신경써야 합니까?
임산부야 무슨 잘못이 있겠습니까. 어느날 가보니까 임산부석이 생긴 것 뿐이지.
이런 실용성 없고 사회 갈등만만 일으키는 뭐같은 정책을 짠 당신들 잘못입니다.
맨날 '임산부석 항상 비워두세요'라고 지하철에 방송하던데 그럴 돈으로 임산부석 실제 이용률이 얼마나 되는지 조사나 한번 하시고요. 시민들 여론이나 들어보세요. ﻿﻿",임신·난임·생식건강,임산부 건강·배려,임산부 건강관리·배려,임신·난임·생식건강,건강임신지원팀,02-2133-9491,저출생사업1팀 | 생활지원팀,1순위:건강임신지원팀 | 2순위:저출생사업1팀 | 3순위:생활지원팀,1,임산부 배려공간 조성,ㅇ 교통 약자인 임산부의 엘리베이터 안전사고 예방 및 배려문화 확산을 위해 엘리베이터 내?외부에 임산부 배려공간 조성(엠블럼 부착)   - 임산부를 위해 해당 공간을 비워두고 양보하는 사회 분위기 확산 유도 ㅇ 임산...,,,,https://idea.seoul.go.kr/front/freeSuggest/view.do?sn=184423
PROP-184410,2019-04-23,N,미상,0.0,임산부 배려&#39;칸&#39; 신설 제안,임산부 배려&#39;칸&#39; 신설 제안,임신·난임·생식건강,임산부 건강·배려,임산부 건강관리·배려,임신·난임·생식건강,건강임신지원팀,02-2133-9492,저출생사업1팀 | 가족지원팀,1순위:건강임신지원팀 | 2순위:저출생사업1팀 | 3순위:가족지원팀,5,"35세 이상 임산부 외래 진료 및 검사비 지원 | 임산부 엽산제, 철분제 지원 | 서울시 난임?임산부심리상담센터 운영 | 맘편한 임신 원스톱서비스(임산부?출산전 제공) | 임산부 출산급여 지원","의료비 부담이 큰 35세 이상 산모 대상 외래진료 및 검사에 소요되는 비용을 소득과 무관하게 최대 50만원까지 지원 (24년 3월 사회보장제도 신설 협의 완료, 24년 8월까지 사업추진을 위한  사전절차 진행 예정으... | 지원내용 (엽산제) 임신 전후 3개월까지 엽산제 지원  (철분제) 임신 16주부터 철분제 5개월분  신청방법 주소지 보건소에 방문하거나 온라인(정부24)으로 신청 | 난임부부, 유산?사산 경험부부, 임산부 및 양육모의 정서적 안정을 위해 전담 상담사가 등록부터 종결까지 1:1 상담 및 다양한 프로그램을 운영 | 임산부 엽산제?철분제 지급 등 임신 전?중 통합 서비스 제공 | ㅇ 임산부 출산급여 90만원 지원     ※고용노동부 ‘고용보험 미적용자 출산급여’ 150만원에 추가지원",,,,https://idea.seoul.go.kr/front/freeSuggest/view.do?sn=184410
PROP-184408,2019-04-23,N,미상,0.0,공공  육아 기관을 대폭 증설하여 육아 문제를 개선해야한다.,"현재 대다수의 결혼을 앞두고있거나 결혼을 한 직장 여성들은  육아에 대하여 많은 고민을 하고 있고 손주, 외손주를 둔 많은 할아버지,
할머니들은 노령임에도 자신의 인생을 즐기기보다 손주, 외손주 돌보기에 묶여 많은 고생을 하는 현상황에 각 지방 자치단체나 정부에서는
육아 문제를 육아 수당 몇푼 쥐어 주며 해결 될수있는 것같이 홍보하는데 단순한 육아 수당은 장기적이 근본적이 방법인 아니므로
정책을 수립 집행하는 공무원이나 지방 자치 단체장들께서는 시가닝 오래 걸리고 더 많은 비용이 들더라도
"" 24시간 운용 가능한 공공 육아 기관을 각 동단위로 대폭 만들고 훌륭한 육아 교사님을 채용하여 아기 엄마들이 마음놓고 아이들을 맡고
맡길수 있도록 육아 기관을 증설하고 운용해야 합니다.",정보·상담·교육·거버넌스,정보 접근성,일반 출산정책 안건,정보·상담·교육·거버넌스,저출생사업1팀,02-2133-5027,생활지원팀,1순위:저출생사업1팀 | 2순위:생활지원팀,5,외국인 가사(육아)인력 시범사업 | 서울형 육아휴직장려금(사업종료) | 1인 자영업자 등 배우자 출산휴가급여 지원 | 1인 자영업자?프리랜서 배우자 출산휴가 지원금 | 서울시 중소기업 워라밸 포인트제,"맞벌이 부부 등 ‘육아 조력자’의 도움이 절실한 자녀양육 가정에 외국인 육아도우미를 활용한 양육지원사업 도입 | ○ 자녀 1인당 최대 120만원 지원 - 육아휴직기간 연속 6개월 시 60만원, 연속 12개월 경과 시 60만원 추가지급 ※ 부?모 모두 육아휴직 시 각각 지급 (자녀 1인에 대해 가구당 최대 240만원 지급) | 1인 자영업자 등에 배우자(남편) 출산휴가급여 최대 120만원(15일분) 지원 (2026.1.1. 기준 출생아부터 적용) - 2025년 출생아는 최대 80만원(10일분) 지원 ㅇ 지원대상에 대한 자격요건 완화(202... | 1인 자영업자 등에 배우자 출산휴가급여 80만원 지원 | 양육친화 및 일?생활 균형을 위한 중소기업의 다양한 노력을 인정하고 중소기업이 아이 키우기 좋은 기업으로 성장할 수 있도록 지원하는 사업 ① 양육친화 및 일?생활 균형 실적에 따른 포인트 적립 ② 적립 포인트에 따른...",,,,https://idea.seoul.go.kr/front/freeSuggest/view.do?sn=184408
PROP-184404,2019-04-22,N,미상,1.0,다자녀혜택 경기도와 교류~,"3자녀 다둥이 아빠입니다.
서울에 공영주차장들을 보면 다자녀 할인을 해 주고 있는데, 서울시 다자녀만 혜택을 볼 수 있습니다.
경기도 거주 다자녀는 주차 할인 혜택을 받지 못합니다.
다른 시설물들도 마찬가지입니다.
경기도 시설물도 서울시 다자녀에 혜택이 없는 지 모르겠지만
출산율 저하 문제가 서울과 경기도를 나눌 문제도 아니고, 국가 차원에서 출산장려 정책을 펼치고 있는 마당에
지자체 간 협의를 해서 서울시민도 경기도에서 다자녀 혜택을 보고, 경기도민도 서울시에서 다자녀 혜택을 볼 수 있도록 해 주시면 좋을 것 같습니다.
꼭 한번 검토해 주세요.",다자녀·양육비·생활지원,다자녀 혜택,다자녀 기준·할인·감면,다자녀·양육비·생활지원,저출생사업1팀,02-2133-5025,가족지원팀,1순위:저출생사업1팀 | 2순위:가족지원팀,0,,,,,POLICY_REMOVED:공공요금 감면 요구가 아닌 제안에 공공요금 정책 후보: 다자녀 가구 하수도사용료 감면 || POLICY_REMOVED:차량 취득세 요구가 아닌 제안에 취득세 정책 후보: 다자녀 가구 자동차 취득세 감면 || POLICY_REMOVED:공공요금 감면 요구가 아닌 제안에 공공요금 정책 후보: 다자녀 가구 하수도사용료 감면 || POLICY_REMOVED:차량 취득세 요구가 아닌 제안에 취득세 정책 후보: 다자녀 가구 자동차 취득세 감면 || POLICY_REMOVED:공공요금 감면 요구가 아닌 제안에 공공요금 정책 후보: 다자녀 가구 하수도사용료 감면 || POLICY_REMOVED:차량 취득세 요구가 아닌 제안에 취득세 정책 후보: 다자녀 가구 자동차 취득세 감면 || POLICY_REMOVED:차량 취득세 요구가 아닌 제안에 취득세 정책 후보: 다자녀가구 자동차 취득세 취약계층 감면,https://idea.seoul.go.kr/front/freeSuggest/view.do?sn=184404
PROP-184312,2019-04-08,N,미상,0.0,중소기업에 재직하는 미혼여성들이 출산.육아휴직을 사용할수 있도록 법적으로 제도화시켰으면,"(현헹)
중소기업에 재직중인 미혼여성이 우리주변에 많다.
35세가 지났는데 왜 결혼을 하지 않으냐고 물어보니 직장 여성상사도 50세가 넘었는데
결혼을 하지 않고 지금도 다니고 있는데 결혼을 하면 육아휴직이나 출산휴가를 하지 말라면서
은근히 결혼을 반대한다고 한다
(문제점)
국가기관이나 공기업 대기업체에 재직중 결혼으로 인해 출산휴가나 육아휴직은 법적으로 보장되어
휴직제도가 잘 운영되고 있지만, 중소기업은 회사상사와 대표자의 눈치를 봐야하기 때문에
여성들이 결혼을 하면 강제퇴직당할까봐 결혼을 하고 싶어도 결혼을 마음데로 못한다고 한다
(개선방안)
인구절벽이 일어나고 있는 현싯점데로 가면 인구가 곧 절반으로 줄어들것이다.
선거를 의식해서 너무나 노인들에게 무작정 무상으로 복지예산을 늘려주거나
불필요하게 청년수당 무슨 수당 등 일시적으로 인구도 늘어나지 않는데 이러한 수당들을 신설만 하지 말고,
중소기업에 재직하는 미혼여성들이 결혼을 하면 마음편하게 아이들을 둘 이상 낳으면서
출산휴가와 육아휴직을 눈치보지 않고 마음편하게 사용할수 있도록 법적으로 보장하고
이들이 출산 육아휴직을 가면 휴직중에 최소한의 월급도 지급하고
중소기업에서는 출산 육아휴직으로 인한 휴직자 대신 업무대체자를 임시적으로 채용할수있도록
정부예산으로 선별 지원해주면 재정여건이 열악한 중소기업에 다니는 미혼 여성들의
결혼율과 출산율이 늘어나 인구가 조금이라도 증가할것이다.
(효과)
중소기업 재직 미혼여성들의 결혼증가율로 인구증가
불필요한 예산지출보다는 출산율증가 부분에 선별적으로 예산대폭지원
출산.육아휴직자들의 업무대체직원 채용으로 일자리수 증가",출산·산후 초기지원,출산가구 초기지원,출산지원금·출생축하,출산·산후 초기지원,가족건강팀,02-2133-9485,저출생사업1팀,1순위:가족건강팀 | 2순위:저출생사업1팀,5,서울형 新일?생활 균형 3종 패키지 | 서울형 일?생활 균형 3종 패키지 | 영아 전담 아이돌봄서비스 | 1인 자영업자 등 배우자 출산휴가급여 지원 | 1인 자영업자?프리랜서 배우자 출산휴가 지원금,"양육 친화 기업문화 조성을 위해 서울형 新 일?생활 균형 3종 패키지를 시행함으로써 초저출생 위기 극복 및 일?생활 균형 문화 확산 ? 배우자 출산휴가 의무제(10일) ? 육아휴직 사용 활성화 ? 육아기 근로시간 단... | 양육 친화 기업문화 조성을 위해 서울형 일?생활 균형 3종 패키지를 시행함으로써 초저출생 위기 극복 및 일?생활 균형 문화 확산 ? 배우자 출산휴가 의무제(10일) ? 육아휴직 사용 활성화 ? 육아기 근로시간 단축 ... | 출산휴가, 육아휴직 후 복귀하는 맞벌이 가정을 지원하고자 영아 돌봄 교육을 이수한 전담 돌보미가 영아 이유식 먹이기, 젖병 소독 등 영아 특화 돌봄서비스 제공 | 1인 자영업자 등에 배우자(남편) 출산휴가급여 최대 120만원(15일분) 지원 (2026.1.1. 기준 출생아부터 적용) - 2025년 출생아는 최대 80만원(10일분) 지원 ㅇ 지원대상에 대한 자격요건 완화(202... | 1인 자영업자 등에 배우자 출산휴가급여 80만원 지원",,,,https://idea.seoul.go.kr/front/freeSuggest/view.do?sn=184312
PROP-184264,2019-04-06,N,미상,1.0,아이들의 놀이공간,아이들이 안전하게 놀이하는 공간을 많이 만들어주세요,정보·상담·교육·거버넌스,정보 접근성,일반 출산정책 안건,정보·상담·교육·거버넌스,저출생사업1팀,02-2133-5025,가족지원팀,1순위:저출생사업1팀 | 2순위:가족지원팀,0,,,,,"TAG_REVIEW:현재 태그=정보·상담·교육·거버넌스, 태그 핵심어 약함 || TAG_REVIEW:현재 태그=정보·상담·교육·거버넌스, 태그 핵심어 약함",https://idea.seoul.go.kr/front/freeSuggest/view.do?sn=184264
PROP-184175,2019-03-25,N,미상,1.0,아동양육시설 등 퇴소생을 위한 금융교육 등 자립 지원 방안,아동양육시설 등 퇴소생을 위한 금융교육 등 자립 지원 방안,정보·상담·교육·거버넌스,정보 접근성,일반 출산정책 안건,정보·상담·교육·거버넌스,저출생사업1팀,02-2133-5021,아동보호팀 | 가족건강팀,1순위:저출생사업1팀 | 2순위:아동보호팀 | 3순위:가족건강팀,0,,,,,,https://idea.seoul.go.kr/front/freeSuggest/view.do?sn=184175
PROP-184170,2019-03-24,N,미상,4.0,보호종료아동들(보육원 퇴소 아동들)을 위한 지원 확대를 제안합니다.,"■
현재 상황과 문제점
○
보호종료아동들의 현실
어릴 때부터 부모와 친척 등 돌봐줄 이가 아무도 없어 보육원에서 돌봄을 받아 성장하는 아이들은 청년이 되어서는 그나마 숙식을 할 수 있던 공간조차 하루아침에 잃게 되고 고등학교를 졸업하자마자 소정의 자립지원금만을 받고 거리로 내보내지고 있습니다
.
매년 보육원에서
2~4
천명의 아이들이 성인이 되어 만기 퇴소하게 됩니다
.
대학진학으로 연장을 하는 경우 등을 생각해도
1~2
천명 이상의 아이들이 거리로 내몰리게 됩니다
. (
또
,
공부를 하고 싶고 더 좋은 직업을 찾기 위해 대학진학을 선택했어도 경제난으로 자퇴를 하는 경우가 정말 많다고 합니다
.)
지자체에 따라
100~500
만원까지 자립지원금이 주어지고
,
디딤씨앗통장같은 제도를 통해 소정의 돈이 더 주어지지만 그 돈으로는 임대주택의 보증금조차 내기 어렵고 금전감각이 부족한 경우도 많아
,
돈을 어떻게 잘 써야할지도 몰라 고시원을 전전하거나 노숙을 하는 아이들도 매년 적지 않게 발생하고 있습니다
.
소정의 지원금도 좋고
,
그 예산을 늘리는 것도 좋지만
,
그보다 훨씬 더 필요하고 중요한 것은 보육원을 퇴소하게 된 아이들에게 당장 있을 숙소와 제대로 된 직업을 찾을 수 있도록 하는 진로에 대한 지원입니다
.
○
부족한 지원과 프로그램
숙소와 직업훈련 등 제대로 된 지원이 이뤄지는 자립시설은 전국
12
곳으로 매년
77
명 정도만 새로 받는 형편으로 전체 아이들 중 극히 일부만이 그 혜택을 받게 됩니다
.
2004
년부터 확대되어 온 그룸홈과 같은 경우는 정상적으로 잘 운영되는 곳들도 많지만
,
제대로 된 관리가 되지 않고 악용되고 있는 경우도 있으며
,
각종 사건사고가 수시로 일어나기도 합니다
. (
더욱 문제인 것은 상대적으로 약자인 아이들은 사건사고가 일어나도 말하기를 꺼려 문제가 드러나는 것도 실제 에 비해 적다는 것입니다
.)
이런 것은 그룸홈이기 때문에 발생하는 문제가 아니고
,
사회 어떤 곳이나 시설들도 일부 잘못된 곳들이 있기 마련이기에 생기는 문제겠지만
,
그룹홈이 완벽한 대안은 되지 못한다는 것을 보여주고 있습니다.
아울러
그룸홈은 제대로 운영하기엔 지원 또한 부족하다는 문제가 꾸준히 제기되었기 때문에 그룹홈에 대한 지원과 관리 또한 다시 생각해 볼 필요도 있습니다
.
지금까지 특별한 대책이 없었던 것에 비해
2019
년부터 정부에서는 신청을 받아 월
30
만원의 자립지원금을 일정기간 지급하는 대책이 나온 것은 환영할만한 일이지만
,
보호종료아동들 중
10
명 중
4
명은 연락이 두절되어 자립지원을 받지 못하고 있고
,
서울도
300
명에 달하는 인원이 소재파악조차 되지 않고 있습니다
.
그리고
30
만원의 추가 지원조차 숙식을 해결하고 진로를 찾기 위해 교육을 받거나 하기엔 여전히 부족하고, 그 관리도 쉽지 않아 보다 효과적으로 도움이 되는 지원이 필요한 것이 사실입니다
.
■
개선 방안 제안
○
보육원 퇴소 아이들을 대상으로 직업과 숙소를 구하기 전
1~2
년의 유예기간을 두는 자립시설을 충분히 설치하여 운영하는 것입니다
.
초기 시설 건축비용은 거주 약자를 위한 행복주택과 같은 정부 사업의 하나로 예산을 편성할 수도 있다고 생각하며
,
유휴공간을 적극 활용하는 방법도 있다고 생각합니다
.
이후 행복주택과 같은 사업으로 연계도 이루어지면 좋겠습니다
.
1.
다수가 생활하는 보육원 시설
,
주민센터와 같이 대형 건축물에
50~100
명 정도의 아이들이 생활하고 직업훈련을 받을 수 있는 시설을 만듭니다
. (
지역의 퇴소 아이들 수 등 환경에 따라 건물의 크기와 생활하는 아이들의 수는 달리 적용이 가능할 것입니다
.)
1-1.
수요가 더 많아 입소하지 못하는 아이들이 있는 경우 기술을 배우기 위하거나 생활비로 쓸 수 있는 정부지원금
30
만원에 추가하여 주거지원비로
6
개월
~1
년간 월
30
만원을 서울시에서 더 지원해 줄 수 있습니다.
(임대인에게 직접 입금)
이처럼 주거지는 인근 다른 곳에 있는 경우라도
시설을 통해 상담과 교육은 똑같이 참여할 수 있습니다
.
2.
시설은
2~3
인의 아이들이 공동으로라도 거주할 수 있는 숙소들과 공동 세탁소
,
화장실과 같은 생활 공간으로 주거시설을 짓고
,
관리자와 진로상담사를 두어 직업에 대한 교육과 상담을 받을 수 있도록 합니다
.
일부 층은 교육시설로 편성하여
,
외부에서 재능기부등을 통해 강연이나 직업교육을 오는 경우 강의와 교육을 들을 수 있도록 하며
,
진로에 도움을 얻을 수 있는 다양한 자료들을 둡니다
.
50~100
명씩
10
개의 시설을 설치하면
500~1,000
명 정도의 정원을 추가로 소화할 수 있게 됩니다
.
서울에서 보호가 종료되는 아동들을 충분히 수용할 수 있는 정도로 시설이 만들어져도 그리 많은 수가 필요치 않은 것입니다
.
초기 건축
,
리모델링 비용이 들어도 이후 건축물의 유지는 훨씬 적은 비용이 들어갈 것입니다
.
3.
인력은 현재 사회복지사가 엄청난 수로 늘어나고 있으며
,
보람된 일을 찾는 고급인력자들도 많습니다
.
이들을 관리자와 직업상담사로 고용하여 일자리 창출 효과도 있게 될 것입니다
.
○
그룹홈 지원과 체계적인 관리 시스템 구축
그룹홈에 대한 지원을 추가하고
,
실태조사를 통해 혹시라도 부당한 대우를 받거나 동거인들과의 마찰이 심하거나 하는 등의 문제가 있다면
,
다른 그룹홈이나 시설로 옮기게 해주거나 개선을 요청하고 확인하는 등의 조치를 취하는 것입니다
.
○
보호종료아동들의 문제 개선을 위한 정책
,
프로그램 공모
마지막으로 보호종료아동들을 돕기 위한 정책
,
프로그램 공모를 통해
,
관련 사실을 홍보하여 도움의 확대를 기대하게 하고
, 보다
효율적인 정책을 발굴하여 적용하였으면 좋겠습니다
.
■
기대 효과
1.
매년 수 천명의 아이들이 준비 여부에 상관없이 보육원에서 강제로 자립하게 됩니다
.
때문에 많은 아이들이 방황하고 고생하여 범죄의 길로도 빠지기도 쉽고
,
이는 해당 아이들 뿐 아니라 국가와 사회적으로도 엄청난 손실이며 장기적으로 계속해서 영향을 미치는 문제입니다
.
고등학교 졸업 후 몇 개월에서
1
년 정도의 기간 만이라도 당장 머물 수 있는 공간을 제공하면서
,
보다 좋은 직업을 찾아 준비할 수 있도록 지원하는 것은 국가와 사회에도 정말 큰 도움이 될 것입니다
.
2.
관련한 일자리의 창출이 생길 것이며
,
국민의 한 사람으로서도 그러한 고용과 유지에 세금이 쓰이는 것은 전혀 아깝지 않은 일이며 오히려 예산이 그런 곳에 쓰이는 것은 적극 환영할만한 일이라고 생각합니다
.",보육·돌봄 인프라,어린이집·유치원,보육시설·유아교육,보육·돌봄 인프라,돌봄사업팀,02-2133-6560,가족건강팀 | 저출생사업1팀,1순위:돌봄사업팀 | 2순위:가족건강팀 | 3순위:저출생사업1팀,4,다문화 보육료 | 시간제 보육 | 만0~5세 보육료 | 방과후 보육료,"만0세: (기본)540,000원, (야간)540,000원, (24시간)810,000원 만1세반: (기본)475,000원, (야간)475,000원, (24시간)712,500원 만2세반: (기본)394,000원, (야간... | 만6개월~36개월 부모급여 또는 양육수당 수급 아동대상 시간제보육 지원 | ① 기본보육료(월별) 만0세반: 540,000원 만1세반: 475,000원 만2세반: 394,000원 만3~5세: 280,000원  ② 연장보육료(월별) 0세반: 3,000원 영아반: 2,000원 유아반: 1,000... | ① 정부지원시설 - 4시간 이용: 월 10만원 지원 - 종일 이용(방학 등): 월 20만원 지원  ② 정부미지원시설  - 4시간 이용: 월 233,650원  - 종일 이용: 월 467,300원   ③교사대아동 비율 ...",,,,https://idea.seoul.go.kr/front/freeSuggest/view.do?sn=184170
PROP-184163,2019-03-23,N,미상,0.0,임산부 배려의 끝판왕,"태어날 아이와 함께 모두 건강 하고 행복하시길 기원 합니다.
남들과 다르게 타인을 위한 배려가 나에겐 아픔이 될수도 있습니다.
하지만 나를 배신하면 안된다는 생각으로 말씀드려 봅니다.
임산부 배려석 과연 얼마나 효과가 있는지는 실태조사는 해보셨는지 의문이 갈정도로 참여도 가 낮은것 같아 이에 따름 개선책을 적어 봅니다.
믈론 아이를 가진 어머님이 외출하며 활동하는 사림이 얼마나 될지 모르지만 최선을 다해 보호하고 엄마를 위대하게 만들어 보면 좋겠습니다.
말로 초기 임산부는 표시가 안나니 배려해달라구요? 악용하는 질나쁜 분도 계십니다.
이에 각 병원의 산부인과에서 임산부 배려 상품(가능하면 젊은 어머님이 기뻐하실 임산부 카드와 나는 위대하고 이쁜아이를 위한 임산부 입니다 하고 표시 할수있는 스카프, 모자, 복대, 매달, 팬던트 등 아이디어 상품) 을 만들어 유료든 무료든 만들어 배포해 착용을 유도했으면 합니다.
고급화 브랜드화를 위해 임산부카드로 백화점에서 선택하여 구매할수있는 상품 제작도 할수 있습니다.
그러면 위대한 아이의 탄생을 지켜보고 후원, 권장하여 행복을 나누며 싸울일이 없어질것 입니다.
시에서 일부지원하여 제작 배포를 유도했으면 더욱 금상첨화인 것 같습니다.
아울러 저의 다른 추가제안도 봐 주시길 부탁드리며 여러가지 아이디를 사업화하여 경제를 활성화 했으면 합니다.
사회생활에서 제일 어려웠던 것은 사업제안을 하면 불신과 투자자의 과도한 이익을 바라는것이었습니다.
감사합니다.",임신·난임·생식건강,임산부 건강·배려,임산부 건강관리·배려,임신·난임·생식건강,건강임신지원팀,02-2133-9491,가족지원팀 | 저출생사업1팀,1순위:건강임신지원팀 | 2순위:가족지원팀 | 3순위:저출생사업1팀,1,임산부 배려공간 조성,ㅇ 교통 약자인 임산부의 엘리베이터 안전사고 예방 및 배려문화 확산을 위해 엘리베이터 내?외부에 임산부 배려공간 조성(엠블럼 부착)   - 임산부를 위해 해당 공간을 비워두고 양보하는 사회 분위기 확산 유도 ㅇ 임산...,,,,https://idea.seoul.go.kr/front/freeSuggest/view.do?sn=184163
PROP-184161,2019-03-22,N,미상,0.0,다자녀공영주차장할인제도개선사항,"안녕하세요? 저는 대학생두명과 중학교2학년 자녀가
있는 세자녀엄마입니다.
현재 제가 서울시에서 받고 있는 세자녀혜택은
공영주차장 50%할인이 전부입니다.
월 1만원도 안되는 혜택이지만 이 마저도 셋째아이가
만 13세이기에 가능합니다.
아직 세자녀 교육비가 많이 드는 시기라 조금이라도
살림에 도움이 되고자 공영주차장 할인제도의
확대를 건의드립니다.
기존 ㅡ 셋째아이 만13세까지 50%할인.
건의 ㅡ 셋째아이 만19세까지 50%할인.
적은 금액이지만 셋째아이가 만19세가 되면
첫째.둘째아이의 교육비에서도 어느정도
자유로울 수 있으니 그때까지만이라도 자녀셋을
키우는 힘겨운 고충에 조금이라도 힘이 되었으면
합니다.
이런 생각은 저만이 아니고 주위에 세자녀 엄마들의
공통된 불만사항 입니다.
초등입학하고 나면 세자녀의 혜택은 모두
사라지는데 몇천원의 혜택이지만 19세까지
해주면 기분좋은 위안이라도 될텐데 하며 한숨들
쉬더라구요.
부디 저의 청원을 쓰레기통에 버리지마시고
시장님께서 읽어보시고 고려해주셨으면
하는 큰 바램을 가져봅니다. 감사합니다",다자녀·양육비·생활지원,다자녀 혜택,다자녀 기준·할인·감면,다자녀·양육비·생활지원,저출생사업1팀,02-2133-5027,생활지원팀,1순위:저출생사업1팀 | 2순위:생활지원팀,0,,,,,POLICY_REMOVED:공공요금 감면 요구가 아닌 제안에 공공요금 정책 후보: 다자녀 가구 하수도사용료 감면 || POLICY_REMOVED:차량 취득세 요구가 아닌 제안에 취득세 정책 후보: 다자녀 가구 자동차 취득세 감면 || POLICY_REMOVED:차량 취득세 요구가 아닌 제안에 취득세 정책 후보: 다자녀가구 자동차 취득세 취약계층 감면 || POLICY_REMOVED:공공요금 감면 요구가 아닌 제안에 공공요금 정책 후보: 다자녀 가구 하수도사용료 감면 || POLICY_REMOVED:차량 취득세 요구가 아닌 제안에 취득세 정책 후보: 다자녀 가구 자동차 취득세 감면 || POLICY_REMOVED:차량 취득세 요구가 아닌 제안에 취득세 정책 후보: 다자녀가구 자동차 취득세 취약계층 감면 || POLICY_REMOVED:공공요금 감면 요구가 아닌 제안에 공공요금 정책 후보: 다자녀 가구 하수도사용료 감면 || POLICY_REMOVED:차량 취득세 요구가 아닌 제안에 취득세 정책 후보: 다자녀 가구 자동차 취득세 감면 || POLICY_REMOVED:차량 취득세 요구가 아닌 제안에 취득세 정책 후보: 다자녀가구 자동차 취득세 취약계층 감면,https://idea.seoul.go.kr/front/freeSuggest/view.do?sn=184161
PROP-184107,2019-03-14,N,미상,0.0,지하철 등에 임산부/노약자 전용석 아이디어 제안 합니다.,지하철 등에 임산부/노약자 전용석 아이디어 제안 합니다.,임신·난임·생식건강,임산부 건강·배려,임산부 건강관리·배려,임신·난임·생식건강,건강임신지원팀,02-2133-9492,저출생사업1팀 | 생활지원팀,1순위:건강임신지원팀 | 2순위:저출생사업1팀 | 3순위:생활지원팀,1,임산부 배려공간 조성,ㅇ 교통 약자인 임산부의 엘리베이터 안전사고 예방 및 배려문화 확산을 위해 엘리베이터 내?외부에 임산부 배려공간 조성(엠블럼 부착)   - 임산부를 위해 해당 공간을 비워두고 양보하는 사회 분위기 확산 유도 ㅇ 임산...,,,,https://idea.seoul.go.kr/front/freeSuggest/view.do?sn=184107
PROP-184041,2019-03-08,N,미상,10.0,"길고양이 입양시 중성화 수술, 예방접종 비용 지원 및 쉼터조성을 통한 길고양이 관련 민원 해소 대책 마련","길고양이의 개체수 증가로 인한 소음 및 사체처리 등 주민들의 민원이 빈발하고 있으므로
길고양이들은 제대로 먹이를 찾지 못해 건강을 위협받고 여러 병균에 노출되어 위생상 문제도 발생하고 있어
길고양이를 분양받고자 하는 이들도 분양후 양육비에 대한 부담으로 선뜻 분양받지 못하는 경우가 많음
길고양이 중성화 수술을 통한 개체수 조절 및 효과적인 관리(길고양이 입양시 중성화 수술, 예방접종 비용 지원)
길고양이 쉼터 조성(급식소 마련)을 통한 고양이 관련 민원 해소
외로운 독거노인 등 반려동물을 원하는 사람들에게 분양 후 양육비 보조",보육·돌봄 인프라,아동 건강·의료 접근성,소아응급·야간진료·영유아검진,보육·돌봄 인프라,돌봄사업팀,02-2133-6560,생활지원팀,1순위:돌봄사업팀 | 2순위:생활지원팀,0,,,,,"TAG_REVIEW:현재 태그=보육·돌봄 인프라, 태그 핵심어 약함 || TAG_REVIEW:현재 태그=보육·돌봄 인프라, 태그 핵심어 약함",https://idea.seoul.go.kr/front/freeSuggest/view.do?sn=184041
PROP-183929,2019-02-27,N,미상,0.0,저출산 극복을 위한 청춘남녀 사랑찾기 행사제안,"청춘 남녀들의 결혼및 출산 의욕은 많은 반대영향 요인에 의하여 위축되어 있습니다.
이들이 사랑할 용기를 사회가 그동안 너무 꺽어왔으며 지금 그것을 되돌릴 요인을 찾아야 합니다.
기성사회가 그들의 사랑을 응원하고 지원한다는 확실한 표현을 보여주어야 합니다.
그래서 월 1회 청춘 남녀가 데이트를 할 이벤트를 기획해 주시기 바랍니다.
제목: 데이트데이
시기: 매월 마지막(봉급탄날 이후) 금요일
사업내용:  1. 각 직장에서 미혼 청춘 남녀 5시 퇴근 의무화
2. 당일 미혼 남녀커플  고궁 극장(영화 연극)  무료입장후 입장료 지원
3. 당일 고급 예술인 거리공연 지원: 대학로 강남역 인사동 압구정동 홍대입구
4. 당일 맥주 및 치킨집 미혼남녀 커플 데이트비용  20.000원 사후지원
5. 데이트 사연 공유싸이트, 개설 및 콘테스트
끝",출산·산후 초기지원,출산가구 초기지원,출산지원금·출생축하,출산·산후 초기지원,가족건강팀,02-2133-9486,,1순위:가족건강팀,5,1인 자영업자 등 배우자 출산휴가급여 지원 | 1인 자영업자?프리랜서 배우자 출산휴가 지원금 | 서울시 중소기업 워라밸 포인트제 | 서울형 新일?생활 균형 3종 패키지 | 서울형 육아휴직장려금,"1인 자영업자 등에 배우자(남편) 출산휴가급여 최대 120만원(15일분) 지원 (2026.1.1. 기준 출생아부터 적용) - 2025년 출생아는 최대 80만원(10일분) 지원 ㅇ 지원대상에 대한 자격요건 완화(202... | 1인 자영업자 등에 배우자 출산휴가급여 80만원 지원 | 양육친화 및 일?생활 균형을 위한 중소기업의 다양한 노력을 인정하고 중소기업이 아이 키우기 좋은 기업으로 성장할 수 있도록 지원하는 사업 ① 양육친화 및 일?생활 균형 실적에 따른 포인트 적립 ② 적립 포인트에 따른... | 양육 친화 기업문화 조성을 위해 서울형 新 일?생활 균형 3종 패키지를 시행함으로써 초저출생 위기 극복 및 일?생활 균형 문화 확산 ? 배우자 출산휴가 의무제(10일) ? 육아휴직 사용 활성화 ? 육아기 근로시간 단... | ○ 자녀 1인당 최대 120만원 지원 - 육아휴직기간 연속 6개월 시 60만원, 연속 12개월 경과 시 60만원 추가지급 ※ 부?모 모두 육아휴직 시 각각 지급 (자녀 1인에 대해 가구당 최대 240만원 지급)",,,,https://idea.seoul.go.kr/front/freeSuggest/view.do?sn=183929
PROP-183924,2019-02-27,N,미상,2.0,안전지킴이(아이들에게 기쁨을!),"• 어르신을 고용하여 어린이 놀이터, 미니 공원에 설치된 모든 놀이기구 점검 및 시설을 이용하는
아이들 돌봄하여 어르신 일자리 창출 및 아이들 안전사고에 대비하고자 함",정보·상담·교육·거버넌스,정보 접근성,일반 출산정책 안건,정보·상담·교육·거버넌스,저출생사업1팀,02-2133-5027,생활지원팀,1순위:저출생사업1팀 | 2순위:생활지원팀,0,,,,,"TAG_REVIEW:현재 태그=정보·상담·교육·거버넌스, 태그 핵심어 약함 || TAG_REVIEW:현재 태그=정보·상담·교육·거버넌스, 태그 핵심어 약함",https://idea.seoul.go.kr/front/freeSuggest/view.do?sn=183924
PROP-183875,2019-02-20,N,미상,0.0,영유아 놀이장난감 대여사업 추진,"영유아용 놀이장난감은 교체시기가 비교적 짧으나 구매비용이 만만치 않아 재정적 부담이 큼. 따라서 장난감 대여장소를 마련하여  영유아라면
누구나 놀이장난감을 공유할수 있도록 함.
- 출산율 저하에 따라 다양한 제도(출산지원금 등)를 신설하고 있으나, 자라나고 있는 영유아들을 위한 제도는 다양하지 않음.
- 영유아 놀이장난감의 구매비용이 만만치 않음.
- 우리구 영유아들의 놀이장난감을 재활용하여 동작구 영유아라면 누구나 놀이장난감을 공유할 수 있도록 하여 자원낭비를 줄이고,
자라나는 아이들을 지원하여 출산인구 유지 및 증가에 기여토록 함.
- 영유아 장난감 대여장소를 마련하여(미사용 공유재산 활용) 장난감 소독․세척 비용 등 지원하며 운영",정보·상담·교육·거버넌스,정보 접근성,일반 출산정책 안건,정보·상담·교육·거버넌스,저출생사업1팀,02-2133-5027,가족건강팀,1순위:저출생사업1팀 | 2순위:가족건강팀,0,,,,,,https://idea.seoul.go.kr/front/freeSuggest/view.do?sn=183875
PROP-183833,2019-02-18,N,미상,4.0,임산부 지하철 조끼,"임산부 전용 조끼
도입을 제안합니다.
현재 지하철에서는  임산부 배려로 임산부 배려석과 임산부 배지가 있습니다.
근데 출퇴근길 지하철을 이용해 보신 분들이라면 아시겠지만 정말 많은 인파속에서 이리 치이고 저리 치이는 일이 비일비재합니다.
노약자, 임산부가 아닌 건강한 성인 남녀도 출퇴근길 지하철 이용은 정말 힘들고 스트레스도 많이 받습니다.
근데 아무리 임산부 배지를 가방에 걸고있어도 사람이 붐비는 와중에는 그 배지를 사람들이 보지못하고 임산부를 밀치는 경우도 정말 많습니다.
임신 초기에는 배가 전혀 나오지 않아서 일반여성과 같아 보이고요.
이를 방지 하기 위해 지하철에서 쉽게 입었다 벗었다 할 수 있는 임산부전용 핑크 조끼를 도입했으면 좋겠습니다. 멀리서도 모든사람들이 알아보고
조심할 수 있었으면 좋겠습니다. 그래서 더 나아가 노약자용 조끼 등 배려가 필요한 분들의 조끼가 색깔별로 도입되었으면 합니다.",임신·난임·생식건강,임산부 건강·배려,임산부 건강관리·배려,임신·난임·생식건강,건강임신지원팀,02-2133-9491,가족지원팀 | 저출생사업1팀,1순위:건강임신지원팀 | 2순위:가족지원팀 | 3순위:저출생사업1팀,1,임산부 배려공간 조성,ㅇ 교통 약자인 임산부의 엘리베이터 안전사고 예방 및 배려문화 확산을 위해 엘리베이터 내?외부에 임산부 배려공간 조성(엠블럼 부착)   - 임산부를 위해 해당 공간을 비워두고 양보하는 사회 분위기 확산 유도 ㅇ 임산...,,,,https://idea.seoul.go.kr/front/freeSuggest/view.do?sn=183833
PROP-183817,2019-02-15,N,미상,11.0,시내버스 임산부석 가방걸이 설치,"개요
(자세한 그림은 첨부파일을 참조해주세요)
○
임산부석에 가방걸이를 설치하여 임산부를 배려하고 출산을 장려함
현황 및 문제점
○
임산부지만 아이를 낳을 때까지 출퇴근을 하는 경우에 업무용 가방을       들고 다니게 되는데 배가 불러 무릎 위에 가방을 올려놓기 힘들다
.
○
어린 유아를 동반한 임산부는 임신한 몸으로 유아용품 가방에 아이까지
동반하고 가방까지 챙기기가 힘들다
.
임산부석에 가방을 걸어 놓는
가방       걸이가 있으면 손이 자유로워져 동반한 유아를 돌보기 수월해
진다
.
개선사항
○
임산부석에 가방걸이를 설치하여 임산부가 대중교통을 편리하게 이용       할 수 있도록 배려함
(
임산부를 배려하는 세심한 배려가 출산을 자극함
)
기대효과
○
임신부를 배려하는 문화로 출산을 장려하여 저출산을 극복함",임신·난임·생식건강,임산부 건강·배려,임산부 건강관리·배려,임신·난임·생식건강,건강임신지원팀,02-2133-9492,가족건강팀 | 저출생사업1팀,1순위:건강임신지원팀 | 2순위:가족건강팀 | 3순위:저출생사업1팀,1,임산부 배려공간 조성,ㅇ 교통 약자인 임산부의 엘리베이터 안전사고 예방 및 배려문화 확산을 위해 엘리베이터 내?외부에 임산부 배려공간 조성(엠블럼 부착)   - 임산부를 위해 해당 공간을 비워두고 양보하는 사회 분위기 확산 유도 ㅇ 임산...,,,,https://idea.seoul.go.kr/front/freeSuggest/view.do?sn=183817
PROP-183782,2019-02-11,N,미상,0.0,"이야기&아트 할머니, 할아버지를 선정하여 어린이집 파견","• 50 ~ 60대 시니어를 대상으로 재능있는 할머니, 할아버지를 선정하여 어린이에 대한 이해와 대화법 등의 교육을 통해 아동
전문 시니어 교사로 양성
• 지역 구립 어린이집과 매칭하여 어린이들에게 동화와 민담을 들려주는 “이야기 할머니, 할아버지”와 미술과 공예를 함께 나누는
“아트 할머니, 할아버지”로 파견
• 어린이들과의 교류를 통해 정서적 안정과 세대간의 소통 장 마련",보육·돌봄 인프라,어린이집·유치원,보육시설·유아교육,보육·돌봄 인프라,돌봄사업팀,02-2133-6560,가족건강팀 | 저출생사업1팀,1순위:돌봄사업팀 | 2순위:가족건강팀 | 3순위:저출생사업1팀,5,어린이집 영유아 방문건강관리 서비스 지원 | 서울형어린이집 | 서울형 0세 전담반 어린이집(사업종료) | 서울형 0세 전담반 어린이집 | 서울형 시간제 전문 어린이집,어린이집으로 방문건강간호사가 찾아가서 건강관리 및 건강교육서비스 제공 | 공인평가를 통하여 우수한 민간 어린이집을 선정하고 인건비 및 운영비를 지원함으로써 향상된 보육서비스를 안정적으로 제공 | 12개월 미만의 영아 보육에 적합한 ‘0세 전담반’  어린이집 100개반 선정 운영 | 12개월 미만의 영아 보육에 적합한 ‘0세 전담반’  어린이집 100개반 선정 운영 | 가정양육 또는 타 기관 이용 보호자 등 누구나 필요시 시간 단위로 이용할 수 있는 보육서비스,,,,https://idea.seoul.go.kr/front/freeSuggest/view.do?sn=183782
PROP-183684,2019-01-22,N,미상,0.0,어르신들의 산책로와  아이들의 안전한 숲을 지켜주세요,"새소리, 웃음소리 지켜주세요
이젠 더이상 편리두의 안됩니다
자연의 역습 무섭잔아요  ㄲ오록 지켜주세요",정보·상담·교육·거버넌스,정보 접근성,일반 출산정책 안건,정보·상담·교육·거버넌스,저출생사업1팀,02-2133-5027,생활지원팀,1순위:저출생사업1팀 | 2순위:생활지원팀,0,,,,,"TAG_REVIEW:현재 태그=정보·상담·교육·거버넌스, 태그 핵심어 약함 || TAG_REVIEW:현재 태그=정보·상담·교육·거버넌스, 태그 핵심어 약함",https://idea.seoul.go.kr/front/freeSuggest/view.do?sn=183684
PROP-183638,2019-01-14,N,미상,12.0,임산부교통카드,"저는 서울에서 법인  택시를 2년째 운전하고 있습니다.
제가 택시운전을  하며 가끔 임산부를 모시게되는 경우가
있습니다.
버스나 지하철을 이용하기에는  힘들어서 택시를 이용하는데 솔직히 택시비가 부담스럽다는 얘기들을 많이 하십니다.
요즘 출산율은 점차 떨어지는데 서울시에서라도 임산부들에게 출산시까지 월10만원 정도의 택시를 부담없이 잉ㆍ능할 수 있는 카드를 발급 해주시면 임산부들에게 도움이 되지 않을까 하는 생각에 제안해 보고자 합니다.",임신·난임·생식건강,임산부 건강·배려,임산부 건강관리·배려,임신·난임·생식건강,건강임신지원팀,02-2133-9491,가족지원팀 | 저출생사업1팀,1순위:건강임신지원팀 | 2순위:가족지원팀 | 3순위:저출생사업1팀,1,임산부 배려공간 조성,ㅇ 교통 약자인 임산부의 엘리베이터 안전사고 예방 및 배려문화 확산을 위해 엘리베이터 내?외부에 임산부 배려공간 조성(엠블럼 부착)   - 임산부를 위해 해당 공간을 비워두고 양보하는 사회 분위기 확산 유도 ㅇ 임산...,,,,https://idea.seoul.go.kr/front/freeSuggest/view.do?sn=183638
PROP-183631,2019-01-13,N,미상,0.0,저출산 양극화 문제해결,"저출산 사회 불평등 양극화 문제해결 방법
국가 존립의 장기적 문제인 저출산 경제적 불평등 양극화 등 삶의질 악화에 대한 기본적 해결방법 부터.
*현황 및 문제점 대한민국의 국정목표는 미래가 밝고 젊은이가 삶의 희망이 가득한 국가를 만드는데 국정의 목표가 되어야 한다.
젊은이가 결혼을 하여 가정을 만들면 국가에서는 그들이 부자던 가난하던 누구나 편안하게 잠자고 휴식을 취할수 있는 최소한의 공간을 마련해 주어야 한다. 부의 세습화를 최소화하고, 땅과주택 가진자만의 잔치로 새롭게 인생을 설계하는 대다수 젊은이에게는 꿈일뿐이다. 주택장기 임대아파트를 국가가 관리하고 통제하여야 한다. 부동산으로 부를 축척하는 대한민국은 일부황재와 대다수 노비만 사는 이상한 나라가 될수 밖에 없다. 인구는 줄고 소비가 줄어 결국 나라는 망하게 된다.
*개선방안
1. 첫째 한정된 땅과 부동산 가격 및 임대료는 국가에서 어느정도의 통제하고 관리해야 한다.
특히 한정된 땅은 시장논리에 맡겨서는 안된다. 토지공개념을 확실하게 시행해야한다.
2.
들째 저출산 문제를 해결하기 위해서는 가장 현실적인 것은 신혼부부에게 주거문제를 국가에서 안정적이고 장기적으로 보장해 준다
.
출산을 장려하는 금전적 보상은 전혀 무의미하다. 국가가 무기장기임대아트를 최소한의 비용으로 제공하여 주거문제에서 벗어나게하여 한다. 하고싶은거, 배우고싶은거, 쓰고싶은거 마음놓고 경제활동 취미활동 할수 있게한다. 그래서 일상의 생활의 소비를 늘리게 하면 경제는 살아나게 된다. 부동산에 돈을 쓰게 만들면 소비경제는 죽고, 고소란히 대다수 국민은 일부 자본가에 노예가 될수 밖에 없다. 수정 민주주의 정책이 필요하다.
3.부동산으로 인하여 발생되는 수익(임대료등)은 중과세 하고, 부동산(특히 땅값)에 대한 공공성의 인식을 확대해 나간다.
*기대효과
복지국가는 모든 국민이 노력만하면 이 기본권이 최소한 보장되도록 정책 수립을 해야 한다
. 먹는것, 입는것은 자신의 노력에 따라 얼마든지 해결 가능하다. 능력이 없으면 없는데로 비싼 음씩이나 옷따위 안머코 안입으면 된다. 그러나 잠잘수 있는곳 휴식할수 있는 곳은 이와 다르다. 이땅에 태어난 모든 국민은 최소한의 비용으로 편안하게 잠을 자고 쉴수 있어야 한다. 그래야 내일 자신의 열정을 발위하고 희망을 꿈꿀수있다. 지금의 대한 민국은 부동산에 모든 금융자산이 잠자고 있다. 그야말로 부동산천국이요. 정상적인 경제활동으로는 평생 편하게 잠자고 휴식할수 있는 공간이 없는것이다. 어떤 젊은이가 희망을 가지고 가정을 꾸릴수 있겠는가? 평생 벌어 잘먹지못하고 입지도 못하고 인간다운 생활도 못하고 아껴서 잠자는 곳에 투자한다. 이게 말이되는가? 한정된 땅과 부동산으로 일부계층을 제외한 대다수 국민들을 노예로 만들고 있다.
부동산의 개념은 내가 소유하고 있어도 영원히 내것이 될수가 없다. 내가 잠시 살아있는 동안 빌려 쓸 뿐이다
. 따라서 소유주가 마음데로 가격을 조정할수 있는것이 아니다. 국민 모두의 재산인 것이다. 우리 후세대 자손들이 대대로 누구나 편안하게 머물수 있어야 한다. 부동산을 올려서 일부 부자들만 잘사는 이런 국가 정책을 종식시켜야 한다. 부동산에 발생되는 월세나 전세등은 국가에서 통제하고 월세나 전세금에 대한 수익을 불로세로 간주하여 무거운 세금을 부과하여 국민 모두가 최소한의 소득으로 평생 잠자는 걱정없이 행복하게 살수있는 정책을 세워야 한다. 우리의 젊은들이 저렴한 주거비용으로 생산활동과 하고싶은 일에 전념할수 있도록 국가정책을 과감하게 수술해야 할것이다. 부동산으로 부를 축적하는 이런 정책은 과감이 청산해야 국민 모두가 행복해지고 범죄없고 비리가 없는 대한민국을 만들수 있다. 모든 범죄와 비리는 따지고 보면 부동산 거래 이권에서 출발한다. 다시 말씀드리면 부동산 가격 만큼은 국가에서 관리해야 한다는 뜻이다. 왜야하면 부동산은 주인이 살아있는동안 잠시 빌려 머물다. 다음세대로 온전히 물러주는 후손들의 제산이기 때문이다.
따라서 서울시에서는 백년 앞을 보고 노인복지, 아동수당, 취업수당, 출산수당 등 기타 복지예산을 줄이고 그 예산으로 진정한 공공관리 임대 아파트(정부:비영리, 토지주택공사도 영리업체임)를 시 제정으로 지어 신혼부부에게만 장기입대 아파트(기간없이 그곳에 사는날까지 싼 임대료를 지방세 명목으로 납입 비영리 공공임대)를 공급하여 신혼부부가 집 걱정없이 마음놓고 일하고 자신과 아이들을 위해 미래를 설계할수 있게 정책을 펴 나가기 바랍니다. 지금의 공공임대아파트는 진정한 임대아파트가 아니다.
아이의 울음소리가 없는 국가는 경제는 물론 행복한 미래도 없다. 우리의 젊은이 들이 최소한의 비용으로 편안하게 잠자고 쉴수있는 장소를 국가는 보장해 주어야 한다
. 그래야 미래가 있습니다. 참고 바랍니다",출산·산후 초기지원,출산가구 초기지원,출산지원금·출생축하,출산·산후 초기지원,가족건강팀,02-2133-9485,고령사회정책팀,1순위:가족건강팀 | 2순위:고령사회정책팀,5,신혼부부 결혼ㆍ살림비용 지원 | 자녀출산 무주택가구 주거비 지원 | 신혼희망타운 | 신혼부부 전용 주택 구입 자금 대출 | 신혼부부 임차보증금 이자 지원,"ㅇ 결혼ㆍ살림 비용 최대 100만원 지원    - 결혼준비 및 혼인살림 장만 관련 비용 지출    ※ 생애 1회 지급   ? 결혼준비 : 혼수, 예식장, 신혼여행, 청첩장 등    ? 혼인살림 : 전자제품, 주방가전... | 월 최대 30만원(2년간 최대 720만원) 주거비 지원 | 신혼희망타운 분양?임대주택 공급 및 청약 자격 제공 | 연 2.55~3.85% 금리로 주택구입 자금 대출, 최대 3억 2천만 원 한도 | - 임차보증금 대출금: 최대 3억원(임차보증금의 90% 이내) - 이자지원 금리: 최대 4.5% - 지원기간: 최장 10년(25.11.20. 부터 최장 12년) ※ 자세한 사항은 서울주거포털 공고문 참조",,,,https://idea.seoul.go.kr/front/freeSuggest/view.do?sn=183631
PROP-183623,2019-01-10,N,미상,1.0,맞벌이 부부를 위한 보육 정책제안,"맞벌이 부부의 많은 경우는 아기가 태어나면
여성이 직장을 그만 두고 전업주부로 육아에
전념하는 경우가 많습니다.
높은 수준의 교육을 받은 재원이 소위말하는
경력단절녀가 되는 가장 흔한 경우입니다.
그러나 보육을 도와줄 친정이나 시댁이 있는
경우라면 그렇지 않죠.
보육을 대신해줄 누군가가 있다면
여성들이 경력단절을 이유로 출산을 부담스러워
하는 문제가 자연스럽게 해결되겠죠.
그리고 우리나라는 고령화 사회로
수많은 은퇴자가 있고 전업주부도 많습니다.
아기를 돌봐주고 일정한 소득을 얻는다면
기꺼이 참여하실 분들도 계시리라고 봅니다.
서울시에서는 우선 우리 사회에 태어난 아기들의 보육을
함께해주실수 있는 분들을 모집하고 교육해야 합니다.
육아에 필요한 제반 지식, 상황별 대처법을 교육해야 합니다.
그리고 아기가 갑자기 아플때나 다쳤을때를 대비해
상시 출동팀을 운용했으면 합니다.
보육 어르신, 담당자가 당황하지 말고 출동팀에 연락하면
간단한 처치나 병원에 이송하여 진료받을 수 있도록
한다면 부모들이 더욱 안심할 수 있겠지요.
동네별로 서울시에서 시행하는 보육 교육을 이수하고 아기를
맡아줄 수 있는 집이 많으면 많을 수록
아기를 기르는 부모들의 운신의 폭이 넓어지고
평소에 맡기던 집에 일이 생겨 갈 수 없으면
다른 곳에 부탁을 할 여지가 생기니까요.
아기들은 건강검진으로 알레르기나 건강상 특이점을 확인해야 하고
보육원도 마찬가지로 특별한 질병이 없는지 서울시가 확인해야 하겠습니다.
애플리케이션으로 부모들은 아기를 맡아줄 수 있는 집을 찾아서
아기를 맡아준 시간이 적립되어 월 단위로 계산하여
금액이 지급하고 일정부분은 서울시에서 지원해주면
더 좋을 것 같습니다.
유아부터 초등학생까지는 우리사회에서 여력이 있는 분이
보육을 부모 대신 해줄 수 있을거라고 생각합니다.
부모 대신 어린이집이나 유치원에 다니는 아이를 맞아줄수도 있고
부모가 퇴근이후에 데려갈수 있도록 보호해주실 수 있을 것 같구요.
그리고 한 아이를 3년 이상 꾸준히 돌봐준 기록이 있다면
각별히 감사한 마음으로 기념할만한 기념품을 만들어주면 좋겠습니다.
- 핵심
우리 사회에 보육 문제로 인해 낭비되는 재원이 있다는 것은
큰 문제이고 그 보육을 대신 해 줄 수 있는 여지가 있음에도
활용되지 않고 있다는 것을 생각하면 더욱 아쉬운 것 같습니다.
조상들의 품앗이처럼 아기를 맡길수 있는 대상들을 서울시에서
육성하여 관리하시고 보육에 참여하게 되는 어르신이나 전업주부에게는
소정의 소득을 보장하며
(꼭 맞벌이가 아니더라도)부모들의 육아부담을
덜 수 있도록 좋은 제도를 만들어주셨으면 좋겠습니다.",보육·돌봄 인프라,어린이집·유치원,보육시설·유아교육,보육·돌봄 인프라,돌봄사업팀,02-2133-6560,가족건강팀 | 저출생사업1팀,1순위:돌봄사업팀 | 2순위:가족건강팀 | 3순위:저출생사업1팀,5,영아 전담 아이돌봄서비스 | 외국인 가사(육아)인력 시범사업 | 서울형 육아휴직장려금(사업종료) | 1인 자영업자 등 배우자 출산휴가급여 지원 | 1인 자영업자?프리랜서 배우자 출산휴가 지원금,"출산휴가, 육아휴직 후 복귀하는 맞벌이 가정을 지원하고자 영아 돌봄 교육을 이수한 전담 돌보미가 영아 이유식 먹이기, 젖병 소독 등 영아 특화 돌봄서비스 제공 | 맞벌이 부부 등 ‘육아 조력자’의 도움이 절실한 자녀양육 가정에 외국인 육아도우미를 활용한 양육지원사업 도입 | ○ 자녀 1인당 최대 120만원 지원 - 육아휴직기간 연속 6개월 시 60만원, 연속 12개월 경과 시 60만원 추가지급 ※ 부?모 모두 육아휴직 시 각각 지급 (자녀 1인에 대해 가구당 최대 240만원 지급) | 1인 자영업자 등에 배우자(남편) 출산휴가급여 최대 120만원(15일분) 지원 (2026.1.1. 기준 출생아부터 적용) - 2025년 출생아는 최대 80만원(10일분) 지원 ㅇ 지원대상에 대한 자격요건 완화(202... | 1인 자영업자 등에 배우자 출산휴가급여 80만원 지원",,,,https://idea.seoul.go.kr/front/freeSuggest/view.do?sn=183623
PROP-183574,2018-12-31,N,미상,3.0,지하철 임산부배려석,"지하철 임산부 배려석 개선의견입니다.
아이를 낳아본 엄마들은 공감하지만 아저씨들이나 젊은 청년들은 그 힘듦을 이해해주지 않는것 같습니다.
현재 배부되고있는 임산부 표시 패치에 칩을 넣고  배려석에 앉을때 테그하고 앉을수있도록해주세요.
지정된 곳에 테그하지 않고 앚으면 테그를 요청하는 소리가 나온다면 함부로 앉지 못할거 같네요.
다소 웃기지만 ~수고하세요",임신·난임·생식건강,임산부 건강·배려,임산부 건강관리·배려,임신·난임·생식건강,건강임신지원팀,02-2133-9491,가족지원팀 | 저출생사업1팀,1순위:건강임신지원팀 | 2순위:가족지원팀 | 3순위:저출생사업1팀,1,임산부 배려공간 조성,ㅇ 교통 약자인 임산부의 엘리베이터 안전사고 예방 및 배려문화 확산을 위해 엘리베이터 내?외부에 임산부 배려공간 조성(엠블럼 부착)   - 임산부를 위해 해당 공간을 비워두고 양보하는 사회 분위기 확산 유도 ㅇ 임산...,,,,https://idea.seoul.go.kr/front/freeSuggest/view.do?sn=183574
PROP-183550,2018-12-24,N,미상,0.0,보건소에서도  난임주사를..,보건소에서도  난임주사를!!!,임신·난임·생식건강,난임 지원,난임시술·주사·시술비,임신·난임·생식건강,건강임신지원팀,02-2133-9491,저출생사업1팀 | 생활지원팀,1순위:건강임신지원팀 | 2순위:저출생사업1팀 | 3순위:생활지원팀,5,서울형 난임부부 시술비 지원 | 서울권역 난임?우울증 상담센터 운영 | 서울시 한의약 난임치료 지원 | 서울시 난임?임산부심리상담센터 운영 | 난임부부 지원,"난임시술 비용의 본인부담액에 대한 시술별 지원상한액 지원 - 횟수 : 총 25회(누적) - 지원금액: 시술별 1회당 최대 30만원~110만원 | 난임부부, 유산?사산 경험부부, 임산부 및 양육모의 정서적 안정을 위해 전담 상담사가 등록부터 종결까지 1:1 상담 및 다양한 프로그램을 운영 | 원인불명의 난임진단 부부에게  한의약 난임치료 첩약비용(3개월)의 본인부담금 90%(상한 1,200천원) 지원 | 난임부부, 유산?사산 경험부부, 임산부 및 양육모의 정서적 안정을 위해 전담 상담사가 등록부터 종결까지 1:1 상담 및 다양한 프로그램을 운영 | o 난임시술 비용의 본인부담액에 대한 시술별 지원상한액 지원      -(횟수) 출산당 총25회 (보조생식술 시작일이 '24.11.1.일 이후부터)      -(지원금액) 시술별 1회당 최대 30만원~110만원  o...",,,,https://idea.seoul.go.kr/front/freeSuggest/view.do?sn=183550
PROP-183549,2018-12-24,N,미상,0.0,난임지원해주세요,보건소에서 난임지원 주사맞게해주세요.,임신·난임·생식건강,난임 지원,난임시술·주사·시술비,임신·난임·생식건강,건강임신지원팀,02-2133-9491,가족지원팀 | 저출생사업1팀,1순위:건강임신지원팀 | 2순위:가족지원팀 | 3순위:저출생사업1팀,5,서울형 난임부부 시술비 지원 | 서울권역 난임?우울증 상담센터 운영 | 서울시 한의약 난임치료 지원 | 서울시 난임?임산부심리상담센터 운영 | 난임부부 지원,"난임시술 비용의 본인부담액에 대한 시술별 지원상한액 지원 - 횟수 : 총 25회(누적) - 지원금액: 시술별 1회당 최대 30만원~110만원 | 난임부부, 유산?사산 경험부부, 임산부 및 양육모의 정서적 안정을 위해 전담 상담사가 등록부터 종결까지 1:1 상담 및 다양한 프로그램을 운영 | 원인불명의 난임진단 부부에게  한의약 난임치료 첩약비용(3개월)의 본인부담금 90%(상한 1,200천원) 지원 | 난임부부, 유산?사산 경험부부, 임산부 및 양육모의 정서적 안정을 위해 전담 상담사가 등록부터 종결까지 1:1 상담 및 다양한 프로그램을 운영 | o 난임시술 비용의 본인부담액에 대한 시술별 지원상한액 지원      -(횟수) 출산당 총25회 (보조생식술 시작일이 '24.11.1.일 이후부터)      -(지원금액) 시술별 1회당 최대 30만원~110만원  o...",,,,https://idea.seoul.go.kr/front/freeSuggest/view.do?sn=183549
PROP-183490,2018-12-22,N,미상,1.0,난임지원받게해주세요,보건소에서 주사맞게해주세요,임신·난임·생식건강,난임 지원,난임시술·주사·시술비,임신·난임·생식건강,건강임신지원팀,02-2133-9491,가족지원팀 | 저출생사업1팀,1순위:건강임신지원팀 | 2순위:가족지원팀 | 3순위:저출생사업1팀,5,서울형 난임부부 시술비 지원 | 서울권역 난임?우울증 상담센터 운영 | 서울시 한의약 난임치료 지원 | 서울시 난임?임산부심리상담센터 운영 | 난임부부 지원,"난임시술 비용의 본인부담액에 대한 시술별 지원상한액 지원 - 횟수 : 총 25회(누적) - 지원금액: 시술별 1회당 최대 30만원~110만원 | 난임부부, 유산?사산 경험부부, 임산부 및 양육모의 정서적 안정을 위해 전담 상담사가 등록부터 종결까지 1:1 상담 및 다양한 프로그램을 운영 | 원인불명의 난임진단 부부에게  한의약 난임치료 첩약비용(3개월)의 본인부담금 90%(상한 1,200천원) 지원 | 난임부부, 유산?사산 경험부부, 임산부 및 양육모의 정서적 안정을 위해 전담 상담사가 등록부터 종결까지 1:1 상담 및 다양한 프로그램을 운영 | o 난임시술 비용의 본인부담액에 대한 시술별 지원상한액 지원      -(횟수) 출산당 총25회 (보조생식술 시작일이 '24.11.1.일 이후부터)      -(지원금액) 시술별 1회당 최대 30만원~110만원  o...",,,,https://idea.seoul.go.kr/front/freeSuggest/view.do?sn=183490
PROP-183452,2018-12-21,N,미상,0.0,임산부가 살만한 세상 만들기,"0. 현재 지방자치단체에서는 출산장려금 등 여러제도가 있습니다.
0. 임산부에게 실질적인 도움이 되는 제도를 제안하고자합니다.
가. 임산부 본인 병원진료비 할인혜택
나. 대중교통비 할인
다. 목욕비 할인
라. 임산부 증명서 발행(일선동주민센터나 보건소등에서 산부인과 진단서첨부 신청)
마. 아파트 청약 우선순위
바. 거주자 주차구획선 우선순위배정
0. 미성년자 임산부등 아이를 양육할 능력이 없는 임산부를 국가에서 보호하고 아이를 국가에서
양육하는 제도도 필요하다고 봅니다.  끝.",임신·난임·생식건강,임산부 건강·배려,임산부 건강관리·배려,임신·난임·생식건강,건강임신지원팀,02-2133-9491,저출생사업1팀 | 생활지원팀,1순위:건강임신지원팀 | 2순위:저출생사업1팀 | 3순위:생활지원팀,1,임산부 배려공간 조성,ㅇ 교통 약자인 임산부의 엘리베이터 안전사고 예방 및 배려문화 확산을 위해 엘리베이터 내?외부에 임산부 배려공간 조성(엠블럼 부착)   - 임산부를 위해 해당 공간을 비워두고 양보하는 사회 분위기 확산 유도 ㅇ 임산...,,,,https://idea.seoul.go.kr/front/freeSuggest/view.do?sn=183452
PROP-183450,2018-12-21,N,미상,1.0,난임 &gt;&gt; 꼭 혼인신고 제한을 둬야 하나??,"혼인신고는 원하지 않고.
아이는 원하는 가정이 늘어나고 있다.
그런데 혼인신고 기준으로 난임지원을 안한다.",임신·난임·생식건강,난임 지원,난임시술·주사·시술비,임신·난임·생식건강,건강임신지원팀,02-2133-9491,저출생사업1팀,1순위:건강임신지원팀 | 3순위:저출생사업1팀,5,서울형 난임부부 시술비 지원 | 서울권역 난임?우울증 상담센터 운영 | 서울시 한의약 난임치료 지원 | 서울시 난임?임산부심리상담센터 운영 | 난임부부 지원,"난임시술 비용의 본인부담액에 대한 시술별 지원상한액 지원 - 횟수 : 총 25회(누적) - 지원금액: 시술별 1회당 최대 30만원~110만원 | 난임부부, 유산?사산 경험부부, 임산부 및 양육모의 정서적 안정을 위해 전담 상담사가 등록부터 종결까지 1:1 상담 및 다양한 프로그램을 운영 | 원인불명의 난임진단 부부에게  한의약 난임치료 첩약비용(3개월)의 본인부담금 90%(상한 1,200천원) 지원 | 난임부부, 유산?사산 경험부부, 임산부 및 양육모의 정서적 안정을 위해 전담 상담사가 등록부터 종결까지 1:1 상담 및 다양한 프로그램을 운영 | o 난임시술 비용의 본인부담액에 대한 시술별 지원상한액 지원      -(횟수) 출산당 총25회 (보조생식술 시작일이 '24.11.1.일 이후부터)      -(지원금액) 시술별 1회당 최대 30만원~110만원  o...",,,,https://idea.seoul.go.kr/front/freeSuggest/view.do?sn=183450
PROP-183446,2018-12-21,N,미상,0.0,보건소난임주사찬성,보건소에서도 난임주사 맞게해주세요,임신·난임·생식건강,난임 지원,난임시술·주사·시술비,임신·난임·생식건강,건강임신지원팀,02-2133-9491,가족지원팀 | 저출생사업1팀,1순위:건강임신지원팀 | 2순위:가족지원팀 | 3순위:저출생사업1팀,5,서울형 난임부부 시술비 지원 | 서울권역 난임?우울증 상담센터 운영 | 서울시 한의약 난임치료 지원 | 서울시 난임?임산부심리상담센터 운영 | 난임부부 지원,"난임시술 비용의 본인부담액에 대한 시술별 지원상한액 지원 - 횟수 : 총 25회(누적) - 지원금액: 시술별 1회당 최대 30만원~110만원 | 난임부부, 유산?사산 경험부부, 임산부 및 양육모의 정서적 안정을 위해 전담 상담사가 등록부터 종결까지 1:1 상담 및 다양한 프로그램을 운영 | 원인불명의 난임진단 부부에게  한의약 난임치료 첩약비용(3개월)의 본인부담금 90%(상한 1,200천원) 지원 | 난임부부, 유산?사산 경험부부, 임산부 및 양육모의 정서적 안정을 위해 전담 상담사가 등록부터 종결까지 1:1 상담 및 다양한 프로그램을 운영 | o 난임시술 비용의 본인부담액에 대한 시술별 지원상한액 지원      -(횟수) 출산당 총25회 (보조생식술 시작일이 '24.11.1.일 이후부터)      -(지원금액) 시술별 1회당 최대 30만원~110만원  o...",,,,https://idea.seoul.go.kr/front/freeSuggest/view.do?sn=183446
PROP-183428,2018-12-20,N,미상,0.0,보건소에서 난임환자 주사 맞게 해주세요,보건소에서 난임환자들 주사 맞을 수 있도록 해주세요!! 저출산 말로만 외치지 말고 아이를 낳으려고 노력하는 분들에게 지원해 주셨으면 합니다.,임신·난임·생식건강,난임 지원,난임시술·주사·시술비,임신·난임·생식건강,건강임신지원팀,02-2133-9491,저출생사업1팀 | 생활지원팀,1순위:건강임신지원팀 | 2순위:저출생사업1팀 | 3순위:생활지원팀,5,서울형 난임부부 시술비 지원 | 서울권역 난임?우울증 상담센터 운영 | 서울시 한의약 난임치료 지원 | 서울시 난임?임산부심리상담센터 운영 | 난임부부 지원,"난임시술 비용의 본인부담액에 대한 시술별 지원상한액 지원 - 횟수 : 총 25회(누적) - 지원금액: 시술별 1회당 최대 30만원~110만원 | 난임부부, 유산?사산 경험부부, 임산부 및 양육모의 정서적 안정을 위해 전담 상담사가 등록부터 종결까지 1:1 상담 및 다양한 프로그램을 운영 | 원인불명의 난임진단 부부에게  한의약 난임치료 첩약비용(3개월)의 본인부담금 90%(상한 1,200천원) 지원 | 난임부부, 유산?사산 경험부부, 임산부 및 양육모의 정서적 안정을 위해 전담 상담사가 등록부터 종결까지 1:1 상담 및 다양한 프로그램을 운영 | o 난임시술 비용의 본인부담액에 대한 시술별 지원상한액 지원      -(횟수) 출산당 총25회 (보조생식술 시작일이 '24.11.1.일 이후부터)      -(지원금액) 시술별 1회당 최대 30만원~110만원  o...",,,,https://idea.seoul.go.kr/front/freeSuggest/view.do?sn=183428
PROP-183419,2018-12-19,N,미상,0.0,보건소에서난임주사,"보건소에서 난임주사 맞으면 좋을거 같아요 혼자 엉덩이나 배주사 못 맞는 사람들도 많거든요
저는  보건소에서 주사 맞는거에 찬성합니다",임신·난임·생식건강,난임 지원,난임시술·주사·시술비,임신·난임·생식건강,건강임신지원팀,02-2133-9491,가족지원팀 | 저출생사업1팀,1순위:건강임신지원팀 | 2순위:가족지원팀 | 3순위:저출생사업1팀,5,서울형 난임부부 시술비 지원 | 서울권역 난임?우울증 상담센터 운영 | 서울시 한의약 난임치료 지원 | 서울시 난임?임산부심리상담센터 운영 | 난임부부 지원,"난임시술 비용의 본인부담액에 대한 시술별 지원상한액 지원 - 횟수 : 총 25회(누적) - 지원금액: 시술별 1회당 최대 30만원~110만원 | 난임부부, 유산?사산 경험부부, 임산부 및 양육모의 정서적 안정을 위해 전담 상담사가 등록부터 종결까지 1:1 상담 및 다양한 프로그램을 운영 | 원인불명의 난임진단 부부에게  한의약 난임치료 첩약비용(3개월)의 본인부담금 90%(상한 1,200천원) 지원 | 난임부부, 유산?사산 경험부부, 임산부 및 양육모의 정서적 안정을 위해 전담 상담사가 등록부터 종결까지 1:1 상담 및 다양한 프로그램을 운영 | o 난임시술 비용의 본인부담액에 대한 시술별 지원상한액 지원      -(횟수) 출산당 총25회 (보조생식술 시작일이 '24.11.1.일 이후부터)      -(지원금액) 시술별 1회당 최대 30만원~110만원  o...",,,,https://idea.seoul.go.kr/front/freeSuggest/view.do?sn=183419
PROP-183412,2018-12-18,N,미상,0.0,난임 주사 보건소,"주사를 시간 맞춰 맞고 안정취하고
해야하는데
이병원 저병원 놔달라고 사정하며
돌아다녀야하는 심정은 안겪어본 사람은
모릅니다. 스트레스를 받지 않으려고 노력하는데
주사 맞으러 다닐 생각하면 예민해지고 스트레스를
받습니다. 눈치 안보고 맘편하게 보건소에서 주사를
맞는다면
성공률도 더 높아질것이라 생각합니다.",임신·난임·생식건강,난임 지원,난임시술·주사·시술비,임신·난임·생식건강,건강임신지원팀,02-2133-9491,가족지원팀,1순위:건강임신지원팀 | 2순위:가족지원팀,5,서울형 난임부부 시술비 지원 | 서울권역 난임?우울증 상담센터 운영 | 서울시 한의약 난임치료 지원 | 서울시 난임?임산부심리상담센터 운영 | 난임부부 지원,"난임시술 비용의 본인부담액에 대한 시술별 지원상한액 지원 - 횟수 : 총 25회(누적) - 지원금액: 시술별 1회당 최대 30만원~110만원 | 난임부부, 유산?사산 경험부부, 임산부 및 양육모의 정서적 안정을 위해 전담 상담사가 등록부터 종결까지 1:1 상담 및 다양한 프로그램을 운영 | 원인불명의 난임진단 부부에게  한의약 난임치료 첩약비용(3개월)의 본인부담금 90%(상한 1,200천원) 지원 | 난임부부, 유산?사산 경험부부, 임산부 및 양육모의 정서적 안정을 위해 전담 상담사가 등록부터 종결까지 1:1 상담 및 다양한 프로그램을 운영 | o 난임시술 비용의 본인부담액에 대한 시술별 지원상한액 지원      -(횟수) 출산당 총25회 (보조생식술 시작일이 '24.11.1.일 이후부터)      -(지원금액) 시술별 1회당 최대 30만원~110만원  o...",,,,https://idea.seoul.go.kr/front/freeSuggest/view.do?sn=183412
PROP-183409,2018-12-18,N,미상,1.0,난임관련 비급여주사,"애기가 정말 간절한데 난임 비급여 주사가 너무많아요 난임 겪고있는사람들한테 힘을주세요
너무 비용이 비싸요 부담이됩니다",임신·난임·생식건강,난임 지원,난임시술·주사·시술비,임신·난임·생식건강,건강임신지원팀,02-2133-9491,가족지원팀 | 저출생사업1팀,1순위:건강임신지원팀 | 2순위:가족지원팀 | 3순위:저출생사업1팀,5,서울형 난임부부 시술비 지원 | 서울권역 난임?우울증 상담센터 운영 | 서울시 한의약 난임치료 지원 | 서울시 난임?임산부심리상담센터 운영 | 난임부부 지원,"난임시술 비용의 본인부담액에 대한 시술별 지원상한액 지원 - 횟수 : 총 25회(누적) - 지원금액: 시술별 1회당 최대 30만원~110만원 | 난임부부, 유산?사산 경험부부, 임산부 및 양육모의 정서적 안정을 위해 전담 상담사가 등록부터 종결까지 1:1 상담 및 다양한 프로그램을 운영 | 원인불명의 난임진단 부부에게  한의약 난임치료 첩약비용(3개월)의 본인부담금 90%(상한 1,200천원) 지원 | 난임부부, 유산?사산 경험부부, 임산부 및 양육모의 정서적 안정을 위해 전담 상담사가 등록부터 종결까지 1:1 상담 및 다양한 프로그램을 운영 | o 난임시술 비용의 본인부담액에 대한 시술별 지원상한액 지원      -(횟수) 출산당 총25회 (보조생식술 시작일이 '24.11.1.일 이후부터)      -(지원금액) 시술별 1회당 최대 30만원~110만원  o...",,,,https://idea.seoul.go.kr/front/freeSuggest/view.do?sn=183409
PROP-183408,2018-12-18,N,미상,0.0,난임정책..,횟수제한..풀어주세요...진짜갖고싶어하는사람들한테는기회를주어야죠...,임신·난임·생식건강,난임 지원,난임시술·주사·시술비,임신·난임·생식건강,건강임신지원팀,02-2133-9491,가족지원팀 | 저출생사업1팀,1순위:건강임신지원팀 | 2순위:가족지원팀 | 3순위:저출생사업1팀,5,서울형 난임부부 시술비 지원 | 서울권역 난임?우울증 상담센터 운영 | 서울시 한의약 난임치료 지원 | 서울시 난임?임산부심리상담센터 운영 | 난임부부 지원,"난임시술 비용의 본인부담액에 대한 시술별 지원상한액 지원 - 횟수 : 총 25회(누적) - 지원금액: 시술별 1회당 최대 30만원~110만원 | 난임부부, 유산?사산 경험부부, 임산부 및 양육모의 정서적 안정을 위해 전담 상담사가 등록부터 종결까지 1:1 상담 및 다양한 프로그램을 운영 | 원인불명의 난임진단 부부에게  한의약 난임치료 첩약비용(3개월)의 본인부담금 90%(상한 1,200천원) 지원 | 난임부부, 유산?사산 경험부부, 임산부 및 양육모의 정서적 안정을 위해 전담 상담사가 등록부터 종결까지 1:1 상담 및 다양한 프로그램을 운영 | o 난임시술 비용의 본인부담액에 대한 시술별 지원상한액 지원      -(횟수) 출산당 총25회 (보조생식술 시작일이 '24.11.1.일 이후부터)      -(지원금액) 시술별 1회당 최대 30만원~110만원  o...",,,,https://idea.seoul.go.kr/front/freeSuggest/view.do?sn=183408
PROP-183407,2018-12-18,N,미상,1.0,난임정책 ..,난임정책 횟수제한풀어주세요...아기를갖고싶은데. 비용도 넘들고 포기하고싶지않은데...힘이드네요..점점,임신·난임·생식건강,난임 지원,난임시술·주사·시술비,임신·난임·생식건강,건강임신지원팀,02-2133-9491,가족지원팀 | 저출생사업1팀,1순위:건강임신지원팀 | 2순위:가족지원팀 | 3순위:저출생사업1팀,5,서울형 난임부부 시술비 지원 | 서울권역 난임?우울증 상담센터 운영 | 서울시 한의약 난임치료 지원 | 서울시 난임?임산부심리상담센터 운영 | 난임부부 지원,"난임시술 비용의 본인부담액에 대한 시술별 지원상한액 지원 - 횟수 : 총 25회(누적) - 지원금액: 시술별 1회당 최대 30만원~110만원 | 난임부부, 유산?사산 경험부부, 임산부 및 양육모의 정서적 안정을 위해 전담 상담사가 등록부터 종결까지 1:1 상담 및 다양한 프로그램을 운영 | 원인불명의 난임진단 부부에게  한의약 난임치료 첩약비용(3개월)의 본인부담금 90%(상한 1,200천원) 지원 | 난임부부, 유산?사산 경험부부, 임산부 및 양육모의 정서적 안정을 위해 전담 상담사가 등록부터 종결까지 1:1 상담 및 다양한 프로그램을 운영 | o 난임시술 비용의 본인부담액에 대한 시술별 지원상한액 지원      -(횟수) 출산당 총25회 (보조생식술 시작일이 '24.11.1.일 이후부터)      -(지원금액) 시술별 1회당 최대 30만원~110만원  o...",,,,https://idea.seoul.go.kr/front/freeSuggest/view.do?sn=183407
PROP-183387,2018-12-16,N,미상,1.0,난임부부들을 위하누정책에 힘써주세요,난임부부들을 위해 보건소 주사맞기 정책 실현해주세요,임신·난임·생식건강,난임 지원,난임시술·주사·시술비,임신·난임·생식건강,건강임신지원팀,02-2133-9491,저출생사업1팀 | 생활지원팀,1순위:건강임신지원팀 | 2순위:저출생사업1팀 | 3순위:생활지원팀,5,서울형 난임부부 시술비 지원 | 서울권역 난임?우울증 상담센터 운영 | 서울시 한의약 난임치료 지원 | 서울시 난임?임산부심리상담센터 운영 | 난임부부 지원,"난임시술 비용의 본인부담액에 대한 시술별 지원상한액 지원 - 횟수 : 총 25회(누적) - 지원금액: 시술별 1회당 최대 30만원~110만원 | 난임부부, 유산?사산 경험부부, 임산부 및 양육모의 정서적 안정을 위해 전담 상담사가 등록부터 종결까지 1:1 상담 및 다양한 프로그램을 운영 | 원인불명의 난임진단 부부에게  한의약 난임치료 첩약비용(3개월)의 본인부담금 90%(상한 1,200천원) 지원 | 난임부부, 유산?사산 경험부부, 임산부 및 양육모의 정서적 안정을 위해 전담 상담사가 등록부터 종결까지 1:1 상담 및 다양한 프로그램을 운영 | o 난임시술 비용의 본인부담액에 대한 시술별 지원상한액 지원      -(횟수) 출산당 총25회 (보조생식술 시작일이 '24.11.1.일 이후부터)      -(지원금액) 시술별 1회당 최대 30만원~110만원  o...",,,,https://idea.seoul.go.kr/front/freeSuggest/view.do?sn=183387
PROP-183374,2018-12-15,N,미상,1.0,난임주사 보건소 찬성합니다,"저도 시험관을 하고있는 난임부부입니다
매일 자가주사로 하고있지만
직장을 병행하다보니,혼자 일하면서 화장실에서 자가주사를 맞는다는게 쉽지않네요
웅급상황이 생기면 어디 병원에 가야할지도 모르겠구요 가까운 보건소에서 난임주사를 맞는거에 찬성합니다",임신·난임·생식건강,난임 지원,난임시술·주사·시술비,임신·난임·생식건강,건강임신지원팀,02-2133-9491,가족지원팀 | 저출생사업1팀,1순위:건강임신지원팀 | 2순위:가족지원팀 | 3순위:저출생사업1팀,5,1인 자영업자 등 배우자 출산휴가급여 지원 | 1인 자영업자?프리랜서 배우자 출산휴가 지원금 | 배우자 출산휴가 지원금 | 서울시 중소기업 워라밸 포인트제 | 서울형 新일?생활 균형 3종 패키지,1인 자영업자 등에 배우자(남편) 출산휴가급여 최대 120만원(15일분) 지원 (2026.1.1. 기준 출생아부터 적용) - 2025년 출생아는 최대 80만원(10일분) 지원 ㅇ 지원대상에 대한 자격요건 완화(202... | 1인 자영업자 등에 배우자 출산휴가급여 80만원 지원 | ㅇ 임산부 배우자를 둔 1인 자영업자?프리랜서에 배우자 출산휴가 지원금 80만원 지원 | 양육친화 및 일?생활 균형을 위한 중소기업의 다양한 노력을 인정하고 중소기업이 아이 키우기 좋은 기업으로 성장할 수 있도록 지원하는 사업 ① 양육친화 및 일?생활 균형 실적에 따른 포인트 적립 ② 적립 포인트에 따른... | 양육 친화 기업문화 조성을 위해 서울형 新 일?생활 균형 3종 패키지를 시행함으로써 초저출생 위기 극복 및 일?생활 균형 문화 확산 ? 배우자 출산휴가 의무제(10일) ? 육아휴직 사용 활성화 ? 육아기 근로시간 단...,,,,https://idea.seoul.go.kr/front/freeSuggest/view.do?sn=183374
PROP-183353,2018-12-12,N,미상,0.0,다자녀 전용주차장 설치,"여러가지 저출산 대책에도 불구하고 저출산 지속되고 있음.
현재 대책들이 실효적인 대책인지 재검토하고 다자녀 가정에 파격적인 대책 발굴이 중요
0 다자녀 전용주차장 설치
- 국가는 국가에 기여하는 국민에게 인센티브 제공을 해야 함.
- 여성 전용 주차장은 딱히 운전 미숙에 대한 배려라는 취지에 의문이 들고 또한 솔로 여성을 확대 조장하여 저출산 대책과 상반
- 다자녀 가족은 대동인원이 많아 기동성이 떨어지고 대기시 피해인원도 많으므로 다자녀 전용주차장이 필요
- 여성 전용주차장을 없애고 다자녀 전용주차장으로 변경해야 함.",다자녀·양육비·생활지원,다자녀 혜택,다자녀 기준·할인·감면,다자녀·양육비·생활지원,저출생사업1팀,02-2133-5025,,1순위:저출생사업1팀,0,,,,,POLICY_REMOVED:공공요금 감면 요구가 아닌 제안에 공공요금 정책 후보: 다자녀 가구 하수도사용료 감면 || POLICY_REMOVED:차량 취득세 요구가 아닌 제안에 취득세 정책 후보: 다자녀 가구 자동차 취득세 감면 || POLICY_REMOVED:공공요금 감면 요구가 아닌 제안에 공공요금 정책 후보: 다자녀 가구 하수도사용료 감면 || POLICY_REMOVED:차량 취득세 요구가 아닌 제안에 취득세 정책 후보: 다자녀 가구 자동차 취득세 감면 || POLICY_REMOVED:공공요금 감면 요구가 아닌 제안에 공공요금 정책 후보: 다자녀 가구 하수도사용료 감면 || POLICY_REMOVED:차량 취득세 요구가 아닌 제안에 취득세 정책 후보: 다자녀 가구 자동차 취득세 감면 || POLICY_REMOVED:차량 취득세 요구가 아닌 제안에 취득세 정책 후보: 다자녀가구 자동차 취득세 취약계층 감면,https://idea.seoul.go.kr/front/freeSuggest/view.do?sn=183353
PROP-183344,2018-12-12,N,미상,0.0,전철 임산부 보호석 보완,"전철에 임산부을 위한 배려석에 관한 제안입니다.
그 자리를 좀더 티나게 하는 방법을 생각해 왔습니다.
간단히 말하자면 모르고 앉는 일은 줄이자는 취지입니다.
저도 한번 모르고 앉아있다가 나중에 알고 겸연쩍었던 적이 있고요.
멀쩡한 사람들이 털썩 앉아서 졸거나 스맛폰 게임하고 있는 걸 보고 있자면 서로 마음이 상할 수도 있겠다 싶어서입니다.
암튼, 그 자리를 좀더 눈에 띄게 해놓아서 부지불식간에 앉는 일은 되도록 없애면 좋겠다는 생각입니다.
바닥에 무슨 장치를 하는 것은 안전 문제가 있을 것 같아서 안되겠고요.
그래서,
배려석 위의 손잡이 하나를 좀더 길게 늘어뜨려 달아놓자는 겁니다.
그럼 앉으려던 사람도 ""이게 뭐야?'하고 한번 생각하게 되고 임산부도 일어설때 손잡이를 이용할 수 있으니 일거양득 아니겠습니까? 손잡이 형태나 기능을 더하는 것도 고려해 보시기 바랍니다. 편리하고 행복한 전철풍경을 위하여, 서울시 화이팅.",임신·난임·생식건강,임산부 건강·배려,임산부 건강관리·배려,임신·난임·생식건강,건강임신지원팀,02-2133-9491,가족지원팀 | 저출생사업1팀,1순위:건강임신지원팀 | 2순위:가족지원팀 | 3순위:저출생사업1팀,1,임산부 배려공간 조성,ㅇ 교통 약자인 임산부의 엘리베이터 안전사고 예방 및 배려문화 확산을 위해 엘리베이터 내?외부에 임산부 배려공간 조성(엠블럼 부착)   - 임산부를 위해 해당 공간을 비워두고 양보하는 사회 분위기 확산 유도 ㅇ 임산...,,,,https://idea.seoul.go.kr/front/freeSuggest/view.do?sn=183344
PROP-183322,2018-12-10,N,미상,3.0,보건소에서 난임관련주사를 맞게해주세요.,보건소에서 난임관련주사를 맞게해주세요.,임신·난임·생식건강,난임 지원,난임시술·주사·시술비,임신·난임·생식건강,건강임신지원팀,02-2133-9491,저출생사업1팀 | 생활지원팀,1순위:건강임신지원팀 | 2순위:저출생사업1팀 | 3순위:생활지원팀,5,서울형 난임부부 시술비 지원 | 서울권역 난임?우울증 상담센터 운영 | 서울시 한의약 난임치료 지원 | 서울시 난임?임산부심리상담센터 운영 | 난임부부 지원,"난임시술 비용의 본인부담액에 대한 시술별 지원상한액 지원 - 횟수 : 총 25회(누적) - 지원금액: 시술별 1회당 최대 30만원~110만원 | 난임부부, 유산?사산 경험부부, 임산부 및 양육모의 정서적 안정을 위해 전담 상담사가 등록부터 종결까지 1:1 상담 및 다양한 프로그램을 운영 | 원인불명의 난임진단 부부에게  한의약 난임치료 첩약비용(3개월)의 본인부담금 90%(상한 1,200천원) 지원 | 난임부부, 유산?사산 경험부부, 임산부 및 양육모의 정서적 안정을 위해 전담 상담사가 등록부터 종결까지 1:1 상담 및 다양한 프로그램을 운영 | o 난임시술 비용의 본인부담액에 대한 시술별 지원상한액 지원      -(횟수) 출산당 총25회 (보조생식술 시작일이 '24.11.1.일 이후부터)      -(지원금액) 시술별 1회당 최대 30만원~110만원  o...",,,,https://idea.seoul.go.kr/front/freeSuggest/view.do?sn=183322
PROP-183275,2018-12-05,N,미상,22.0,보건소에서난임관련주사를맞게해주세요,"공감합니다~
도움될수있도록부탁드립니다~",임신·난임·생식건강,난임 지원,난임시술·주사·시술비,임신·난임·생식건강,건강임신지원팀,02-2133-9491,저출생사업1팀 | 생활지원팀,1순위:건강임신지원팀 | 2순위:저출생사업1팀 | 3순위:생활지원팀,5,서울형 난임부부 시술비 지원 | 서울권역 난임?우울증 상담센터 운영 | 서울시 한의약 난임치료 지원 | 서울시 난임?임산부심리상담센터 운영 | 난임부부 지원,"난임시술 비용의 본인부담액에 대한 시술별 지원상한액 지원 - 횟수 : 총 25회(누적) - 지원금액: 시술별 1회당 최대 30만원~110만원 | 난임부부, 유산?사산 경험부부, 임산부 및 양육모의 정서적 안정을 위해 전담 상담사가 등록부터 종결까지 1:1 상담 및 다양한 프로그램을 운영 | 원인불명의 난임진단 부부에게  한의약 난임치료 첩약비용(3개월)의 본인부담금 90%(상한 1,200천원) 지원 | 난임부부, 유산?사산 경험부부, 임산부 및 양육모의 정서적 안정을 위해 전담 상담사가 등록부터 종결까지 1:1 상담 및 다양한 프로그램을 운영 | o 난임시술 비용의 본인부담액에 대한 시술별 지원상한액 지원      -(횟수) 출산당 총25회 (보조생식술 시작일이 '24.11.1.일 이후부터)      -(지원금액) 시술별 1회당 최대 30만원~110만원  o...",,,,https://idea.seoul.go.kr/front/freeSuggest/view.do?sn=183275
PROP-183273,2018-12-05,N,미상,19.0,난임정책.  바우처,난임. 시험관횟수제한 풀어주시구...저출산하는데갖고싶은사람도많은데. 너무힘이드네요...적어도갖고싶어하는사람한테는기회를주셔야조ㅡ.정부가지원을해주셔야지.지원된다고하는데실질적으로 병원에서 보험이안됩니다...횟수제한도. 풀어주세요...포기한사람들많아요...현실은돈이겠죠..값비싼 주사값.  ㅠㅠ.,임신·난임·생식건강,난임 지원,난임시술·주사·시술비,임신·난임·생식건강,건강임신지원팀,02-2133-9491,가족지원팀 | 저출생사업1팀,1순위:건강임신지원팀 | 2순위:가족지원팀 | 3순위:저출생사업1팀,5,서울형 난임부부 시술비 지원 | 서울권역 난임?우울증 상담센터 운영 | 서울시 한의약 난임치료 지원 | 서울시 난임?임산부심리상담센터 운영 | 난임부부 지원,"난임시술 비용의 본인부담액에 대한 시술별 지원상한액 지원 - 횟수 : 총 25회(누적) - 지원금액: 시술별 1회당 최대 30만원~110만원 | 난임부부, 유산?사산 경험부부, 임산부 및 양육모의 정서적 안정을 위해 전담 상담사가 등록부터 종결까지 1:1 상담 및 다양한 프로그램을 운영 | 원인불명의 난임진단 부부에게  한의약 난임치료 첩약비용(3개월)의 본인부담금 90%(상한 1,200천원) 지원 | 난임부부, 유산?사산 경험부부, 임산부 및 양육모의 정서적 안정을 위해 전담 상담사가 등록부터 종결까지 1:1 상담 및 다양한 프로그램을 운영 | o 난임시술 비용의 본인부담액에 대한 시술별 지원상한액 지원      -(횟수) 출산당 총25회 (보조생식술 시작일이 '24.11.1.일 이후부터)      -(지원금액) 시술별 1회당 최대 30만원~110만원  o...",,,,https://idea.seoul.go.kr/front/freeSuggest/view.do?sn=183273
PROP-183253,2018-12-04,Y,미상,52.0,난임바우처. 나이제한없애주세요,"보건소에서 프로게스트론 주사맞게 해주세요
난임예비엄마는 엄마가 되고싶습니다.
난임바우처 실행해주세요.
아기가 갖고싶지만 하나부터열까지 너무 많은돈이 들어요.
나이제한 페지해주세요.
지원을 해주긴 하지만 극히 일부라 .
저출산. 포기하지않고 출산해서 엄마가 되고싶어요",임신·난임·생식건강,난임 지원,난임시술·주사·시술비,임신·난임·생식건강,건강임신지원팀,02-2133-9491,저출생사업1팀 | 생활지원팀,1순위:건강임신지원팀 | 2순위:저출생사업1팀 | 3순위:생활지원팀,5,서울형 난임부부 시술비 지원 | 서울권역 난임?우울증 상담센터 운영 | 서울시 한의약 난임치료 지원 | 서울시 난임?임산부심리상담센터 운영 | 난임부부 지원,"난임시술 비용의 본인부담액에 대한 시술별 지원상한액 지원 - 횟수 : 총 25회(누적) - 지원금액: 시술별 1회당 최대 30만원~110만원 | 난임부부, 유산?사산 경험부부, 임산부 및 양육모의 정서적 안정을 위해 전담 상담사가 등록부터 종결까지 1:1 상담 및 다양한 프로그램을 운영 | 원인불명의 난임진단 부부에게  한의약 난임치료 첩약비용(3개월)의 본인부담금 90%(상한 1,200천원) 지원 | 난임부부, 유산?사산 경험부부, 임산부 및 양육모의 정서적 안정을 위해 전담 상담사가 등록부터 종결까지 1:1 상담 및 다양한 프로그램을 운영 | o 난임시술 비용의 본인부담액에 대한 시술별 지원상한액 지원      -(횟수) 출산당 총25회 (보조생식술 시작일이 '24.11.1.일 이후부터)      -(지원금액) 시술별 1회당 최대 30만원~110만원  o...",,,,https://idea.seoul.go.kr/front/freeSuggest/view.do?sn=183253
PROP-183248,2018-12-03,N,미상,20.0,보건소 난임주사,"1년 반동안 자연임신 시도하다 이번에 인공1차 들어간
난임 부부입니다.
시술전에 주사맞으러 아침일찍일어나 병원에가야합니다.
대부분 병원도 멀리다니고 있기때문에 주사한대 맞으러 왕복 2시간이 소요되고 와서도 대기인원이 많아 기다리기 일수입니다
동네 보건소에서 주사맞는 방안이 통과된다면 난임부부들의 출산율도 높아지지 안을까요...
꼭국회에서 이 방안에 대해서 심각하게 생각해주시고 꼭 통과시켜주시기 바랍니다.",임신·난임·생식건강,난임 지원,난임시술·주사·시술비,임신·난임·생식건강,건강임신지원팀,02-2133-9491,가족지원팀 | 저출생사업1팀,1순위:건강임신지원팀 | 2순위:가족지원팀 | 3순위:저출생사업1팀,5,서울형 난임부부 시술비 지원 | 서울권역 난임?우울증 상담센터 운영 | 서울시 한의약 난임치료 지원 | 서울시 난임?임산부심리상담센터 운영 | 난임부부 지원,"난임시술 비용의 본인부담액에 대한 시술별 지원상한액 지원 - 횟수 : 총 25회(누적) - 지원금액: 시술별 1회당 최대 30만원~110만원 | 난임부부, 유산?사산 경험부부, 임산부 및 양육모의 정서적 안정을 위해 전담 상담사가 등록부터 종결까지 1:1 상담 및 다양한 프로그램을 운영 | 원인불명의 난임진단 부부에게  한의약 난임치료 첩약비용(3개월)의 본인부담금 90%(상한 1,200천원) 지원 | 난임부부, 유산?사산 경험부부, 임산부 및 양육모의 정서적 안정을 위해 전담 상담사가 등록부터 종결까지 1:1 상담 및 다양한 프로그램을 운영 | o 난임시술 비용의 본인부담액에 대한 시술별 지원상한액 지원      -(횟수) 출산당 총25회 (보조생식술 시작일이 '24.11.1.일 이후부터)      -(지원금액) 시술별 1회당 최대 30만원~110만원  o...",,,,https://idea.seoul.go.kr/front/freeSuggest/view.do?sn=183248
PROP-183243,2018-12-03,N,미상,62.0,난임시술횟수제한나이제한철페,"초저출산국가인나라에서 낳겠다는사람에게
난임관련횟수제한 나이제한좀풀어주세요
자기몸다망가지고희망고문의고통을격으면서라도난임환자들은 아이만낳을수있다면 뭐라도다합니다
그러나그것도보험지원이되는선이죠
오죽하면1차에성공하면로또라는말이나올정도죠
결국엔경제적인상황으로더이상시도조차못하고 포기하는거죠 제발 나이제한 횟수제한좀 없애주고지원해주세요
엄마가되고싶은난임환자정말많습니다",임신·난임·생식건강,난임 지원,난임시술·주사·시술비,임신·난임·생식건강,건강임신지원팀,02-2133-9491,가족지원팀 | 저출생사업1팀,1순위:건강임신지원팀 | 2순위:가족지원팀 | 3순위:저출생사업1팀,5,서울형 난임부부 시술비 지원 | 서울권역 난임?우울증 상담센터 운영 | 서울시 한의약 난임치료 지원 | 서울시 난임?임산부심리상담센터 운영 | 난임부부 지원,"난임시술 비용의 본인부담액에 대한 시술별 지원상한액 지원 - 횟수 : 총 25회(누적) - 지원금액: 시술별 1회당 최대 30만원~110만원 | 난임부부, 유산?사산 경험부부, 임산부 및 양육모의 정서적 안정을 위해 전담 상담사가 등록부터 종결까지 1:1 상담 및 다양한 프로그램을 운영 | 원인불명의 난임진단 부부에게  한의약 난임치료 첩약비용(3개월)의 본인부담금 90%(상한 1,200천원) 지원 | 난임부부, 유산?사산 경험부부, 임산부 및 양육모의 정서적 안정을 위해 전담 상담사가 등록부터 종결까지 1:1 상담 및 다양한 프로그램을 운영 | o 난임시술 비용의 본인부담액에 대한 시술별 지원상한액 지원      -(횟수) 출산당 총25회 (보조생식술 시작일이 '24.11.1.일 이후부터)      -(지원금액) 시술별 1회당 최대 30만원~110만원  o...",,,,https://idea.seoul.go.kr/front/freeSuggest/view.do?sn=183243
PROP-183237,2018-12-03,N,미상,45.0,난임시술횟수제한나이제한철페,"제발제발 난임관련횟수제한나이제한좀풀어주세요
내몸이부서져도주사맞으며애낳을수만있다면
다참을수있습니다
그러나할수없습니다 돈이너무많이들어요
제발첫째만이라도 ......,",임신·난임·생식건강,난임 지원,난임시술·주사·시술비,임신·난임·생식건강,건강임신지원팀,02-2133-9491,가족지원팀 | 저출생사업1팀,1순위:건강임신지원팀 | 2순위:가족지원팀 | 3순위:저출생사업1팀,5,서울형 난임부부 시술비 지원 | 서울권역 난임?우울증 상담센터 운영 | 서울시 한의약 난임치료 지원 | 서울시 난임?임산부심리상담센터 운영 | 난임부부 지원,"난임시술 비용의 본인부담액에 대한 시술별 지원상한액 지원 - 횟수 : 총 25회(누적) - 지원금액: 시술별 1회당 최대 30만원~110만원 | 난임부부, 유산?사산 경험부부, 임산부 및 양육모의 정서적 안정을 위해 전담 상담사가 등록부터 종결까지 1:1 상담 및 다양한 프로그램을 운영 | 원인불명의 난임진단 부부에게  한의약 난임치료 첩약비용(3개월)의 본인부담금 90%(상한 1,200천원) 지원 | 난임부부, 유산?사산 경험부부, 임산부 및 양육모의 정서적 안정을 위해 전담 상담사가 등록부터 종결까지 1:1 상담 및 다양한 프로그램을 운영 | o 난임시술 비용의 본인부담액에 대한 시술별 지원상한액 지원      -(횟수) 출산당 총25회 (보조생식술 시작일이 '24.11.1.일 이후부터)      -(지원금액) 시술별 1회당 최대 30만원~110만원  o...",,,,https://idea.seoul.go.kr/front/freeSuggest/view.do?sn=183237
PROP-183223,2018-12-02,N,미상,32.0,난임정책 참여합니다,"보건소에서 프로게스트론 주사맞게해주세요
난임바우처 실행해주세요
나이제한 페지해주세요
엄마가 되고싶습니다",임신·난임·생식건강,난임 지원,난임시술·주사·시술비,임신·난임·생식건강,건강임신지원팀,02-2133-9491,가족지원팀 | 저출생사업1팀,1순위:건강임신지원팀 | 2순위:가족지원팀 | 3순위:저출생사업1팀,5,서울형 난임부부 시술비 지원 | 서울권역 난임?우울증 상담센터 운영 | 서울시 한의약 난임치료 지원 | 서울시 난임?임산부심리상담센터 운영 | 난임부부 지원,"난임시술 비용의 본인부담액에 대한 시술별 지원상한액 지원 - 횟수 : 총 25회(누적) - 지원금액: 시술별 1회당 최대 30만원~110만원 | 난임부부, 유산?사산 경험부부, 임산부 및 양육모의 정서적 안정을 위해 전담 상담사가 등록부터 종결까지 1:1 상담 및 다양한 프로그램을 운영 | 원인불명의 난임진단 부부에게  한의약 난임치료 첩약비용(3개월)의 본인부담금 90%(상한 1,200천원) 지원 | 난임부부, 유산?사산 경험부부, 임산부 및 양육모의 정서적 안정을 위해 전담 상담사가 등록부터 종결까지 1:1 상담 및 다양한 프로그램을 운영 | o 난임시술 비용의 본인부담액에 대한 시술별 지원상한액 지원      -(횟수) 출산당 총25회 (보조생식술 시작일이 '24.11.1.일 이후부터)      -(지원금액) 시술별 1회당 최대 30만원~110만원  o...",,,,https://idea.seoul.go.kr/front/freeSuggest/view.do?sn=183223
PROP-183217,2018-12-02,N,미상,40.0,난임시술횟수제한나이제한철페,"초저출산국가에서 제발낳고싶은사람에게라도도움을주세요  첫채만이라도나이제한횟수제한좀풀어주세요
내몸망가져가며주사찌릊고 희망고문당하더라도
엄마가된다면머든할수있습니다
돈땜에포기하기는싫습니다
건보지원횟수제한 나이제한 제발제발없애주세요",임신·난임·생식건강,난임 지원,난임시술·주사·시술비,임신·난임·생식건강,건강임신지원팀,02-2133-9491,가족지원팀 | 저출생사업1팀,1순위:건강임신지원팀 | 2순위:가족지원팀 | 3순위:저출생사업1팀,5,서울형 난임부부 시술비 지원 | 서울권역 난임?우울증 상담센터 운영 | 서울시 한의약 난임치료 지원 | 서울시 난임?임산부심리상담센터 운영 | 난임부부 지원,"난임시술 비용의 본인부담액에 대한 시술별 지원상한액 지원 - 횟수 : 총 25회(누적) - 지원금액: 시술별 1회당 최대 30만원~110만원 | 난임부부, 유산?사산 경험부부, 임산부 및 양육모의 정서적 안정을 위해 전담 상담사가 등록부터 종결까지 1:1 상담 및 다양한 프로그램을 운영 | 원인불명의 난임진단 부부에게  한의약 난임치료 첩약비용(3개월)의 본인부담금 90%(상한 1,200천원) 지원 | 난임부부, 유산?사산 경험부부, 임산부 및 양육모의 정서적 안정을 위해 전담 상담사가 등록부터 종결까지 1:1 상담 및 다양한 프로그램을 운영 | o 난임시술 비용의 본인부담액에 대한 시술별 지원상한액 지원      -(횟수) 출산당 총25회 (보조생식술 시작일이 '24.11.1.일 이후부터)      -(지원금액) 시술별 1회당 최대 30만원~110만원  o...",,,,https://idea.seoul.go.kr/front/freeSuggest/view.do?sn=183217
PROP-183208,2018-12-01,Y,미상,78.0,난임지원부탁드립니다,"시험관도 여러번...  유산도 여러번했습니다.
그러다보니 5년의 시간이 흘렀고 저또한 온몸과 마음이 만신창이입니다.
저와 비슷한분들이 많이 있는걸로압니다.
아직 포기하고싶지않습니다.
근데 시험관횟수, 나이 제한뿐만아니라 비용도 너무 부담됩니다. ㅜㅜ
그래도 저 가능하다면 한번더 도전하고싶습니다.
내 아이 품에 안겨보고싶습니다. 제발..... 부탁드립니다.",임신·난임·생식건강,난임 지원,난임시술·주사·시술비,임신·난임·생식건강,건강임신지원팀,02-2133-9491,가족지원팀 | 저출생사업1팀,1순위:건강임신지원팀 | 2순위:가족지원팀 | 3순위:저출생사업1팀,5,서울형 난임부부 시술비 지원 | 서울권역 난임?우울증 상담센터 운영 | 서울시 한의약 난임치료 지원 | 서울시 난임?임산부심리상담센터 운영 | 난임부부 지원,"난임시술 비용의 본인부담액에 대한 시술별 지원상한액 지원 - 횟수 : 총 25회(누적) - 지원금액: 시술별 1회당 최대 30만원~110만원 | 난임부부, 유산?사산 경험부부, 임산부 및 양육모의 정서적 안정을 위해 전담 상담사가 등록부터 종결까지 1:1 상담 및 다양한 프로그램을 운영 | 원인불명의 난임진단 부부에게  한의약 난임치료 첩약비용(3개월)의 본인부담금 90%(상한 1,200천원) 지원 | 난임부부, 유산?사산 경험부부, 임산부 및 양육모의 정서적 안정을 위해 전담 상담사가 등록부터 종결까지 1:1 상담 및 다양한 프로그램을 운영 | o 난임시술 비용의 본인부담액에 대한 시술별 지원상한액 지원      -(횟수) 출산당 총25회 (보조생식술 시작일이 '24.11.1.일 이후부터)      -(지원금액) 시술별 1회당 최대 30만원~110만원  o...",,,,https://idea.seoul.go.kr/front/freeSuggest/view.do?sn=183208
PROP-183203,2018-12-01,N,미상,65.0,보건소에서도 난임주사맞게해주세요!!!,"난임으로 고생하시는 모든 예비엄마들을위해 꼭필요한정책입니다!!
저는비록 경제적문제로 포기했지만 희망을 일지않는 분들을위해서는 꼭필요한 정책이라생각합니다",임신·난임·생식건강,난임 지원,난임시술·주사·시술비,임신·난임·생식건강,건강임신지원팀,02-2133-9491,저출생사업1팀 | 생활지원팀,1순위:건강임신지원팀 | 2순위:저출생사업1팀 | 3순위:생활지원팀,5,서울형 난임부부 시술비 지원 | 서울권역 난임?우울증 상담센터 운영 | 서울시 한의약 난임치료 지원 | 서울시 난임?임산부심리상담센터 운영 | 난임부부 지원,"난임시술 비용의 본인부담액에 대한 시술별 지원상한액 지원 - 횟수 : 총 25회(누적) - 지원금액: 시술별 1회당 최대 30만원~110만원 | 난임부부, 유산?사산 경험부부, 임산부 및 양육모의 정서적 안정을 위해 전담 상담사가 등록부터 종결까지 1:1 상담 및 다양한 프로그램을 운영 | 원인불명의 난임진단 부부에게  한의약 난임치료 첩약비용(3개월)의 본인부담금 90%(상한 1,200천원) 지원 | 난임부부, 유산?사산 경험부부, 임산부 및 양육모의 정서적 안정을 위해 전담 상담사가 등록부터 종결까지 1:1 상담 및 다양한 프로그램을 운영 | o 난임시술 비용의 본인부담액에 대한 시술별 지원상한액 지원      -(횟수) 출산당 총25회 (보조생식술 시작일이 '24.11.1.일 이후부터)      -(지원금액) 시술별 1회당 최대 30만원~110만원  o...",,,,https://idea.seoul.go.kr/front/freeSuggest/view.do?sn=183203
PROP-183202,2018-12-01,N,미상,61.0,난임주사 보건소에서,"병원마다 주사놔주는비용도
제각각
힘든몸이끌고. 의뢰서까지 들고가도
왜시험관하냐부터 외계인쳐다보듯
정말 비참하고 힘들었어요
시험관하시는분들맘이라도편하게
보건소에서 맞게해주세요",임신·난임·생식건강,난임 지원,난임시술·주사·시술비,임신·난임·생식건강,건강임신지원팀,02-2133-9491,가족지원팀 | 저출생사업1팀,1순위:건강임신지원팀 | 2순위:가족지원팀 | 3순위:저출생사업1팀,5,서울형 난임부부 시술비 지원 | 서울권역 난임?우울증 상담센터 운영 | 서울시 한의약 난임치료 지원 | 서울시 난임?임산부심리상담센터 운영 | 난임부부 지원,"난임시술 비용의 본인부담액에 대한 시술별 지원상한액 지원 - 횟수 : 총 25회(누적) - 지원금액: 시술별 1회당 최대 30만원~110만원 | 난임부부, 유산?사산 경험부부, 임산부 및 양육모의 정서적 안정을 위해 전담 상담사가 등록부터 종결까지 1:1 상담 및 다양한 프로그램을 운영 | 원인불명의 난임진단 부부에게  한의약 난임치료 첩약비용(3개월)의 본인부담금 90%(상한 1,200천원) 지원 | 난임부부, 유산?사산 경험부부, 임산부 및 양육모의 정서적 안정을 위해 전담 상담사가 등록부터 종결까지 1:1 상담 및 다양한 프로그램을 운영 | o 난임시술 비용의 본인부담액에 대한 시술별 지원상한액 지원      -(횟수) 출산당 총25회 (보조생식술 시작일이 '24.11.1.일 이후부터)      -(지원금액) 시술별 1회당 최대 30만원~110만원  o...",,,,https://idea.seoul.go.kr/front/freeSuggest/view.do?sn=183202
PROP-183197,2018-11-30,N,미상,36.0,난임부부주사,난임부부주사 보건소에서 맞게해주십시오,임신·난임·생식건강,난임 지원,난임시술·주사·시술비,임신·난임·생식건강,건강임신지원팀,02-2133-9491,가족지원팀 | 저출생사업1팀,1순위:건강임신지원팀 | 2순위:가족지원팀 | 3순위:저출생사업1팀,5,서울형 난임부부 시술비 지원 | 서울권역 난임?우울증 상담센터 운영 | 서울시 한의약 난임치료 지원 | 서울시 난임?임산부심리상담센터 운영 | 난임부부 지원,"난임시술 비용의 본인부담액에 대한 시술별 지원상한액 지원 - 횟수 : 총 25회(누적) - 지원금액: 시술별 1회당 최대 30만원~110만원 | 난임부부, 유산?사산 경험부부, 임산부 및 양육모의 정서적 안정을 위해 전담 상담사가 등록부터 종결까지 1:1 상담 및 다양한 프로그램을 운영 | 원인불명의 난임진단 부부에게  한의약 난임치료 첩약비용(3개월)의 본인부담금 90%(상한 1,200천원) 지원 | 난임부부, 유산?사산 경험부부, 임산부 및 양육모의 정서적 안정을 위해 전담 상담사가 등록부터 종결까지 1:1 상담 및 다양한 프로그램을 운영 | o 난임시술 비용의 본인부담액에 대한 시술별 지원상한액 지원      -(횟수) 출산당 총25회 (보조생식술 시작일이 '24.11.1.일 이후부터)      -(지원금액) 시술별 1회당 최대 30만원~110만원  o...",,,,https://idea.seoul.go.kr/front/freeSuggest/view.do?sn=183197
PROP-183196,2018-11-30,N,미상,39.0,보건소에서 난임주사를 맞게해주세요,"난임병원에서 처방해준 난임관련 외부주사들은
일반주사라서 가격들이 비쌉니다
동내가까운 혹은 직장에 가까운 보건소를
이용해서 난임관련주사 (외부주사)를
맞게된다면 편리하고 금액도 절감되여
좋을뜻합니다.
짧게는 2주 길게는 몃달까지도 유지해야하는
주사를 보건소에서 관리와 주사를 놔준다면
조금이나마 난임부부들의 임신과출산에
서울시에서 도움이될뜻합니다.
저출산해결은 난임부부로 부터 해결되어야 합니다",임신·난임·생식건강,난임 지원,난임시술·주사·시술비,임신·난임·생식건강,건강임신지원팀,02-2133-9491,저출생사업1팀 | 생활지원팀,1순위:건강임신지원팀 | 2순위:저출생사업1팀 | 3순위:생활지원팀,5,서울형 육아휴직장려금 | 서울형 육아휴직장려금(사업종료) | 육아휴직장려금 | 1인 자영업자 등 배우자 출산휴가급여 지원 | 1인 자영업자?프리랜서 배우자 출산휴가 지원금,"○ 자녀 1인당 최대 120만원 지원 - 육아휴직기간 연속 6개월 시 60만원, 연속 12개월 경과 시 60만원 추가지급 ※ 부?모 모두 육아휴직 시 각각 지급 (자녀 1인에 대해 가구당 최대 240만원 지급) | ○ 자녀 1인당 최대 120만원 지원 - 육아휴직기간 연속 6개월 시 60만원, 연속 12개월 경과 시 60만원 추가지급 ※ 부?모 모두 육아휴직 시 각각 지급 (자녀 1인에 대해 가구당 최대 240만원 지급) | ○ 1인 최대 120만원 지원 - 육아휴직기간 연속 6개월 시 60만원, 연속 12개월 경과 시 60만원 추가지급 ※ 부?모 동시 육아휴직 시 각각 지급 (자녀 1인에 대해 가구당 최대 240만원 지급) | 1인 자영업자 등에 배우자(남편) 출산휴가급여 최대 120만원(15일분) 지원 (2026.1.1. 기준 출생아부터 적용) - 2025년 출생아는 최대 80만원(10일분) 지원 ㅇ 지원대상에 대한 자격요건 완화(202... | 1인 자영업자 등에 배우자 출산휴가급여 80만원 지원",,,,https://idea.seoul.go.kr/front/freeSuggest/view.do?sn=183196
PROP-183193,2018-11-30,N,미상,52.0,난임에 대한  지원이 부족합니다.,난임 시술 2년 하니 난임지원이 전부 끝났어요 ..  ㅠ  임신 잘 안되는 몸으로 태어났는데 이것도 질병 아닌가요..  첫아이만이라도 지원받을 수 있도록  도와주세요,임신·난임·생식건강,난임 지원,난임시술·주사·시술비,임신·난임·생식건강,건강임신지원팀,02-2133-9491,저출생사업1팀,1순위:건강임신지원팀 | 2순위:저출생사업1팀,5,서울형 난임부부 시술비 지원 | 서울권역 난임?우울증 상담센터 운영 | 서울시 한의약 난임치료 지원 | 서울시 난임?임산부심리상담센터 운영 | 난임부부 지원,"난임시술 비용의 본인부담액에 대한 시술별 지원상한액 지원 - 횟수 : 총 25회(누적) - 지원금액: 시술별 1회당 최대 30만원~110만원 | 난임부부, 유산?사산 경험부부, 임산부 및 양육모의 정서적 안정을 위해 전담 상담사가 등록부터 종결까지 1:1 상담 및 다양한 프로그램을 운영 | 원인불명의 난임진단 부부에게  한의약 난임치료 첩약비용(3개월)의 본인부담금 90%(상한 1,200천원) 지원 | 난임부부, 유산?사산 경험부부, 임산부 및 양육모의 정서적 안정을 위해 전담 상담사가 등록부터 종결까지 1:1 상담 및 다양한 프로그램을 운영 | o 난임시술 비용의 본인부담액에 대한 시술별 지원상한액 지원      -(횟수) 출산당 총25회 (보조생식술 시작일이 '24.11.1.일 이후부터)      -(지원금액) 시술별 1회당 최대 30만원~110만원  o...",,,,https://idea.seoul.go.kr/front/freeSuggest/view.do?sn=183193
PROP-183190,2018-11-30,N,미상,39.0,보건소에서 난임주사 허용해주세요,보건소에서 난임관련주사 맞게 해주세요,임신·난임·생식건강,난임 지원,난임시술·주사·시술비,임신·난임·생식건강,건강임신지원팀,02-2133-9491,저출생사업1팀 | 생활지원팀,1순위:건강임신지원팀 | 2순위:저출생사업1팀 | 3순위:생활지원팀,5,서울형 난임부부 시술비 지원 | 서울권역 난임?우울증 상담센터 운영 | 서울시 한의약 난임치료 지원 | 서울시 난임?임산부심리상담센터 운영 | 난임부부 지원,"난임시술 비용의 본인부담액에 대한 시술별 지원상한액 지원 - 횟수 : 총 25회(누적) - 지원금액: 시술별 1회당 최대 30만원~110만원 | 난임부부, 유산?사산 경험부부, 임산부 및 양육모의 정서적 안정을 위해 전담 상담사가 등록부터 종결까지 1:1 상담 및 다양한 프로그램을 운영 | 원인불명의 난임진단 부부에게  한의약 난임치료 첩약비용(3개월)의 본인부담금 90%(상한 1,200천원) 지원 | 난임부부, 유산?사산 경험부부, 임산부 및 양육모의 정서적 안정을 위해 전담 상담사가 등록부터 종결까지 1:1 상담 및 다양한 프로그램을 운영 | o 난임시술 비용의 본인부담액에 대한 시술별 지원상한액 지원      -(횟수) 출산당 총25회 (보조생식술 시작일이 '24.11.1.일 이후부터)      -(지원금액) 시술별 1회당 최대 30만원~110만원  o...",,,,https://idea.seoul.go.kr/front/freeSuggest/view.do?sn=183190
PROP-183187,2018-11-30,N,미상,44.0,난임지원. 현실적인 대안이 필요합니다..,"정부의 난임 지원대책. 수정 보안이 필요합니다.
현재 건보로 신선4회. 냉동 3회로 지원 제한이 되어있습니다.
국가에서 저츌선 저술산의 심각성을 많이 염려하는데
아이를 낳고싶어하는 대한민국 여성들이 많이있습니다.
여성의 몸은 생명을 잉태하는 귀하고 숭고한 몸입니다.
아이를 만나는데 어려움이 있는 예비엄마들에게
지원의 폭을 넓히면 더더욱 아기의 잉태를 적극적으로 노력해보는 사람들이 증가합니다.
초혼의 나이도 남녀가 올라갔고 점점 더 출산률은 저조할것입니다.
난임지원 대책을 폭넓게  반드시 해주십시오!!!
또한 단순히 내년 출산하면 250만원 지원. 이라는 표면적 대책으로는 우리나라 출산율이 절대 올라가지않습니다.
아이가 살수있는 나라. 아이를 낳고도 살기좋은 나라의 현실에 맞는 대안이 필요합니다...",임신·난임·생식건강,난임 지원,난임시술·주사·시술비,임신·난임·생식건강,건강임신지원팀,02-2133-9491,저출생사업1팀 | 생활지원팀,1순위:건강임신지원팀 | 2순위:저출생사업1팀 | 3순위:생활지원팀,5,서울형 난임부부 시술비 지원 | 서울권역 난임?우울증 상담센터 운영 | 서울시 한의약 난임치료 지원 | 서울시 난임?임산부심리상담센터 운영 | 난임부부 지원,"난임시술 비용의 본인부담액에 대한 시술별 지원상한액 지원 - 횟수 : 총 25회(누적) - 지원금액: 시술별 1회당 최대 30만원~110만원 | 난임부부, 유산?사산 경험부부, 임산부 및 양육모의 정서적 안정을 위해 전담 상담사가 등록부터 종결까지 1:1 상담 및 다양한 프로그램을 운영 | 원인불명의 난임진단 부부에게  한의약 난임치료 첩약비용(3개월)의 본인부담금 90%(상한 1,200천원) 지원 | 난임부부, 유산?사산 경험부부, 임산부 및 양육모의 정서적 안정을 위해 전담 상담사가 등록부터 종결까지 1:1 상담 및 다양한 프로그램을 운영 | o 난임시술 비용의 본인부담액에 대한 시술별 지원상한액 지원      -(횟수) 출산당 총25회 (보조생식술 시작일이 '24.11.1.일 이후부터)      -(지원금액) 시술별 1회당 최대 30만원~110만원  o...",,,,https://idea.seoul.go.kr/front/freeSuggest/view.do?sn=183187
PROP-183186,2018-11-30,N,미상,38.0,난임주사 보건소에서 맞게해주세요,난임주사 보건소에서 맞게해주세요,임신·난임·생식건강,난임 지원,난임시술·주사·시술비,임신·난임·생식건강,건강임신지원팀,02-2133-9491,저출생사업1팀 | 생활지원팀,1순위:건강임신지원팀 | 2순위:저출생사업1팀 | 3순위:생활지원팀,5,서울형 난임부부 시술비 지원 | 서울권역 난임?우울증 상담센터 운영 | 서울시 한의약 난임치료 지원 | 서울시 난임?임산부심리상담센터 운영 | 난임부부 지원,"난임시술 비용의 본인부담액에 대한 시술별 지원상한액 지원 - 횟수 : 총 25회(누적) - 지원금액: 시술별 1회당 최대 30만원~110만원 | 난임부부, 유산?사산 경험부부, 임산부 및 양육모의 정서적 안정을 위해 전담 상담사가 등록부터 종결까지 1:1 상담 및 다양한 프로그램을 운영 | 원인불명의 난임진단 부부에게  한의약 난임치료 첩약비용(3개월)의 본인부담금 90%(상한 1,200천원) 지원 | 난임부부, 유산?사산 경험부부, 임산부 및 양육모의 정서적 안정을 위해 전담 상담사가 등록부터 종결까지 1:1 상담 및 다양한 프로그램을 운영 | o 난임시술 비용의 본인부담액에 대한 시술별 지원상한액 지원      -(횟수) 출산당 총25회 (보조생식술 시작일이 '24.11.1.일 이후부터)      -(지원금액) 시술별 1회당 최대 30만원~110만원  o...",,,,https://idea.seoul.go.kr/front/freeSuggest/view.do?sn=183186
PROP-183174,2018-11-30,N,미상,132.0,난임환자를위해 힘써주세요,"난임병원을 처음 가던날 눈물을 흘리며 병원에 도착했을때깜짝 놀랬습니다
생각보다 저같은 사람이 너무 많아서요
몇군데 다른병원으로 옮겼지만 항상 사람이 많아서 예약하고 가도 두시간은 기다려야했습니다
이렇게 아이를 간절히 원하는 부부들이 많습니다
부부가 같이 눈물 흘리며 기대하며 희망하며
화이팅하며 힘겨운 시간을 보내고 있습니다
심적으로 힘들지만 경제적으로도 너무 비용이 비싸서 힘들어 합니다 쉬어야 하지만 병원비때문에 쉬지 못하고 일하는 여성들도 많습니다
부디 저희의 사정을 알아주시고 난임 정부지원 횟수제한을 풀어 주시길 바랍니다 그리고 더큰 지원부탁드립다. 희망을 않고 새생명을 기다리는 부부에게
마지막엔 웃을수 있게 도와주세요 ㅠㅠ
저출산국가라 아이 낳으라고 하지만 마시고
진정 아이를 원하는 부부들을 위해
힘써 주시길 간절히 바랍니다 . 부탁드립니다 .",임신·난임·생식건강,난임 지원,난임시술·주사·시술비,임신·난임·생식건강,건강임신지원팀,02-2133-9491,가족지원팀 | 저출생사업1팀,1순위:건강임신지원팀 | 2순위:가족지원팀 | 3순위:저출생사업1팀,5,서울형 난임부부 시술비 지원 | 서울권역 난임?우울증 상담센터 운영 | 서울시 한의약 난임치료 지원 | 서울시 난임?임산부심리상담센터 운영 | 난임부부 지원,"난임시술 비용의 본인부담액에 대한 시술별 지원상한액 지원 - 횟수 : 총 25회(누적) - 지원금액: 시술별 1회당 최대 30만원~110만원 | 난임부부, 유산?사산 경험부부, 임산부 및 양육모의 정서적 안정을 위해 전담 상담사가 등록부터 종결까지 1:1 상담 및 다양한 프로그램을 운영 | 원인불명의 난임진단 부부에게  한의약 난임치료 첩약비용(3개월)의 본인부담금 90%(상한 1,200천원) 지원 | 난임부부, 유산?사산 경험부부, 임산부 및 양육모의 정서적 안정을 위해 전담 상담사가 등록부터 종결까지 1:1 상담 및 다양한 프로그램을 운영 | o 난임시술 비용의 본인부담액에 대한 시술별 지원상한액 지원      -(횟수) 출산당 총25회 (보조생식술 시작일이 '24.11.1.일 이후부터)      -(지원금액) 시술별 1회당 최대 30만원~110만원  o...",,,,https://idea.seoul.go.kr/front/freeSuggest/view.do?sn=183174
PROP-183171,2018-11-30,N,미상,192.0,난임정책(첫아이 만큼 바우처 실행해주세요),"제발 첫아이 만큼은 횟수제한 나이제한 풀어주세요
아이가 너무 갖구 싶어서 시험관으로  고통받는 사람들이 너무
많습니다 제발 시험관 첫아이 만큼은 바우처 도입 희망합니다",임신·난임·생식건강,난임 지원,난임시술·주사·시술비,임신·난임·생식건강,건강임신지원팀,02-2133-9491,저출생사업1팀 | 생활지원팀,1순위:건강임신지원팀 | 2순위:저출생사업1팀 | 3순위:생활지원팀,5,서울형 난임부부 시술비 지원 | 서울권역 난임?우울증 상담센터 운영 | 서울시 한의약 난임치료 지원 | 서울시 난임?임산부심리상담센터 운영 | 난임부부 지원,"난임시술 비용의 본인부담액에 대한 시술별 지원상한액 지원 - 횟수 : 총 25회(누적) - 지원금액: 시술별 1회당 최대 30만원~110만원 | 난임부부, 유산?사산 경험부부, 임산부 및 양육모의 정서적 안정을 위해 전담 상담사가 등록부터 종결까지 1:1 상담 및 다양한 프로그램을 운영 | 원인불명의 난임진단 부부에게  한의약 난임치료 첩약비용(3개월)의 본인부담금 90%(상한 1,200천원) 지원 | 난임부부, 유산?사산 경험부부, 임산부 및 양육모의 정서적 안정을 위해 전담 상담사가 등록부터 종결까지 1:1 상담 및 다양한 프로그램을 운영 | o 난임시술 비용의 본인부담액에 대한 시술별 지원상한액 지원      -(횟수) 출산당 총25회 (보조생식술 시작일이 '24.11.1.일 이후부터)      -(지원금액) 시술별 1회당 최대 30만원~110만원  o...",,,,https://idea.seoul.go.kr/front/freeSuggest/view.do?sn=183171
PROP-183170,2018-11-30,N,미상,101.0,난임부부 바우처,"저는 이미 한 아이의 엄마입니다.
요즘 저출산으로 내년 10월부터는 출산장려금을 250만원 지급하겠다라는 뉴스가 연이어 나옵니다.
막연한 출산율 증가보다, 실질적인 정책을 펼쳐주셨으면 합니다.
난임부부로 병원을 오가는 예비엄마분들은. 돈도, 몸도, 시간까지도 모든걸 바치며 다니시는 분들입니다.
이보다 준비된 엄마와 출산률이 어디있겠습니까.
현실적인  정책이 될수있게 해주세요",임신·난임·생식건강,난임 지원,난임시술·주사·시술비,임신·난임·생식건강,건강임신지원팀,02-2133-9491,가족지원팀 | 저출생사업1팀,1순위:건강임신지원팀 | 2순위:가족지원팀 | 3순위:저출생사업1팀,5,서울형 난임부부 시술비 지원 | 서울권역 난임?우울증 상담센터 운영 | 서울시 한의약 난임치료 지원 | 서울시 난임?임산부심리상담센터 운영 | 난임부부 지원,"난임시술 비용의 본인부담액에 대한 시술별 지원상한액 지원 - 횟수 : 총 25회(누적) - 지원금액: 시술별 1회당 최대 30만원~110만원 | 난임부부, 유산?사산 경험부부, 임산부 및 양육모의 정서적 안정을 위해 전담 상담사가 등록부터 종결까지 1:1 상담 및 다양한 프로그램을 운영 | 원인불명의 난임진단 부부에게  한의약 난임치료 첩약비용(3개월)의 본인부담금 90%(상한 1,200천원) 지원 | 난임부부, 유산?사산 경험부부, 임산부 및 양육모의 정서적 안정을 위해 전담 상담사가 등록부터 종결까지 1:1 상담 및 다양한 프로그램을 운영 | o 난임시술 비용의 본인부담액에 대한 시술별 지원상한액 지원      -(횟수) 출산당 총25회 (보조생식술 시작일이 '24.11.1.일 이후부터)      -(지원금액) 시술별 1회당 최대 30만원~110만원  o...",,,,https://idea.seoul.go.kr/front/freeSuggest/view.do?sn=183170
PROP-183167,2018-11-29,N,미상,83.0,난임정책관련,"난임정책좀바꿔주세요
겉으로들어나지않아서그렇치난임환자정말많습니다
횟수제한나이제한좀제발풀어주세요
초저출산국가에서낳게다는사람에게
아낌없는지원부탁드려요
저도늦지만엄마가되고싶어요",임신·난임·생식건강,난임 지원,난임시술·주사·시술비,임신·난임·생식건강,건강임신지원팀,02-2133-9491,가족지원팀 | 저출생사업1팀,1순위:건강임신지원팀 | 2순위:가족지원팀 | 3순위:저출생사업1팀,5,서울형 난임부부 시술비 지원 | 서울권역 난임?우울증 상담센터 운영 | 서울시 한의약 난임치료 지원 | 서울시 난임?임산부심리상담센터 운영 | 난임부부 지원,"난임시술 비용의 본인부담액에 대한 시술별 지원상한액 지원 - 횟수 : 총 25회(누적) - 지원금액: 시술별 1회당 최대 30만원~110만원 | 난임부부, 유산?사산 경험부부, 임산부 및 양육모의 정서적 안정을 위해 전담 상담사가 등록부터 종결까지 1:1 상담 및 다양한 프로그램을 운영 | 원인불명의 난임진단 부부에게  한의약 난임치료 첩약비용(3개월)의 본인부담금 90%(상한 1,200천원) 지원 | 난임부부, 유산?사산 경험부부, 임산부 및 양육모의 정서적 안정을 위해 전담 상담사가 등록부터 종결까지 1:1 상담 및 다양한 프로그램을 운영 | o 난임시술 비용의 본인부담액에 대한 시술별 지원상한액 지원      -(횟수) 출산당 총25회 (보조생식술 시작일이 '24.11.1.일 이후부터)      -(지원금액) 시술별 1회당 최대 30만원~110만원  o...",,,,https://idea.seoul.go.kr/front/freeSuggest/view.do?sn=183167
PROP-183163,2018-11-29,N,미상,77.0,난임지원정책,"난임부부입니다
비용이 너무 많이들어요 ㅠㅠㅠㅠㅠㅠ
아기를 포기해야하나 ...
그럴수도 없고 ㅠㅠ
나라의 지원이 필요합니다 ㅠㅠ",임신·난임·생식건강,난임 지원,난임시술·주사·시술비,임신·난임·생식건강,건강임신지원팀,02-2133-9491,가족지원팀 | 저출생사업1팀,1순위:건강임신지원팀 | 2순위:가족지원팀 | 3순위:저출생사업1팀,5,서울형 난임부부 시술비 지원 | 서울권역 난임?우울증 상담센터 운영 | 서울시 한의약 난임치료 지원 | 서울시 난임?임산부심리상담센터 운영 | 난임부부 지원,"난임시술 비용의 본인부담액에 대한 시술별 지원상한액 지원 - 횟수 : 총 25회(누적) - 지원금액: 시술별 1회당 최대 30만원~110만원 | 난임부부, 유산?사산 경험부부, 임산부 및 양육모의 정서적 안정을 위해 전담 상담사가 등록부터 종결까지 1:1 상담 및 다양한 프로그램을 운영 | 원인불명의 난임진단 부부에게  한의약 난임치료 첩약비용(3개월)의 본인부담금 90%(상한 1,200천원) 지원 | 난임부부, 유산?사산 경험부부, 임산부 및 양육모의 정서적 안정을 위해 전담 상담사가 등록부터 종결까지 1:1 상담 및 다양한 프로그램을 운영 | o 난임시술 비용의 본인부담액에 대한 시술별 지원상한액 지원      -(횟수) 출산당 총25회 (보조생식술 시작일이 '24.11.1.일 이후부터)      -(지원금액) 시술별 1회당 최대 30만원~110만원  o...",,,,https://idea.seoul.go.kr/front/freeSuggest/view.do?sn=183163
PROP-183162,2018-11-29,N,미상,71.0,난임 주사 보건소,"동의하고 참여합니다.
난임 시술 받는것도 힘든데 조금이나마 도움이 될수 있는 보건소 주사 통과해주세요.",임신·난임·생식건강,난임 지원,난임시술·주사·시술비,임신·난임·생식건강,건강임신지원팀,02-2133-9491,가족지원팀,1순위:건강임신지원팀 | 2순위:가족지원팀,5,서울형 난임부부 시술비 지원 | 서울권역 난임?우울증 상담센터 운영 | 서울시 한의약 난임치료 지원 | 서울시 난임?임산부심리상담센터 운영 | 난임부부 지원,"난임시술 비용의 본인부담액에 대한 시술별 지원상한액 지원 - 횟수 : 총 25회(누적) - 지원금액: 시술별 1회당 최대 30만원~110만원 | 난임부부, 유산?사산 경험부부, 임산부 및 양육모의 정서적 안정을 위해 전담 상담사가 등록부터 종결까지 1:1 상담 및 다양한 프로그램을 운영 | 원인불명의 난임진단 부부에게  한의약 난임치료 첩약비용(3개월)의 본인부담금 90%(상한 1,200천원) 지원 | 난임부부, 유산?사산 경험부부, 임산부 및 양육모의 정서적 안정을 위해 전담 상담사가 등록부터 종결까지 1:1 상담 및 다양한 프로그램을 운영 | o 난임시술 비용의 본인부담액에 대한 시술별 지원상한액 지원      -(횟수) 출산당 총25회 (보조생식술 시작일이 '24.11.1.일 이후부터)      -(지원금액) 시술별 1회당 최대 30만원~110만원  o...",,,,https://idea.seoul.go.kr/front/freeSuggest/view.do?sn=183162
PROP-183154,2018-11-29,N,미상,14.0,대중교통 임산부 배려석을 위한 제안,"안녕하세요.
저는 서울 시민으로, 임신 7개월차 평범한 여성입니다. 평소 지하철이나 버스를 자주 이용하는데요~ 임신을 하고 나니 아무렇지 않게 이용했던 제 일상이 점점 힘들어졌습니다.
정부 측에서 배려한 임산부배려석은 핑크로 도배해놓았지만 무용지물이었습니다. 아무래도 끝에 위치한 자리라 그러한지 다른 자리가 비어 있더라도 먼저 앉으시는 분들이 참 많아요^^
그래서 제가 제안하고자 하는 것은 핑크색 이나 안내 방송, 인형 놓기 등 도 좋지만 ..시행되기까지 시간이 걸리더라도 임산부배려석 자리에 센서를 다는 것은 어떠할까 하는 것입니다.
아이들 장난감에서도 흔히 자리에 앉으면 엉덩이 좌석에 센서가 있어 노래나 말이 나오는 걸 흔히 볼수 있는데요~ 임산부석에 앉으면 “임신을 축하드립니다.  응애~” 라는 멘트를 나올수 있게 한다면 단 3초의 소음이 발생하더라도 많은 분들이 그 자리에 무분별하게 앉지 않을까 하는 생각입니다.",임신·난임·생식건강,임산부 건강·배려,임산부 건강관리·배려,임신·난임·생식건강,건강임신지원팀,02-2133-9492,가족건강팀 | 저출생사업1팀,1순위:건강임신지원팀 | 2순위:가족건강팀 | 3순위:저출생사업1팀,1,임산부 배려공간 조성,ㅇ 교통 약자인 임산부의 엘리베이터 안전사고 예방 및 배려문화 확산을 위해 엘리베이터 내?외부에 임산부 배려공간 조성(엠블럼 부착)   - 임산부를 위해 해당 공간을 비워두고 양보하는 사회 분위기 확산 유도 ㅇ 임산...,,,,https://idea.seoul.go.kr/front/freeSuggest/view.do?sn=183154
PROP-183153,2018-11-29,N,미상,120.0,난임개선문제요청,"저출산, 난임개선 문제...
첫아이만이라도 편히 낳을수 있게 도와주십시요.
비급여 항목 !! 개선요청!!",임신·난임·생식건강,난임 지원,난임시술·주사·시술비,임신·난임·생식건강,건강임신지원팀,02-2133-9491,가족지원팀 | 저출생사업1팀,1순위:건강임신지원팀 | 2순위:가족지원팀 | 3순위:저출생사업1팀,5,서울형 난임부부 시술비 지원 | 서울권역 난임?우울증 상담센터 운영 | 서울시 한의약 난임치료 지원 | 서울시 난임?임산부심리상담센터 운영 | 난임부부 지원,"난임시술 비용의 본인부담액에 대한 시술별 지원상한액 지원 - 횟수 : 총 25회(누적) - 지원금액: 시술별 1회당 최대 30만원~110만원 | 난임부부, 유산?사산 경험부부, 임산부 및 양육모의 정서적 안정을 위해 전담 상담사가 등록부터 종결까지 1:1 상담 및 다양한 프로그램을 운영 | 원인불명의 난임진단 부부에게  한의약 난임치료 첩약비용(3개월)의 본인부담금 90%(상한 1,200천원) 지원 | 난임부부, 유산?사산 경험부부, 임산부 및 양육모의 정서적 안정을 위해 전담 상담사가 등록부터 종결까지 1:1 상담 및 다양한 프로그램을 운영 | o 난임시술 비용의 본인부담액에 대한 시술별 지원상한액 지원      -(횟수) 출산당 총25회 (보조생식술 시작일이 '24.11.1.일 이후부터)      -(지원금액) 시술별 1회당 최대 30만원~110만원  o...",,,,https://idea.seoul.go.kr/front/freeSuggest/view.do?sn=183153
PROP-183140,2018-11-28,N,미상,212.0,난임지원 횟수 철폐해 주세요~,인구가 절벽인데..아이 낳겠다는 사람들 시술횟수제한좀 풀어주세요..이나라에서 아이낳고 싶습니다..제발 이렇게 애안낳으려는 사회에 아이낳코자 자기배에 주사찔러가며 노력하는예비엄마들 외면치말아주세요,임신·난임·생식건강,난임 지원,난임시술·주사·시술비,임신·난임·생식건강,건강임신지원팀,02-2133-9491,저출생사업1팀 | 생활지원팀,1순위:건강임신지원팀 | 2순위:저출생사업1팀 | 3순위:생활지원팀,5,서울형 난임부부 시술비 지원 | 서울권역 난임?우울증 상담센터 운영 | 서울시 한의약 난임치료 지원 | 서울시 난임?임산부심리상담센터 운영 | 난임부부 지원,"난임시술 비용의 본인부담액에 대한 시술별 지원상한액 지원 - 횟수 : 총 25회(누적) - 지원금액: 시술별 1회당 최대 30만원~110만원 | 난임부부, 유산?사산 경험부부, 임산부 및 양육모의 정서적 안정을 위해 전담 상담사가 등록부터 종결까지 1:1 상담 및 다양한 프로그램을 운영 | 원인불명의 난임진단 부부에게  한의약 난임치료 첩약비용(3개월)의 본인부담금 90%(상한 1,200천원) 지원 | 난임부부, 유산?사산 경험부부, 임산부 및 양육모의 정서적 안정을 위해 전담 상담사가 등록부터 종결까지 1:1 상담 및 다양한 프로그램을 운영 | o 난임시술 비용의 본인부담액에 대한 시술별 지원상한액 지원      -(횟수) 출산당 총25회 (보조생식술 시작일이 '24.11.1.일 이후부터)      -(지원금액) 시술별 1회당 최대 30만원~110만원  o...",,,,https://idea.seoul.go.kr/front/freeSuggest/view.do?sn=183140
PROP-183131,2018-11-27,Y,미상,614.0,난임여성의 허가외 처방을 담당주치의재량으로할 수 있도록 법률을 개정해주세요.,"현재 건강보험 적용이후로 많은 제약이 따르고 있습니다.
기존에는 담당주치의의 재량에 따라 처방이 가능했었지만, 유산을 사전 방지할 수 있음에도 과거 유산경력 3회(계류유산) 처방제한 때문에 아이를 지키수 없게 되었습니다.
제안하기
난임여성의 허가외 처방을 담당주치의재량으로할 수 있도록 법률을 개정해주세요.
내가 원하고 하고싶어도 내 몸에 맞지 않는다면 의사도 권하지를 않습니다. 제약을 하지 않았으면 좋겠어요
0.001%라도  임신의 도움이 된다면 자비가 들더라도 처방받고 싶어요.
난임부부들을 위한 정책을 하신다면 현실에 맞는 정책을 만들어 주세요.",임신·난임·생식건강,난임 지원,난임시술·주사·시술비,임신·난임·생식건강,건강임신지원팀,02-2133-9491,저출생사업1팀 | 생활지원팀,1순위:건강임신지원팀 | 2순위:저출생사업1팀 | 3순위:생활지원팀,5,서울형 난임부부 시술비 지원 | 서울권역 난임?우울증 상담센터 운영 | 서울시 한의약 난임치료 지원 | 서울시 난임?임산부심리상담센터 운영 | 난임부부 지원,"난임시술 비용의 본인부담액에 대한 시술별 지원상한액 지원 - 횟수 : 총 25회(누적) - 지원금액: 시술별 1회당 최대 30만원~110만원 | 난임부부, 유산?사산 경험부부, 임산부 및 양육모의 정서적 안정을 위해 전담 상담사가 등록부터 종결까지 1:1 상담 및 다양한 프로그램을 운영 | 원인불명의 난임진단 부부에게  한의약 난임치료 첩약비용(3개월)의 본인부담금 90%(상한 1,200천원) 지원 | 난임부부, 유산?사산 경험부부, 임산부 및 양육모의 정서적 안정을 위해 전담 상담사가 등록부터 종결까지 1:1 상담 및 다양한 프로그램을 운영 | o 난임시술 비용의 본인부담액에 대한 시술별 지원상한액 지원      -(횟수) 출산당 총25회 (보조생식술 시작일이 '24.11.1.일 이후부터)      -(지원금액) 시술별 1회당 최대 30만원~110만원  o...",,,,https://idea.seoul.go.kr/front/freeSuggest/view.do?sn=183131
PROP-183130,2018-11-27,Y,미상,757.0,난임지원 나이제한 철폐해주세요,"우리나라는 초저출산국가입니다..
그럼에도 불구하고 우리나라는 실질적인 도움이 되지 못하는것들이 많아서 안타까운
현실입니다..
건강보험 의무가입에도 불구하고 만 44세이하 적용이라는 나이제한이 있어 임신을 간절히 원함에도 불구하고 획일적인 나이기준으로만 제한을 두어 아예 혜택을 누릴 수 없습니다..
이스라엘은 45세 이하 여성에게 혼인여부와 관계없이 자녀2명까지 횟수 제한없이 지원한다고 합니다..
이와같이 OECD 출산율 1위인
이스라엘의 저출산 해결법을 모델삼아 첫 아이만큼은 나이제한을 철폐한다면 지금의 출생률보다 훨씬 더 높은 수치를 기대할 수 있지 않을까요?
나이제한 철폐는 가장 효과적인 저출산 해결방법입니다..",임신·난임·생식건강,난임 지원,난임시술·주사·시술비,임신·난임·생식건강,건강임신지원팀,02-2133-9491,저출생사업1팀 | 생활지원팀,1순위:건강임신지원팀 | 2순위:저출생사업1팀 | 3순위:생활지원팀,5,서울형 난임부부 시술비 지원 | 서울권역 난임?우울증 상담센터 운영 | 서울시 한의약 난임치료 지원 | 서울시 난임?임산부심리상담센터 운영 | 난임부부 지원,"난임시술 비용의 본인부담액에 대한 시술별 지원상한액 지원 - 횟수 : 총 25회(누적) - 지원금액: 시술별 1회당 최대 30만원~110만원 | 난임부부, 유산?사산 경험부부, 임산부 및 양육모의 정서적 안정을 위해 전담 상담사가 등록부터 종결까지 1:1 상담 및 다양한 프로그램을 운영 | 원인불명의 난임진단 부부에게  한의약 난임치료 첩약비용(3개월)의 본인부담금 90%(상한 1,200천원) 지원 | 난임부부, 유산?사산 경험부부, 임산부 및 양육모의 정서적 안정을 위해 전담 상담사가 등록부터 종결까지 1:1 상담 및 다양한 프로그램을 운영 | o 난임시술 비용의 본인부담액에 대한 시술별 지원상한액 지원      -(횟수) 출산당 총25회 (보조생식술 시작일이 '24.11.1.일 이후부터)      -(지원금액) 시술별 1회당 최대 30만원~110만원  o...",,,,https://idea.seoul.go.kr/front/freeSuggest/view.do?sn=183130
PROP-183129,2018-11-27,Y,미상,294.0,보건소에서 예비맘을 위한 예비맘 키트를 제공해주셨으면 좋겠어요,"현재 보건소에서 임산부를 위해서 임신반응검사부터 임신기초 검사를 받을 수 있고 임신확인 후 임산부를 위한 엽산이나 철분제(일정 주수 후)를 선물로 받을 수 있습니다.
엽산은 임신을 준비하고 있는 분들은 챙겨 먹어야하는 영양제입니다. 임신 후에 엽산을 제공받는 것도 좋지만 임신을 준비하는 사람들을 위해서 미리 제공해주는 것은 어떨까요?
예비맘키트라고 해서 배란테스트기와 임신테스트기 그리고 엽산이나 엽산이 들어간 종합영양제를 함께 준다면 좋을 것 같습니다. 추가적으로 임신과 출산에 관련된 국가정책(?)과 책자와 병원리스트(산부인과 및 난임병원)를 넣어서 준다면 임신을 준비하시는 분들에게 도움이 되리라 생각됩니다.",정보·상담·교육·거버넌스,정보 접근성,일반 출산정책 안건,정보·상담·교육·거버넌스,저출생사업1팀,02-2133-5027,가족건강팀 | 생활지원팀,1순위:저출생사업1팀 | 2순위:가족건강팀 | 3순위:생활지원팀,0,,,,,"TAG_REVIEW:현재 태그=정보·상담·교육·거버넌스, 태그 핵심어 약함 || TAG_REVIEW:현재 태그=정보·상담·교육·거버넌스, 태그 핵심어 약함",https://idea.seoul.go.kr/front/freeSuggest/view.do?sn=183129
PROP-183127,2018-11-27,Y,미상,342.0,"보건소에서 난임과 임신,출산 업무 공간을 분리해주세요","보건소에 난임관련  업무를 보러가면 임신부와 출산한 분들과 한공간에서 상담을 받는 일이 자주 있습니다.
난임으로 보건소 방문하기도 꺼려지는데 한 공간에 임신부들과 함께 제 난임 얘기를 하기가 꺼려지고 심리적으로 위축됩니다.
임신부들의 배를 보면 눈물 나기까지 합니다.
난임은 모자보건법상에 임신 출산 아동복지와 묶여있어서 같은부서에서 업무를 보는건 알겠지만 난임 만이라도 공간을 따로 분리하여 업무를 봐주시면 좋겠습니다.
난임환자들이 받는 스트레스는 암환자분들이 받는 스트레스와 동일합니다.
부디 마음 편히 보건소 방문할 수 있도록 배려해주세요.",임신·난임·생식건강,난임 지원,난임시술·주사·시술비,임신·난임·생식건강,건강임신지원팀,02-2133-9491,저출생사업1팀,1순위:건강임신지원팀 | 2순위:저출생사업1팀,5,서울형 난임부부 시술비 지원 | 서울권역 난임?우울증 상담센터 운영 | 서울시 한의약 난임치료 지원 | 서울시 난임?임산부심리상담센터 운영 | 난임부부 지원,"난임시술 비용의 본인부담액에 대한 시술별 지원상한액 지원 - 횟수 : 총 25회(누적) - 지원금액: 시술별 1회당 최대 30만원~110만원 | 난임부부, 유산?사산 경험부부, 임산부 및 양육모의 정서적 안정을 위해 전담 상담사가 등록부터 종결까지 1:1 상담 및 다양한 프로그램을 운영 | 원인불명의 난임진단 부부에게  한의약 난임치료 첩약비용(3개월)의 본인부담금 90%(상한 1,200천원) 지원 | 난임부부, 유산?사산 경험부부, 임산부 및 양육모의 정서적 안정을 위해 전담 상담사가 등록부터 종결까지 1:1 상담 및 다양한 프로그램을 운영 | o 난임시술 비용의 본인부담액에 대한 시술별 지원상한액 지원      -(횟수) 출산당 총25회 (보조생식술 시작일이 '24.11.1.일 이후부터)      -(지원금액) 시술별 1회당 최대 30만원~110만원  o...",,,,https://idea.seoul.go.kr/front/freeSuggest/view.do?sn=183127
PROP-183126,2018-11-27,Y,미상,364.0,보건소 산전검사 중 난임검사 항목 추가 요청,"임신준비를 시작하는 예비맘들은 보건소에서 산전검사를 받습니다. 현재 산전검사 항목에는 빈혈, 간염, 간기능, 풍진, 에이즈, 매독, 소변, 성병검사가 있습니다. 이러한
산전검사 항목에 AMH검사(난소나이검사), 정액검사 항목을 추가하여 임신을 준비 하는 예비부부에게 더 많은 정보를 제공했으면 좋겠습니다. 그러면 좀 더 출산률을 높일 수 있고 저출산 해결에도 영향을 줄 수 있다고 생각합니다.",임신·난임·생식건강,난임 지원,난임시술·주사·시술비,임신·난임·생식건강,건강임신지원팀,02-2133-9491,저출생사업1팀 | 생활지원팀,1순위:건강임신지원팀 | 2순위:저출생사업1팀 | 3순위:생활지원팀,5,서울형 난임부부 시술비 지원 | 서울권역 난임?우울증 상담센터 운영 | 서울시 한의약 난임치료 지원 | 서울시 난임?임산부심리상담센터 운영 | 난임부부 지원,"난임시술 비용의 본인부담액에 대한 시술별 지원상한액 지원 - 횟수 : 총 25회(누적) - 지원금액: 시술별 1회당 최대 30만원~110만원 | 난임부부, 유산?사산 경험부부, 임산부 및 양육모의 정서적 안정을 위해 전담 상담사가 등록부터 종결까지 1:1 상담 및 다양한 프로그램을 운영 | 원인불명의 난임진단 부부에게  한의약 난임치료 첩약비용(3개월)의 본인부담금 90%(상한 1,200천원) 지원 | 난임부부, 유산?사산 경험부부, 임산부 및 양육모의 정서적 안정을 위해 전담 상담사가 등록부터 종결까지 1:1 상담 및 다양한 프로그램을 운영 | o 난임시술 비용의 본인부담액에 대한 시술별 지원상한액 지원      -(횟수) 출산당 총25회 (보조생식술 시작일이 '24.11.1.일 이후부터)      -(지원금액) 시술별 1회당 최대 30만원~110만원  o...",,,,https://idea.seoul.go.kr/front/freeSuggest/view.do?sn=183126
PROP-183124,2018-11-27,Y,미상,372.0,보건소 난임당담파트를 따로 해주세요,"현재 서울시의 각 구의 보건소에는
각 건물내 위치가 다르게 위치해있습니다.
하지만 대부분의 공간자체가
난임상담 및 정부지원 신청을 위해 방문을 하였을때
모자보건실에 함께 임산부들과 한 공간을 이용하며
마음의 위축또한 되어 힘듦을 가중시키기에
다른 공간으로 분리를하여야 합니다.
타지역의 난임인의 방문 신청공간을 예로들면
치매안심센터와 한 공간으로 묶여 운영되기도 합니다.
자체적인 공간 분리로
최소한의 난임인에대한 배려가 필요하다고 생각합니다.
그리고 난임환자를 담당하는 전문인의 배치가 꼭 필요합니다.
난임을 겪어본 사람들은 암환자와 같다고도 하는데
보건소 방문을 하여
오히려 난임환자인 저희가 역으로 설명을 하는 사례들이 자주 발생되고 있으므로
그리고 제대로 된 난임내용을 숙지하지 못한분들의 응대에
또한번 난임인은 보건소 방문 자체로만도 큰 상처를 받습니다.
보건소내에 난임전문 상담가를 배치
또는 난임병원과 연계하여 보다 정확한 정보전달이 되어야합니다.
서울시에서부터..
난임인에대한 기본적인 배려로
보다나은 사회만들기! 함께 해주세요",임신·난임·생식건강,난임 지원,난임시술·주사·시술비,임신·난임·생식건강,건강임신지원팀,02-2133-9491,저출생사업1팀 | 생활지원팀,1순위:건강임신지원팀 | 2순위:저출생사업1팀 | 3순위:생활지원팀,5,서울형 난임부부 시술비 지원 | 서울권역 난임?우울증 상담센터 운영 | 서울시 한의약 난임치료 지원 | 서울시 난임?임산부심리상담센터 운영 | 난임부부 지원,"난임시술 비용의 본인부담액에 대한 시술별 지원상한액 지원 - 횟수 : 총 25회(누적) - 지원금액: 시술별 1회당 최대 30만원~110만원 | 난임부부, 유산?사산 경험부부, 임산부 및 양육모의 정서적 안정을 위해 전담 상담사가 등록부터 종결까지 1:1 상담 및 다양한 프로그램을 운영 | 원인불명의 난임진단 부부에게  한의약 난임치료 첩약비용(3개월)의 본인부담금 90%(상한 1,200천원) 지원 | 난임부부, 유산?사산 경험부부, 임산부 및 양육모의 정서적 안정을 위해 전담 상담사가 등록부터 종결까지 1:1 상담 및 다양한 프로그램을 운영 | o 난임시술 비용의 본인부담액에 대한 시술별 지원상한액 지원      -(횟수) 출산당 총25회 (보조생식술 시작일이 '24.11.1.일 이후부터)      -(지원금액) 시술별 1회당 최대 30만원~110만원  o...",,,,https://idea.seoul.go.kr/front/freeSuggest/view.do?sn=183124
PROP-183123,2018-11-27,Y,미상,289.0,"각 구마다 다른 혜택, 서울시에서 난임 관련 혜택을 동일하게 적용받을 수 있게 해주세요!","각 구마다 다른 혜택, 서울시에서 난임 관련 혜택을 동일하게 적용받을 수 있게 해주세요!
각 시나 구에서 지원해주는 사항을상향평준화했으면합니다
지방 모 도시의 경우
시험관실패시 위로금을 지원하고있으며
서울시의 어느 구는 배란테스트기를 지원하는 곳이 있으며
심리상담을 마련하고 있는곳도 있습니다
이처럼 세심한 지원책을 마련하고 있는 시가 있는가하면
정부가 내고 있는 일률적인 지원외에는
다른 지원책을 전혀 마련하고있지않은 곳도 많습니다
이런것에 그 곳의 거주자로서 상대적 박탈감을 느끼게되며
소속감과 애향심이 떨어질것입니다
좋은 지원을 하는 곳이 있으면 적극 벤치마킹해서
난임에 대한 지원책을 확대해가면좋겠습니다",임신·난임·생식건강,난임 지원,난임시술·주사·시술비,임신·난임·생식건강,건강임신지원팀,02-2133-9492,생활지원팀,1순위:건강임신지원팀 | 2순위:생활지원팀,5,서울형 난임부부 시술비 지원 | 서울권역 난임?우울증 상담센터 운영 | 서울시 한의약 난임치료 지원 | 서울시 난임?임산부심리상담센터 운영 | 난임부부 지원,"난임시술 비용의 본인부담액에 대한 시술별 지원상한액 지원 - 횟수 : 총 25회(누적) - 지원금액: 시술별 1회당 최대 30만원~110만원 | 난임부부, 유산?사산 경험부부, 임산부 및 양육모의 정서적 안정을 위해 전담 상담사가 등록부터 종결까지 1:1 상담 및 다양한 프로그램을 운영 | 원인불명의 난임진단 부부에게  한의약 난임치료 첩약비용(3개월)의 본인부담금 90%(상한 1,200천원) 지원 | 난임부부, 유산?사산 경험부부, 임산부 및 양육모의 정서적 안정을 위해 전담 상담사가 등록부터 종결까지 1:1 상담 및 다양한 프로그램을 운영 | o 난임시술 비용의 본인부담액에 대한 시술별 지원상한액 지원      -(횟수) 출산당 총25회 (보조생식술 시작일이 '24.11.1.일 이후부터)      -(지원금액) 시술별 1회당 최대 30만원~110만원  o...",,,,https://idea.seoul.go.kr/front/freeSuggest/view.do?sn=183123
PROP-183122,2018-11-27,Y,미상,459.0,보건소에서 난임주사를 맞을 수 있으면 좋을 것 같아요!,"난임 호르몬주사는 매일 일정시간에 맞아야합니다.
약과 주사기, 주사의뢰서까지 들고 병원에 찾아가지만
거절 당하거나, 불편한 시선을 보내는 경우도 있고,
천원대부터 5만원까지 천차만별의 비용을 지불하고 주사를 맞아야합니다.
혼자 놓기에는 하반신 마비가 올 수도 있는 너무 위험한 주사입니다.
의료 사각지대에 놓인 난임부부를 위해
보건소에서 영유아 예방접종이나 노인 고혈압 약을 처방해주는 것처럼
난임 주사를 보건소에서 놔주셨으면 좋겠습니다.
약국이 돌아가면서 쉬는것처럼 보건소도
주말 오전이라도 잠깐 운영해주시면 주말에도 주사를 맞는데 도움이 될 것 같습니다.",임신·난임·생식건강,난임 지원,난임시술·주사·시술비,임신·난임·생식건강,건강임신지원팀,02-2133-9491,저출생사업1팀 | 생활지원팀,1순위:건강임신지원팀 | 2순위:저출생사업1팀 | 3순위:생활지원팀,5,서울형 난임부부 시술비 지원 | 서울권역 난임?우울증 상담센터 운영 | 서울시 한의약 난임치료 지원 | 서울시 난임?임산부심리상담센터 운영 | 난임부부 지원,"난임시술 비용의 본인부담액에 대한 시술별 지원상한액 지원 - 횟수 : 총 25회(누적) - 지원금액: 시술별 1회당 최대 30만원~110만원 | 난임부부, 유산?사산 경험부부, 임산부 및 양육모의 정서적 안정을 위해 전담 상담사가 등록부터 종결까지 1:1 상담 및 다양한 프로그램을 운영 | 원인불명의 난임진단 부부에게  한의약 난임치료 첩약비용(3개월)의 본인부담금 90%(상한 1,200천원) 지원 | 난임부부, 유산?사산 경험부부, 임산부 및 양육모의 정서적 안정을 위해 전담 상담사가 등록부터 종결까지 1:1 상담 및 다양한 프로그램을 운영 | o 난임시술 비용의 본인부담액에 대한 시술별 지원상한액 지원      -(횟수) 출산당 총25회 (보조생식술 시작일이 '24.11.1.일 이후부터)      -(지원금액) 시술별 1회당 최대 30만원~110만원  o...",,,,https://idea.seoul.go.kr/front/freeSuggest/view.do?sn=183122
PROP-183121,2018-11-27,Y,미상,299.0,보건소에서 난임심리 상담 및 배우자 난임 교육 부탁드립니다,"보건소에서 난임심리 상담과 배우자 난임 교육 부탁드립니다
충북 청주에서는 보건소에서 난임 심리 상담을 전문가를 초빙해 진행하고 있습니다
국립중앙 의료원에서도 난임심리상담을 진행하고 있으나 전문가가 턱없이 부족하고 한번 상담을 받으려면 예약을 해서 어렵게 상담을 받아야 하니 서울시 보건소에서 일괄적으로 난임심리상담을 받을 수 있도록 부탁드립니다
그리고 배우자들이 난임에 대해 제대로 교육되지 않고 오해가 많은데 가까운 배우자가 난임 시술 과정이나 난임 여성의 심리 상태에 대해 배울 수 있도록 교육 부탁드립니다",임신·난임·생식건강,난임 지원,난임시술·주사·시술비,임신·난임·생식건강,건강임신지원팀,02-2133-9492,저출생사업1팀,1순위:건강임신지원팀 | 2순위:저출생사업1팀,5,서울형 난임부부 시술비 지원 | 서울권역 난임?우울증 상담센터 운영 | 서울시 한의약 난임치료 지원 | 서울시 난임?임산부심리상담센터 운영 | 난임부부 지원,"난임시술 비용의 본인부담액에 대한 시술별 지원상한액 지원 - 횟수 : 총 25회(누적) - 지원금액: 시술별 1회당 최대 30만원~110만원 | 난임부부, 유산?사산 경험부부, 임산부 및 양육모의 정서적 안정을 위해 전담 상담사가 등록부터 종결까지 1:1 상담 및 다양한 프로그램을 운영 | 원인불명의 난임진단 부부에게  한의약 난임치료 첩약비용(3개월)의 본인부담금 90%(상한 1,200천원) 지원 | 난임부부, 유산?사산 경험부부, 임산부 및 양육모의 정서적 안정을 위해 전담 상담사가 등록부터 종결까지 1:1 상담 및 다양한 프로그램을 운영 | o 난임시술 비용의 본인부담액에 대한 시술별 지원상한액 지원      -(횟수) 출산당 총25회 (보조생식술 시작일이 '24.11.1.일 이후부터)      -(지원금액) 시술별 1회당 최대 30만원~110만원  o...",,,,https://idea.seoul.go.kr/front/freeSuggest/view.do?sn=183121
PROP-183075,2018-11-22,N,미상,0.0,다둥이맘카드,"다둥이맘 카드도 모바일 카드로 받을수 있게 좀 해주십시요
요즘은.카드.잘.안가지고 다니고
모바일.카드.많이 가지고 다니는데...
저처럼.카드를 잘 안가지고 다니는 사람들은 간혹 가다
쓸일잇을때 .발급 받아도
혜택을.받을수가.없네요..모바일 카드도 만들어 주십시요",다자녀·양육비·생활지원,다자녀 혜택,다자녀 기준·할인·감면,다자녀·양육비·생활지원,저출생사업1팀,02-2133-5025,가족지원팀,1순위:저출생사업1팀 | 2순위:가족지원팀,0,,,,,,https://idea.seoul.go.kr/front/freeSuggest/view.do?sn=183075
PROP-183047,2018-11-19,N,미상,1.0,지하철 임산부 배려석 활성화 방안(임산부카드+교통카드),지하철 임산부 배려석 활성화 방안(임산부카드+교통카드),임신·난임·생식건강,임산부 건강·배려,임산부 건강관리·배려,임신·난임·생식건강,건강임신지원팀,02-2133-9492,저출생사업1팀 | 상담팀,1순위:건강임신지원팀 | 2순위:저출생사업1팀 | 3순위:상담팀,1,임산부 배려공간 조성,ㅇ 교통 약자인 임산부의 엘리베이터 안전사고 예방 및 배려문화 확산을 위해 엘리베이터 내?외부에 임산부 배려공간 조성(엠블럼 부착)   - 임산부를 위해 해당 공간을 비워두고 양보하는 사회 분위기 확산 유도 ㅇ 임산...,,,,https://idea.seoul.go.kr/front/freeSuggest/view.do?sn=183047
PROP-183038,2018-11-18,N,미상,10.0,지하철 임산부좌석(핑크카펫)의 수를 줄여주세요,지하철 임산부좌석(핑크카펫)의 수를 줄여주세요,임신·난임·생식건강,임산부 건강·배려,임산부 건강관리·배려,임신·난임·생식건강,건강임신지원팀,02-2133-9491,저출생사업1팀 | 생활지원팀,1순위:건강임신지원팀 | 2순위:저출생사업1팀 | 3순위:생활지원팀,1,임산부 배려공간 조성,ㅇ 교통 약자인 임산부의 엘리베이터 안전사고 예방 및 배려문화 확산을 위해 엘리베이터 내?외부에 임산부 배려공간 조성(엠블럼 부착)   - 임산부를 위해 해당 공간을 비워두고 양보하는 사회 분위기 확산 유도 ㅇ 임산...,,,,https://idea.seoul.go.kr/front/freeSuggest/view.do?sn=183038
PROP-183033,2018-11-16,N,미상,164.0,난임부부지원해주세요,"첫아이만이라도 나라에서 나이제한.횟수제한없이 지원좀 해주세요
너무나 간절히 첫아이 기다리고있는데
턱없이 부족한 병원비에 너무나 힘 이 듭니다
정부에서 첫아이만이라도 가정에 부담이 되지않게
무한지원 해주세요
난임부부에 희망이 되어주세요",임신·난임·생식건강,난임 지원,난임시술·주사·시술비,임신·난임·생식건강,건강임신지원팀,02-2133-9491,가족지원팀 | 저출생사업1팀,1순위:건강임신지원팀 | 2순위:가족지원팀 | 3순위:저출생사업1팀,5,서울형 난임부부 시술비 지원 | 서울권역 난임?우울증 상담센터 운영 | 서울시 한의약 난임치료 지원 | 서울시 난임?임산부심리상담센터 운영 | 난임부부 지원,"난임시술 비용의 본인부담액에 대한 시술별 지원상한액 지원 - 횟수 : 총 25회(누적) - 지원금액: 시술별 1회당 최대 30만원~110만원 | 난임부부, 유산?사산 경험부부, 임산부 및 양육모의 정서적 안정을 위해 전담 상담사가 등록부터 종결까지 1:1 상담 및 다양한 프로그램을 운영 | 원인불명의 난임진단 부부에게  한의약 난임치료 첩약비용(3개월)의 본인부담금 90%(상한 1,200천원) 지원 | 난임부부, 유산?사산 경험부부, 임산부 및 양육모의 정서적 안정을 위해 전담 상담사가 등록부터 종결까지 1:1 상담 및 다양한 프로그램을 운영 | o 난임시술 비용의 본인부담액에 대한 시술별 지원상한액 지원      -(횟수) 출산당 총25회 (보조생식술 시작일이 '24.11.1.일 이후부터)      -(지원금액) 시술별 1회당 최대 30만원~110만원  o...",,,,https://idea.seoul.go.kr/front/freeSuggest/view.do?sn=183033
PROP-183004,2018-11-13,N,미상,0.0,"미혼세,무자녀교육세 신설 제안","미혼세,무자녀교육세를  신설하는 것을  제안합니다.
지금은 다자녀 세대에 혜택을 주고 있지만, 앞으로는 결혼을 안 하거나, 무자녀인 경우 세금을 부과해야 된다고 생각합니다.
우리국민이고 서울시민이고, 이 사회 일원이라면 결혼하고 자녀를 낳아 나라의 미래를 준비한 국민들과 동등한 대우를 받으려
면
세금을 부담해야 됩니다. 자신의 일생만 책임 진 미혼 무자녀 국민들과 똑같다면 불공평하다 생각합니다.
미혼세는 만 30세가 되고 미혼이면 기본으로 년 200만원 정도, 결혼했는데 무자녀인 경우는 년 100원정도 분활로 부과하면
좋겠다고 생각합니다. 징수된 세금으로 1자녀는 년 100만원 2자녀는 년 200만원을 양육비로 준다면 공평하다 생각합니다.
한 자녀 두 세 자녀를 키우는데 들인 수고와 비용이 엌청난데, 국가와 무자녀인 국민이 일부라도 부담하고 함께 키워야 국가의 미래를 같이 준비하는 공동의 의무라고 생각합니다. 감사합니다.^^",정보·상담·교육·거버넌스,정보 접근성,일반 출산정책 안건,정보·상담·교육·거버넌스,저출생사업1팀,02-2133-5027,생활지원팀,1순위:저출생사업1팀 | 2순위:생활지원팀,0,,,,,,https://idea.seoul.go.kr/front/freeSuggest/view.do?sn=183004
PROP-182914,2018-11-06,N,미상,0.0,키움센터 반대,"지역아동센터 차별~
키움센터 설립 반대 합니다",보육·돌봄 인프라,초등돌봄,초등돌봄·방과후,보육·돌봄 인프라,돌봄사업팀,02-2133-6560,가족지원팀 | 저출생사업1팀,1순위:돌봄사업팀 | 2순위:가족지원팀 | 3순위:저출생사업1팀,0,,,,,,https://idea.seoul.go.kr/front/freeSuggest/view.do?sn=182914
PROP-182912,2018-11-06,N,미상,0.0,키움센터 밤대,차별금지,보육·돌봄 인프라,초등돌봄,초등돌봄·방과후,보육·돌봄 인프라,돌봄사업팀,02-2133-6560,가족지원팀 | 저출생사업1팀,1순위:돌봄사업팀 | 2순위:가족지원팀 | 3순위:저출생사업1팀,0,,,,,,https://idea.seoul.go.kr/front/freeSuggest/view.do?sn=182912
PROP-182901,2018-11-06,N,미상,1.0,어르신 어린이집 하원 도우미,"• 어르신들이 어린이집에 있는 아이의 하원을 도와주는 일자리 창출
• 맞벌이 부부가 아이 양육시 현실적으로 마주하게 되는 문제(급작스러운 미팅 등) 해결에 도움",보육·돌봄 인프라,초등돌봄,초등돌봄·방과후,보육·돌봄 인프라,돌봄사업팀,02-2133-6560,고령사회정책팀 | 가족건강팀,1순위:돌봄사업팀 | 2순위:고령사회정책팀 | 3순위:가족건강팀,5,외국인 가사(육아)인력 시범사업 | 영아 전담 아이돌봄서비스 | 서울형 강소기업 지원 | 서울형 강소기업 지원(사업종료) | 1인 자영업자 등 배우자 출산휴가급여 지원,"맞벌이 부부 등 ‘육아 조력자’의 도움이 절실한 자녀양육 가정에 외국인 육아도우미를 활용한 양육지원사업 도입 | 출산휴가, 육아휴직 후 복귀하는 맞벌이 가정을 지원하고자 영아 돌봄 교육을 이수한 전담 돌보미가 영아 이유식 먹이기, 젖병 소독 등 영아 특화 돌봄서비스 제공 | ① 청년 정규직 채용 시, 사내복지 개선 등 근무환경개선금 최대 45백만원 지원 ② 육아휴직자 대체 청년인턴에 최대 23개월 인건비 지원으로 업무공백 해소 ③ 육아친화 및 일?생활 균형 조직문화 조성을 위한 교육?컨... | ① 청년 정규직 채용 시, 사내복지 개선 등 근무환경개선금지원(최대 3명) ② 육아친화 및 일?생활 균형 조직문화 조성을 위한 교육?컨설팅 지원 ③ 마음챙김, 스트레스 관리로 신입사원 번아웃 예방을 위한 청년성장 프... | 1인 자영업자 등에 배우자(남편) 출산휴가급여 최대 120만원(15일분) 지원 (2026.1.1. 기준 출생아부터 적용) - 2025년 출생아는 최대 80만원(10일분) 지원 ㅇ 지원대상에 대한 자격요건 완화(202...",,,,https://idea.seoul.go.kr/front/freeSuggest/view.do?sn=182901
PROP-182871,2018-11-01,N,미상,2.0,육아네트워크를 위한 공간/차량 등의 민간지원 활성화 요청,"공간지원을 위해 큰 예산을 들여 새로 짓지말고
개인사업자의 공간, 종교기관 차량 등을 지원받아
세금 혜택 등의 어드벤티지를 주면
합리적인 예산으로 지역 경제도 활성화시킬 수 있고,
육아 네트워크에 필요한 자원을 풍부하게 지원할 수 있을 것이라고 생각합니다.",정보·상담·교육·거버넌스,정보 접근성,일반 출산정책 안건,정보·상담·교육·거버넌스,저출생사업1팀,02-2133-5027,상담팀,1순위:저출생사업1팀 | 2순위:상담팀,0,,,,,"TAG_REVIEW:현재 태그=다자녀·양육비·생활지원, 태그 핵심어 약함",https://idea.seoul.go.kr/front/freeSuggest/view.do?sn=182871
PROP-182870,2018-11-01,N,미상,4.0,육아정보 채널을 일원화해주세요.,"보육포털서비스,
육아종합지원센터,
보육반장 커뮤니티,
동주민센터,
보건소 등으로 나누어져있는 정보 제공 채널을 일원화해주세요.
너무 많은 채널은 인력과 재원의 낭비이고
정보 전달의 효율성도 떨어집니다.",정보·상담·교육·거버넌스,정보 접근성,정보통합·상담·신청,정보·상담·교육·거버넌스,저출생사업1팀,02-2133-5027,생활지원팀,1순위:저출생사업1팀 | 2순위:생활지원팀,0,,,,,"TAG_REVIEW:현재 태그=임신·난임·생식건강, 태그 핵심어 약함",https://idea.seoul.go.kr/front/freeSuggest/view.do?sn=182870
PROP-182866,2018-11-01,N,미상,41.0,다둥이가족은 차 없으면 아무데도 못나가나요?,다둥이가족은 차 없으면 아무데도 못나가나요?,다자녀·양육비·생활지원,다자녀 혜택,다자녀 기준·할인·감면,다자녀·양육비·생활지원,저출생사업1팀,02-2133-5027,생활지원팀,1순위:저출생사업1팀 | 2순위:생활지원팀,0,,,,,,https://idea.seoul.go.kr/front/freeSuggest/view.do?sn=182866
PROP-182865,2018-11-01,N,미상,18.0,육아....아빠들의 교육이 절실합니다.,"아이 양육을 일방적으로 맡고 있는 엄마들의 똑같은 소리...
아빠들의 인식 개선이 필요하다고 말하고 있습니다.
구청이나 학교에서 양육과 관련된 교육들이 많이 있지만 정작 아빠들을 위한 교육은  많이 부족하고
있다하더라도 참여하기가 쉽지 않는것 같아요.
그래서 제안해봅니다.
아빠들이 절대 빠질 수 없는 모임은 무엇일까?
'민방위 훈련'
나라를 위한 훈련이니 아이를 잘 키우는것 또한 나라을 위한것 아닐까요?
민방위 훈련 시간에 '부모교육', 또는 '양육 함께해요' 등...... 의무화 했으면 합니다.
기혼, 미혼 상관 없이 모두에게 도움이 되지 않을까요?
양육은 엄마만의 몫이 아닙니다.
모든 아빠들도 배우고 함께하는 나라가 되길 소망해 봅니다.",정보·상담·교육·거버넌스,정보 접근성,일반 출산정책 안건,정보·상담·교육·거버넌스,저출생사업1팀,02-2133-5027,생활지원팀,1순위:저출생사업1팀 | 2순위:생활지원팀,0,,,,,,https://idea.seoul.go.kr/front/freeSuggest/view.do?sn=182865
PROP-182862,2018-11-01,N,미상,16.0,서울시 내 자치구별 다둥이 혜택을 통일시켜주세요!,서울시 내 자치구별 다둥이 혜택을 통일시켜주세요!,다자녀·양육비·생활지원,다자녀 혜택,다자녀 기준·할인·감면,다자녀·양육비·생활지원,저출생사업1팀,02-2133-5027,,1순위:저출생사업1팀,0,,,,,,https://idea.seoul.go.kr/front/freeSuggest/view.do?sn=182862
PROP-182859,2018-11-01,N,미상,34.0,임신육아 전문  컨설턴트가 필요합니다,"찻아이를  임신하고 출산하고 키우는 과정에서 너무 징보가 없어서 많이 힘들었습니다 아이가 태어나자 마자 4시간정도 지나면 그때 부터는 나자신이 아닌 아이 엄마밖에없다  이이가 잠든 잠깐의 시간은 유축기로 남은 모유를 짜야하고 빨래 설겆이.... 미리 알고 육아를 했다면 더 잘준비된 마음으로 여유로운 마음으로 많이 힘들지 않았을걸.,아이를 임신하면 전문 컨설턴트가 일주일에 한번씩  개인적으로 자세히 설명해주고 알려주셨으면 감사하겠습니다",임신·난임·생식건강,임산부 건강·배려,임산부 건강관리·배려,임신·난임·생식건강,건강임신지원팀,02-2133-9491,저출생사업1팀 | 생활지원팀,1순위:건강임신지원팀 | 2순위:저출생사업1팀 | 3순위:생활지원팀,0,,,,,,https://idea.seoul.go.kr/front/freeSuggest/view.do?sn=182859
PROP-182858,2018-11-01,N,미상,37.0,민방위 교육에 남편육아교육을 넣어주세요^^,"대한민국 사회에서 중요한 문제가 그리고 해결해야 할 문제가 있다면“육아”일 것 입니다.
상대적으로 여성(어머니)이 육아를 감당하다 보니, 육아의 중요성과 부모 모두가 육아를 함께 참여해야하는 중요함을 남성(아버지)이 알지 못하는 경우가 생기는 것 같습니다.
그래서 민방위 교육시간에 이와 관련된 교육이 생긴다면 좋을 것 같습니다.
참고로 저는 남성인데, 민방위훈련을 받을 때마다 느끼는 것이지만 교육의 내용(소양, 인문학, 화재대피, 화생방, 심폐소생술 등등)이 크게 바뀌지 않고 반복적이며, 사실 현실과는 조금 동 떨어진 내용 같아서 시간이 아까울 때가 많았습니다. 물론 그래도 민방위 훈련이기 때문에 관련된 사항은 지속적으로 받아야 하겠지만, 그래도 몇 년 동안 비슷한 내용으로 훈련을 받는 것이 너무 아쉽습니다.
그래서 몇 번 정도는 민방위교육시간에, 육아의 중요성과 남편이 육아에 함께 참여해야하는 것에 대하여 교육을 한다면, 아빠에게도 그리고 엄마에게도 더 나아가서는 아이들과 가정에 큰 유익이 있을 것 같아서 제안을 합니다!",정보·상담·교육·거버넌스,정보 접근성,일반 출산정책 안건,정보·상담·교육·거버넌스,저출생사업1팀,02-2133-5027,생활지원팀,1순위:저출생사업1팀 | 2순위:생활지원팀,0,,,,,,https://idea.seoul.go.kr/front/freeSuggest/view.do?sn=182858
PROP-182856,2018-11-01,N,미상,39.0,"아이, 엄마를 대상으로 한 시간제보육통합센터를 마련해주시면 좋겠습니다!","현재 36개월까지는 시간제보육 제도가 제공되고 있으나,
36개월 이상부터 초등생까지는 시간제보육을 필요로하는 가정이 많습니다.
시간제보육 혜택을 받지 못하는 가정에서는 여성이 오롯이 육아를 전담하게되고,
경력단절이 일어날 수 밖에 없는 상황이 됩니다.
시간제보육센터가 건립되어 아이돌봄서비스가 제공되면 좋을 것 같습니다.
아이돌봄서비스는 오후 10시까지 야간보육도 가능해야합니다!
또한 경력단절을 겪은 여성들은 자신이 어떤 적성을 가지고 있는지, 어떻게 직장을 찾을 수 있을지 고민이 많습니다.
아이를 데리고 센터에 간 엄마들이 엄마들을 대상으로 한 다양한 교육과 진로코칭, 심리 상담 등 다양한 서비스를 제공받을 수 있었으면 좋겠습니다.
아이, 엄마를 대상으로 한
시간제보육통합센터
를 마련해주시면 좋겠습니다!",보육·돌봄 인프라,어린이집·유치원,보육시설·유아교육,보육·돌봄 인프라,돌봄사업팀,02-2133-6560,저출생사업1팀 | 생활지원팀,1순위:돌봄사업팀 | 2순위:저출생사업1팀 | 3순위:생활지원팀,5,영아 전담 아이돌봄서비스 | 서울형 강소기업 지원(사업종료) | 서울형 육아휴직장려금(사업종료) | 외국인 가사(육아)인력 시범사업 | 1인 자영업자 등 배우자 출산휴가급여 지원,"출산휴가, 육아휴직 후 복귀하는 맞벌이 가정을 지원하고자 영아 돌봄 교육을 이수한 전담 돌보미가 영아 이유식 먹이기, 젖병 소독 등 영아 특화 돌봄서비스 제공 | ① 청년 정규직 채용 시, 사내복지 개선 등 근무환경개선금지원(최대 3명) ② 육아친화 및 일?생활 균형 조직문화 조성을 위한 교육?컨설팅 지원 ③ 마음챙김, 스트레스 관리로 신입사원 번아웃 예방을 위한 청년성장 프... | ○ 자녀 1인당 최대 120만원 지원 - 육아휴직기간 연속 6개월 시 60만원, 연속 12개월 경과 시 60만원 추가지급 ※ 부?모 모두 육아휴직 시 각각 지급 (자녀 1인에 대해 가구당 최대 240만원 지급) | 맞벌이 부부 등 ‘육아 조력자’의 도움이 절실한 자녀양육 가정에 외국인 육아도우미를 활용한 양육지원사업 도입 | 1인 자영업자 등에 배우자(남편) 출산휴가급여 최대 120만원(15일분) 지원 (2026.1.1. 기준 출생아부터 적용) - 2025년 출생아는 최대 80만원(10일분) 지원 ㅇ 지원대상에 대한 자격요건 완화(202...",,,,https://idea.seoul.go.kr/front/freeSuggest/view.do?sn=182856
PROP-182827,2018-10-29,N,미상,2.0,경로당과 육아돌보미의 결합,"노인들은 할 일이 없어서 아기 엄마들은 아기 맡길 곳이 없어서 힘들어 합니다.
경로당 내에 육아도우미 교육을 받은 노인봉사자를 두고 아기 엄마 중 한 두시간 정도 잠깐 아이를 맡길 일이 있을 때 활용하면 어떨까 하는 아이디어입니다.
잠깐 미용실이나 목욕탕을 갈 때나 장을 보러 갈 때 등 아기 엄마들은 1-2시간의 짬도 없이 24시간 육아에 지쳐있습니다.
남는 노인인력을 활용하여 육아에 도움을 준다면 고령화, 저출산 사회에 도움이 되리라 생각하여 제안합니다.",정보·상담·교육·거버넌스,정보 접근성,일반 출산정책 안건,정보·상담·교육·거버넌스,저출생사업1팀,02-2133-5025,가족지원팀,1순위:저출생사업1팀 | 2순위:가족지원팀,0,,,,,,https://idea.seoul.go.kr/front/freeSuggest/view.do?sn=182827
PROP-182826,2018-10-29,N,미상,2.0,지하철 내 임산부 알림 경보 설치 제안,지하철 내 임산부 알림 경보 설치 제안,임신·난임·생식건강,임산부 건강·배려,임산부 건강관리·배려,임신·난임·생식건강,건강임신지원팀,02-2133-9492,가족건강팀 | 저출생사업1팀,1순위:건강임신지원팀 | 2순위:가족건강팀 | 3순위:저출생사업1팀,1,임산부 배려공간 조성,ㅇ 교통 약자인 임산부의 엘리베이터 안전사고 예방 및 배려문화 확산을 위해 엘리베이터 내?외부에 임산부 배려공간 조성(엠블럼 부착)   - 임산부를 위해 해당 공간을 비워두고 양보하는 사회 분위기 확산 유도 ㅇ 임산...,,,,https://idea.seoul.go.kr/front/freeSuggest/view.do?sn=182826
PROP-182797,2018-10-26,N,미상,21.0,임산부 배려석에 핑크라이트 설치,"지하철을 애용하는 서울시민으로서 임산부배려석에 대한 실효성을 높이기 위해 핑크라이트 설치를 제안합니다.
핑크라이트는 현재 부산시에서 시행하고 있는 것으로 비콘을 소지한 임산부가 근처에 있으면 임산부 배려석 옆에 설치된 핑크라이트가 신호를 감지하여 불빛과 안내가 나와 임산부에게 자리를 양보하도록 하고 있습니다. 이러한 핑크라이트 좌석을 서울시에서도 도입할 것을 제안합니다.
하지만 서울시에서 도입할 시, 핑크라이트의 몇가지 문제점들을 보완해서 적용시킬 필요가 있습니다.
1. 제대로 된 홍보가 이뤄져야 합니다.
부산시에서는 제대로 홍보가 이뤄지지 않아 핑크라이트 불빛이 나오고 자리를 양보해달라는 음성이 나오는 데에도 잘 모르고 계속 앉아있는 경우가 아직 많습니다. 만약 서울시에서 이를 도입할 시, 핑크라이트에서 불빛이 나오면 근처에 임산부가 있다는 것을 바로 인식하고 자리를 양보하는 문화가 잘 정착될 수 있도록 확실하게 홍보를 해야합니다.
2. 확실한 비콘 수거 대책이 필요합니다.
임산부가 출산 후에 사용하던 비콘을 자발적으로 반납을 해야하는데 이것이 제대로 이뤄지지 않을 것이라 생각합니다. 그렇기 때문에 계속적으로 새로운 비콘을 제작하고 발급해야하므로 예산이 많이 소요될 것이라 생각합니다. 따라서 확실한 수거 대책을 마련해야 합니다.
저의 개인적인 의견으로는 임산부임을 인증하는 앱을 구축하면 비콘은 핑크라이트에만 설치를 하고, 임산부들은 비콘을 지니고 다닐 필요 없이 스마트폰만 있어도 이러한 기능이 충분히 이뤄질 수 있다고 생각합니다. 즉, 비콘을 발급할 필요도 수거할 필요도 없는 실질적인 개선책을 생각해보는 것도 좋을 것 같습니다.
3. 지하철뿐 아니라 버스에서도 적용을 해야 합니다.
한 온라인 설문조사 결과에 따르면 임산부 10명 중 4명은 자리 양보를 포함한 배려를 체감하지 못했다고 합니다. 좌석을 분홍색으로 칠하고 배려석이라고 표시하는 정도로는 임산부들의 실질적 고충을 해소하지 못하고 있습니다. 그렇기 때문에 좀 더 실효성있는 정책으로 임산부 배려 문화를 확산시켜 나가야 한다고 생각합니다.
감사합니다.",임신·난임·생식건강,임산부 건강·배려,임산부 건강관리·배려,임신·난임·생식건강,건강임신지원팀,02-2133-9492,가족건강팀 | 저출생사업1팀,1순위:건강임신지원팀 | 2순위:가족건강팀 | 3순위:저출생사업1팀,1,임산부 배려공간 조성,ㅇ 교통 약자인 임산부의 엘리베이터 안전사고 예방 및 배려문화 확산을 위해 엘리베이터 내?외부에 임산부 배려공간 조성(엠블럼 부착)   - 임산부를 위해 해당 공간을 비워두고 양보하는 사회 분위기 확산 유도 ㅇ 임산...,,,,https://idea.seoul.go.kr/front/freeSuggest/view.do?sn=182797
PROP-182770,2018-10-24,N,미상,0.0,어린이보호구역 불법주차 및 정차 상설 신고제도,"안녕하세요.
다른곳도 마찬가지지만 특히 '어린이보호구역'의 불법주정차가 매우 심각합니다.
물론 각자의 사정이 있고 이유가 있겠지만 사각지대 유발 및 아이들의 불편 그리고 교육상에도 불법 주정차는 좋을게 없습니다.
그래서 어린이보호구역내의 불법주정차를 쉽게 신고할 수 있는 부서나 콜센터를 두고 관리를 했으면 합니다.
막상 신고하려해도 번거로워 신고가 어려우니
사진등을 첨부해서 신고하는 제도가 있었으면 합니다.",정보·상담·교육·거버넌스,정보 접근성,일반 출산정책 안건,정보·상담·교육·거버넌스,저출생사업1팀,02-2133-5027,생활지원팀,1순위:저출생사업1팀 | 2순위:생활지원팀,0,,,,,,https://idea.seoul.go.kr/front/freeSuggest/view.do?sn=182770
PROP-182764,2018-10-23,N,미상,0.0,구직자 임시 보육소,"• ‘구직자아동임시보육소’를 개설해 단시간 혹은 단기간 아이를 보육할 곳이 필요한 구직자에게 보육서비스 제공
• 보육교사 1명이 상주하되, 보조 보육사로서 경력단절 여성이나 청년 채용
• 아이가 있는 구직자가 면접 등 구직활동을 하거나 직업훈련으로 인하여 아이를 임시로 맡길 곳이 없어 난처한 상황이 발생할 경우,
‘구직자아동임시보육소’에 단시간 임시로 아이 보육 가능",보육·돌봄 인프라,어린이집·유치원,보육시설·유아교육,보육·돌봄 인프라,돌봄사업팀,02-2133-6560,가족지원팀 | 저출생사업1팀,1순위:돌봄사업팀 | 2순위:가족지원팀 | 3순위:저출생사업1팀,4,다문화 보육료 | 시간제 보육 | 만0~5세 보육료 | 방과후 보육료,"만0세: (기본)540,000원, (야간)540,000원, (24시간)810,000원 만1세반: (기본)475,000원, (야간)475,000원, (24시간)712,500원 만2세반: (기본)394,000원, (야간... | 만6개월~36개월 부모급여 또는 양육수당 수급 아동대상 시간제보육 지원 | ① 기본보육료(월별) 만0세반: 540,000원 만1세반: 475,000원 만2세반: 394,000원 만3~5세: 280,000원  ② 연장보육료(월별) 0세반: 3,000원 영아반: 2,000원 유아반: 1,000... | ① 정부지원시설 - 4시간 이용: 월 10만원 지원 - 종일 이용(방학 등): 월 20만원 지원  ② 정부미지원시설  - 4시간 이용: 월 233,650원  - 종일 이용: 월 467,300원   ③교사대아동 비율 ...",,,,https://idea.seoul.go.kr/front/freeSuggest/view.do?sn=182764
PROP-182746,2018-10-22,N,미상,1.0,"하나의 정책으로 일자리도 창출하고, 저출산 문제도 해결!","•
기존 어린이집 또는 유치원을 영유아 단기보호센터로 운영하여 은퇴 고령자를 보육
보조인력으로 채용
,
부모가 긴급히 자녀를
1
일
8
시간
내로 맡길 수 있는 육아지원
시설로 운영
•
은퇴 고령자 중 육아경험이 풍부한 자를 보육 보조원으로 채용하여 영유아 단기
보호센터에서 같이 근무하며 필요로 하는 가정에
직접 파견 나가는 육아도우미제도
운영",출산·산후 초기지원,출산가구 초기지원,출산지원금·출생축하,출산·산후 초기지원,가족건강팀,02-2133-9485,,1순위:가족건강팀,0,,,,,,https://idea.seoul.go.kr/front/freeSuggest/view.do?sn=182746
PROP-182741,2018-10-21,N,미상,0.0,임산부 배려석이 아닌 임산부석을 마련해주세요,임산부 배려석이 아닌 임산부석을 마련해주세요,임신·난임·생식건강,임산부 건강·배려,임산부 건강관리·배려,임신·난임·생식건강,건강임신지원팀,02-2133-9492,저출생사업1팀 | 가족지원팀,1순위:건강임신지원팀 | 2순위:저출생사업1팀 | 3순위:가족지원팀,1,임산부 배려공간 조성,ㅇ 교통 약자인 임산부의 엘리베이터 안전사고 예방 및 배려문화 확산을 위해 엘리베이터 내?외부에 임산부 배려공간 조성(엠블럼 부착)   - 임산부를 위해 해당 공간을 비워두고 양보하는 사회 분위기 확산 유도 ㅇ 임산...,,,,https://idea.seoul.go.kr/front/freeSuggest/view.do?sn=182741
PROP-182675,2018-10-13,N,미상,0.0,임신부 배려석 관련,"1. 지하철 임신부 배려석에 센서를 설치하여 앱을 통해 임신부가 배려석이 비어있는지 확인하고 지하철의 비어있는 차량으로 탑승할 수 있으면 어떨까 싶습니다.
2. 임신부 좌석에 임신부가 아닌 사람이 앉았을 때 그들로부터 양보받을 수 있도록 임신부 가방이나 임신부 표시를 할 수 있는 배지 같은 것을 배포하는 것은 어떨가 싶습니다. 임신부 가방을 드는 것이 창피하거나 하지 않도록 명품 브랜드들과 콜라보하여 제공하고 널리 홍보하면 가방을 들고 있는 것 자체로도 배려받을 수 있지 않을까 싶습니다.",임신·난임·생식건강,임산부 건강·배려,임산부 건강관리·배려,임신·난임·생식건강,건강임신지원팀,02-2133-9491,가족지원팀,1순위:건강임신지원팀 | 2순위:가족지원팀,0,,,,,,https://idea.seoul.go.kr/front/freeSuggest/view.do?sn=182675
PROP-182581,2018-10-03,N,미상,0.0,임산부 배려석에 임산부만 앉을 수 있는 장치를 설치해주세요.,임산부 배려석에 임산부만 앉을 수 있는 장치를 설치해주세요.,임신·난임·생식건강,임산부 건강·배려,임산부 건강관리·배려,임신·난임·생식건강,건강임신지원팀,02-2133-9492,저출생사업1팀 | 가족지원팀,1순위:건강임신지원팀 | 2순위:저출생사업1팀 | 3순위:가족지원팀,1,임산부 배려공간 조성,ㅇ 교통 약자인 임산부의 엘리베이터 안전사고 예방 및 배려문화 확산을 위해 엘리베이터 내?외부에 임산부 배려공간 조성(엠블럼 부착)   - 임산부를 위해 해당 공간을 비워두고 양보하는 사회 분위기 확산 유도 ㅇ 임산...,,,,https://idea.seoul.go.kr/front/freeSuggest/view.do?sn=182581
PROP-182580,2018-10-03,N,미상,2.0,지하철 임산부 배려석에 외국인들을 위한 안내가 있어야 할 것 같습니다,지하철 임산부 배려석에 외국인들을 위한 안내가 있어야 할 것 같습니다,임신·난임·생식건강,임산부 건강·배려,임산부 건강관리·배려,임신·난임·생식건강,건강임신지원팀,02-2133-9492,가족건강팀 | 저출생사업1팀,1순위:건강임신지원팀 | 2순위:가족건강팀 | 3순위:저출생사업1팀,1,임산부 배려공간 조성,ㅇ 교통 약자인 임산부의 엘리베이터 안전사고 예방 및 배려문화 확산을 위해 엘리베이터 내?외부에 임산부 배려공간 조성(엠블럼 부착)   - 임산부를 위해 해당 공간을 비워두고 양보하는 사회 분위기 확산 유도 ㅇ 임산...,,,,https://idea.seoul.go.kr/front/freeSuggest/view.do?sn=182580
PROP-182496,2018-09-25,N,미상,0.0,저출산 대책(국민연금  수령연령과 연계),"3자녀에게는  국민연금  수령연령  3년 일찍받기
4자녀에게는  4년
5자녀는  5년
...................
여성  기준으로  아이  수에 따라서  혜택을  주면  많이  낳지  않을까요?",출산·산후 초기지원,출산가구 초기지원,출산지원금·출생축하,출산·산후 초기지원,가족건강팀,02-2133-9485,,1순위:가족건강팀,0,,,,,"TAG_REVIEW:현재 태그=다자녀·양육비·생활지원, 태그 핵심어 약함",https://idea.seoul.go.kr/front/freeSuggest/view.do?sn=182496
PROP-182481,2018-09-23,N,미상,0.0,임산부석 영어 팻말,임산부석 영어 멘트를 한글로적힌 내일을 맞이하는 주인공 자리 위에다 써주세요. 임산부가 앉지않고 일반인들 특히 남자들이 앉아있을때는 잘안보여서외국인들은 볼수가 없어요 .그러다보니 앞자리가 생기면 그냥 외국인들이 임산부석에 그냥 앉아버리더라고요.부탁드려요~~,임신·난임·생식건강,임산부 건강·배려,임산부 건강관리·배려,임신·난임·생식건강,건강임신지원팀,02-2133-9491,가족지원팀 | 저출생사업1팀,1순위:건강임신지원팀 | 2순위:가족지원팀 | 3순위:저출생사업1팀,1,임산부 배려공간 조성,ㅇ 교통 약자인 임산부의 엘리베이터 안전사고 예방 및 배려문화 확산을 위해 엘리베이터 내?외부에 임산부 배려공간 조성(엠블럼 부착)   - 임산부를 위해 해당 공간을 비워두고 양보하는 사회 분위기 확산 유도 ㅇ 임산...,,,,https://idea.seoul.go.kr/front/freeSuggest/view.do?sn=182481
PROP-182392,2018-09-17,N,미상,1.0,서울시립대학 을 폐교하고 신혼부부용 아파트를 건설합시다,서울시립대학 을 폐교하고 신혼부부용 아파트를 건설합시다,주거·교통·도시생활환경,출산가구 주거,신혼부부·출산가구 주거지원,주거·교통·도시생활환경,저출생사업1팀,02-2133-5027,생활지원팀,1순위:저출생사업1팀 | 2순위:생활지원팀,4,신혼부부 결혼ㆍ살림비용 지원 | 신혼희망타운 | 신혼부부 전용 주택 구입 자금 대출 | 신혼부부 임차보증금 이자 지원,"ㅇ 결혼ㆍ살림 비용 최대 100만원 지원    - 결혼준비 및 혼인살림 장만 관련 비용 지출    ※ 생애 1회 지급   ? 결혼준비 : 혼수, 예식장, 신혼여행, 청첩장 등    ? 혼인살림 : 전자제품, 주방가전... | 신혼희망타운 분양?임대주택 공급 및 청약 자격 제공 | 연 2.55~3.85% 금리로 주택구입 자금 대출, 최대 3억 2천만 원 한도 | - 임차보증금 대출금: 최대 3억원(임차보증금의 90% 이내) - 이자지원 금리: 최대 4.5% - 지원기간: 최장 10년(25.11.20. 부터 최장 12년) ※ 자세한 사항은 서울주거포털 공고문 참조",,,"TAG_REVIEW:현재 태그=주거·교통·도시생활환경, 태그 핵심어 약함 || TAG_REVIEW:현재 태그=주거·교통·도시생활환경, 태그 핵심어 약함",https://idea.seoul.go.kr/front/freeSuggest/view.do?sn=182392
PROP-182378,2018-09-15,N,미상,0.0,임산부 배려석? 생각의 전환으로! 임산부 배려뱃지!,임산부 배려석? 생각의 전환으로! 임산부 배려뱃지!,임신·난임·생식건강,임산부 건강·배려,임산부 건강관리·배려,임신·난임·생식건강,건강임신지원팀,02-2133-9492,저출생사업1팀 | 가족지원팀,1순위:건강임신지원팀 | 2순위:저출생사업1팀 | 3순위:가족지원팀,1,임산부 배려공간 조성,ㅇ 교통 약자인 임산부의 엘리베이터 안전사고 예방 및 배려문화 확산을 위해 엘리베이터 내?외부에 임산부 배려공간 조성(엠블럼 부착)   - 임산부를 위해 해당 공간을 비워두고 양보하는 사회 분위기 확산 유도 ㅇ 임산...,,,,https://idea.seoul.go.kr/front/freeSuggest/view.do?sn=182378
PROP-182221,2018-09-09,N,미상,0.0,청년및 신혼부부희망주택 정책제안,안녕하세요  저는 서울사는 두청년을둔 50대가장임니다  저희세대와달리 우리아이들의 주거문제가 가장심각하고있습니다  먼저 소득이 적다보니 집마련은  로또당첨이되도 서울에 집사기어렵다함니다    (첫번째) 제안드리고자하는것은 대학생및 청년들에겐  기존 동사무소를 일부증축을해서 공급하는것이 어떨런지요 주변과마찰없이 기존동사무소를 활용하면 일자리도 생겨나고 월세부담도 줄여주니 일석이조가 아닌가함니다   (두번째) 용산기지 활용을 영구임대로 지어주세요 이곳엔 신혼부부만 입주할수있도록 해주셔야 지금의 저출산 집걱정없이 우리젊은세대를 희망의 세대로만들어야함니다 아마도 기존기득권들의 반발이있겠지만 꼭 추진해주시길바람니다  이대로는 훗날 모두의 공멸로갈수밖에 없습니다  나머지세대에겐 지금추진중인 택지개발을 통해공급하면되구요  그래야  청년들이 희망을가짐니다  이번에  주택정책 실패하면 안됨니다 그좋은위치 새로인생을 시작하는 신혼부부들에게  돌려주어야함니다,주거·교통·도시생활환경,출산가구 주거,신혼부부·출산가구 주거지원,주거·교통·도시생활환경,저출생사업1팀,02-2133-5027,생활지원팀,1순위:저출생사업1팀 | 2순위:생활지원팀,4,신혼부부 결혼ㆍ살림비용 지원 | 신혼희망타운 | 신혼부부 전용 주택 구입 자금 대출 | 신혼부부 임차보증금 이자 지원,"ㅇ 결혼ㆍ살림 비용 최대 100만원 지원    - 결혼준비 및 혼인살림 장만 관련 비용 지출    ※ 생애 1회 지급   ? 결혼준비 : 혼수, 예식장, 신혼여행, 청첩장 등    ? 혼인살림 : 전자제품, 주방가전... | 신혼희망타운 분양?임대주택 공급 및 청약 자격 제공 | 연 2.55~3.85% 금리로 주택구입 자금 대출, 최대 3억 2천만 원 한도 | - 임차보증금 대출금: 최대 3억원(임차보증금의 90% 이내) - 이자지원 금리: 최대 4.5% - 지원기간: 최장 10년(25.11.20. 부터 최장 12년) ※ 자세한 사항은 서울주거포털 공고문 참조",,,,https://idea.seoul.go.kr/front/freeSuggest/view.do?sn=182221
PROP-182211,2018-09-08,N,미상,0.0,신혼부부 영구주택 100만호 건설합시다.,신혼부부 영구주택 100만호 건설합시다.,주거·교통·도시생활환경,출산가구 주거,신혼부부·출산가구 주거지원,주거·교통·도시생활환경,저출생사업1팀,02-2133-5027,생활지원팀,1순위:저출생사업1팀 | 2순위:생활지원팀,4,신혼부부 결혼ㆍ살림비용 지원 | 신혼희망타운 | 신혼부부 전용 주택 구입 자금 대출 | 신혼부부 임차보증금 이자 지원,"ㅇ 결혼ㆍ살림 비용 최대 100만원 지원    - 결혼준비 및 혼인살림 장만 관련 비용 지출    ※ 생애 1회 지급   ? 결혼준비 : 혼수, 예식장, 신혼여행, 청첩장 등    ? 혼인살림 : 전자제품, 주방가전... | 신혼희망타운 분양?임대주택 공급 및 청약 자격 제공 | 연 2.55~3.85% 금리로 주택구입 자금 대출, 최대 3억 2천만 원 한도 | - 임차보증금 대출금: 최대 3억원(임차보증금의 90% 이내) - 이자지원 금리: 최대 4.5% - 지원기간: 최장 10년(25.11.20. 부터 최장 12년) ※ 자세한 사항은 서울주거포털 공고문 참조",,,,https://idea.seoul.go.kr/front/freeSuggest/view.do?sn=182211
PROP-182200,2018-09-07,N,미상,0.0,상도유치원,"현재 기울어져 있는 상도 유치원이 저상태로 무너지면 말 많은 신문 방송 날리납니다. 저절로 무너지면 절대 안됩니다.
그러기 전에 시장님이 말씀하신 철거를 신속히 하세요.유치원이 무거지면 책임의 소지는 둘째 치고라도 나라 망신입니다.
무너지면 유치원은 무너진것으로 기록되고, 철거하면 철거된걸로 기록될것입니다.
무너지기전에 오늘중으로라도 철거를 하세요.",보육·돌봄 인프라,어린이집·유치원,보육시설·유아교육,보육·돌봄 인프라,돌봄사업팀,02-2133-6560,가족지원팀 | 저출생사업1팀,1순위:돌봄사업팀 | 2순위:가족지원팀 | 3순위:저출생사업1팀,0,,,,,,https://idea.seoul.go.kr/front/freeSuggest/view.do?sn=182200
PROP-182192,2018-09-06,N,미상,0.0,"장애인, 기초수급자, 한부모가정 등 이사시 에어컨 보일러 점검 서비스 해야","장애인, 기초수급자, 한부모가정 등 이사시 에어컨 보일러 점검 서비스 해야",취약·다양가족 사각지대,한부모·위기임산부,한부모·미혼부모·위기임산부,취약·다양가족 사각지대,장애인가족지원팀,02-2133-9611,가족지원팀 | 저출생사업1팀,1순위:장애인가족지원팀 | 2순위:가족지원팀 | 3순위:저출생사업1팀,0,,,,,,https://idea.seoul.go.kr/front/freeSuggest/view.do?sn=182192
PROP-182161,2018-09-04,N,미상,0.0,어린이 노인보호구역 신호등커버나 기둥에 노란색 칠하기,"아래 제안은 제가 지난달28일 햇던 내용입니다.
점부할 사진이 있어 다시 올립니다.
어린이 보호구역 신호등 노란색 칠하기
이동석
님
2018-08-29 10:20
어린이 보호구역 이나
노인 보호구역이 정해져 있습니다.
스쿨죤 또는 아스팔트 위에 또는
표지판으로도 표식이 되어 있지만
신호등 기둥 그리고 신호등커버 전체를
어린이보호구역이나 노인 보호구역 횡단보도 신호 또는
차량 신호등에도 노랑색으로 전체를 칠하여
아스팔트 바닥 또는 표지판을 못보더라도
신호등 커버 기둥색깔이 노란색으로
칠해져 있으면 누가봐도 어린이나 노인보효
구역임이 표시 날겁니다.
이러한 노란색으로 칠해져 있는 신호등커버 기둥이
있는곳 에는 모든 운전자.자전거 오도바이등등이
서행하여 어린이나  노약자들을 보호 햇으면
좋겟다？ 생각이 들어
제안하여 봅니다.
공감 1건
공감",정보·상담·교육·거버넌스,정보 접근성,일반 출산정책 안건,정보·상담·교육·거버넌스,저출생사업1팀,02-2133-5027,가족건강팀 | 생활지원팀,1순위:저출생사업1팀 | 2순위:가족건강팀 | 3순위:생활지원팀,0,,,,,"TAG_REVIEW:현재 태그=정보·상담·교육·거버넌스, 태그 핵심어 약함 || TAG_REVIEW:현재 태그=정보·상담·교육·거버넌스, 태그 핵심어 약함",https://idea.seoul.go.kr/front/freeSuggest/view.do?sn=182161
PROP-182151,2018-09-03,N,미상,0.0,각 구마다 산모을 위한 산모요가 프로그램?,각 구마다 산모을 위한 산모요가 프로그램?,출산·산후 초기지원,산후조리,산후조리·산모도우미,출산·산후 초기지원,가족건강팀,02-2133-9486,저출생사업1팀,1순위:가족건강팀 | 2순위:저출생사업1팀,0,,,,,,https://idea.seoul.go.kr/front/freeSuggest/view.do?sn=182151
PROP-182108,2018-08-29,N,미상,1.0,어린이 보호구역 신호등 노란색 칠하기,"어린이 보호구역 이나
노인 보호구역이 정해져 있습니다.
스쿨죤 또는 아스팔트 위에 또는
표지판으로도 표식이 되어 있지만
신호등 기둥 그리고 신호등커버 전체를
어린이보호구역이나 노인 보호구역 횡단보도 신호 또는
차량 신호등에도 노랑색으로 전체를 칠하여
아스팔트 바닥 또는 표지판을 못보더라도
신호등 커버 기둥색깔이 노란색으로
칠해져 있으면 누가봐도 어린이나 노인보효
구역임이 표시 날겁니다.
이러한 노란색으로 칠해져 있는 신호등커버 기둥이
있는곳 에는 모든 운전자.자전거 오도바이등등이
서행하여  노약자들을 보호 햇으면
좋겟다？ 생각이 들어
제안하여 봅니다",정보·상담·교육·거버넌스,정보 접근성,일반 출산정책 안건,정보·상담·교육·거버넌스,저출생사업1팀,02-2133-5027,가족건강팀 | 생활지원팀,1순위:저출생사업1팀 | 2순위:가족건강팀 | 3순위:생활지원팀,0,,,,,"TAG_REVIEW:현재 태그=정보·상담·교육·거버넌스, 태그 핵심어 약함 || TAG_REVIEW:현재 태그=정보·상담·교육·거버넌스, 태그 핵심어 약함",https://idea.seoul.go.kr/front/freeSuggest/view.do?sn=182108
PROP-182052,2018-08-22,N,미상,3.0,어린이보호구역 도로를 울퉁불퉁하게 해서 과속을 방지해 주세요,"안녕하세요.
어린이 보호구역에 신호등이나 과속방지턱, 안내판 정도로는 실효과 크지 않은 것 같습니다.
바닥을 울퉁불퉁한 돌벽돌로 만들어 놓으면 미관상에도 매우 좋고 차량 운전자들은 어쩔 수 없이 서행하게 되어 실효로 이어질 수 밖에 없을 것 같습니다.
고려해 주시길 부탁드립니다.",정보·상담·교육·거버넌스,정보 접근성,일반 출산정책 안건,정보·상담·교육·거버넌스,저출생사업1팀,02-2133-5027,생활지원팀,1순위:저출생사업1팀 | 2순위:생활지원팀,0,,,,,,https://idea.seoul.go.kr/front/freeSuggest/view.do?sn=182052
PROP-181959,2018-08-10,N,미상,0.0,어린이 등하원 돌보미 활용방안,"30대 후반 맞벌이 부부입니다.
5세, 7세 아이들이 있구요.. 지금은 같은 어린이집을 다니고 있어서
제가 아침일찍 등원을 시키고 출근을 합니다.
하원은 양가 부모님께서 요일별로 나눠서 도와주시구요.
그래도 전 다행인 편에 속합니다.
회사가 가까워서 등원을 시키는 일이 가능하고
양가 부모님이 근처에 사셔서 하원을 도와주시는것도 가능합니다.
그런데 걱정이 하나 있습니다.
내년에는 큰애가 초등학교에 다니게 되어 여러가지 고민거리가 생겼습니다.
1. 등원에 대한 동선. 어린이집과 초등학교 위치가 반대여서 등원을 어떻게 시켜야 할지가 고민입니다.
2. 초등학교 하원 후 케어
- 초등학교는 오후 1시면 끝납니다. 돌봄교실을 신청하거나 학원 뺑뺑이를 돌려야 하는데..
학원 차량까지 연계는 누가 해줄지... 돌봄교실이 끝나고 하원은 누가 도와줄지...
큰 문제는 이 두가지 입니다.
즉, 등/하원의 어려움 입니다.
이래서 초등학교 입학 즈음에는 맞벌이가 외벌이로 바뀔 수 밖에 없다 하더군요..
저희같이 양가 부모님께서 도와주시거나
형편이 되는 가정에서는 도우미를 쓰곤 하는데,
도우미는 보통 180~200정도로 등/하원 뿐만 아니라 가사도우미까지 병행하고 있습니다.
부모 입장에서는 등/하원시만 도와주면 좋은데.. 그렇게되면 시급으로 하루 3시간도 안될거거든요.
그래서 제안드립니다.
ㅇ 도우미 입장 : 근로자로서 일정 수익이 담보되어야 합니다.
ㅇ 부모 입장 :  도우미 비용이 부담되고.. 가사지원 보다는 등/하원이 최 우선으로 필요합니다.
그렇다면..
등/하원시에는 도우미 이용에 대해서는 부모가 부담을 하고 (시급 1만원이면 일 3만원, 월 60만원 정도로 부담이 줄어듭니다)
나머지 시간에는 도움이 필요한 곳에 도우미가 가는 거죠..
도움이 필요한 곳이란? 어린이집 선생님, 장애인돌봄, 노인돌봄, 사회복지사와 같이 월 52시간 근무에서 제외되는
업무들입니다.
어린이집 선생님을 예로 들면..
하루 8시간 풀로 일하고 밥먹을 때에도 아이들과 같이 밥을 먹으면서 한시도 쉴 수 없습니다.
이런 분야에 도우미가 투입되서 2~3시간정도 지원을 해 주시면
어린이집 선생님들도 쉬실 수 있게 되겠죠.
또, 초등학교 저학년 어린이들을 케어하거나
학교 - 학원버스 연계 도우미로도 활용이 가능할겁니다.
비용은 해당 기관에서 일부 부담하고, 일부는 세금으로도 충당하면 좋을거 같습니다.
☆ 등하원 돌보미를 활용한 일자리 창출. 어떤가요?",보육·돌봄 인프라,초등돌봄,초등돌봄·방과후,보육·돌봄 인프라,돌봄사업팀,02-2133-6560,생활지원팀 | 가족건강팀,1순위:돌봄사업팀 | 2순위:생활지원팀 | 3순위:가족건강팀,5,외국인 가사(육아)인력 시범사업 | 영아 전담 아이돌봄서비스 | 등하원 아이돌봄서비스 | 등하원 전담 아이돌봄서비스 | 서울형 육아휴직장려금,"맞벌이 부부 등 ‘육아 조력자’의 도움이 절실한 자녀양육 가정에 외국인 육아도우미를 활용한 양육지원사업 도입 | 출산휴가, 육아휴직 후 복귀하는 맞벌이 가정을 지원하고자 영아 돌봄 교육을 이수한 전담 돌보미가 영아 이유식 먹이기, 젖병 소독 등 영아 특화 돌봄서비스 제공 | 등원 사전준비, 준비물 챙기기, 등하원 동행, 하원 후 양육자 귀가 전까지 놀이활동 등 돌봄 서비스 제공 | 등원 사전준비, 준비물 챙기기, 등하원 동행, 하원 후 양육자 귀가 전까지 놀이활동 등 돌봄 서비스 제공 | ○ 자녀 1인당 최대 120만원 지원 - 육아휴직기간 연속 6개월 시 60만원, 연속 12개월 경과 시 60만원 추가지급 ※ 부?모 모두 육아휴직 시 각각 지급 (자녀 1인에 대해 가구당 최대 240만원 지급)",,,,https://idea.seoul.go.kr/front/freeSuggest/view.do?sn=181959
PROP-181948,2018-08-09,N,미상,0.0,출산장려금,"출산 장려금을 서울시에서 직접주세요...
출산할때 산후조리원비용도 많이 들어가지만
여러가지 이유(조리원불신,비용부담...등)로
친정이나 자택에서 산후조리 하시는 분들도
많습니다.
조리원비용에 상응하는 금전(지역화폐포함)을 지원한다면 산모가 가정집에서 산후조리하게 될때도 전문 맛사지,
베이비시터등의 혜택을 자유롭게 받아볼수있습니다.
이는 일자리 창출에도 많은 도움이 되리라 생각합니다.
또한 조리원을 원하는 분들도 큰 부담없이 이용할 수 있을것입니다.
자연적인 임신일경우 아이를 갖는 비용은 그다지 많이 들지않습니다. (열정적인 사랑)
낳을때 부터가 돈 이라고들 하지요...
그 낳을때... 서울시가 세상의 시작부터 시민을 위해
노력해 주십시오...
(
서시
)>>>(
﻿서울시가 시작
)
서시 하겠습니다>>>서울시가 시작하겠습니다.
새로운 신조어를 만들어 봅니다.
그리고 이 글은 저출산정책에 의견제시를 해달라는 글을 보고 남깁니다.  상금의 대상이 된다면... 아내의 산후조리에 사용하겠습니다.",출산·산후 초기지원,출산가구 초기지원,출산지원금·출생축하,출산·산후 초기지원,가족건강팀,02-2133-9485,가족지원팀,1순위:가족건강팀 | 2순위:가족지원팀,0,,,,,,https://idea.seoul.go.kr/front/freeSuggest/view.do?sn=181948
PROP-181936,2018-08-07,N,미상,0.0,양육수당 어린이집 보육료만큼 인상 제안합니다,"0세 이하의 영유아도
지역구마다 30만원에서 많게는 40만원 이상의
어린이집 보육료가 지원되는데
아직 목도 못 가누고
면역력이 취약한 시기의 아이를
차마 어린이집에 맡길 수가 없어서
가정에서 직접 양육하는 경우에는
어린이집 보육료에 절반에도 못 미치는
양육수당이 지원되고
이 마저도 연도별로 감축되는 실정입니다
3세 이후의 영유아라면 모를까
그 이전의 아이들은 면역력도 취약하고
무엇보다 소통능력도 전무한데
가정에서 안정적으로 부모의 양육을 받아
부모와 1차적으로 안정적인 애착관계를 형성하는 것이
차후에도 아이가 건강이나 사회성 발달 측면에서도
바람직하지 않을까요?
물론 맞벌이 가정도 있고
가정마다 저마다의 사정이 있을 터이니
어느 것이 일방적으로 옳다 그르다 할 수는 없을 것입니다
다만 양자가 모두 장단점이 있으니
보육원 양육이나 가정에서의 양육이나
지원금을 균등하게 하여
각 가정에서
저마다의 사정에 따라
선택할 수 있는 기회를 주어야 한다고 생각합니다
찬성
1
반대
0",보육·돌봄 인프라,어린이집·유치원,보육시설·유아교육,보육·돌봄 인프라,돌봄사업팀,02-2133-6560,가족건강팀 | 저출생사업1팀,1순위:돌봄사업팀 | 2순위:가족건강팀 | 3순위:저출생사업1팀,5,서울형 육아휴직장려금 | 영아 전담 아이돌봄서비스 | 서울형 육아휴직장려금(사업종료) | 외국인 가사(육아)인력 시범사업 | 서울형 손주돌봄수당 지원(민간형),"○ 자녀 1인당 최대 120만원 지원 - 육아휴직기간 연속 6개월 시 60만원, 연속 12개월 경과 시 60만원 추가지급 ※ 부?모 모두 육아휴직 시 각각 지급 (자녀 1인에 대해 가구당 최대 240만원 지급) | 출산휴가, 육아휴직 후 복귀하는 맞벌이 가정을 지원하고자 영아 돌봄 교육을 이수한 전담 돌보미가 영아 이유식 먹이기, 젖병 소독 등 영아 특화 돌봄서비스 제공 | ○ 자녀 1인당 최대 120만원 지원 - 육아휴직기간 연속 6개월 시 60만원, 연속 12개월 경과 시 60만원 추가지급 ※ 부?모 모두 육아휴직 시 각각 지급 (자녀 1인에 대해 가구당 최대 240만원 지급) | 맞벌이 부부 등 ‘육아 조력자’의 도움이 절실한 자녀양육 가정에 외국인 육아도우미를 활용한 양육지원사업 도입 | 영아를 키우는 가정에서 조부모(4촌 이내 친인척 포함)가 영아를 돌보는 경우 또는 서울시에서 지정한 민간기관의 손주돌봄 서비스를 이용 시 돌봄 비용을 지원(택1)하여 가정의 양육부담 경감 ① 친인척 조력자 손주돌봄수...",,,,https://idea.seoul.go.kr/front/freeSuggest/view.do?sn=181936
PROP-181921,2018-08-06,N,미상,0.0,큰 건물의 하수처리 시설 설치를 지원해 주세요. (열섬 현상 개선 아이디어),큰 건물의 하수처리 시설 설치를 지원해 주세요. (열섬 현상 개선 아이디어),정보·상담·교육·거버넌스,정보 접근성,일반 출산정책 안건,정보·상담·교육·거버넌스,저출생사업1팀,02-2133-5021,,1순위:저출생사업1팀,0,,,,,"TAG_REVIEW:현재 태그=정보·상담·교육·거버넌스, 태그 핵심어 약함 || TAG_REVIEW:현재 태그=정보·상담·교육·거버넌스, 태그 핵심어 약함",https://idea.seoul.go.kr/front/freeSuggest/view.do?sn=181921
PROP-181875,2018-07-29,N,미상,0.0,어린이집 통학차량에  대한 제언,"문제점
언론에서 어린이집 통학차량에 아이들이 방치되어 죽는 사고를 방송했습니다. 그 이후 각 자치구에서는 대책을 마련하고 있지만, 서울시에서는 마땋한 지침을 내리지 않은 것 같습니다. 그래서 구로구에서 운용하는 어린이집 통학차량들을 보니 아무런 방지 대책이 되어 있지 않더군요. 어린이집에 아이를 보내는 아버지의 입장에서 내 아이에게 이런 사고가 일어나지 않기를 바라지 않는 마음으로 서울시에서 지침을 내려 서울시의 각 자치구에 어린이집을 운용하는 차량들에 설치되었으면 합니다.
개선방안
1. 서울시는 스마트 시티를 지향할 정도로 기술력이 발전되어 있습니다. 그래서 제가 제안하는 것은 스마트 폰과 근거리 무선통신을 활용하여 어린이집 도착시 운전자가 모든 아동의 하차를 확인한 후 통학차량의 맨 뒷자석과 차령 외부에 설치한 근거리 무선통신에 태그하면 학부모와 어린이집, 서울시 각 자치구의  관제센터에 하차여부를 동시에 알려주는 것입니다. 그리고 단말기에 태그하지 않을 경우에는 운전자, 어린이집, 서울시 각 자치구의   관제센터에 1분 간격으로 경보음이 울려 어린이집 갇힘 사고를 다방면으로 방지하는 것입니다.
2. 또한 어린이집에서 운행하는 차량의 뒷자리에 시동을 끈 뒤에는 경보음이 울리게 하여 운전자가 시동을 끈 후에 차량 뒷자리에 설치된 경보음이 울리지 않도록 벨을 눌러야 하는 장치를 설치하는 것입니다. 이렇게 하면 운전자가 경보음을 끄기 위해 차량의 뒷자석을 확인하여 차량에 남아있는 아이들을 한 번 더 확인할 수 있고 사고가 나는 것을 방지할 수 있습니다.
기대효과
1. 서울시의 어린이 안전에 행정에 대한 신뢰도 향성
2. 어린이집 통학차량에서의 사고 발생 방지
3. 서울시의 최신 기술을 적용한 스마트 안전 서울 실현
4. 부모들이 믿고 어린이집을 보낼 수 있는 시스템 구축",보육·돌봄 인프라,어린이집·유치원,보육시설·유아교육,보육·돌봄 인프라,돌봄사업팀,02-2133-6560,가족건강팀,1순위:돌봄사업팀 | 2순위:가족건강팀,5,어린이집 영유아 방문건강관리 서비스 지원 | 서울형어린이집 | 서울형 0세 전담반 어린이집(사업종료) | 서울형 0세 전담반 어린이집 | 서울형 시간제 전문 어린이집,어린이집으로 방문건강간호사가 찾아가서 건강관리 및 건강교육서비스 제공 | 공인평가를 통하여 우수한 민간 어린이집을 선정하고 인건비 및 운영비를 지원함으로써 향상된 보육서비스를 안정적으로 제공 | 12개월 미만의 영아 보육에 적합한 ‘0세 전담반’  어린이집 100개반 선정 운영 | 12개월 미만의 영아 보육에 적합한 ‘0세 전담반’  어린이집 100개반 선정 운영 | 가정양육 또는 타 기관 이용 보호자 등 누구나 필요시 시간 단위로 이용할 수 있는 보육서비스,,,,https://idea.seoul.go.kr/front/freeSuggest/view.do?sn=181875
PROP-181849,2018-07-25,N,미상,0.0,어린이집 통원버스 하차 안전장치 제안,"혹서기에 어린이집 통원버스 하차 확인소홀로 인한 안타까운 사고가 근절되지 못하고 있다.
시스템 적으로 보완할 수 있도록 제안을 해 본다.
각 의자마다 센서를 부착하고 운전석에는 기사가 좌석에 앉아 있는 유아 존재 여부를 확인할 수 있는 모니터를 설치하고
모니터 상에 좌석 점유가 되어 있는데 시동을 끌 경우 경보를 울릴 수 있는 시스템을 구축하였으면 한다.",보육·돌봄 인프라,어린이집·유치원,보육시설·유아교육,보육·돌봄 인프라,돌봄사업팀,02-2133-6560,가족건강팀 | 저출생사업1팀,1순위:돌봄사업팀 | 2순위:가족건강팀 | 3순위:저출생사업1팀,5,어린이집 영유아 방문건강관리 서비스 지원 | 서울형어린이집 | 서울형 0세 전담반 어린이집(사업종료) | 서울형 0세 전담반 어린이집 | 서울형 시간제 전문 어린이집,어린이집으로 방문건강간호사가 찾아가서 건강관리 및 건강교육서비스 제공 | 공인평가를 통하여 우수한 민간 어린이집을 선정하고 인건비 및 운영비를 지원함으로써 향상된 보육서비스를 안정적으로 제공 | 12개월 미만의 영아 보육에 적합한 ‘0세 전담반’  어린이집 100개반 선정 운영 | 12개월 미만의 영아 보육에 적합한 ‘0세 전담반’  어린이집 100개반 선정 운영 | 가정양육 또는 타 기관 이용 보호자 등 누구나 필요시 시간 단위로 이용할 수 있는 보육서비스,,,,https://idea.seoul.go.kr/front/freeSuggest/view.do?sn=181849
PROP-181847,2018-07-25,N,미상,8.0,안녕하세요. 한 아이를 어린이집에 보내고 있는 아빠이자 개발자입니다.,"안녕하세요. 한 아이를 어린이집에 보내고 있는 아빠이자 개발자입니다.
어린이집 방치사고가 계속 반복되고 있는데 정책으로 나오는거라고는 시간과 돈이 필요하면서도 완전하지 못한 정책들이네요.
저는 당장 내 아이의 안전이 걱정되는데 말이죠.
제가 만들고 있는 앱은 매우 간단합니다.
1. 아이들마다 qr코드를 발급합니다. 명찰에 붙이건 옷에 붙이건 가방에 달건 아무렇게나 하시면 되요. 뱃지 팔찌 머든지 상관없습니다.
2. 선생님은 승차, 하차때마다 qr코드를 스캔하면 됩니다. 어린이집이건 외부 놀이동산이건 스캔만 하면 됩니다.
3. 스캔한 내역은 부모가 확인할 수 있습니다. 승차는 했는데 하차를 안했다? 그러면 부모가 바로 알 수 있습니다.
4. 선생님도 사람인데 실수 할 수 있습니다. 실수를 시스템적으로 보완하여 알림 메세지를 보내줍니다.
간단하지만 차량방치뿐 아니라 아이들이 외부활동 중 없어지는 것도 거의 100%방지할 수 있습니다. 어린이집의 외부 활동이 생각보다 많습니다. 게다가 어린이집
차량은 어린이집 소유가 아닌경우도 있는데, 정책이 어린이집 내부나 차량내부에 무엇인가를 설치하려고 한다면 완전하지 못한 정책이라고 생각합니다.
날씨가 계속 무덥다고 합니다. 정책이 결정되는 동안에도 부모들은 걱정에서 벗어나질 못하고 있습니다. 누가봐도 타당한 앱이라고 생각합니다. 판단 부탁드립니다.",보육·돌봄 인프라,어린이집·유치원,보육시설·유아교육,보육·돌봄 인프라,돌봄사업팀,02-2133-6560,저출생사업1팀 | 생활지원팀,1순위:돌봄사업팀 | 2순위:저출생사업1팀 | 3순위:생활지원팀,5,어린이집 영유아 방문건강관리 서비스 지원 | 서울형어린이집 | 서울형 0세 전담반 어린이집(사업종료) | 서울형 0세 전담반 어린이집 | 서울형 시간제 전문 어린이집,어린이집으로 방문건강간호사가 찾아가서 건강관리 및 건강교육서비스 제공 | 공인평가를 통하여 우수한 민간 어린이집을 선정하고 인건비 및 운영비를 지원함으로써 향상된 보육서비스를 안정적으로 제공 | 12개월 미만의 영아 보육에 적합한 ‘0세 전담반’  어린이집 100개반 선정 운영 | 12개월 미만의 영아 보육에 적합한 ‘0세 전담반’  어린이집 100개반 선정 운영 | 가정양육 또는 타 기관 이용 보호자 등 누구나 필요시 시간 단위로 이용할 수 있는 보육서비스,,,,https://idea.seoul.go.kr/front/freeSuggest/view.do?sn=181847
PROP-181809,2018-07-20,N,미상,1.0,서울 및 수도권 지하철에 있는 &#34;임산부 배려석&#34; 개선 요청합니다.,서울 및 수도권 지하철에 있는 &#34;임산부 배려석&#34; 개선 요청합니다.,임신·난임·생식건강,임산부 건강·배려,임산부 건강관리·배려,임신·난임·생식건강,건강임신지원팀,02-2133-9492,저출생사업1팀 | 다문화지원팀,1순위:건강임신지원팀 | 2순위:저출생사업1팀 | 3순위:다문화지원팀,1,임산부 배려공간 조성,ㅇ 교통 약자인 임산부의 엘리베이터 안전사고 예방 및 배려문화 확산을 위해 엘리베이터 내?외부에 임산부 배려공간 조성(엠블럼 부착)   - 임산부를 위해 해당 공간을 비워두고 양보하는 사회 분위기 확산 유도 ㅇ 임산...,,,,https://idea.seoul.go.kr/front/freeSuggest/view.do?sn=181809
PROP-181777,2018-07-16,N,미상,0.0,임산부석 좌석 알람제,"현재 임산부에게 나눠주는 핌크스티커에 rf기능을 임산부좌석과 연동시켜서 임산부가 좌석근처에 있으면 작은 소리가 울려퍼지면 어띨까요?
노약자 임산부석에 사람들이 앉아 있다가
소리를 듣고 더 편하게 죄석양보가 가능할것 같습니다.
휴대폰 연동도 좋구요.",임신·난임·생식건강,임산부 건강·배려,임산부 건강관리·배려,임신·난임·생식건강,건강임신지원팀,02-2133-9491,가족지원팀 | 저출생사업1팀,1순위:건강임신지원팀 | 2순위:가족지원팀 | 3순위:저출생사업1팀,1,임산부 배려공간 조성,ㅇ 교통 약자인 임산부의 엘리베이터 안전사고 예방 및 배려문화 확산을 위해 엘리베이터 내?외부에 임산부 배려공간 조성(엠블럼 부착)   - 임산부를 위해 해당 공간을 비워두고 양보하는 사회 분위기 확산 유도 ㅇ 임산...,,,,https://idea.seoul.go.kr/front/freeSuggest/view.do?sn=181777
PROP-181602,2018-06-23,N,미상,0.0,다문화 가정 자녀들의 교육권을 보장하기 위한 정책 제안합니다,다문화 가정 자녀들의 교육권을 보장하기 위한 정책 제안합니다,정보·상담·교육·거버넌스,정보 접근성,일반 출산정책 안건,정보·상담·교육·거버넌스,저출생사업1팀,02-2133-5027,아동보호팀,1순위:저출생사업1팀 | 2순위:아동보호팀,0,,,,,,https://idea.seoul.go.kr/front/freeSuggest/view.do?sn=181602
PROP-181473,2018-06-08,N,미상,0.0,다자녀가정 할인 정책,"강남주민편익시설에 수영장을 이용하고자 홈페이지에 접속을 해보았습니다.
""서울특별시립 강남주민편익시설""이라고 소개되어있길래 다자녀 할인이 되겠거니 싶었는데
다자녀가정 할인 정책이 없다더군요.
거창한 다자녀가정 지원정책은 시행하기도 어렵고 예산도 많이 소요되니
서울특별시립 기관, 서울시 유관기관이라도 다자녀가정 할인제도를 마련해주실 것을 제안합니다.
유일하게 받고있는 출산 장려정책 혜택이 다자녀가정 할인입니다.
할인제도 운영 기관 확대를 요청합니다!!!!
50% 할인 희망합니다~
한가지더, 다른 지자체와 협의를 통해 상호 할인 가능하게 해주세요.
타지자체에서는 서울시 다자녀가정은 할인을 안해주더라고요.",다자녀·양육비·생활지원,다자녀 혜택,다자녀 기준·할인·감면,다자녀·양육비·생활지원,저출생사업1팀,02-2133-5025,가족지원팀,1순위:저출생사업1팀 | 2순위:가족지원팀,0,,,,,POLICY_REMOVED:공공요금 감면 요구가 아닌 제안에 공공요금 정책 후보: 다자녀 가구 하수도사용료 감면 || POLICY_REMOVED:차량 취득세 요구가 아닌 제안에 취득세 정책 후보: 다자녀 가구 자동차 취득세 감면 || POLICY_REMOVED:공공요금 감면 요구가 아닌 제안에 공공요금 정책 후보: 다자녀 가구 하수도사용료 감면 || POLICY_REMOVED:차량 취득세 요구가 아닌 제안에 취득세 정책 후보: 다자녀 가구 자동차 취득세 감면 || POLICY_REMOVED:공공요금 감면 요구가 아닌 제안에 공공요금 정책 후보: 다자녀 가구 하수도사용료 감면 || POLICY_REMOVED:차량 취득세 요구가 아닌 제안에 취득세 정책 후보: 다자녀 가구 자동차 취득세 감면 || POLICY_REMOVED:차량 취득세 요구가 아닌 제안에 취득세 정책 후보: 다자녀가구 자동차 취득세 취약계층 감면,https://idea.seoul.go.kr/front/freeSuggest/view.do?sn=181473
PROP-181437,2018-06-04,N,미상,0.0,아이돌봄서비스 더 쉽게 이용할수 있으면 합니다,"실제 일하고 혜택을 받을수 있는 시기가 일하고2달뒤  4대보험이 이루어 져야지
실제 이용할수 있고요   실제 먼저 이용하고 난뒤 나중에 돈에서 차감했으면 합니다
당장급한데  유형 판정이 되지 않아 한시간에 1만원으로 이용할 수 밖에 없는데
초등학교 돌봄교실도  4대보험이 되어야지 이용할수 있고요
아이를 맡기는데 쉽지 않습니다",보육·돌봄 인프라,가족돌봄,아이돌봄·조부모돌봄,보육·돌봄 인프라,돌봄사업팀,02-2133-6560,저출생사업1팀 | 생활지원팀,1순위:돌봄사업팀 | 2순위:저출생사업1팀 | 3순위:생활지원팀,5,병원동행 전담 아이돌봄서비스 | 아픈아이 전담 아이돌봄서비스 | 영아 전담 아이돌봄서비스 | 영아종일제 아이돌봄 서비스 | 초등돌봄교실,"부모의 맞벌이 등으로 아픈 자녀의 병원 동행을 할 수 없는 경우 아이돌보미가 병원 동행 및 가정 내 돌봄 서비스 제공 | 부모의 맞벌이 등으로 아픈 자녀의 병원 동행을 할 수 없는 경우 아이돌보미가 병원 동행 및 가정 내 돌봄 서비스 제공('23년은 5개구 시범운영 중 : 성동, 동대문, 강북, 강서, 서초) | 출산휴가, 육아휴직 후 복귀하는 맞벌이 가정을 지원하고자 영아 돌봄 교육을 이수한 전담 돌보미가 영아 이유식 먹이기, 젖병 소독 등 영아 특화 돌봄서비스 제공 | 양육공백 가정에 아이돌보미가 찾아가 영아 이유식 먹이기, 젖병 소독, 기저귀 갈기, 목욕 등 돌봄 서비스 제공  ※ 정부지원 아이돌봄 서비스는 서울형 아이돌봄비(조부모 돌봄수당 등)와 별개의 사업   - 서울형 아이... | 돌봄, 교육 및 일부 급?간식비 지원",,,,https://idea.seoul.go.kr/front/freeSuggest/view.do?sn=181437
PROP-181306,2018-05-23,N,미상,0.0,보육교사 휴게시간 개선에 대해,"정부에서 내놓은 보육교사의 휴게시간 보장은
현실적으로 현장에서 이루어 지기 힘든 정책입니다
현장에서 휴게시간이 보장되지 않는 정책은
아무리 좋은 정책이라도 포장만 좋지 안에 내용물이 필요없는 정책이라고 생각합니다
보육교사로서 현장에서 일하면서
현장경험으로 휴게시간도 보장되고 일자리로 창출할수 있는 좋은 아이디어가 있지만
어떻게 정부에게 말하며
저같이 평범한 시민이 정책아이디어를 내기가 힘듭니다
서울시 사이트를
다 뒤져봐도 어떻게 해야하는지 방법을 알수가 없습니다
좋은 아이디어로
보육교사로 현장에 일하시는 분들과 함께 힘을 모아
정부에 도움을 주고자 합니다
문의할수 있는 곳
혹은 사업을 추진할수 있는 곳
공모 혹은 공시 혹은 지원 받을 수 있는 곳을 알려주시면 감사하겠습니다",보육·돌봄 인프라,어린이집·유치원,보육시설·유아교육,보육·돌봄 인프라,돌봄사업팀,02-2133-6560,저출생사업1팀 | 생활지원팀,1순위:돌봄사업팀 | 2순위:저출생사업1팀 | 3순위:생활지원팀,4,다문화 보육료 | 시간제 보육 | 만0~5세 보육료 | 방과후 보육료,"만0세: (기본)540,000원, (야간)540,000원, (24시간)810,000원 만1세반: (기본)475,000원, (야간)475,000원, (24시간)712,500원 만2세반: (기본)394,000원, (야간... | 만6개월~36개월 부모급여 또는 양육수당 수급 아동대상 시간제보육 지원 | ① 기본보육료(월별) 만0세반: 540,000원 만1세반: 475,000원 만2세반: 394,000원 만3~5세: 280,000원  ② 연장보육료(월별) 0세반: 3,000원 영아반: 2,000원 유아반: 1,000... | ① 정부지원시설 - 4시간 이용: 월 10만원 지원 - 종일 이용(방학 등): 월 20만원 지원  ② 정부미지원시설  - 4시간 이용: 월 233,650원  - 종일 이용: 월 467,300원   ③교사대아동 비율 ...",,,,https://idea.seoul.go.kr/front/freeSuggest/view.do?sn=181306
PROP-181300,2018-05-23,N,미상,0.0,유아용 체험학습장소 실내식사장소 확대해주세요,유아용 체험학습장소 실내식사장소 확대해주세요,정보·상담·교육·거버넌스,정보 접근성,일반 출산정책 안건,정보·상담·교육·거버넌스,저출생사업1팀,02-2133-5027,생활지원팀,1순위:저출생사업1팀 | 2순위:생활지원팀,0,,,,,"TAG_REVIEW:현재 태그=정보·상담·교육·거버넌스, 태그 핵심어 약함 || TAG_REVIEW:현재 태그=정보·상담·교육·거버넌스, 태그 핵심어 약함",https://idea.seoul.go.kr/front/freeSuggest/view.do?sn=181300
PROP-181276,2018-05-20,N,미상,0.0,"서울 녹지, 공원, 아동청소년 놀이터 확충 요구한다","재건축, 재개발, 도시 재생, 도시공학, 리모델링 등등 화려한 수사를 보면서 여러 생각을 하게 된다.
기본적으로 자기 이익을 추구하려는 시각에서 출발하고 있다고 본다.
살다보면 청소년들이나 아동들이 놀이터에서 놀기위해서 모여 있거나 놀이터로 오가는 모습을 본다.
군데군데 소규모 공터였거나 남는 땅을 녹지 약간 조성하고 그네같은 놀이기구 몇개 놔둔 아주 소박한 공간이다.
그걸 보면
컴퓨터 게임에 빠지지 않고 공원에 오는 것이 대견스럽기도하고
서울이라는 도시 속에서 아이들이 공을 차거나 뛰어놀 공간이 없는 것은 30년 전이나 마찬가지 이구나 하는 감회가 생긴다.
사회적 약자인 아동과 청소년은 별 관심은 못 받는 듯 하다.
결론
서울시 내에 녹지, 공원, 아동 청소년 및 노인까지 활용할 놀이터 등 사회적 자원을 확충해 주기 바란다.
서울시가 하는 짓은 아니지만 빈 땅이 생기면 녹지나 휴식공간은 안 생기고 주차장만 생긴다.
주차 수요에 대한 정책이 부재한 탓도 있지만
차를 사용하는 자들이 바로 주도적인 계층이고 그들은 자기의 수요를 먼저 충족하기 때문이다.
녹지의 경우 환경적 대안이고 심각하게 연구할 분야다.
다만 꽃가루로 인한 보건적 문제는 사회적 비용을 증가시키고
사람을 괴롭게 하는 요인이다.
따라서 꽃가루 문제도 깊이 고려되어야 한다. 아무도 하지 않는 일같아 보이는데 그런 아무도 하지 않는 일을 해야 하는 것이 바로 정부, 지방정주, 아니면 서울시이다.",정보·상담·교육·거버넌스,정보 접근성,일반 출산정책 안건,정보·상담·교육·거버넌스,저출생사업1팀,02-2133-5021,다문화지원팀,1순위:저출생사업1팀 | 2순위:다문화지원팀,0,,,,,,https://idea.seoul.go.kr/front/freeSuggest/view.do?sn=181276
PROP-181229,2018-05-14,N,미상,6.0,월컴 키즈존 - 아이들과 함께하는 행복한 식사,"제목 : 월컴 키즈존- 아이들과 함께하는 행복한 식사
현황 및 문제점
- 노키즈존은 증가하고 있으나 월컴 키즈존은 부재한 상황임.
- 일반 식당의 경우 어린이 메뉴가 없어 아이 식사에 어려움이 있고,
- 어린이의 경우 식사가 일직 끝나 식당내에서 뛰어다는 상황으로 타인에게 방해를
주는 불가피한 상황이 발생함.
- 식당 공간내 놀이방 유무, 어린이 전용 메뉴 정보르 알고자 하나 안내 정보가
정보가 없어 아이 양육에 힘든 상황이 가중되고 있음
개선방안
- 친절한 도시의 특징을 살리고자 독창적인 사업이 필요함
“월컴키즈존” 알림문 부착, 식당 내 놀이방 설치 유무와 어린이 메뉴에 대한 정보를
제공할 필요성이 있음.
- “월컴 키즈존” 알림문에 놀이방 설치 유무, 어린이 메뉴, 관련정보를 볼 수 있는
QR코드 표기를 통한 정보 제공
- 시청 홈페에지에 메인 정보를 게시하고 시정 톡톡 링크와 알림문 내 QR코드를
통한 해당 식당의 정보 제공
기타
- 공무원의 전수 조사 없이. 관련 협회의 협조 및
식당의 자발적 신청에 따른 업무 진행으로 담당자 업부 피로도 최소화.
기대효과
- 월컴키즈존 (놀이방, 어린이메뉴) 정보 제공에 따른 유아 가구에 대한 식당 이용 정보 제공 등",보육·돌봄 인프라,아동 놀이·체험공간,공공키즈카페·수유실·유아휴게실,보육·돌봄 인프라,돌봄사업팀,02-2133-6560,저출생사업1팀 | 생활지원팀,1순위:돌봄사업팀 | 2순위:저출생사업1팀 | 3순위:생활지원팀,0,,,,,"TAG_REVIEW:현재 태그=보육·돌봄 인프라, 태그 핵심어 약함 || TAG_REVIEW:현재 태그=보육·돌봄 인프라, 태그 핵심어 약함",https://idea.seoul.go.kr/front/freeSuggest/view.do?sn=181229
PROP-181150,2018-05-05,N,미상,4.0,서울시 전 지역 운행 중인 시내 저상버스 내에 유모차의 고정 장치를 설치,"◘ 현황 및 문제점
서울시에서 매년 장애인을 위하여 저상버스를 많이 보급하지만 또 다른 약자인 유모차를 이용하여 아기와 함께 시내 저상버스로 이동할 경우 유모차를 어디에다 세워야 될지를 모르고 막상 시내 저상버스가 흔들리는 경우 유모차를 고정할 때가 없어 부모들이 저상버스 이용시 정말로 불편한 실정으로 개선이 필요합니다.
◘ 개선방안
1. 서울시에서 기존 운행 중인 전 시내 저상버스에 대하여 우선 적극적으로 시내 저상버스 업체와 협의하여 가능한 기존 장애인을 위한 휠체어 고정 자리에 병행하여 해당 자리 근처에 유모차의 고정 장치를 설치하도록 유도하여 아기와 함께 유모차로 저상버스를 이용하여 이동하는 부모들이 저상 시내버스 이용에 불편을 없애도록 개선하는 것입니다.
2. 서울시에서 앞으로는 저상버스를 구입할 경우 사전에 제작사와 협의하여 장애인을 위한 휠체어 고정처럼 가능한 시내 저상버스 내 해당 위치 근처에 병행하여 유모차의 고정 장치를 설치하여 유모차 이용하여 서울시 저상버스 이용하는 부모들에게 불편이 없도록 개선하는 것입니다.
◘ 기대효과
1. 부모들이 대중교통으로 이동하는 이동권 확보
2. 서울시의 아기에 대한 배려로 인구 증가에도 기여
3. 서울시의 교통 약자(유모차)에 대한 배려",주거·교통·도시생활환경,유모차 이동권,유모차·유아차 이동편의,주거·교통·도시생활환경,저출생사업1팀,02-2133-5027,가족지원팀,1순위:저출생사업1팀 | 2순위:가족지원팀,0,,,,,,https://idea.seoul.go.kr/front/freeSuggest/view.do?sn=181150
PROP-181065,2018-04-25,N,미상,1.0,어린이보호구역 불법주차 단속 민원신청 방법 을 바꾸어 주세요,"2018. 4. 25.
11:31 다산콜센터로 군자초등학교정문에서 동재아파트앞까지가 어린이보호구역인데 불법주차한차량이 많으니 단속요청을 했고 센터에서 단속하겠다고 하고 조금있다가 민원접수 되었다고 문자가 왔읍니다.
13:54 현장확인후 이동조치 및 계도 조치하였다고 문자가 왔읍니다.
밖을 내다보니 11:31분 제가 다산콜센터에 불법주차단속요청한 상태 그대로 였읍니다.
13:57분경 문자를 보낸 02-2127-4900에 전화를 거니 동대문구청이었고 여직원이 받았읍니다.
단속을 했다고 했는데 그대로다 어떻게 된거냐 했더니, 그렇게 구간으로 단속을 요청한것은 단속을 안하고 차 한대당 위치,차량번호,불법주차된주소, 불법주차시간등 적어서 을 한건씩 민원요청을 해야 단속한다고 했읍니다.....아니 불법주차한 곳이 도로인데 하나의 주차주소가 어디있나, 그냥 무슨건물 앞에 있는곳 하면 되는것 아니냐..어떻게 하나하나의 주차주소가 있을수 있나?.나는 지금까지 동재 아파트앞이 어린이 보호구역인데 와서 단속해달라고 해서 단속한줄 알았더니 그럼 하나도 단속한게 아니고 했다고 문자만 보낸것이냐,,그럼 애초에 그렇다고 애기를 해야지,단속한것처럼 속인것아닌가? 공무원 일하는 방식이 잘못된것이 아인가? 그많은 불법주차 차량을 일일이 하나 차량번호, 불법주차한 시간, 위치주소 어떻게 민원인이 일일이 신고해야 되는가? 등으로 언성이 있었지만,,,알았다고 전화 끝고 생활불편앱으로
불법주차한 차량 한대씩 찍고 10분있다찍고 기다렸다가 불법주차 2~3대 사진찍어서 올리고 가 한시간이 다흘러 가서 짜증이 와서 그만 중간에 그만두고 말았읍니다.
서울시민이 어린이보호구역에 불법주차한차량을 어떻게 하나하나 불법주차 시간까지 공증하면서 민원을 올려야 합니까?
군자초등학교정문에서 동재아파트까지 불법주차 단속을 요청하면 하면 와서 단속을 하면 되지 않읍니까?
서울시의 규정이 그렇다면  시민을 위한것으로 바꾸어 주시기 바라겠읍니다.",정보·상담·교육·거버넌스,정보 접근성,정보통합·상담·신청,정보·상담·교육·거버넌스,저출생사업1팀,02-2133-5027,생활지원팀,1순위:저출생사업1팀 | 2순위:생활지원팀,0,,,,,,https://idea.seoul.go.kr/front/freeSuggest/view.do?sn=181065
PROP-181060,2018-04-25,N,미상,7.0,서울지하철에 임산부 핑크라이트 설치를 제안합니다,서울지하철에 임산부 핑크라이트 설치를 제안합니다,임신·난임·생식건강,임산부 건강·배려,임산부 건강관리·배려,임신·난임·생식건강,건강임신지원팀,02-2133-9492,저출생사업1팀 | 가족지원팀,1순위:건강임신지원팀 | 2순위:저출생사업1팀 | 3순위:가족지원팀,1,임산부 배려공간 조성,ㅇ 교통 약자인 임산부의 엘리베이터 안전사고 예방 및 배려문화 확산을 위해 엘리베이터 내?외부에 임산부 배려공간 조성(엠블럼 부착)   - 임산부를 위해 해당 공간을 비워두고 양보하는 사회 분위기 확산 유도 ㅇ 임산...,,,,https://idea.seoul.go.kr/front/freeSuggest/view.do?sn=181060
PROP-181051,2018-04-24,N,미상,1.0,서울시 산후도우미 관련 적용기준이 궁금합니다.,서울시 산후도우미 관련 적용기준이 궁금합니다.,출산·산후 초기지원,산후조리,산후조리·산모도우미,출산·산후 초기지원,가족건강팀,02-2133-9485,,1순위:가족건강팀,0,,,,,,https://idea.seoul.go.kr/front/freeSuggest/view.do?sn=181051
PROP-181019,2018-04-19,Y,미상,12.0,임산부석 희망고문은 이제 그만,"시내버스와 전철의 임산부석은 임산부만 이용 할 수 있도록 개선합니다.
자세한 것은 첨부파일을 참조해주세요.",임신·난임·생식건강,임산부 건강·배려,임산부 건강관리·배려,임신·난임·생식건강,건강임신지원팀,02-2133-9491,저출생사업1팀 | 생활지원팀,1순위:건강임신지원팀 | 2순위:저출생사업1팀 | 3순위:생활지원팀,1,임산부 배려공간 조성,ㅇ 교통 약자인 임산부의 엘리베이터 안전사고 예방 및 배려문화 확산을 위해 엘리베이터 내?외부에 임산부 배려공간 조성(엠블럼 부착)   - 임산부를 위해 해당 공간을 비워두고 양보하는 사회 분위기 확산 유도 ㅇ 임산...,,,,https://idea.seoul.go.kr/front/freeSuggest/view.do?sn=181019
PROP-181015,2018-04-19,Y,미상,11.0,서울시 어린이 보호구역 안전휀스 개선,"어린이 보호구역 내 횡단보도에 시인성이 확보된 안전휀스를 설치하여 교통사고로부터 어린이들을 보호하도록 개선합니다.
자세한 것은 첨부파일을 참조바랍니다.",정보·상담·교육·거버넌스,정보 접근성,일반 출산정책 안건,정보·상담·교육·거버넌스,저출생사업1팀,02-2133-5021,,1순위:저출생사업1팀,0,,,,,"TAG_REVIEW:현재 태그=정보·상담·교육·거버넌스, 태그 핵심어 약함 || TAG_REVIEW:현재 태그=정보·상담·교육·거버넌스, 태그 핵심어 약함",https://idea.seoul.go.kr/front/freeSuggest/view.do?sn=181015
PROP-181006,2018-04-18,N,미상,3.0,서울시 지하철에 임산부배려석 알람 설치 제안합니다,서울시 지하철에 임산부배려석 알람 설치 제안합니다,임신·난임·생식건강,임산부 건강·배려,임산부 건강관리·배려,임신·난임·생식건강,건강임신지원팀,02-2133-9491,결혼문화팀,1순위:건강임신지원팀 | 2순위:결혼문화팀,1,임산부 배려공간 조성,ㅇ 교통 약자인 임산부의 엘리베이터 안전사고 예방 및 배려문화 확산을 위해 엘리베이터 내?외부에 임산부 배려공간 조성(엠블럼 부착)   - 임산부를 위해 해당 공간을 비워두고 양보하는 사회 분위기 확산 유도 ㅇ 임산...,,,,https://idea.seoul.go.kr/front/freeSuggest/view.do?sn=181006
PROP-180989,2018-04-17,N,미상,0.0,서울시내 도로교통법 바껴야한다고 봅니다. (시내한복판/스쿨존/어린이보호구역/노인보호구역),"※ 운전자도 서울 시민입니다. ※
운전자도 사람이고 행복/권리/건강을 누릴줄 알아야합니다.
1). 어린이보호구역/스쿨존 대부분 속도제한 30km / 40km / 50km 대부분 입니다.
밤 21:00(pm) ~ 6:00 까지는 제한속도를 풀어야한다고 봅니다. 자동차도 정상적으로 속도내야한다고 봅니다.
제한속도 30km / 40km / 50km 떄문에 운전자도 조금이라도 일찍 집에들어가야 휴식을 취할 수 있기때문입니다.
30분/1시간이라도 일찍 집에들어가서 휴식을 취할 수 있거나 숙면을 취해야 내일을 위한 활력소가 되기떄문입니다.
(운전자도 일찍 집에들어가서 좋고 가족과 함꼐할 수 있는시간도 보내서 좋고)
어린이는 21:00~22:00 꿈나라/대부분 잠자리에 들기떄문에 밤 늦으시간에는 돌아다니기보다는 집에 대부분 있습니다.
유럽이나 선진국대부분은 보행자가 건너지않은곳은 자동으로 점멸등 으로 바뀌고 보행자가 건너가고싶을떄는 버튼눌러서 대부분 건너가고 있습니다. (보행자는 횡단보도 건너갈경우 버튼눌러서 30초후 건나갈 수 있게합니다.)
) 시골/읍 지역은 20:00~21:00모든 신호 점멸등바귀고 서울시내 번화가/이동인구많은곳/차량이동많은곳 포함해서 23:00 ~ 5:00 보행자신호는 건너지않은곳도 상당히 많습니다.
(2)  특히 출, 퇴근시간떄는 좌회전 신호가 상당히 많이 짧습니다.
(좌회전 신호가 짧은 서울시내 엄청많습니다. 특히 출,퇴근 많이 막히는곳은 신호를 좀더 길게/여유있게 줘야한다고봅니다.)
(3). 보행자가 건너지않기떄문에 차량운전자는 빨강신호등 멈춰야하는 불필요신호대기할 필요가 없다고봅니다.
(4). 주말에는 전 구간 고속도로 통행료 무료했으면 합니다. (서울 남산톨게이트처럼요)",정보·상담·교육·거버넌스,정보 접근성,일반 출산정책 안건,정보·상담·교육·거버넌스,저출생사업1팀,02-2133-5027,생활지원팀,1순위:저출생사업1팀 | 2순위:생활지원팀,0,,,,,"TAG_REVIEW:현재 태그=정보·상담·교육·거버넌스, 태그 핵심어 약함 || TAG_REVIEW:현재 태그=정보·상담·교육·거버넌스, 태그 핵심어 약함",https://idea.seoul.go.kr/front/freeSuggest/view.do?sn=180989
PROP-180894,2018-04-13,N,미상,0.0,아이돌봄서비스 개선 방안,"○ 2016년부터는 생산가능인구가 줄어들어 인구감소가 심각해지고 있습니다
인구감소의 주요 원인은 출산률 감소로 한국사회에서는 여러문제로 육아가 힘들어 출산을 기피이며
특히 직장여성의 경우 아이를 낳는 문제뿐 아니라 최소 그후 최소 20년간 아이를 직장을 다니면서 양육해야 한다는 문제에 봉착하고
있습니다
이런 현실에서 아이를 셋이상 낳는 다는 것은 많은 희생과 애국심을 전제로 함.
그런데  아이돌봄서비스 뿐만 아니라 거의 모든 복지서비스는 구민의 소득기준으로 할인 및 무상복지 혜택을 주고 있으므로,
아이를 셋 이상 낳는 다는 것은 구민의 소득기준을 떠나 적극 장려할 사항임.
아이돌봄서비스의 경우 소득기준에 따라 가~다형으로 나눠 차등할인지원한다고 생각합니다",보육·돌봄 인프라,가족돌봄,아이돌봄·조부모돌봄,보육·돌봄 인프라,돌봄사업팀,02-2133-6560,저출생사업1팀 | 가족지원팀,1순위:돌봄사업팀 | 2순위:저출생사업1팀 | 3순위:가족지원팀,5,서울형 육아휴직장려금(사업종료) | 서울형 육아휴직장려금 | 영아 전담 아이돌봄서비스 | 1인 자영업자 등 배우자 출산휴가급여 지원 | 1인 자영업자?프리랜서 배우자 출산휴가 지원금,"○ 자녀 1인당 최대 120만원 지원 - 육아휴직기간 연속 6개월 시 60만원, 연속 12개월 경과 시 60만원 추가지급 ※ 부?모 모두 육아휴직 시 각각 지급 (자녀 1인에 대해 가구당 최대 240만원 지급) | ○ 자녀 1인당 최대 120만원 지원 - 육아휴직기간 연속 6개월 시 60만원, 연속 12개월 경과 시 60만원 추가지급 ※ 부?모 모두 육아휴직 시 각각 지급 (자녀 1인에 대해 가구당 최대 240만원 지급) | 출산휴가, 육아휴직 후 복귀하는 맞벌이 가정을 지원하고자 영아 돌봄 교육을 이수한 전담 돌보미가 영아 이유식 먹이기, 젖병 소독 등 영아 특화 돌봄서비스 제공 | 1인 자영업자 등에 배우자(남편) 출산휴가급여 최대 120만원(15일분) 지원 (2026.1.1. 기준 출생아부터 적용) - 2025년 출생아는 최대 80만원(10일분) 지원 ㅇ 지원대상에 대한 자격요건 완화(202... | 1인 자영업자 등에 배우자 출산휴가급여 80만원 지원",,,,https://idea.seoul.go.kr/front/freeSuggest/view.do?sn=180894
PROP-180866,2018-04-11,N,미상,3.0,서울시 거동 불편 어르신들이 사용하는 유모차에 야광판 부착토록 지급,"◆ 현황 및 문제점
수도 서울도 고령화로 인하여 노인들의 경우 보행이 어려우신 많은 분들에게 보행에 도움을 주는 유모차를 의지하여 보행을 하는 실정이지만 날씨가 어두운 경우 및 야간 보행 시 유모차에 야광판이 미부착되어 자칫 안전사고(교통사고 포함 등)가 발생할 수도 있으므로 개선이 시급히 필요한 실정입니다.
◆ 개선방안
서울시 및 서울시 25개 자치구청의 어르신 업무 담당자들이 모여서 통합 회의를 하여 서울시 전 지역에서 거동 불편 어르신들이 사용하는 유모차에 부착할 야광판 수요 일제조사는 서울시 25개 자치구청에서 일제 조사하도록 하고, 서울시에 통보하면 추후 서울시에서 예산을 확보하여 야광판을 일괄 제작 및 구입하여 유모차를 이용하는 거동불편 어르신들에게 지급하도록 하는 것입니다.
※ 야광판 디자인은 서울시 관련 부서에서 자체적으로 야광판 디자인을 하도록 함
※ 추후 지속적으로 야광판이 필요한 실정으로 초기 일괄 제작하여 지급한 후 즉. 추후에 또 다시 야광판이 필요한 경우에는 서울시 25개 자치구청에서 자체 자치구청별로 예산을 확보하여 야광판을 구입하여 거동 불편 어르신들에게 지급토록 하는 것입니다.
◆ 기대효과
1. 서울시 거동불편 어르신들의 보행시 생활 불편 해소
2. 서울시 어르신 안전사고 발생 방지",주거·교통·도시생활환경,유모차 이동권,유모차·유아차 이동편의,주거·교통·도시생활환경,저출생사업1팀,02-2133-5025,고령사회정책팀,1순위:저출생사업1팀 | 2순위:고령사회정책팀,0,,,,,,https://idea.seoul.go.kr/front/freeSuggest/view.do?sn=180866
PROP-180851,2018-04-10,N,미상,0.0,"어린이보호구역 도로교통법위반집중단속하자,,,","1995
년도 어린이보호구역
(
스쿨존
)
제도가 도입되어
유치원
,
초등학교
,
특수학교
,
어린이집
,
학원등의
정문을 중심으로
반경
500
미터이내의 일정구간을 스쿨존으로 지정관리하기위해
스툴존의 도로를 다른색으로 표시해 좋았다
.
2011
년 도로교통법 시행령이 개정되면서
스쿨존내 속도위반
,
신호지시위반
,
횡단보도 보행자 횡단방해 보호불이행
,
주정차금지 위반시에는
범칙금과 벌금을 일반도로에 비해 최대
2
배까지 부과한다
.
요즘 학교주변을 살펴보면
,
운전자들이 알기 쉽게 스쿨존의 도로를 다른색으로 표시해 놓았으나
운전자들은 이를 무시하고 이행하지 않고 불법으로 주차하는 사례가 많다
.
도로교통법에 따라 교통사고의 위험을 사전 예방하기위해
어린이보호구역
(
스쿨존
)
의 각종시설물에 대한 재정비와
도로교통위반자에 대한 집중단속이 필요하다고 본다
.",정보·상담·교육·거버넌스,정보 접근성,일반 출산정책 안건,정보·상담·교육·거버넌스,저출생사업1팀,02-2133-5027,생활지원팀,1순위:저출생사업1팀 | 2순위:생활지원팀,0,,,,,,https://idea.seoul.go.kr/front/freeSuggest/view.do?sn=180851
PROP-180818,2018-04-07,Y,미상,12.0,서울시 공공화장실 기저귀교환대 살균소독기 비치,"공공화장실
,
수유실 등에 기저귀교환대가 구비된 곳에는 살균소독기도      함께 비치하여 깨끗이 청소하고 사용할 수 있도록 개선합니다
.
첨부파일 참조바랍니다.",보육·돌봄 인프라,아동 놀이·체험공간,공공키즈카페·수유실·유아휴게실,보육·돌봄 인프라,돌봄사업팀,02-2133-6560,,1순위:돌봄사업팀,0,,,,,,https://idea.seoul.go.kr/front/freeSuggest/view.do?sn=180818
PROP-180806,2018-04-06,N,미상,0.0,2018년도 출산장려금 제도 시행,"안녕하세요~
저출산 대책으로 출산가정 지원을 위한 출산장려금 제도를 시행한다고 들었습니다
뉴스에서 경기도 안양시, 김포 등에서는 이제 첫째만 낳아도 출산장려금 제도를 올해부터 시행한다고 하고
지원대상은 2018년도 1.1일생부터 출산한 가정이라고 합니다.
서울에서도 2018년도부터 첫째아 지원을 확대한다고 하는데,,
예산, 조례 심의 등 행정적인 준비절차에 따라 시행에 시간이 소요된다면
경기도처럼 지급은 2018년 1.1일생부터 소급지원 해주는 방안도 검토해주시면 좋겠습니다.
이왕 올해 태어나는 아기가 모두 지원받을 수 있도록요~~
지원대상을 폭넓게 검토해주세요!!
감사합니다.",출산·산후 초기지원,출산가구 초기지원,출산지원금·출생축하,출산·산후 초기지원,가족건강팀,02-2133-9485,저출생사업1팀,1순위:가족건강팀 | 2순위:저출생사업1팀,0,,,,,,https://idea.seoul.go.kr/front/freeSuggest/view.do?sn=180806
PROP-180778,2018-04-04,N,미상,0.0,서울을 방문한 외국인 관광객을 위한 유모차 대여서비스를 해주세요,"회사가 비지니스호텔 밀집지역이라 유아를 동반한 가족단위의 외국인 관광객을 많이 목격합니다.
유모차를 본국에서 가져와 사용하는 경우도 있고 그냥 아이를 안고 있는 모습을 많이 봤습니다. 저또한 해외여행시 유모차를 어떻게 할것인지에 대해 많이 생각하고 고생도 해봐서 외국인과 내국인을 위한 유모차 대여소 있으면 서울을 방문한 외국인들이 좀 더 좋은 기억을 가지 가지 않을까 합니다.",주거·교통·도시생활환경,유모차 이동권,유모차·유아차 이동편의,주거·교통·도시생활환경,저출생사업1팀,02-2133-5027,가족건강팀 | 생활지원팀,1순위:저출생사업1팀 | 2순위:가족건강팀 | 3순위:생활지원팀,0,,,,,"TAG_REVIEW:현재 태그=취약·다양가족 사각지대, 태그 핵심어 약함",https://idea.seoul.go.kr/front/freeSuggest/view.do?sn=180778
PROP-180721,2018-03-30,N,미상,0.0,어린이 보호구역을 넘어 아동ㆍ청소년 보호구역으로 확대 제안,"현재 어린이 보호구역(스쿨존)은 초등학교, 특수학교, 어린이집 등의 주변도로로 한정되어 있습니다. 이에 따라 중ㆍ고등학교 및 청소년 수련시설, 지역아동센터 등의 주변은 학생들의 유동이 많음에도 불구하고 안전이 보장되지 못하고 있습니다.
보도블럭 위 불법주차 차량으로 인해 많은 청소년들은 인도가 아닌 차도로 통행을 해야 하거나, 횡단보도 옆에 주차된 차량으로 인해 시야가 가려져 운전자와 청소년들이 서로를 인지하지 못해 위험한 상황이 발생되기도 합니다.
또한, 어린이 보호구역과 같은 별도의 속도제한 표지판이 없어 노란불에서도 속도를 올려 달리는 차량들도 쉽게 발견됩니다.
따라서, 어린이 보호구역의 지정이 중ㆍ고등학교 및 청소년 수련시설 등으로 확대하여 아동 뿐만 아니라 청소년들의 안전도 보장해야 한다고 생각합니다.
물론 도로교통법 상으로 규정된 사항이기에 제안의 실행이 쉽진 않을 수 있다고 생각이 되지만, 지자치단체에서도 차량 속도 제한 등의 정책은 별도로 진행하는 것으로 알고 있습니다. 지자체 소속 경찰청(서)와 협의하여 속도 제한이나 불법 주정차 단속부터 차례로 시행한다면 우리 청소년들의 안전도 보장할 수 있지 않을까 생각합니다.
<도로교통법>
제12조(어린이 보호구역의 지정 및 관리)  ①
시장등은 교통사고의 위험으로부터 어린이를 보호하기 위하여 필요하다고 인정하는 경우에는 다음 각 호의 어느 하나에 해당하는 시설의 주변도로 가운데 일정 구간을 어린이 보호구역으로 지정하여 자동차등의 통행속도를 시속 30킬로미터 이내로 제한할 수 있다.
1. 「유아교육법」 제2조에 따른 유치원, 「초ㆍ중등교육법」 제38조 및 제55조에 따른 초등학교 또는 특수학교
2. 「영유아보육법」 제10조에 따른 어린이집 가운데 행정안전부령으로 정하는 어린이집
3. 「학원의 설립ㆍ운영 및 과외교습에 관한 법률」 제2조에 따른 학원 가운데 행정안전부령으로 정하는 학원
4. 「초ㆍ중등교육법」 제60조의2 또는 제60조의3에 따른 외국인학교 또는 대안학교, 「제주특별자치도 설치 및 국제자유도시 조성을 위한 특별법」 제223조에 따른 국제학교 및 「경제자유구역 및 제주국제자유도시의 외국교육기관 설립ㆍ운영에 관한 특별법」 제2조제2호에 따른 외국교육기관 중 유치원ㆍ초등학교 교과과정이 있는 학교
② 제1항에 따른 어린이 보호구역의 지정절차 및 기준 등에 관하여 필요한 사항은 교육부, 행정안전부 및 국토교통부의 공동부령으로 정한다.
③ 차마의 운전자는 어린이 보호구역에서 제1항에 따른 조치를 준수하고 어린이의 안전에 유의하면서 운행하여야 한다.",정보·상담·교육·거버넌스,정보 접근성,일반 출산정책 안건,정보·상담·교육·거버넌스,저출생사업1팀,02-2133-5021,가족건강팀 | 생활지원팀,1순위:저출생사업1팀 | 2순위:가족건강팀 | 3순위:생활지원팀,0,,,,,,https://idea.seoul.go.kr/front/freeSuggest/view.do?sn=180721
PROP-180672,2018-03-25,N,미상,1.0,서울 다둥이카드 혜택을 줄이지 말아주세요,서울 다둥이카드 혜택을 줄이지 말아주세요,다자녀·양육비·생활지원,다자녀 혜택,다자녀 기준·할인·감면,다자녀·양육비·생활지원,저출생사업1팀,02-2133-5021,다문화지원팀,1순위:저출생사업1팀 | 2순위:다문화지원팀,0,,,,,,https://idea.seoul.go.kr/front/freeSuggest/view.do?sn=180672
PROP-180667,2018-03-25,N,미상,0.0,다자녀 혜택논의,"서울시 서대문구에 거주하는 세자녀 맘입니다
몇일전 다둥이카드 혜택 기사를 접했습니다
한자녀 가정에게도 다둥이카드 혜택을 늘린다고요
사실 다둥이카드를 사용하고 있지만 많은 혜택을 느끼지 못합니다
가장 좋다 느끼는 혜택은 주차비할인정도(이건 정말 좋아요!)
다른 놀이동산.패밀리 레스토랑.까페등은 다른 카드에도 혜택이 많이 중복되기에 사실상 전혀 쓰지않았습니다
다둥이카드 혜택의 대상을 늘리기보다
좀더 현실적인 다자녀 혜택을 늘리는 방안은 어떨지 의견냅니다
개인적으로
1. 교통비 절감(대중교통비 절감)
2. 공공기관 도서관 문화센터 세자녀 할인 혜택
3. 수도세 겨우 몇백원할인이 아닌 제대로 할인!!
4.어린자녀 승차를 위한 다자녀주차구간만들기!(혹은 장애인주차구역 노약자주차구역으로 확대)
- 아이들이 어린데 주차장에서 혼자 짐을 들고 두 아이들을 챙기는게 무척어렵습니다
아이들이 어릴수록 손을 꼭 잡고 이동해야하는데 손에는 짐이있고 아이들 통제까지 하려면 위험한 순간이 한두번이 아닙니다
유아아이들(두자녀 이상)을 둔 부모에 한해서 차에 스티커를 부착하여 노약자주차구역을 이용하면 많은 도움이 될거같습니다",다자녀·양육비·생활지원,다자녀 혜택,다자녀 기준·할인·감면,다자녀·양육비·생활지원,저출생사업1팀,02-2133-5025,,1순위:저출생사업1팀,0,,,,,POLICY_REMOVED:공공요금 감면 요구가 아닌 제안에 공공요금 정책 후보: 다자녀 가구 하수도사용료 감면 || POLICY_REMOVED:차량 취득세 요구가 아닌 제안에 취득세 정책 후보: 다자녀 가구 자동차 취득세 감면 || POLICY_REMOVED:공공요금 감면 요구가 아닌 제안에 공공요금 정책 후보: 다자녀 가구 하수도사용료 감면 || POLICY_REMOVED:차량 취득세 요구가 아닌 제안에 취득세 정책 후보: 다자녀 가구 자동차 취득세 감면 || POLICY_REMOVED:공공요금 감면 요구가 아닌 제안에 공공요금 정책 후보: 다자녀 가구 하수도사용료 감면 || POLICY_REMOVED:차량 취득세 요구가 아닌 제안에 취득세 정책 후보: 다자녀 가구 자동차 취득세 감면 || POLICY_REMOVED:차량 취득세 요구가 아닌 제안에 취득세 정책 후보: 다자녀가구 자동차 취득세 취약계층 감면,https://idea.seoul.go.kr/front/freeSuggest/view.do?sn=180667
PROP-180655,2018-03-22,N,미상,0.0,저출산 대책) 다자녀 가정 차량 운영 지원건,"제가 제안하는 내용은 저출산 대책 중 하나입니다. 뉴스를 보면 엄청난 금액의 저출산 정책과 지원을 했다고 나오는데
자녀를 키우는 가정에서는 실제적으로 체감할 수 있는 대책 및 지원은 몇개 없는 것이 사실입니다.
그래서 그냥 보여주기식 혹은 현금을 주는 정책이 아닌 실제적으로 생활에 필요한 부분에서 지원해주는 정책을 제안해 봅니다.
그중 하나는 다자녀 가정 차량 운영에 대한 지원을 해 주는 것입니다. 물론 다자녀 가정 차량 구입시 지원이 있는 것은 알고 있습니다.
그것도 커다란 혜택이지만 그것은 차량을 구입하는 사람에게만 적용되는 혜택이므로 현재 소유하고 있는 차량을 유지하는 가정에는 해당되지 않는 정책입니다. 다시말해 다자녀 가정들에게 보편적이거나 실제적 지원은 아니라는 것입니다. 때문에 차량 구입시 지원해주는 정책과는 별개로 자동차세와 같은 지방세를 감면 및 할인 해주는 정책이 시행되면 다자녀 가정에게는 적지만 커다란 힘이 될 것 같습니다.
ps. 자동차라는 것이 공해 및 지구 온난화에 영향을 미친다고 하지만 다자녀 가정, 특히 세자녀 이상의 가정에게 차량은 선택이 아닌 필수
입니다. 쉬운 예로 자녀가 셋이 있으면 가족구성원이 다섯명입니다. 그렇다면 택시조차 타지 못한다는 것이죠. 때문에 이러한 특수한 상황을 고려하여 서울시에서 먼저 자동차세 감면 및 할인 정책을 시행해준다면 다른 시,도에서도 사용할 수 있는 정책이 되지 않을까 생각합니다.
-------------------------------------------------------------------------------------------------------
요즘 젊은 세대에게는 출산 및 육아 지원 정책이 크게 환영받지 못하고 있다는 사실은 알고 있습니다.
그러나 분명히 저출산에서 벗어나지 못한다면 다가오는 세대는 더욱 큰 어려움을 겪게 되겠죠.
저는 국가나 시도 단위에서라도 손 놓고 있지 말고, 왜 저출산 대책을 세워야 하는지, 필요성과 위급함을 알려주는 교육이 젊은 세대, 특히 대학생과 청소년들에게 빨리 행해져서 저출산, 육아 정책 발표때마다 터져나오는 불만들이 조금씩 사그라들기를 소망합니다.",출산·산후 초기지원,출산가구 초기지원,출산지원금·출생축하,출산·산후 초기지원,가족건강팀,02-2133-9485,,1순위:가족건강팀,2,다자녀 가구 자동차 취득세 감면 | 다자녀가구 자동차 취득세 취약계층 감면,"자동차 취득세 최대 140만원 감면 | (만18세 미만의 자녀 2명 이상을 양육하는 자(가족관계등록부 기준, 양자 및 배우자 자녀 포함/2027년 12월 31일까지 취득세 감면)",,,POLICY_REMOVED:공공요금 감면 요구가 아닌 제안에 공공요금 정책 후보: 다자녀 가구 하수도사용료 감면 || POLICY_REMOVED:공공요금 감면 요구가 아닌 제안에 공공요금 정책 후보: 다자녀 가구 하수도사용료 감면 || POLICY_REMOVED:공공요금 감면 요구가 아닌 제안에 공공요금 정책 후보: 다자녀 가구 하수도사용료 감면,https://idea.seoul.go.kr/front/freeSuggest/view.do?sn=180655
PROP-180628,2018-03-20,N,미상,0.0,다자녀 장학생 역차별 제도개선,"안녕하세요
저는 소득분위2등급의 가정형편이 어려운 환경에서도 편의점에서 알바를 하면서  3.6점이상이며, 학교에서는 클래식키타 동아리 회장 활동을 하고 있으며, 사외활동으로 서울시어린이청소년 위원회 복지분과장으로 1년간 활동하여  이번에 서울시장의 표창을 받은 학생입니다..
저는 장학금보다 서울희망 대학 장학생에선정되면  선정학생에게 주어지는
""
서울희망 대학 장학생은 등록금 이외에
‘
서울희망 대학생 장학사업
’
으로 추진하는 학업장려금
(
서울희망 대학 진로 장학금
,
서울희망 공익 장학금
)
신청 자격 부여 와
재단이 주최하는 장학생 성장기반사업 및 행사 참여 기회 제공 받고자 하였으나
서울희망 대학 장학생에 신정 하려고 하였는데 ""
학자금 중복지원방지제도"" 신청 조차 할 수 없습니다.
장학금이외에학자금 중복이외 장학금인
서울희망 공익 장학금등이 필요한되
서울희망 대학 장학 등록금은 중복이라 지급받지 못하는 것은 이해되오나
""
서울희망 공익 장학금
신청 자격 부여 와
재단이 주최하는 장학생 성장기반사업 및 행사 참여 기회"" 는 받을 수 있도록 해 주세요",다자녀·양육비·생활지원,다자녀 혜택,다자녀 기준·할인·감면,다자녀·양육비·생활지원,저출생사업1팀,02-2133-5027,생활지원팀,1순위:저출생사업1팀 | 2순위:생활지원팀,0,,,,,POLICY_REMOVED:공공요금 감면 요구가 아닌 제안에 공공요금 정책 후보: 다자녀 가구 하수도사용료 감면 || POLICY_REMOVED:차량 취득세 요구가 아닌 제안에 취득세 정책 후보: 다자녀 가구 자동차 취득세 감면 || POLICY_REMOVED:차량 취득세 요구가 아닌 제안에 취득세 정책 후보: 다자녀가구 자동차 취득세 취약계층 감면 || POLICY_REMOVED:공공요금 감면 요구가 아닌 제안에 공공요금 정책 후보: 다자녀 가구 하수도사용료 감면 || POLICY_REMOVED:차량 취득세 요구가 아닌 제안에 취득세 정책 후보: 다자녀 가구 자동차 취득세 감면 || POLICY_REMOVED:차량 취득세 요구가 아닌 제안에 취득세 정책 후보: 다자녀가구 자동차 취득세 취약계층 감면 || POLICY_REMOVED:공공요금 감면 요구가 아닌 제안에 공공요금 정책 후보: 다자녀 가구 하수도사용료 감면 || POLICY_REMOVED:차량 취득세 요구가 아닌 제안에 취득세 정책 후보: 다자녀 가구 자동차 취득세 감면 || POLICY_REMOVED:차량 취득세 요구가 아닌 제안에 취득세 정책 후보: 다자녀가구 자동차 취득세 취약계층 감면,https://idea.seoul.go.kr/front/freeSuggest/view.do?sn=180628
PROP-180586,2018-03-13,N,미상,9.0,서울시 공공화장실 기저귀교환대 살균소독기 비치,"공공화장실
,
수유실 등에 기저귀교환대가 구비된 곳에는 살균소독기도      함께 비치하여 깨끗이 청소하고 사용할 수 있도록 개선합니다
.
첨부파일 참조바랍니다.",보육·돌봄 인프라,아동 놀이·체험공간,공공키즈카페·수유실·유아휴게실,보육·돌봄 인프라,돌봄사업팀,02-2133-6560,,1순위:돌봄사업팀,0,,,,,,https://idea.seoul.go.kr/front/freeSuggest/view.do?sn=180586
PROP-180585,2018-03-13,N,미상,8.0,서울시 어린이 보호구역 안전휀스 개선,"어린이 보호구역 내 횡단보도에 시인성이 확보된 안전휀스를 설치하여 교통사고로부터 어린이들을 보호하도록 개선
첨부파일을 참조해주세요.",정보·상담·교육·거버넌스,정보 접근성,일반 출산정책 안건,정보·상담·교육·거버넌스,저출생사업1팀,02-2133-5021,,1순위:저출생사업1팀,0,,,,,"TAG_REVIEW:현재 태그=정보·상담·교육·거버넌스, 태그 핵심어 약함 || TAG_REVIEW:현재 태그=정보·상담·교육·거버넌스, 태그 핵심어 약함",https://idea.seoul.go.kr/front/freeSuggest/view.do?sn=180585
PROP-180560,2018-03-09,N,미상,1.0,임산부석을 바꿔주세요,"현재 지정돼있는 임산부석은 문 옆쪽으로 사실 가장 많은 승객들이 선호하는 자리이기도 하고, 일반좌석과 붙어있기 때문에
사람이 많이 타는 출퇴근시간에는 비워두기엔 아깝고 앉아가기엔 마음이 편치 않습니다.
서울시의 전 지하철 임산부석을 통일시켜 노약자석처럼 한칸을 전체로 임산부칸으로 만드는 것을 제안합니다.
3-1 번, 7-1번 등 한 지하철의 중간쯤 두칸의 노약자석을 임산부칸으로 만들어 승강장에서부터 분홍색으로 표시를 하고
지하철 내부 전체도 임산부와 관련된 인테리어로 장식해  차별화를 해주었으면 좋겠습니다.
홍보를 통해 모든 지하철의 지정칸은 임산부석임을 공식화하여
승차를 대기하는 시간부터 아예 그 쪽 칸으로는 일반인들이 서지않는 습관을 만들었으면 좋겠습니다. (현재의 노약자석처럼)",임신·난임·생식건강,임산부 건강·배려,임산부 건강관리·배려,임신·난임·생식건강,건강임신지원팀,02-2133-9491,가족지원팀 | 저출생사업1팀,1순위:건강임신지원팀 | 2순위:가족지원팀 | 3순위:저출생사업1팀,1,임산부 배려공간 조성,ㅇ 교통 약자인 임산부의 엘리베이터 안전사고 예방 및 배려문화 확산을 위해 엘리베이터 내?외부에 임산부 배려공간 조성(엠블럼 부착)   - 임산부를 위해 해당 공간을 비워두고 양보하는 사회 분위기 확산 유도 ㅇ 임산...,,,,https://idea.seoul.go.kr/front/freeSuggest/view.do?sn=180560
PROP-180512,2018-03-04,N,미상,0.0,"초등학교 병설유치원신설필수,,,,,,,,,,,,,,,,,,,,,,,,,,","초등학교 병설유치원신설필수,,,,,,,,,,,,,,,,,,,,,,,,,,",보육·돌봄 인프라,어린이집·유치원,보육시설·유아교육,보육·돌봄 인프라,돌봄사업팀,02-2133-6560,저출생사업1팀 | 생활지원팀,1순위:돌봄사업팀 | 2순위:저출생사업1팀 | 3순위:생활지원팀,0,,,,,,https://idea.seoul.go.kr/front/freeSuggest/view.do?sn=180512
PROP-180506,2018-03-03,N,미상,8.0,임산부석 희망고문은 이제 그만,"시내버스와 전철의 임산부석에 테디베어 곰을 올려놓아 임산부가 아닌          주민은 앉기 쑥스럽게 만듬
(
대전지하철 벤치마킹
)
첨부파일을 참조해주세요.",임신·난임·생식건강,임산부 건강·배려,임산부 건강관리·배려,임신·난임·생식건강,건강임신지원팀,02-2133-9491,저출생사업1팀 | 생활지원팀,1순위:건강임신지원팀 | 2순위:저출생사업1팀 | 3순위:생활지원팀,1,임산부 배려공간 조성,ㅇ 교통 약자인 임산부의 엘리베이터 안전사고 예방 및 배려문화 확산을 위해 엘리베이터 내?외부에 임산부 배려공간 조성(엠블럼 부착)   - 임산부를 위해 해당 공간을 비워두고 양보하는 사회 분위기 확산 유도 ㅇ 임산...,,,,https://idea.seoul.go.kr/front/freeSuggest/view.do?sn=180506
PROP-180493,2018-03-01,N,미상,1.0,유모차의 이동이 편리해야 출산율 극복할 수 있습니다.,"안녕하세요
얼마전에 휴일에 아기 유모차와 함께 지하철로 강북에서 강남으로 이동하였습니다.
우선 저상 버스를 이용하여 유모차를 이동해봤습니다.
다음과 같은 사유로 정책적인 검토가 있어야 한다고 생각합니다
1. 탑승과 하차시 출입문과 보도블럭의 거리가 비교적 멀어 내릴때 유모차를 들고 내렸습니다.
심지어 하자 위치에 가로수가 버티고 있어 황당했습니다.
저는 남자라 별로 개의치 않지만 여성분들은 힘들어서 대중교통 이용 안하고 개인차량 이용하고 있습니다
2. 버스 운전기사도 유모차가 고정되지 않은 상태에서 출발하였습니다. 이 또한 대중교통을 이용하지 않고
개인 차량을 이용할 수 밖에 없는 이유입니다.
3. 버스 내 장애인/노약자/임산부 자리가 별도로 있습니다만, 의자로 되어 있어 혹여 접히더라도 접어서
사용한 경우를 본 적이 없습니다. 유모차를 세우기도 불편하여 개인 차량을 이용하는 이유입니다.
의자 1-2 개 정도 제거하고 유모차를 고정 시킬 수 있으면 더 많은 이용이 있을 것입니다
지하철은 역내 엘레베이터가 강남은 비교적 잘 건설되어 있습니다만, 강북은 초기 시설이 많아서 그런지 역내에서
환승하기 여의치 
않습니다. 심지어 어떤 역은 환승이 안되어 오히려 엘레베이터 있는 역을 인지하고 환승해야 하는 경우도 있습니다.
워라벨만이 출산율을 
극복할 수 있는 방법이 아닙니다. 태어나서 잘 양육할 수 있도록 국가에서 배려해준다는 인식이 있어야 애를 낳을 수 있을 것입니다.",출산·산후 초기지원,출산가구 초기지원,출산지원금·출생축하,출산·산후 초기지원,가족건강팀,02-2133-9485,저출생사업1팀,1순위:가족건강팀 | 2순위:저출생사업1팀,1,임산부 배려공간 조성,ㅇ 교통 약자인 임산부의 엘리베이터 안전사고 예방 및 배려문화 확산을 위해 엘리베이터 내?외부에 임산부 배려공간 조성(엠블럼 부착)   - 임산부를 위해 해당 공간을 비워두고 양보하는 사회 분위기 확산 유도 ㅇ 임산...,,,,https://idea.seoul.go.kr/front/freeSuggest/view.do?sn=180493
PROP-180489,2018-02-28,N,미상,0.0,직장 예비엄마들을 위한 임신 요가 교실,"현재 운영되는 예비 엄마를 위한 요가 교실 등은 대부분 평일 낮 시간에 이루어지고 있음.
직장예비엄마들의 경우, 임신과 관련된 교육과 요가 교실 등에 참여 하고 싶어도
주말이나 퇴근 이후에 참여 할 수 있는 프로그램이 없음
직장예비엄마들이 주말이나 일과 후 참여 할 수 있는 요가 프로그램이 필요.
더불어 출산과 육아에 관한 교육 프로그램도 제공.
실제 임신기간 요가는 통증을 완화시키고, 아이의 뇌 발달에도 긍정적인 효과를 줌.
직장예비엄마들에게 행복한 임신기간을 통해 출산의 두려움을 없애고, 건강하게 아기를 만날 수 있도록 도울 수 있음.",임신·난임·생식건강,임산부 건강·배려,임산부 건강관리·배려,임신·난임·생식건강,건강임신지원팀,02-2133-9491,가족건강팀,1순위:건강임신지원팀 | 2순위:가족건강팀,5,서울형 육아휴직장려금(사업종료) | 서울시 중소기업 워라밸 포인트제 | 서울형 강소기업 지원(사업종료) | 서울형 육아휴직장려금 | 1인 자영업자 등 배우자 출산휴가급여 지원,"○ 자녀 1인당 최대 120만원 지원 - 육아휴직기간 연속 6개월 시 60만원, 연속 12개월 경과 시 60만원 추가지급 ※ 부?모 모두 육아휴직 시 각각 지급 (자녀 1인에 대해 가구당 최대 240만원 지급) | 양육친화 및 일?생활 균형을 위한 중소기업의 다양한 노력을 인정하고 중소기업이 아이 키우기 좋은 기업으로 성장할 수 있도록 지원하는 사업 ① 양육친화 및 일?생활 균형 실적에 따른 포인트 적립 ② 적립 포인트에 따른... | ① 청년 정규직 채용 시, 사내복지 개선 등 근무환경개선금지원(최대 3명) ② 육아친화 및 일?생활 균형 조직문화 조성을 위한 교육?컨설팅 지원 ③ 마음챙김, 스트레스 관리로 신입사원 번아웃 예방을 위한 청년성장 프... | ○ 자녀 1인당 최대 120만원 지원 - 육아휴직기간 연속 6개월 시 60만원, 연속 12개월 경과 시 60만원 추가지급 ※ 부?모 모두 육아휴직 시 각각 지급 (자녀 1인에 대해 가구당 최대 240만원 지급) | 1인 자영업자 등에 배우자(남편) 출산휴가급여 최대 120만원(15일분) 지원 (2026.1.1. 기준 출생아부터 적용) - 2025년 출생아는 최대 80만원(10일분) 지원 ㅇ 지원대상에 대한 자격요건 완화(202...",,,,https://idea.seoul.go.kr/front/freeSuggest/view.do?sn=180489
PROP-180477,2018-02-26,N,미상,0.0,어린이보호구역 주정차단속필요&lt;&lt;&lt;,"1995
년도 어린이보호구역
(
스쿨존
)
제도가 도입되어
유치원
,
초중등학교
,
특수학교
,
어린이집
,
학원등의
정문을 중심으로
반경
500
미터이내의 일정구간을 스쿨존으로 지정관리하기위해
스툴존의 도로를 다른색으로 표시했다
.
2011
년 도로교통법 시행령이 개정되면서
스쿨존내 속도위반
,
신호지시위반
,
횡단보도 보행자 횡단방해 보호불이행
,
주정차금지 위반시에는
범칙금과 벌금을 일반도로에 비해 최대
2
배까지 부과한다
.
요즘 학교주변을 살펴보면
,
운전자들이 알기 쉽게 스쿨존의 도로를 다른색으로 표시해 놓았으나
운전자들은 이를 무시하고 이행하지 않고 불법으로 주차하는 사례가 많다
.
도로교통법에 따라 교통사고의 위험을 사전 예방하기위해
어린이보호구역
(
스쿨존
)
의 각종시설물에 대한 재정비와
도로교통위반자에 대한 집중단속이 필요하다고 본다
.
그리고
,
어린이 등하교시 교통사고예방을 위한
스쿨존에 대한 안전준수사항 등의 홍보캠페인 등이 필요할 것 같다
.",정보·상담·교육·거버넌스,정보 접근성,일반 출산정책 안건,정보·상담·교육·거버넌스,저출생사업1팀,02-2133-5027,생활지원팀,1순위:저출생사업1팀 | 2순위:생활지원팀,0,,,,,,https://idea.seoul.go.kr/front/freeSuggest/view.do?sn=180477
PROP-180472,2018-02-26,N,미상,6.0,서울시 임신한 여성들을 위하여 주말에도 자치구청 보건소 운영,"●
현황 및 문제점
서울 지역에서 직장에 다니는 일부 여성들의 경우에 임신을 하고 병원을 이용하려면 회사 분위기 상 어쩔 수 없이 토요일을 이용해야 하는데 토요일에는 서울시 자치구청 보건소들은 근무를 안 하는 실정으로 이들 중 서민 층의 임산부들은 보건소를 못 이용함으로 경제적 및 시간적으로 불편함으로 개선이 필요한 실정입니다.
● 개선방안
1. 서울시에서 서울시 25개 자치구청 보건소 업무 담당자들과 업무 협의하여 매월 1, 3주 또는 2, 4주 토요일을 정하여 최소한 한 달에 2번 정도는 임신한 여성들만을 위하여 서울시 25개 자치구청에서 동시에 한 달에 2번 정도 오전 근무를 실시토록 하는 것입니다.
2. 서울시에서는 서울시 25개 자치구청에서 격주 토요일 근무가 가능하도록 토요일에 자치구청 보건소를 방문하는 서민층의 임신부들에게 의료비에 대해서도 일정액을 지원하도록 하며 또한 토요일에 근무하는 서울시 자치구직원들에게는 별도의 혜택을 주도록 서울시에서 서울시 25개 자치구청에 예산을 교부하도록 하는 것입니다.
● 기대효과
1. 서울시 전 지역에서 서민층의 임신한 여성들에게 경제적 혜택
2. 서울지역에서 직장에 다니는 임신한 여성들에게 토요일날에 편안하게 진료 받을 수 있도록 조치",임신·난임·생식건강,임산부 건강·배려,임산부 건강관리·배려,임신·난임·생식건강,건강임신지원팀,02-2133-9491,결혼문화팀,1순위:건강임신지원팀 | 2순위:결혼문화팀,5,배우자 출산휴가 지원금 | 임산부 출산급여 지원 | 서울시 중소기업 워라밸 포인트제 | 서울형 육아휴직장려금 | 서울형 육아휴직장려금(사업종료),"ㅇ 임산부 배우자를 둔 1인 자영업자?프리랜서에 배우자 출산휴가 지원금 80만원 지원 | ㅇ 임산부 출산급여 90만원 지원 ※고용노동부 ‘고용보험 미적용자 출산급여’ 150만원에 추가지원 | 양육친화 및 일?생활 균형을 위한 중소기업의 다양한 노력을 인정하고 중소기업이 아이 키우기 좋은 기업으로 성장할 수 있도록 지원하는 사업 ① 양육친화 및 일?생활 균형 실적에 따른 포인트 적립 ② 적립 포인트에 따른... | ○ 자녀 1인당 최대 120만원 지원 - 육아휴직기간 연속 6개월 시 60만원, 연속 12개월 경과 시 60만원 추가지급 ※ 부?모 모두 육아휴직 시 각각 지급 (자녀 1인에 대해 가구당 최대 240만원 지급) | ○ 자녀 1인당 최대 120만원 지원 - 육아휴직기간 연속 6개월 시 60만원, 연속 12개월 경과 시 60만원 추가지급 ※ 부?모 모두 육아휴직 시 각각 지급 (자녀 1인에 대해 가구당 최대 240만원 지급)",,,,https://idea.seoul.go.kr/front/freeSuggest/view.do?sn=180472
PROP-180451,2018-02-22,N,미상,0.0,제안 제목 : “임산부의 교통카드 발급으로 공공교통요금 면제” 제안,제안 제목 : “임산부의 교통카드 발급으로 공공교통요금 면제” 제안,임신·난임·생식건강,임산부 건강·배려,임산부 건강관리·배려,임신·난임·생식건강,건강임신지원팀,02-2133-9491,저출생사업1팀 | 생활지원팀,1순위:건강임신지원팀 | 2순위:저출생사업1팀 | 3순위:생활지원팀,5,"35세 이상 임산부 외래 진료 및 검사비 지원 | 임산부 엽산제, 철분제 지원 | 서울시 난임?임산부심리상담센터 운영 | 맘편한 임신 원스톱서비스(임산부?출산전 제공) | 임산부 출산급여 지원","의료비 부담이 큰 35세 이상 산모 대상 외래진료 및 검사에 소요되는 비용을 소득과 무관하게 최대 50만원까지 지원 (24년 3월 사회보장제도 신설 협의 완료, 24년 8월까지 사업추진을 위한  사전절차 진행 예정으... | 지원내용 (엽산제) 임신 전후 3개월까지 엽산제 지원  (철분제) 임신 16주부터 철분제 5개월분  신청방법 주소지 보건소에 방문하거나 온라인(정부24)으로 신청 | 난임부부, 유산?사산 경험부부, 임산부 및 양육모의 정서적 안정을 위해 전담 상담사가 등록부터 종결까지 1:1 상담 및 다양한 프로그램을 운영 | 임산부 엽산제?철분제 지급 등 임신 전?중 통합 서비스 제공 | ㅇ 임산부 출산급여 90만원 지원     ※고용노동부 ‘고용보험 미적용자 출산급여’ 150만원에 추가지원",,,,https://idea.seoul.go.kr/front/freeSuggest/view.do?sn=180451
PROP-180443,2018-02-21,N,강북구,10.0,지하철 역 내 수유실 환경개선이 필요해요!,"안녕하세요.
서울 송파구 임산부 커뮤니티 송송마미입니다.
우리 송송마미는 2015년 부터 엄마들의 친목으로 시작하여 지역사회 모자건강 증진을 위해 활동을 이어오고 있습니다.
건의사항을 쓰기 이전에 우선 시민들이 안전하고 편리하게 지낼 수 있도록 노력해주심에 저희모두 항상 감사 말씀드립니다.
본론으로 들어가서 육아 맘들의 입장에서 조금 더 개선되었으면 하는 부분이 있어 청원말씀드립니다.
지하철 역사 내 수유실 개선문제입니다.
지난 해 송송마미 운영진들이 발로뛰어 송파구 내 수유실 실태를 조사하고 부족한 부분을 채워주십사 청원 드렸었습니다. 그 후 많이 개선되었음을 기대하며 다시금 수유실 실태를 조사하였으나, 별로 달라진 부분이 없기도 하고 심지어 청결이나 편의시설에서 더 열악해 짐을 보고 실망하여 재차 청원말씀 드립니다.
현황 및 문제점으로는 다음과 같습니다.
첫째. 수유실을 이용하려 하면 직원에게 열쇠를 받아야하거나 직원이 없으면 수유실을 이용할 수 없습니다.
둘째. 여름에는 습하고 덥고, 겨울에는 너무 추워서 수유하기에 어려운 환경입니다. 어른들이 이용하는 휴게공간이라면 온도는 그닥 중요치 않을수도 있습니다. 하지만 면역력이 약한 아기들은 1도에도 매우 민감하게 반응합니다.
셋째. 하수구와 쓰레기통에서 냄새가 역류하고, 기저귀갈이대가 청결하지 않아 사용하기에 불쾌한 환경입니다.
넷째. 엄마들이 챙겨야 하지만 급하다보면 물티슈 등을 빠뜨릴때가 있는데 수유실에 비치되지 않아 곤란한 환경입니다.
개선방안으로는 다음과 같습니다.
첫째. 상시 개방이 필요합니다. 지하철이 운영되지 않는 시간은 닫혀 있더라도 운영시간 내에는 언제든 이용할 수 있도록 열려있으면 좋겠습니다.
둘째. 적절한 온도가 필요합니다. 동절기는 최소 22도 이상의 따뜻한 온도, 하절기는 최대26도 이하의 시원한 온도이면 좋겠습니다.
셋째. 위생적인 실내환경이 필요합니다. 구체적으로는 냄새가 역류하지않는 하수구와 쓰레기통이 구비되어 있었으면 좋겠고 기저귀갈이대도 잘 닦여있었으면 좋겠습니다. 주기적으로 환기를 해 주어 실내공기의 쾌적함도 유지해 주세요.
넷째. 각종 물품이 구비되어 있어야 합니다. 기본적인 물티슈, 티슈, 전자렌지, 수유쿠션, 일반쿠션, 1개정도의 아기의자 등이 필요합니다.
출산율이 계속 감소하여 정부에서는 출산장려 정책을 내놓고 있지만 임산부 요구도 반영보다는 다른 방향으로정책을 내고 있습니다.
수유하기 편하고 수유하기 좋은 환경이어야 모유수유율도 높아지고 육아 환경이 개선 되어야(그 밖에 개선되어야 하는 부분이 많지만) 출산율도 높아진다고 생각합니다.
수유하기편하고 쾌적한 환경을 조성함으로써, 지하철 이용 엄마와아가의 지하철 이용 만족도가 높아집니다.
아이와 함께 외출한 엄마는 더이상 더 쾌적한 환경의 수유실을 찾아 헤매지 않아도 되며, 지하철이 편리함을 느낀 엄마들은 자가용으로 이동하는 대신 지하철로 이동하는 선택을 할 수 있습니다. 크게 보면 대중교통이용증가로 인한 교통제증저하, 미세먼지 저하, 매연감소로 인한 대기오염저하 등 기대효과가 매우 광범위하게 크지만, 저희가 추구하는 기대효과는 <육아맘들의 편리한 수유실이용>입니다.
이는 곧 육아환경의 개선으로 이어져 출산률증대까지 이어질 수 있습니다.
여전히 역 내 수유실이 쾌적하지 않다는 이유로 더 나은 환경의 수유실을 찾아다니는 엄마들이 많습니다.
엄마들이 더욱 쾌적하고 위생적인 환경에서 수유 할 수 있도록 역 내 수유실 환경 개선에 힘써주심을 정중히 부탁드립니다.
한번에 바꾸기가 결코 쉽지 않다는 것. 알고 있습니다. 작은 퍼즐하나하나 채워나가다보면 어느새 큰 그림이 맞춰져 있으리라 믿고 작은 변화하나라도 기다리겠습니다. 감사합니다.",보육·돌봄 인프라,아동 놀이·체험공간,공공키즈카페·수유실·유아휴게실,보육·돌봄 인프라,돌봄사업팀,02-2133-6560,저출생사업1팀 | 생활지원팀,1순위:돌봄사업팀 | 2순위:저출생사업1팀 | 3순위:생활지원팀,1,임산부 배려공간 조성,ㅇ 교통 약자인 임산부의 엘리베이터 안전사고 예방 및 배려문화 확산을 위해 엘리베이터 내?외부에 임산부 배려공간 조성(엠블럼 부착)   - 임산부를 위해 해당 공간을 비워두고 양보하는 사회 분위기 확산 유도 ㅇ 임산...,,,,https://idea.seoul.go.kr/front/freeSuggest/view.do?sn=180443
PROP-180440,2018-02-20,N,미상,1.0,출산 장려를 위해 정확도99.9%인 아리아니프티(태아기형아검사)검사를 제안합니다.,"아리아니프티 검사
(
태아 기형아
검사
)
제안 요약서
1.
재안 개요
:
출산 장려 정책의 일환으로
,
임신시
현재 여러 지자체에서 무료로 검사해 주고있는 태아 기형아 검사
(
트리플 또는 쿼드 검사
)
의 단점
(60-80%
의 낮은 정확도
)
을
보완하기 위해
,
아리아니프티
(
정확도
99.9%
이상
)
검사를 제안드립니다
.
기존의 지자체에서 제공하는 검사는 정확도가 낮아서 산모들이 크게 도움이
된다고 생각하지 않습니다
.
만약
,
정확도가 제일 높은 아리아니프티검사를 임신부에게 무료로 제공해 준다면
,
실제로
많은 도움이 될것입니다
.
2.
아리아니프티
(
태아기형아검사
)
검사란
?
아리아니프티
(Aria
Nifty)
검사는 최신 기법인
NGS(
차세대 염기서열 분석법
)
을 이용하여 산모의 혈액을 채취하여
,
유산위험성이 전혀 없이
100%
안전하고
, 99.99%
정확하게 태아의 기형
(
다운증후군 등
)
여부를 알려주는 유전자검사 입니다
.
3. <
기존
태아기형아 검사와의 비교우위
>
아리아니프티
기존의 혈액 검사
(
트리플
,
쿼드
,
인터그레이티드
)
양수
,
융모막 검사
정확도
99.99%
60 ~ 90 %
99.99%
시료채취방법
산모의 팔에서 혈액채취
산모의 팔에서 혈역채취
양수 및 융모막
(
침습을 통한
)
위양성률
0.01%
5%
이상
0.01%
위음성률
0.07%
5%
이상
0.05%
검사시기
임신
10 - 24
주
임신
10 - 15
주
임신
16
주
- 24
수
위험성
없음
없음
유산율
1%
분석방법
NGS(
차세대 염기서열 분석방법
)
효소면역 측정법
염색체 수 검사
4. <
유사한
방식의 검사들과의 비교우위
>
아리아니프티
나
oo
검사
제
oo
검사
패
oo
검사
염색체 검사 가능 개수
6
개
3
개
3
개
3
개
유전자삭제 검사 가능 개수
8
개
없음
없음
없음
쌍둥이 검사 가능 여부
가능
불가능
가능
가능
누적 검사 샘플 수
2,000,000
건 이상
3,500
건
4,000
건
500
건
임삼 데이터수
150,000
건 이상
371
건
602
건
817
건
위양성율
0.01%
0.20%
5.50%
자료없음
위음성률
0.07%
자료없음
0.10%
자료없음
총 검사 가능한 개수
60
개 이상
10
개
7
개
4
개
**
위양성률
:
실제 질환이 없는데
,
질환이 있는 것으로 잘못 결과가 나오는
  확률
**
위음성률
:
실제 질환이 있는데
,
질환이 없는 것으로 잘못 결과가 나오는
  확률
**
자료없음
:
최소 임상 검체수가 모자라서 확률 계산이 안 되는 경우
5.
지자체 지원 기형아 검사의 현황 및 문제점
현황
:
트리플
,
쿼드
,
및 인터그레이티드 검사는 현재 지자체에서 지원이 가능하며
,
각 지자체의 사정에 따라 본인부담금이 무료부터
10
만원 까지 되고
있습니다
.
문제점
:
(1)
낮은
정확도
(
높은 위양성률
).
현재 각 지자체에서 지원하는 검사
(
트리플
,
쿼드
,
인터그레이티드
)
는 위양성률
(
실제 정상인데
,
질환이
있는 것으로 잘못 결과가 나오는 확률
)
이 높아서
,
산모들이
지자체지원검사를 받은후
,
양수나 융모막 검사를 받는 경우가 많이 있습니다
.
산모들은
10
주때 지자체지원기형아검사를 받은후
,
극심한 스트레스를 받는 것으로
알려져 있습니다
.
(2)
산모의
극심한 스트레스 유발
.
즉
,
양수검사는 바늘을
배에 찌르기 때문에
,
위산률이
1-2%
가량 있는데
,
과연 양수검사를 받을 것인가 부터의 고민과 스트레스가 시작됩니다
.
양수검사를
받기로 결정한 후에는
,
양수검사를 받기 전 약
6
주간
,
정말 우리아이가 기형아 인지
,
기형아 이면 어떻게 할 것인지 등등
고민과 스트레스가 상당히 많습니다
.
(3)
고비용
(70 - 100
만원
)
의 양수검사비용 발생
.
보통 양수검사는 비급여대상이라
100%
산모부담이며
,
보통
70
만원 에서
120
만원까지 비용이 발생 합니다
.
하지만
,
검사 결과는 대부분 정상인 경우가
95%
이상입니다
.
즉
,
불필요한 비용을 산모가 부담한 것입니다
.
(4)
예산낭비의 문제
:
위의
3
가지 이류로 인해 불필요한 예산을 사용하고 있음
.
6.
문제점 해결 방안 및 아리아니프티 검사의 제공 방법
출산 장려 정책의 일환으로 지자체에서
트리플
,
쿼드 등의 태아 기형아
검사를 지원해 주는것은 매우 감사하고 바람직하겠으나
,
검사 자체의 신뢰도 및 문제점 등으로 인해 산모에게
불필요한 스트레스를 주는 것 또한 현실입니다
.
따라서
,
처음부터
(1) 
99.99%
이상의 정확하고
, (2)
산모의 혈액을 통한
100%
안전한
아리아니프티 검사를 산모가 받는다면
,
이모든 문제가 해결될 것입니다
.
가격 부분도 서로 상의하여 최대한 저렴하게 제공이 가능할 것입니다
.
7.
아리아니프티 검사 결과에 대한 사후 대책
(1)
검사
결과가 양성일 경우
.
->
저희 휴먼패스에서 다시 한번 양수검사로 확인할 수 있도록 비용을 지원해 드립니다
.
(2)
검사
결과가 정상이었는데
,
출산 후 기형아로 판정될 경우
.
->  PICC
보험이 책임자 보험이 가입 되어 있어
,
약
8000
만원 가량 배상이 가능합니다
.",출산·산후 초기지원,출산가구 초기지원,출산지원금·출생축하,출산·산후 초기지원,가족건강팀,02-2133-9485,저출생사업1팀,1순위:가족건강팀 | 2순위:저출생사업1팀,0,,,,,,https://idea.seoul.go.kr/front/freeSuggest/view.do?sn=180440
PROP-180438,2018-02-20,N,미상,1.0,신혼부부 임대 주택 신청 기준,"안녕하세요?
서울에서 거주중인 맞벌이 신혼부부 5년차 직장인입니다.
신혼부부관련 여러가지 혜택을 받고 싶지만,
그 기준을 소득기준으로 하기 때문에, 아~무런 혜택도 받을 수 없습니다.
4인가족 기준으로,
맞벌이 소득이 700만원 이상이지만 재산이 0원으로 전세대출2억인 부부와,
외벌이 소득이 350만원 이지만, 재산이 2억(부모님 재산 증여 등..)으로 대출0원인 부부의 생활은 천지 차이입니다.
아무리 소득이 2배라지만, 기본 2억을 보유하고 있는 가정을 따라가기에는 정말 많은 기간이 걸린다는 것을 알고 계실겁니다.
이번에 서울시에서 신혼부부 대상으로 임대주택을 확대한다는 뉴스를 봤습니다.
정말 기쁜 소식이지만, 그것도 소득기준으로 될 것 같습니다....
제 의견이 반영 될지 안될지는 모르겠지만, 관련 부서에 전달만이라도 되면 좋겠습니다.",주거·교통·도시생활환경,출산가구 주거,신혼부부·출산가구 주거지원,주거·교통·도시생활환경,저출생사업1팀,02-2133-5025,,1순위:저출생사업1팀,5,외국인 가사(육아)인력 시범사업 | 영아 전담 아이돌봄서비스 | 서울시 중소기업 워라밸 포인트제 | 서울형 新일?생활 균형 3종 패키지 | 서울형 강소기업 지원,"맞벌이 부부 등 ‘육아 조력자’의 도움이 절실한 자녀양육 가정에 외국인 육아도우미를 활용한 양육지원사업 도입 | 출산휴가, 육아휴직 후 복귀하는 맞벌이 가정을 지원하고자 영아 돌봄 교육을 이수한 전담 돌보미가 영아 이유식 먹이기, 젖병 소독 등 영아 특화 돌봄서비스 제공 | 양육친화 및 일?생활 균형을 위한 중소기업의 다양한 노력을 인정하고 중소기업이 아이 키우기 좋은 기업으로 성장할 수 있도록 지원하는 사업 ① 양육친화 및 일?생활 균형 실적에 따른 포인트 적립 ② 적립 포인트에 따른... | 양육 친화 기업문화 조성을 위해 서울형 新 일?생활 균형 3종 패키지를 시행함으로써 초저출생 위기 극복 및 일?생활 균형 문화 확산 ? 배우자 출산휴가 의무제(10일) ? 육아휴직 사용 활성화 ? 육아기 근로시간 단... | ① 청년 정규직 채용 시, 사내복지 개선 등 근무환경개선금 최대 45백만원 지원 ② 육아휴직자 대체 청년인턴에 최대 23개월 인건비 지원으로 업무공백 해소 ③ 육아친화 및 일?생활 균형 조직문화 조성을 위한 교육?컨...",,,,https://idea.seoul.go.kr/front/freeSuggest/view.do?sn=180438
PROP-180422,2018-02-17,N,미상,2.0,서울시 25개 자치구청 보건소 예방접종 의료진료기록 평생관리 개선토록 개선,"● 현황 및 문제점
아기들에게 예방접종은 감염병을 예방하기 위한 가장 효과적인 방법으로 「감염병의 예방 및 관리에 관한 법률」제24조 및 제25조에 따른 정기 및 임시예방접종에 대한 예방접종을 실시한 경우 법 제28조에 따라 예방접종의 기록를 작성하고 보고(전자문서 포함)하도록 하고 있습니다. 또한 질병관리본부는 2002년부터 개인별 예방접종기록을 전산화하는 ‘예방접종등록사업’을 추진하고 있지만 현재까지 예방접종기록의 전산등록이 의무사항은 아닌 사항으로 전산등록을 위한 홍보도 필요하지만 무엇보다 서울시 25개 자치구청 보건소에서 예방접종을 할 경우에는 가능한 전원 전산등록을 하도록 업무 개선토록 하는 것입니다.
사실 전산등록을 안할 경우에 종이로 보존하는 문서는 즉 예방접종 의료기록이 일정기간이 지나면 자동폐기 되므로 성인이 되어서 예방접종진료을 확인하려고 해도 기록이 없어서 확인할 수 있는 방법이 없어서 많은 어려움 겪는 실정으로 개선이 필요한 실정입니다
● 개선방안
서울시에서는 서울시 25개 자치구청 보건소 예방 접종 기록 담당자들과 업무 협의를 통하여 서울시민(아기)들이 서울시 25개 자치구청 보건소에서 예방 접종을 할 경우 특별한 경우를 제외하고 가능한 모두 예방 접종에 대하여 전산에 등록토록 업무를 개선하여 예방 접종 기록을 장기 보존토록 예방접종 업무를 개선토록 하는 것입니다.",보육·돌봄 인프라,아동 건강·의료 접근성,소아응급·야간진료·영유아검진,보육·돌봄 인프라,돌봄사업팀,02-2133-6560,저출생사업1팀,1순위:돌봄사업팀 | 2순위:저출생사업1팀,0,,,,,"TAG_REVIEW:현재 태그=보육·돌봄 인프라, 태그 핵심어 약함 || TAG_REVIEW:현재 태그=보육·돌봄 인프라, 태그 핵심어 약함",https://idea.seoul.go.kr/front/freeSuggest/view.do?sn=180422
PROP-180406,2018-02-13,N,미상,1.0,육아열차운행,"내용
1. 서울에 결혼한 맞벌이 자녀들의 출산으로 지방의 부모가 매주 한번씩 서울에 손자,손녀를 보러 갑니다.
매번 느끼는 바이지만 육아열차를 운행하던지 열차비를 할인해주면 출산 및 육아에 많는 도움이 될것 같읍니다.
2. 백년대계 차원에서 시장님께서 검토해주시면 전국적으로 해당되는 많은 부모와 젊은층 맞벌이 부부에게 큰힘이 될것으로 생각되어 건의 합니다.
박원순 시장님의 멀리내다보시는  탁월한 시정에 박수를 보냅니다",정보·상담·교육·거버넌스,정보 접근성,일반 출산정책 안건,정보·상담·교육·거버넌스,가족지원팀,02-2133-6562,저출생사업1팀,1순위:가족지원팀 | 2순위:저출생사업1팀,5,외국인 가사(육아)인력 시범사업 | 영아 전담 아이돌봄서비스 | 1인 자영업자 등 배우자 출산휴가급여 지원 | 1인 자영업자?프리랜서 배우자 출산휴가 지원금 | 배우자 출산휴가 지원금,"맞벌이 부부 등 ‘육아 조력자’의 도움이 절실한 자녀양육 가정에 외국인 육아도우미를 활용한 양육지원사업 도입 | 출산휴가, 육아휴직 후 복귀하는 맞벌이 가정을 지원하고자 영아 돌봄 교육을 이수한 전담 돌보미가 영아 이유식 먹이기, 젖병 소독 등 영아 특화 돌봄서비스 제공 | 1인 자영업자 등에 배우자(남편) 출산휴가급여 최대 120만원(15일분) 지원 (2026.1.1. 기준 출생아부터 적용) - 2025년 출생아는 최대 80만원(10일분) 지원 ㅇ 지원대상에 대한 자격요건 완화(202... | 1인 자영업자 등에 배우자 출산휴가급여 80만원 지원 | ㅇ 임산부 배우자를 둔 1인 자영업자?프리랜서에 배우자 출산휴가 지원금 80만원 지원",,,"TAG_REVIEW:현재 태그=정보·상담·교육·거버넌스, 태그 핵심어 약함 || TAG_REVIEW:현재 태그=정보·상담·교육·거버넌스, 태그 핵심어 약함 || TAG_REVIEW:현재 태그=보육·돌봄 인프라, 태그 핵심어 약함",https://idea.seoul.go.kr/front/freeSuggest/view.do?sn=180406
PROP-180374,2018-02-08,N,미상,9.0,지하철 임산부석 보완할 점 제안합니다.,지하철 임산부석 보완할 점 제안합니다.,임신·난임·생식건강,임산부 건강·배려,임산부 건강관리·배려,임신·난임·생식건강,건강임신지원팀,02-2133-9491,저출생사업1팀 | 생활지원팀,1순위:건강임신지원팀 | 2순위:저출생사업1팀 | 3순위:생활지원팀,1,임산부 배려공간 조성,ㅇ 교통 약자인 임산부의 엘리베이터 안전사고 예방 및 배려문화 확산을 위해 엘리베이터 내?외부에 임산부 배려공간 조성(엠블럼 부착)   - 임산부를 위해 해당 공간을 비워두고 양보하는 사회 분위기 확산 유도 ㅇ 임산...,,,,https://idea.seoul.go.kr/front/freeSuggest/view.do?sn=180374
PROP-180363,2018-02-07,N,미상,3.0,"최저임금제인상에 따른  어린이집 특활비 상한제 조정필요 (국공립5만원, 민간가정 8만원)","안녕하세요.
저는 서울시의 양천구의 구립어린이집에 보내고 있는 아이 엄마입니다.
2015년 서울시가
'어린이집 특별활동 개선 종합대책'
을 발표하며 특활비 상한제를 실시하여
유형별 어린이집의
특활비 상한선은 국공립의 경우 5만원, 민간·가정은 8만원
으로 결정된 것으로 알고 잇습니다.
이로 인해 많은 학부모들은 부담이 덜한 것은 사실입니다.
하지만 3년이 지난 지금도 동일한 금액책정이 되고 있는데,
최저임금인상에 따라 특활비도 상한금액이 올라가야 한다고 생각
합니다.
저는 아이가 다니는 구립어린이집 운영위원회 활동을 하고 있으며
어린이집 운영에 대해 모니터링을 하고 있는데, 특활활동비 과목별로 천원~2천원까지 오르게 되어
그럼 5만원이 넘어서 특활하는 과목을 줄이거나 수업횟수를 줄여야 하는 상황입니다.
이로 인해, 저희 원에서는 5만원 이하로 특활비를 맞훠야하므로 학부모 대상으로 횟수를 줄이는 과목에 대해 설문을 돌릴 예정입니다.
저희 아이의 원은 만3세기준으로, 영어(주2회) / 체육 (주2회) / 음악 이렇게 진행되고 있습니다.
부모입장에서는 5만원을 맞추기 위해서, 과목을 하나 줄이는 것보다는
아이를 위해 월 몇 천원이라도 낼 의향이 분명히 있을거라고 생각합니다.
최저임금제인상에 따라  어린이집 특활비가 꼭 조정되어야 한다고 봅니다.
감사합니다.",보육·돌봄 인프라,어린이집·유치원,보육시설·유아교육,보육·돌봄 인프라,돌봄사업팀,02-2133-6560,가족건강팀 | 저출생사업1팀,1순위:돌봄사업팀 | 2순위:가족건강팀 | 3순위:저출생사업1팀,5,어린이집 영유아 방문건강관리 서비스 지원 | 서울형어린이집 | 서울형 0세 전담반 어린이집(사업종료) | 서울형 0세 전담반 어린이집 | 서울형 시간제 전문 어린이집,어린이집으로 방문건강간호사가 찾아가서 건강관리 및 건강교육서비스 제공 | 공인평가를 통하여 우수한 민간 어린이집을 선정하고 인건비 및 운영비를 지원함으로써 향상된 보육서비스를 안정적으로 제공 | 12개월 미만의 영아 보육에 적합한 ‘0세 전담반’  어린이집 100개반 선정 운영 | 12개월 미만의 영아 보육에 적합한 ‘0세 전담반’  어린이집 100개반 선정 운영 | 가정양육 또는 타 기관 이용 보호자 등 누구나 필요시 시간 단위로 이용할 수 있는 보육서비스,,,,https://idea.seoul.go.kr/front/freeSuggest/view.do?sn=180363
PROP-180344,2018-02-05,N,미상,0.0,유치원 버스에  차량용 공기 청정기를 제안 합니다.,유치원 버스에  차량용 공기 청정기를 제안 합니다.,보육·돌봄 인프라,어린이집·유치원,보육시설·유아교육,보육·돌봄 인프라,돌봄사업팀,02-2133-6560,가족건강팀 | 저출생사업1팀,1순위:돌봄사업팀 | 2순위:가족건강팀 | 3순위:저출생사업1팀,0,,,,,,https://idea.seoul.go.kr/front/freeSuggest/view.do?sn=180344
PROP-180332,2018-02-04,N,미상,1.0,지하철 임산부석 폐지와 (초기)임산부 표식 배포를 청원 드립니다.,지하철 임산부석 폐지와 (초기)임산부 표식 배포를 청원 드립니다.,임신·난임·생식건강,임산부 건강·배려,임산부 건강관리·배려,임신·난임·생식건강,건강임신지원팀,02-2133-9491,저출생사업1팀 | 생활지원팀,1순위:건강임신지원팀 | 2순위:저출생사업1팀 | 3순위:생활지원팀,1,임산부 배려공간 조성,ㅇ 교통 약자인 임산부의 엘리베이터 안전사고 예방 및 배려문화 확산을 위해 엘리베이터 내?외부에 임산부 배려공간 조성(엠블럼 부착)   - 임산부를 위해 해당 공간을 비워두고 양보하는 사회 분위기 확산 유도 ㅇ 임산...,,,,https://idea.seoul.go.kr/front/freeSuggest/view.do?sn=180332
PROP-180324,2018-02-02,N,미상,1.0,다자녀 부모 복지 혜택,"저출산 대책
(
안
)
(
일명 다자녀 복지수당
)
다자녀를 가진 부모는 부모 나이가
60(
또는
65)
세 이상 일 때부터 부모에게
평생 다자녀 복지수당 지급
□
시행 방안
◦
국민적
,
사회적 공감대가 형성되도록 공청회
,
국민여론조사 등 국민 참여
형태로 법규정 마련
◦
예를 들자면
-
자녀가
3
명이면 부모에게 각각
10(
또는
5)
만원씩
,
- 4
명이면
부모에게 각각
20(
또는
10)
만원씩 다자녀 복지수당 지급
□
필요성
◦
정부에서는 저출산 문제를 해결하기 위한 노력으로
-
아이를 낳고 기르는 부모의 부담이 줄어들 수 있도록 도와주고
-
아이를 안심하고 키울 수 있는 시설과 환경을 마련하고 있으며
-
또한
,
다자녀 혜택으로
“
보
육비
·
교육비 지원
,
주택특별공급
,
국민임대주택 우선공급
,
소득
공제추가공제
,
출산장려금
(
일부자치단체시행
),
전기요금
・
자동차취득세 감면 등을 추진하고 있으나
”
-
저출산 문제가 해소되지 않고 있는바
-
자녀를 키우는데 부모가 고생을 하였으므로 고생을 한 부모에게
고생한 대가 지불 필요
◦
다자녀 부모는 자녀를 키우는데 고생이 많았고
,
정부 정책에
적극 협조하였기에
,
노후에 실질적인 복지 혜택 부여
◦
더불어 결혼 촉진 유도 정책에도 필요 함
다자녀를 가진 부모는 부모 나이가
60(
또는
65)
세 이상 일 때부터 부모에게
평생 다자녀 복지수당 지급",다자녀·양육비·생활지원,다자녀 혜택,다자녀 기준·할인·감면,다자녀·양육비·생활지원,저출생사업1팀,02-2133-5025,가족지원팀,1순위:저출생사업1팀 | 2순위:가족지원팀,3,신혼부부 결혼ㆍ살림비용 지원 | 자녀출산 무주택가구 주거비 지원 | 신혼희망타운,"ㅇ 결혼ㆍ살림 비용 최대 100만원 지원    - 결혼준비 및 혼인살림 장만 관련 비용 지출    ※ 생애 1회 지급   ? 결혼준비 : 혼수, 예식장, 신혼여행, 청첩장 등    ? 혼인살림 : 전자제품, 주방가전... | 월 최대 30만원(2년간 최대 720만원) 주거비 지원 | 신혼희망타운 분양?임대주택 공급 및 청약 자격 제공",,,"TAG_REVIEW:현재 태그=취약·다양가족 사각지대, 태그 핵심어 약함",https://idea.seoul.go.kr/front/freeSuggest/view.do?sn=180324
PROP-180319,2018-02-01,N,미상,0.0,"소방시설의 학교, 어린이집 의무조항","소방시설의 학교 시설에 대한 내용으로
학교의 복도와 교식과의 문을 기준으로 초등학교는 초등학교 평균 키,
중, 고등, 대학은 그 연령대의 표준 키,  성인 표준 등으로 해서
복도를 기준으로  소방바를 벽에 설치하는 방법입니다.
화재나연기가 났을 경우, 위치가 불명확할때, 우선 피하는 피난로를 확보하고,
방호시설이나  운동장으로 유도하는 피난유도바를 벽에 설치하는 것입니다.
이는 벽에 부착하는 방법으로  형광물질이 들어가 밤에도 식별이 가능하게하면 어떨까 합니다.
각 복도와 교실의 문을 기준으로  손잡이 를 잡는 곳에 벽에 부착되지만, 시각장애인이 어떤것을 식별하는 것처엄
바를 설치해서
피난 유도바를 다중 시설에 설치하는 방법입니다.
가능한 안전한 곳으로 쉽게 갈 수 있는 방법으로
설치해 둔다면, 비상시 유용할 것 같습니다.
법안으로 했으면 하고요.",보육·돌봄 인프라,어린이집·유치원,보육시설·유아교육,보육·돌봄 인프라,돌봄사업팀,02-2133-6560,가족건강팀 | 저출생사업1팀,1순위:돌봄사업팀 | 2순위:가족건강팀 | 3순위:저출생사업1팀,5,어린이집 영유아 방문건강관리 서비스 지원 | 서울형어린이집 | 서울형 0세 전담반 어린이집(사업종료) | 서울형 0세 전담반 어린이집 | 서울형 시간제 전문 어린이집,어린이집으로 방문건강간호사가 찾아가서 건강관리 및 건강교육서비스 제공 | 공인평가를 통하여 우수한 민간 어린이집을 선정하고 인건비 및 운영비를 지원함으로써 향상된 보육서비스를 안정적으로 제공 | 12개월 미만의 영아 보육에 적합한 ‘0세 전담반’  어린이집 100개반 선정 운영 | 12개월 미만의 영아 보육에 적합한 ‘0세 전담반’  어린이집 100개반 선정 운영 | 가정양육 또는 타 기관 이용 보호자 등 누구나 필요시 시간 단위로 이용할 수 있는 보육서비스,,,,https://idea.seoul.go.kr/front/freeSuggest/view.do?sn=180319
PROP-180253,2018-01-24,N,미상,13.0,미세먼지 대피소로 아이들을 위한 대형실내놀이터를 제안합니다!!,미세먼지 대피소로 아이들을 위한 대형실내놀이터를 제안합니다!!,정보·상담·교육·거버넌스,정보 접근성,일반 출산정책 안건,정보·상담·교육·거버넌스,저출생사업1팀,02-2133-5027,가족건강팀 | 생활지원팀,1순위:저출생사업1팀 | 2순위:가족건강팀 | 3순위:생활지원팀,0,,,,,"TAG_REVIEW:현재 태그=정보·상담·교육·거버넌스, 태그 핵심어 약함 || TAG_REVIEW:현재 태그=정보·상담·교육·거버넌스, 태그 핵심어 약함",https://idea.seoul.go.kr/front/freeSuggest/view.do?sn=180253
PROP-180216,2018-01-19,Y,미상,5346.0,보건소에서 난임관련주사를 맞게해주세요.,"난임병원에서 처방해준 난임관련 외부주사를
동내의원에서 맞게되는경우 일반주사라서
가격들이 비쌉니다.
동내가까운 혹은 직장에 가까운 보건소를
이용해서 난임관련주사 (외부주사)를
맞게된다면 편리하고 금액도 절감되여
좋을뜻합니다.
짧게는 2주 길게는 몃달까지도 유지해야하는
주사를 보건소에서 관리와 주사를 놔준다면
조금이나마 난임부부들의 임신과출산에
서울시에서 도움이될뜻합니다.
저출산해결은 난임부부로 부터!!!",임신·난임·생식건강,난임 지원,난임시술·주사·시술비,임신·난임·생식건강,건강임신지원팀,02-2133-9491,저출생사업1팀 | 생활지원팀,1순위:건강임신지원팀 | 2순위:저출생사업1팀 | 3순위:생활지원팀,5,서울형 육아휴직장려금 | 서울형 육아휴직장려금(사업종료) | 육아휴직장려금 | 1인 자영업자 등 배우자 출산휴가급여 지원 | 1인 자영업자?프리랜서 배우자 출산휴가 지원금,"○ 자녀 1인당 최대 120만원 지원 - 육아휴직기간 연속 6개월 시 60만원, 연속 12개월 경과 시 60만원 추가지급 ※ 부?모 모두 육아휴직 시 각각 지급 (자녀 1인에 대해 가구당 최대 240만원 지급) | ○ 자녀 1인당 최대 120만원 지원 - 육아휴직기간 연속 6개월 시 60만원, 연속 12개월 경과 시 60만원 추가지급 ※ 부?모 모두 육아휴직 시 각각 지급 (자녀 1인에 대해 가구당 최대 240만원 지급) | ○ 1인 최대 120만원 지원 - 육아휴직기간 연속 6개월 시 60만원, 연속 12개월 경과 시 60만원 추가지급 ※ 부?모 동시 육아휴직 시 각각 지급 (자녀 1인에 대해 가구당 최대 240만원 지급) | 1인 자영업자 등에 배우자(남편) 출산휴가급여 최대 120만원(15일분) 지원 (2026.1.1. 기준 출생아부터 적용) - 2025년 출생아는 최대 80만원(10일분) 지원 ㅇ 지원대상에 대한 자격요건 완화(202... | 1인 자영업자 등에 배우자 출산휴가급여 80만원 지원",,,,https://idea.seoul.go.kr/front/freeSuggest/view.do?sn=180216
PROP-180213,2018-01-19,N,미상,0.0,임산부 지정석 진동 알림 안내,"보통 임산부가 임산부 '
임산부 먼저
' 뱃지를 부착하여 탑승하여도 임산부 지정석에 앉아있는 분들은
핸드폰을 하거나 피곤함에 잠을 청하는 등
임산부가 앉기에 어려움이 많습니다.
이것은 단순히 임산부 지정석에 앉아있는 시민이 문화의식이 없다기 보다
임산부 뱃지를 보지 못하여 일어나는 경우가 많습니다.
이러한 문제를 해결하기 위해
임산부 뱃지와 임산부 지정석에 센서를 장착
해
임산부가 임산부 지정석에 가까이 있을경우 임산부 지정석에 설치된 진동알림 장치를 울리게 하여 앉아있는 시민이 임산부가 앞에 있음을 알아차리고 양보를 유도하는 시스템
이 절실하다 생각합니다.
출산율을 높이기 위해선 탁상 행정 보단 이러한 불편함을 없앰으로써 더욱 임산부가 편한 세상이 되어야 한다고 생각합니다.",임신·난임·생식건강,임산부 건강·배려,임산부 건강관리·배려,임신·난임·생식건강,건강임신지원팀,02-2133-9492,저출생사업1팀,1순위:건강임신지원팀 | 2순위:저출생사업1팀,1,임산부 배려공간 조성,ㅇ 교통 약자인 임산부의 엘리베이터 안전사고 예방 및 배려문화 확산을 위해 엘리베이터 내?외부에 임산부 배려공간 조성(엠블럼 부착)   - 임산부를 위해 해당 공간을 비워두고 양보하는 사회 분위기 확산 유도 ㅇ 임산...,,,,https://idea.seoul.go.kr/front/freeSuggest/view.do?sn=180213
PROP-180149,2018-01-13,N,미상,0.0,지역에 유아교육을 위해 &#34;관인유치원 추가&#34; 설립해 줘야,지역에 유아교육을 위해 &#34;관인유치원 추가&#34; 설립해 줘야,보육·돌봄 인프라,어린이집·유치원,보육시설·유아교육,보육·돌봄 인프라,돌봄사업팀,02-2133-6560,저출생사업1팀 | 생활지원팀,1순위:돌봄사업팀 | 2순위:저출생사업1팀 | 3순위:생활지원팀,0,,,,,,https://idea.seoul.go.kr/front/freeSuggest/view.do?sn=180149
PROP-180134,2018-01-11,N,미상,10.0,지하철 임산부 좌석 관련,"안녕하세요. 매일 출퇴근 하는 3개월차 임산부입니다.
임산부 배찌를 타고 실제로 지하철을 이용하다보니 느낀 불편함에 건의합니다.
특히 출퇴근 시간처럼 지하철에 사람이 많을 경우, 저 같은 초기 임산부는 배찌가 유일한 표식인데 자리에 앉아있는 사람이 임산부 배찌를 확인하는 것이 어려운 상황입니다.
임산부가 없을때 임산부 좌석에 사람이 앉는것은 당연하지만, 임산부 자리와 임산부 배찌에 감지 시스템을 부착하여 임산부 자리 근처에 임산부 배찌를 소지한 임산부가 있을 경우 소리, 불빛, 진동 등 표시가 될 수 있도록 하면 임산부 자리 양보가 수월해질 것 같습니다.",임신·난임·생식건강,임산부 건강·배려,임산부 건강관리·배려,임신·난임·생식건강,건강임신지원팀,02-2133-9492,가족지원팀,1순위:건강임신지원팀 | 2순위:가족지원팀,1,임산부 배려공간 조성,ㅇ 교통 약자인 임산부의 엘리베이터 안전사고 예방 및 배려문화 확산을 위해 엘리베이터 내?외부에 임산부 배려공간 조성(엠블럼 부착)   - 임산부를 위해 해당 공간을 비워두고 양보하는 사회 분위기 확산 유도 ㅇ 임산...,,,,https://idea.seoul.go.kr/front/freeSuggest/view.do?sn=180134
PROP-180131,2018-01-10,N,미상,1.0,서울시 산후도우미 지원 7월부터 시행,서울시 산후도우미 지원 7월부터 시행,출산·산후 초기지원,산후조리,산후조리·산모도우미,출산·산후 초기지원,가족건강팀,02-2133-9485,결혼문화팀,1순위:가족건강팀 | 2순위:결혼문화팀,0,,,,,,https://idea.seoul.go.kr/front/freeSuggest/view.do?sn=180131
PROP-180125,2018-01-09,Y,미상,14.0,육아담당 조부모 동아리 지원,"저희 어머니는 맞벌이 부부인 동생네의 조카를 아기때부터 돌봐주시고 계십니다.
조카는 이제 초등학교 5학년이 되었습니다.
사실 아이들의 부모 세대들의 주활동 시간인 낮 시간동안 아이도 주로 활동을 합니다.
그리고 조부모님 세대들도 연세는 들어도 활동력이 있으시니,
아이들의 방과 후의 학습, 방과 후 활동 등에 뒤치닥거리를 맡아하시는 것이 자연스러워졌습니다.
그런데, 얼마 전부터 저희 어머니가 더 활기를 얻으시는 모습이 참 보기가 좋은데, 그 이유가
같은 학교에 아이들을 데리러 가셔서 알게 된 조부모님들끼리 모임을 가지시게 된 것이었습니다.
재작년부터 처음에는 한 달에 한 번씩 점심을 드시기 시작하시더니,
최근에는 일주일에 한 번씩 모여서 서로의 취미 생활을 서로에게 가르쳐주고
배우고, 서로의 이야기를 자연스럽게 나누게 되면서
서로의 고민도 함께 하게 되었기 때문이었습니다.
저도 어머니에게 학교와  낯 시간 동안의 학습 등과 맞물려있는 조부모들의 스트레스요인과
고민들에 대해 알지 못했지만, 이 모임을 통해 공감하고 나누고 스트레스를 해결하지는 못해도
심리적으로 안정되어가는 모습이 참 보기가 좋습니다.
그런데, 문제가 있습니다.
이런 모임을 하기 위해서는 반드시 공간이 필요한데, 이게 참 만만하지가 않습니다.
근처에 대학교가 있어 대학교 로비에 있는 벤치에 앉아서 뜨게질 모임을 하시다가
학생들을 위한 공간이니 나가달란 얘기를 듣기도 하고
찻집이나, 식당에서 모임을 갖기에는 모두가 같은 경제적인 상황이 아니다보니
서로의 눈치가 보이는 듯하기도 하고..
이런 노래가 있었죠.
'너는 늙어 봤냐? 나는 젊어 봤단다.'
어떤 모임을 갖자는 취지에서 시작한 것은 아니지만 결론적으로 조부모님들이 스스로
찾게된 이런 모임이 지속될 수 있는 방안이 필요합니다.
솔직히 서울시에서 운영하시는 50플러스 등에도 기웃거려보기도 했습니다.
활동력도 있고, 의지가 있는 어르신들은 많으나 참여할 수 있는 기회나
프로그램은 한정되어 있고 50플러스인데 나이의 상한이 있기도 하고 하더군요.
어르신들에 대한 복지나 정책 등에 대해서는 사실 그 상황이 되어보지 못한 사람들이 생각한 것들이라
어르신들이 생각하는 것과 좀 거리가 있을 수 있다는 생각을 많이 했습니다.
제 주변에서 시작된 이 모임의 경우는 목적을 가지고 모인 분들에 의해서 만들어진 것이 아니라
필요로 하는 부분을 당사자들이 찾아서 만들어진 경우라
이런 모임은 각 학교별로도 장려할만한 모델이 아닌가하는 생각을 하게 되었습니다.
이런 지원 서울시에서 가능하지 않을까요?
현실적으로 많은 조부모님들이 양육에 참여하고 계시고
그에 따라 발생하는 문제들을 당사자가 아닌 사람들의 눈으로 생각하고, 해결하려고 할 것이 아니라
이런 모임들이 활성화된다면 이 안에서 더 다양한 문제제기와 해결방식도 도촐가능하지 않을까 생각합니다.",보육·돌봄 인프라,가족돌봄,아이돌봄·조부모돌봄,보육·돌봄 인프라,돌봄사업팀,02-2133-6560,저출생사업1팀 | 생활지원팀,1순위:돌봄사업팀 | 2순위:저출생사업1팀 | 3순위:생활지원팀,5,서울형 육아휴직장려금 | 서울형 육아휴직장려금(사업종료) | 서울시 중소기업 워라밸 포인트제 | 서울형 강소기업 지원 | 영아 전담 아이돌봄서비스,"○ 자녀 1인당 최대 120만원 지원 - 육아휴직기간 연속 6개월 시 60만원, 연속 12개월 경과 시 60만원 추가지급 ※ 부?모 모두 육아휴직 시 각각 지급 (자녀 1인에 대해 가구당 최대 240만원 지급) | ○ 자녀 1인당 최대 120만원 지원 - 육아휴직기간 연속 6개월 시 60만원, 연속 12개월 경과 시 60만원 추가지급 ※ 부?모 모두 육아휴직 시 각각 지급 (자녀 1인에 대해 가구당 최대 240만원 지급) | 양육친화 및 일?생활 균형을 위한 중소기업의 다양한 노력을 인정하고 중소기업이 아이 키우기 좋은 기업으로 성장할 수 있도록 지원하는 사업 ① 양육친화 및 일?생활 균형 실적에 따른 포인트 적립 ② 적립 포인트에 따른... | ① 청년 정규직 채용 시, 사내복지 개선 등 근무환경개선금 최대 45백만원 지원 ② 육아휴직자 대체 청년인턴에 최대 23개월 인건비 지원으로 업무공백 해소 ③ 육아친화 및 일?생활 균형 조직문화 조성을 위한 교육?컨... | 출산휴가, 육아휴직 후 복귀하는 맞벌이 가정을 지원하고자 영아 돌봄 교육을 이수한 전담 돌보미가 영아 이유식 먹이기, 젖병 소독 등 영아 특화 돌봄서비스 제공",,,,https://idea.seoul.go.kr/front/freeSuggest/view.do?sn=180125
PROP-180104,2018-01-05,N,미상,10.0,서울시 다자녀 가정에 층간소음 방지 용품 무상 지원 대책,"﻿
◉
현황 및 문제점
이제는 저출산으로 인하여 인구 감소를 우려할 정도이지만 아직도 서울시 전지역에서 다자녀 가정의 층간 소음에 대해서는 문제점이 생길 수밖에 없는 실정입니다. 사실 어린아이들은 층간 소음으로 인하여 고통받는 밑에 집의 아픔(?)도 해결해 줄 수도 없는 실정으로 이제부터라도 어느정도 마음놓고 어린아이들이 생활할 수 있도록 개선이 필요한 실정입니다.
※ 현재 층간소음 공법이 한번 잘못 적용된 집은 리모델링할 때 까지 시정할 수 없는 실정임.
◉
개선방안
서울시 및 서울시 25개 자치구청에서는 층간소음 및 어린이복지 업무 담당자 업무 협의를 통하여 2018년 하반기부터라도 예산을 확보하여 우선적으로 3자녀(10세 미만)이상 가구(또는 가능하면 최소 2자녀) 중에서 우선적으로 층간소음으로 고통받는 3자녀 가정에게  매트나 층간소음 방지 용품을 무상으로 지원할 수 있도록 서울시 홈페이지에 층간소음 방지 해결 코너를 신설하여 실제적으로 서울시 전 지역의 다자녀가정의 생활환경에 실제적으로 큰 도움이 되게 하는 것입니다.
※ 서울시 및 서울시 25개 자치구청에서는 층간소음 방지 용품에 대하여 예산을 확보하는 것은 서울시에서 확보하여 방지용품을 구입하고 지급 방식은 서울시 25개 자치구청에서 지급하는 방식을 채택하여 집의 구조에 따라 다양한 규격으로 지급하여 실질적으로 다자녀가정의 생활환경에 큰 도움이 되도록 하는 것입니다.
※ 서울시에서 적극적으로 층간소음 방지 매트(광고 삽입)를 대기업에 협찬 의뢰하여 가능하다면 협찬을 받도록 하여 이 사업을 더욱 확대하여 시행토록 하는 것입니다.
◉
기대효과
1. 서울시 다자녀 가정의 어린아이들이 앞으로는 자유롭게 뒷꿈치 안 들고 자유롭게 걸어다닐 수 있다
2. 서울시의 실질적인 층간소음 방지 용품 지원 (매트, 슬리퍼 등)으로 서울시 전 지역의 층간소음 완화에도 도움
3. 서울시 및 서울시 25개 자치구청 층간소음 문제 어느 정도 해소에 기여",다자녀·양육비·생활지원,다자녀 혜택,다자녀 기준·할인·감면,다자녀·양육비·생활지원,저출생사업1팀,02-2133-5027,,1순위:저출생사업1팀,0,,,,,POLICY_REMOVED:공공요금 감면 요구가 아닌 제안에 공공요금 정책 후보: 다자녀 가구 하수도사용료 감면 || POLICY_REMOVED:차량 취득세 요구가 아닌 제안에 취득세 정책 후보: 다자녀 가구 자동차 취득세 감면 || POLICY_REMOVED:차량 취득세 요구가 아닌 제안에 취득세 정책 후보: 다자녀가구 자동차 취득세 취약계층 감면 || POLICY_REMOVED:공공요금 감면 요구가 아닌 제안에 공공요금 정책 후보: 다자녀 가구 하수도사용료 감면 || POLICY_REMOVED:차량 취득세 요구가 아닌 제안에 취득세 정책 후보: 다자녀 가구 자동차 취득세 감면 || POLICY_REMOVED:차량 취득세 요구가 아닌 제안에 취득세 정책 후보: 다자녀가구 자동차 취득세 취약계층 감면 || POLICY_REMOVED:공공요금 감면 요구가 아닌 제안에 공공요금 정책 후보: 다자녀 가구 하수도사용료 감면 || POLICY_REMOVED:차량 취득세 요구가 아닌 제안에 취득세 정책 후보: 다자녀 가구 자동차 취득세 감면 || POLICY_REMOVED:차량 취득세 요구가 아닌 제안에 취득세 정책 후보: 다자녀가구 자동차 취득세 취약계층 감면,https://idea.seoul.go.kr/front/freeSuggest/view.do?sn=180104
PROP-180063,2017-12-28,N,미상,0.0,보육정책 관련 제안,어린이집 관련 보육정책을 제안하고자 합니다. 첨부파일 참고하시면 감사하겠습니다.,보육·돌봄 인프라,어린이집·유치원,보육시설·유아교육,보육·돌봄 인프라,돌봄사업팀,02-2133-6560,가족지원팀,1순위:돌봄사업팀 | 2순위:가족지원팀,4,다문화 보육료 | 시간제 보육 | 만0~5세 보육료 | 방과후 보육료,"만0세: (기본)540,000원, (야간)540,000원, (24시간)810,000원 만1세반: (기본)475,000원, (야간)475,000원, (24시간)712,500원 만2세반: (기본)394,000원, (야간... | 만6개월~36개월 부모급여 또는 양육수당 수급 아동대상 시간제보육 지원 | ① 기본보육료(월별) 만0세반: 540,000원 만1세반: 475,000원 만2세반: 394,000원 만3~5세: 280,000원  ② 연장보육료(월별) 0세반: 3,000원 영아반: 2,000원 유아반: 1,000... | ① 정부지원시설 - 4시간 이용: 월 10만원 지원 - 종일 이용(방학 등): 월 20만원 지원  ② 정부미지원시설  - 4시간 이용: 월 233,650원  - 종일 이용: 월 467,300원   ③교사대아동 비율 ...",,,,https://idea.seoul.go.kr/front/freeSuggest/view.do?sn=180063
PROP-180034,2017-12-19,N,미상,0.0,지하철 임산부 좌석,"안녕하세요.
서울시에 거주하고있는 7개월차 임산부 입니다.
출 퇴근시 지하철을 이용하는데요.7개월 임신생활 중
지하철을 이용하면서 불편사항이 많아 글을 적어봅니다.
임산부가 앉을 수 있는 좌석은 핑크색으로 표기된 좌석,
노약좌석이 있는데요.
임산부 좌석은 임산부 뱃지 하고 배내밀고 다녀봤자
못본 척 하는 분들이 대부분이고 특히나 임신 초기 티가 나지 않는 임산부들은 흔들리는 지하철이 매우 위험합니다. 그리고 출 퇴근시 사람이 아주 많이 몰릴 경우에는 그 좌석을 찾아가기도 매우 어렵습니다.
노약좌석의 경우에도 임산부가 이용할 수는 있지만
그동안 이용해본 결과  할머니분들께 정말 욕을 먹은적이 한두번이 아닙니다.
실질적으로 임산부가 편안하게 이용할 수 있도록
임산부 칸을 따로 만들던지.
임산부 뱃지에 바코드가 있어서 진짜 임산부만이 앉을 수 있는 좌석이 있었으면 좋겠습니다.",임신·난임·생식건강,임산부 건강·배려,임산부 건강관리·배려,임신·난임·생식건강,건강임신지원팀,02-2133-9491,가족지원팀 | 저출생사업1팀,1순위:건강임신지원팀 | 2순위:가족지원팀 | 3순위:저출생사업1팀,1,임산부 배려공간 조성,ㅇ 교통 약자인 임산부의 엘리베이터 안전사고 예방 및 배려문화 확산을 위해 엘리베이터 내?외부에 임산부 배려공간 조성(엠블럼 부착)   - 임산부를 위해 해당 공간을 비워두고 양보하는 사회 분위기 확산 유도 ㅇ 임산...,,,,https://idea.seoul.go.kr/front/freeSuggest/view.do?sn=180034
PROP-180018,2017-12-15,N,미상,3.0,임산부배려석 착석 태그,"지하철 및 버스에 임산부 배려석이 마련되어 있지만, 운용이 비효율적으로 보여 '임산부 배력석 태그'를 제안합니다.
우선 임산부뱃지에 NFC 태그 기능을 추가해, 좌석이 공석(일반인이용)일 때와 착석(임산부의 착석)을 구분하면 좋을 것 같습니다. 언제 올 지 모르는 임산부를 위하여 늘 공석으로 남겨두기에는 항상 승객이 많고, 수 많은 승객을 제치고 앞에 서도 이미 앉은 사람에게 자리 양보를 선뜻 부탁하기 쉽지 않습니다.
임산부배려 뱃지를 태그하면 불빛이 녹>>적 으로 변한다면, 자리를 이용하는 사람 서로가 조금 더 쉽게 배려할 수 있지 않을까요?
결코 임산부와 아닌 사람을 구분하는 것이 아니라, 임산부도 일반인도 배려받을 수 있는 서울시가 되었으면 합니다.",임신·난임·생식건강,임산부 건강·배려,임산부 건강관리·배려,임신·난임·생식건강,건강임신지원팀,02-2133-9491,가족지원팀 | 저출생사업1팀,1순위:건강임신지원팀 | 2순위:가족지원팀 | 3순위:저출생사업1팀,1,임산부 배려공간 조성,ㅇ 교통 약자인 임산부의 엘리베이터 안전사고 예방 및 배려문화 확산을 위해 엘리베이터 내?외부에 임산부 배려공간 조성(엠블럼 부착)   - 임산부를 위해 해당 공간을 비워두고 양보하는 사회 분위기 확산 유도 ㅇ 임산...,,,,https://idea.seoul.go.kr/front/freeSuggest/view.do?sn=180018
PROP-180013,2017-12-14,N,미상,7.0,지하철 임산부배려석 계속 유지해야 할까요?,지하철 임산부배려석 계속 유지해야 할까요?,임신·난임·생식건강,임산부 건강·배려,임산부 건강관리·배려,임신·난임·생식건강,건강임신지원팀,02-2133-9491,저출생사업1팀 | 생활지원팀,1순위:건강임신지원팀 | 2순위:저출생사업1팀 | 3순위:생활지원팀,1,임산부 배려공간 조성,ㅇ 교통 약자인 임산부의 엘리베이터 안전사고 예방 및 배려문화 확산을 위해 엘리베이터 내?외부에 임산부 배려공간 조성(엠블럼 부착)   - 임산부를 위해 해당 공간을 비워두고 양보하는 사회 분위기 확산 유도 ㅇ 임산...,,,,https://idea.seoul.go.kr/front/freeSuggest/view.do?sn=180013
PROP-179981,2017-12-09,N,미상,2.0,한부모소득탈락 유예기간을 주세요,"소득이 몇백원이라도 넘어도 한부모 지원 탈락을 바로 해버리는데
몇달의 유예기간을 주셧으면 좋겠습니다.",취약·다양가족 사각지대,한부모·위기임산부,한부모·미혼부모·위기임산부,취약·다양가족 사각지대,가족지원팀,02-2133-6562,저출생사업1팀,1순위:가족지원팀 | 2순위:저출생사업1팀,0,,,,,,https://idea.seoul.go.kr/front/freeSuggest/view.do?sn=179981
PROP-179980,2017-12-09,N,미상,7.0,미혼모 정서적 지원시스템 개설요청,"다수의 미혼모는 우울증 대인기피증등 정서적 어려움을 겪고 사회로부터 고립되어 살아갑니다.
저역시 주위사람들의 편견에 마음을 닫았고 가족들로부터도 연이 끊긴 상황에서 경제적 어려움마저 겹쳐져 힘든 시간을 보냈습니다. 그런데 제가 정서적 어려움을 토로하거나 양육에대한 도움을 받으려고 수십곳의 관련단체에 전화를 해도 원하는 도움을 받지못했고 정해진 정책 외에는 더 해줄수 있는게 없다머  심지어 이야기를 중간에 자르며 전화를 끊었던 상담자도 있었습니다.  미혼모들을 위한 서비스가 몇시간의 아이돌봄, 분유나 기저귀지원등 너무 한정적인 부분만 가능한데 사실 우리가 겪는 어려움이나 돌발적 상황은 너무 다양합니다. 제가 문제를 호소해도 해결 가능한 절차가 없다거나 몇주전부터 행정적 절차를 밟아야한다고만 하는데 각종 문제에 대한 맞춤 도움을 주고 정서적인 아픔에 공감해주는 멘토같은 존재의 도움이 절실히 필요합니다. 1대1멘토링 및 맞춤지원이 필요합니다.  (저의 경우 아이를 낳기위해 병원에 같이 가줄사람이 없다거나 아플때 밤새 아이돌봐줄 사람이 없었던것이 대표적 어려움이었습니다.)",취약·다양가족 사각지대,한부모·위기임산부,한부모·미혼부모·위기임산부,취약·다양가족 사각지대,가족지원팀,02-2133-6562,저출생사업1팀,1순위:가족지원팀 | 2순위:저출생사업1팀,0,,,,,,https://idea.seoul.go.kr/front/freeSuggest/view.do?sn=179980
PROP-179977,2017-12-09,N,미상,4.0,경제적자립지원 (미혼모),"아이와의 자립을 위해 큰 기업에 입사했는데 주6일근무 조건에 야간근무라 주6일근무를 하는데 아이돌보미도 야간신청하게 되면 돌보미도 야간수당이 붙어서 결국 월급이 높아도 야간돌보미금액을 내면 그 월급의 절반을  돌보미에 투자를 하게되는데 그럼 월급높아도 저축이나 자립에 문제가 되는데 야간돌보미 수당을 국가에서 좀 지원을 해주면 한부모 엄마도 자립을 할수있을거라고 봅니다. 또 희망키움통장(자립및 창업등의 저축통장.국가저축10만+본인저축10만)이 소득기준이 130만원이고,3년인데 한 회사에 정착을 해야  경력을 쌓고 자립을 하는데 그럼 자연적으로 급여올라가는데 급여올라간다고 희망키움통장을 중도해지하라고 하는건 결국 한 회사에 오래다니지말고,자립도 하지말라는거인지...중도해지는 아닌거같아서 만기채울수 있게 부탁드립니다.",취약·다양가족 사각지대,한부모·위기임산부,한부모·미혼부모·위기임산부,취약·다양가족 사각지대,가족지원팀,02-2133-6562,저출생사업1팀,1순위:가족지원팀 | 2순위:저출생사업1팀,0,,,,,,https://idea.seoul.go.kr/front/freeSuggest/view.do?sn=179977
PROP-179976,2017-12-09,N,미상,2.0,육아부서 부모부서 같은 부서를 신설해주세요,아이를 키우는데 필요한 시스템 양육시스템 돌봄 긴급서비스 부모교육 등아이를 키우는데 많은교육과 체계적으로 관리가 필요한데 이걸 관리해주는 부서도 없을뿐더러 관리도안되는거 같아요.관리도 유동적으로 이용하며 아이를 제대로 키우며 부모와 아이가 행복하게 할수 있는 시스템이 구축되었으면 좋겠어요,정보·상담·교육·거버넌스,정보 접근성,일반 출산정책 안건,정보·상담·교육·거버넌스,저출생사업1팀,02-2133-5027,생활지원팀,1순위:저출생사업1팀 | 2순위:생활지원팀,0,,,,,,https://idea.seoul.go.kr/front/freeSuggest/view.do?sn=179976
PROP-179975,2017-12-09,N,미상,3.0,한부모 카드 발급을 통한 차등제 지원,한부모 카드 발급을 통한 차등제 지원,취약·다양가족 사각지대,한부모·위기임산부,한부모·미혼부모·위기임산부,취약·다양가족 사각지대,가족지원팀,02-2133-6562,저출생사업1팀,1순위:가족지원팀 | 2순위:저출생사업1팀,0,,,,,,https://idea.seoul.go.kr/front/freeSuggest/view.do?sn=179975
PROP-179973,2017-12-09,N,미상,1.0,미혼모라는 정의를 바꿔주세요,"네이버 포털에 검색하면 나오는 미혼모의 정의를 바꿔주세요 미혼모는 산업화에 부정적인 결과물이 아닙니다 .
미혼모는 그저 결혼하지않고 출산한 여성을 뜻한다고 표현해주세요",취약·다양가족 사각지대,한부모·위기임산부,한부모·미혼부모·위기임산부,취약·다양가족 사각지대,가족지원팀,02-2133-6562,저출생사업1팀,1순위:가족지원팀 | 2순위:저출생사업1팀,0,,,,,,https://idea.seoul.go.kr/front/freeSuggest/view.do?sn=179973
PROP-179928,2017-12-02,N,미상,6.0,대중교통 임산부석 관련 제안,"지하철에 임산부 노약자 배려석이 설치되어 있으나 의식없는 사람들로 인해 눈살을 찌푸리는 경우가 아직도 많음.
1. 제안내용
- 배려석에 놀이기구 안전바 형태의 장치를 부착
- 비워있는 경우는 바가 내려와 있고 임산부나 노약자가
앉기 위해서는 버튼을 누르면 안내음성이 나온다.
- 임산부. 노약자 이십니까? 예 버튼을 누르면 안전바가
올려지고 앉을 수 있도록 한다.
- 임산부에게는 (병원. 지자체에서 별도 발급해주는
형태) 전자카드를 사용토록하여 안전바에 갖다대면
자동으로 안전바가 올라가서 앉을 수 있도록 한다.
2. 안전바 등 설치비용 조달방안
- 안전바 등에 광고물을 설치토록 하여 비용조달
- 임산부. 노약자를 타겟으로 하는 업체를 대상으로
광고주 모집하면 어렵지 않을 것으로 예상됨.
3. 효과
- 요즘은 당당하게 임산부 카드를 보여주며 자리양보를
요구하는 경우도 있지만, 아쉬움이 많은 실정임.
- 제도적 장치를 통해 자연스럽고 부담감 없이 임산부나
노약자가 배려석을 불편없이 이용할 수 있을 것임.",임신·난임·생식건강,임산부 건강·배려,임산부 건강관리·배려,임신·난임·생식건강,건강임신지원팀,02-2133-9492,생활지원팀,1순위:건강임신지원팀 | 2순위:생활지원팀,1,임산부 배려공간 조성,ㅇ 교통 약자인 임산부의 엘리베이터 안전사고 예방 및 배려문화 확산을 위해 엘리베이터 내?외부에 임산부 배려공간 조성(엠블럼 부착)   - 임산부를 위해 해당 공간을 비워두고 양보하는 사회 분위기 확산 유도 ㅇ 임산...,,,,https://idea.seoul.go.kr/front/freeSuggest/view.do?sn=179928
PROP-179899,2017-11-30,N,미상,4.0,육아휴직과 근로시간에 대해,"안녕하세요.
육아와 직장과에 대해 아직도 고민이많고 있는 아기엄마입니다.
육아휴직이 아이당 1년, 그1년중 1번분할, 그리고 휴직또는 근로단축은 1년안에 합쳐서 1년이라는 부분에 대해 제안을 합니다.
육아휴직에 대한 부분은 1년을 쓰게두고
근로시간단축은 별도로 2년 이상 더 추가가되었으면 좋겠어요
생각보다 육아휴직 후 직장에 다시갔다가 퇴사하는일이 여전히 빈번합니다, 아무리 좋아져도~
*첫 이유는
: 육아휴직 후 복직해도 애는 너무 어리고, 그러므로 복직하고 풀근무하기엔 어려움이있어 퇴직을 선택하는사람이 대부분이다.
*둘 이유는
: 근로시간단축을 해도 여전히 애가 어리며, 1년간 또는 육아휴직과 반반해도 그 이후의 장시간 어린이집 보육을 맡기기 쉽지않다.
*셋 이유는
: 출산과 육아휴직으로 15개월을 쓰고 복직 후 업무에 적응하기가 쉽지않다.(그로인해 또다시 퇴사를 생각하는 이유가 된다)
*넷 이유는
: 맞벌이로 살아가는 시대에 육아휴직의 정부지원으로는 생활하기에는 턱없이 부족하다.
*다섯 이유는
: 근로시간단축은 내가 근무한만큼 받으면되기에 선택적결정을 잘하면되므로 근로시간단축에 대한 생각이 더 필요하다.(정부지원은 회사에만, 대신 근무단축은 더 늘어났으면...)
*여섯 이유는
: 돈과 공백기와 육아를 병행하려는 엄마입장에선 육아휴직보단 근로시간단축이 좀더 많이 필요하다.
*일곱 이유는
: 시간보육이용, 어린이집 시간연장제한 등으로 추가로 더 나가는 돈과 회사가멀어서 아이를 더 맡길 곳이없다, 그로인해 또한 돈을 벌어야하는 상황은 쳇바퀴만 돌게된다.
위와 같은 이유로(그밖에도) 근로시간단축이 추가로 늘어나는 방안이있었으면 합니다.
★간결히 정리하자면
- 육아휴직 1년 별도
= 정부지원, 또는 근로단축 포함하여 1년이상 추가로 사용할수있게,
- 근로시간단축 1~2년이상 별도
= 정부지원대신 단축시간을 늘리는 방안으로,
- 근로시간단축으로 인한부분은 애엄마보다 회사에게로 지원
=
정부지원보다 근로단축으로 공백부분과 육아하는데있어 더 용의하다
- 근로시간으로 인해 퇴직 및 육아스트레스 등 줄일수있다.
물론 정부지원과 정해진 시간의 근로자에게 단축으로 인한 손실을 받는 회사 등을 고려하자면 많은 생각이 필요할 것같습니다. 하지만 출산부분과 맞벌이와 경력, 육아를 생각하면 매우 개선되어야할 필요가 있습니다.
감사합니다. 다들 선택부탁드립니다.",일·가정 양립·부모 노동,육아휴직·근로시간,휴직·휴가·단축근무,일·가정 양립·부모 노동,가족지원팀,02-2133-6562,저출생사업1팀,1순위:가족지원팀 | 2순위:저출생사업1팀,5,서울형 육아휴직장려금(사업종료) | 서울형 육아휴직장려금 | 서울형 新일?생활 균형 3종 패키지 | 서울형 일?생활 균형 3종 패키지 | 영아 전담 아이돌봄서비스,"○ 자녀 1인당 최대 120만원 지원     - 육아휴직기간 연속 6개월 시 60만원, 연속 12개월 경과 시 60만원 추가지급      ※ 부?모 모두 육아휴직 시 각각 지급 (자녀 1인에 대해 가구당 최대 240... | ○ 자녀 1인당 최대 120만원 지원     - 육아휴직기간 연속 6개월 시 60만원, 연속 12개월 경과 시 60만원 추가지급      ※ 부?모 모두 육아휴직 시 각각 지급 (자녀 1인에 대해 가구당 최대 240... | 양육 친화 기업문화 조성을 위해 서울형 新 일?생활 균형 3종 패키지를 시행함으로써 초저출생 위기 극복 및 일?생활 균형 문화 확산 ? 배우자 출산휴가 의무제(10일) ? 육아휴직 사용 활성화 ? 육아기 근로시간 단... | 양육 친화 기업문화 조성을 위해 서울형 일?생활 균형 3종 패키지를 시행함으로써 초저출생 위기 극복 및 일?생활 균형 문화 확산 ? 배우자 출산휴가 의무제(10일) ? 육아휴직 사용 활성화 ? 육아기 근로시간 단축 ... | 출산휴가, 육아휴직 후 복귀하는 맞벌이 가정을 지원하고자 영아 돌봄 교육을 이수한 전담 돌보미가 영아 이유식 먹이기, 젖병 소독 등 영아 특화 돌봄서비스 제공",,,,https://idea.seoul.go.kr/front/freeSuggest/view.do?sn=179899
PROP-179862,2017-11-23,N,미상,1.0,지하철 역사 유휴공간의 영유아 보육시설로 활용하기,"전국 지하철 역사의 현대화,자동화 등으로 인해 역사내의 많은 공간이 유휴시설로 보입니다(예: 불꺼진 티켓판매창구 등)
최근에 지어진 역사 또한 넓직한 공간을 많이 가지고 있습니다.이러한 공간을 영유아(1~3세 정도)를 가진 엄마,아빠가 출근 시 직장에서 가까운 지하철역사의 보육시설에 아이를 맡긴 후 퇴근할 때 데리고 갈 수 있는 시설로 활용하고자 합니다.물론 점심시간 등 휴식시간에는 잠깐 아이에게 젖을 먹일 수도 있겠지요.즉 이는
1.현재 전국적으로 절대 부족한 민간,국공립 영유아시설을 보완할 수 있습니다.
2.지하철역사는 이미 대부분의 편의 시설(냉난방,환기,소방,보안,안전 등)을 갖추고 있기 때문에 최소한의 투자로 가능하며(관련 시설이 부족한 기업 으로부터 투자를 받을 수도 있을 것임)
3.전국적으로 수백에서 수천 명의 보육교사.간호조무사 등에게 새로운 일자리 창출이 될 것이고(2~3 교대 근무)
4.세계 최하로 떨어진 출산율을 높이는 데도 일조할 것이며
5.결과적으로 직장에서의 작업 능률 역시 향상될 것입니다
본 제안은 수년 전에 서울시에 하였으며 당시 관련 담당 여성책임자 분께서 전화를 하여 현행법상 지하 공간에는 보육시설의 설치가 어렵고
따라서 환승역,공단 등 유동인구 밀집 지역에 위치한 지상 역사에 우선적으로 고려해 볼 수는 있을 것이라는 답변을 들었습니다.
따라서 이제라도 법령 등의 보완,개정을 준비하는 한편 조속히 시행할 수 있는 방안을 적극 검토 바랍니다.감사합니다.",보육·돌봄 인프라,어린이집·유치원,보육시설·유아교육,보육·돌봄 인프라,돌봄사업팀,02-2133-6560,가족건강팀 | 저출생사업1팀,1순위:돌봄사업팀 | 2순위:가족건강팀 | 3순위:저출생사업1팀,5,1인 자영업자 등 배우자 출산휴가급여 지원 | 서울형 강소기업 지원 | 서울형 강소기업 지원(사업종료) | 서울시 중소기업 워라밸 포인트제 | 서울형 新일?생활 균형 3종 패키지,"1인 자영업자 등에 배우자(남편) 출산휴가급여 최대 120만원(15일분) 지원 (2026.1.1. 기준 출생아부터 적용) - 2025년 출생아는 최대 80만원(10일분) 지원 ㅇ 지원대상에 대한 자격요건 완화(202... | ① 청년 정규직 채용 시, 사내복지 개선 등 근무환경개선금 최대 45백만원 지원 ② 육아휴직자 대체 청년인턴에 최대 23개월 인건비 지원으로 업무공백 해소 ③ 육아친화 및 일?생활 균형 조직문화 조성을 위한 교육?컨... | ① 청년 정규직 채용 시, 사내복지 개선 등 근무환경개선금지원(최대 3명) ② 육아친화 및 일?생활 균형 조직문화 조성을 위한 교육?컨설팅 지원 ③ 마음챙김, 스트레스 관리로 신입사원 번아웃 예방을 위한 청년성장 프... | 양육친화 및 일?생활 균형을 위한 중소기업의 다양한 노력을 인정하고 중소기업이 아이 키우기 좋은 기업으로 성장할 수 있도록 지원하는 사업 ① 양육친화 및 일?생활 균형 실적에 따른 포인트 적립 ② 적립 포인트에 따른... | 양육 친화 기업문화 조성을 위해 서울형 新 일?생활 균형 3종 패키지를 시행함으로써 초저출생 위기 극복 및 일?생활 균형 문화 확산 ? 배우자 출산휴가 의무제(10일) ? 육아휴직 사용 활성화 ? 육아기 근로시간 단...",,,,https://idea.seoul.go.kr/front/freeSuggest/view.do?sn=179862
PROP-179861,2017-11-23,N,미상,2.0,핑크색 임산부보호석 제도 폐지,"지하철 내에는 핑크색 임산부 보호좌석이 마련되어 있습니다만, 좋은 취지와는 다르게  젊은 10대부터 나이 많으신 아주머니, 그리고 남학생 및 남성들이 앉아있는 경우도 종종 보게됩니다. 실질적으로 임산부들이 이용하는 확률은 거의 zero입니다. 그냥 여성전용  좌석입니다. 이렇다보니 질서를안지키는 사람들로 인해서 인상 찌푸리게되고, 점점 더 질서를 안지키는 인원들이 급격히 증가하고 있습니다. 오히려 역으로 성차별이 되고, 시민들이 무질서한 것에 익숙하게 되는 것 같아서 이 제도는 폐지하는 것이 바람직해 보입니다.
지금도 변함없이 핑크색 좌석에는 아저씨, 아줌마, 여학생, 젊은 아가씨가 앉아서 가고 있군요",임신·난임·생식건강,임산부 건강·배려,임산부 건강관리·배려,임신·난임·생식건강,건강임신지원팀,02-2133-9491,저출생사업1팀,1순위:건강임신지원팀 | 2순위:저출생사업1팀,1,임산부 배려공간 조성,ㅇ 교통 약자인 임산부의 엘리베이터 안전사고 예방 및 배려문화 확산을 위해 엘리베이터 내?외부에 임산부 배려공간 조성(엠블럼 부착)   - 임산부를 위해 해당 공간을 비워두고 양보하는 사회 분위기 확산 유도 ㅇ 임산...,,,,https://idea.seoul.go.kr/front/freeSuggest/view.do?sn=179861
PROP-179798,2017-11-15,N,미상,2.0,지하철의 노약자석과 임산부 배려석,"지하철과 마찬가지로 버스에도 노약자석과 임산부석이 있습니다.
그러나 이 둘에는 인식차이가 있습니다.
버스에서는 사람이 없을 때 노약자석과 임산부석에 앉아가곤 합니다. 그리고 후에 노인분이나 인산부 등 교통약자분들이 오면 자리 양보를 합니다.
그러나 지하철에서는 노약자석만 남아있을 경우 노약자석에 앉지못합니다.
그래서 저는 버스처럼 지하철도 노약자석과 임산부 배려석이 유연하게 적용되는 것을 제안하는 바입니다.",임신·난임·생식건강,임산부 건강·배려,임산부 건강관리·배려,임신·난임·생식건강,건강임신지원팀,02-2133-9492,저출생사업1팀 | 가족지원팀,1순위:건강임신지원팀 | 2순위:저출생사업1팀 | 3순위:가족지원팀,1,임산부 배려공간 조성,ㅇ 교통 약자인 임산부의 엘리베이터 안전사고 예방 및 배려문화 확산을 위해 엘리베이터 내?외부에 임산부 배려공간 조성(엠블럼 부착)   - 임산부를 위해 해당 공간을 비워두고 양보하는 사회 분위기 확산 유도 ㅇ 임산...,,,,https://idea.seoul.go.kr/front/freeSuggest/view.do?sn=179798
