proposal_id,title,issue_type,severity,detail,recommendation,category,sub_category,micro_category,department,source_url
PROP-202432,서울시 양육지원 서비스 이용대상 확대 및 종로구 백일·돌상 촬영공간 조성 건의,CONTENT_MISSING,high,본문이 없거나 제목 반복형,원문 재수집 전 정책·부서 판정 보류,정보·상담·교육·거버넌스,양육지원 서비스 접근성,신청·이용대상 기준 개선,저출생사업1팀,https://idea.seoul.go.kr/front/freeSuggest/view.do?sn=202432
PROP-202432,서울시 양육지원 서비스 이용대상 확대 및 종로구 백일·돌상 촬영공간 조성 건의,DEPARTMENT_UNVERIFIABLE,high,본문 없이 주관·협조부서가 지정됨,원문 복구 전 부서 판정 보류,정보·상담·교육·거버넌스,양육지원 서비스 접근성,신청·이용대상 기준 개선,저출생사업1팀,https://idea.seoul.go.kr/front/freeSuggest/view.do?sn=202432
PROP-202418,임산부 스마트 배려 뱃지 도입 제안,TAXONOMY_MISMATCH,medium,"내용 기반 후보=주거·교통·도시생활환경, 현재=임신·난임·생식건강",본문 확인 후 대·중·소분류 재분류,임신·난임·생식건강,임산부 건강·배려,임산부 건강관리·배려,건강임신지원팀,https://idea.seoul.go.kr/front/freeSuggest/view.do?sn=202418
PROP-202418,임산부 스마트 배려 뱃지 도입 제안,POLICY_REVIEW,medium,"저장 정책과 안전 매칭 후보 불일치; 후보=맘편한 KTX?SRT 임산부 할인, 핵심어=2개",정책 목적·대상·수단 수동 확인,임신·난임·생식건강,임산부 건강·배려,임산부 건강관리·배려,건강임신지원팀,https://idea.seoul.go.kr/front/freeSuggest/view.do?sn=202418
PROP-202389,친환경 수열 에너지 및 빗물 순환 기술을 적용한 '[자양한강도서관] 유수지 복합 스포츠센터(아이스링크)' 건립 제안,CORRECTED_EXCLUSION_STALE,high,"일반 아동/학교/시설/안전 제안: 청소년, 스포츠센터 중심이며 출산·양육 직접 맥락 부족 (근거: data/processed/ver2_expanded/상상대로_신규수집_출산양육후보_보정제외로그_ver3.csv)",최종 데이터에서 제외 또는 별도 범위 밖 보관,정보·상담·교육·거버넌스,정보 접근성,일반 출산정책 안건,저출생사업1팀,https://idea.seoul.go.kr/front/freeSuggest/view.do?sn=202389
PROP-202264,[BTF푸른나무재단] 아이들이 안전한 학교를 위한 학교폭력 예방 및 대응 정책 제안서 전달,CORRECTED_EXCLUSION_STALE,high,"일반 아동/학교/시설/안전 제안: 학교폭력, 청소년, 학교 중심이며 출산·양육 직접 맥락 부족 (근거: data/processed/ver2_expanded/상상대로_신규수집_출산양육후보_보정제외로그_ver3.csv)",최종 데이터에서 제외 또는 별도 범위 밖 보관,정보·상담·교육·거버넌스,정보 접근성,일반 출산정책 안건,저출생사업1팀,https://idea.seoul.go.kr/front/freeSuggest/view.do?sn=202264
PROP-202259,청년 주거안정 및 다자녀 가구 주거이동 지원을 위한 소규모 오피스텔 공공매입 제도 개선 건의,TAXONOMY_MISMATCH,medium,"내용 기반 후보=출산·산후 초기지원, 현재=주거·교통·도시생활환경",본문 확인 후 대·중·소분류 재분류,주거·교통·도시생활환경,출산가구 주거,신혼부부·출산가구 주거지원,저출생사업1팀,https://idea.seoul.go.kr/front/freeSuggest/view.do?sn=202259
PROP-202234,"초등학생 저녁식사 지원 서비스(키움센터 활용, 사전 예약 기반, 일부 비용 지급)",CONTENT_MISSING,high,본문이 없거나 제목 반복형,원문 재수집 전 정책·부서 판정 보류,보육·돌봄 인프라,초등돌봄,초등돌봄·방과후,돌봄사업팀,https://idea.seoul.go.kr/front/freeSuggest/view.do?sn=202234
PROP-202234,"초등학생 저녁식사 지원 서비스(키움센터 활용, 사전 예약 기반, 일부 비용 지급)",DEPARTMENT_UNVERIFIABLE,high,본문 없이 주관·협조부서가 지정됨,원문 복구 전 부서 판정 보류,보육·돌봄 인프라,초등돌봄,초등돌봄·방과후,돌봄사업팀,https://idea.seoul.go.kr/front/freeSuggest/view.do?sn=202234
PROP-202224,서울형 키즈카페의 행정 편의주의적 운영 규정 개선 및 다자녀 가구 역차별 해소 촉구,TAXONOMY_MISMATCH,medium,"내용 기반 후보=보육·돌봄 인프라, 현재=다자녀·양육비·생활지원",본문 확인 후 대·중·소분류 재분류,다자녀·양육비·생활지원,다자녀 혜택,다자녀 기준·할인·감면,저출생사업1팀,https://idea.seoul.go.kr/front/freeSuggest/view.do?sn=202224
PROP-202208,대중교통 임산부 배려석 뱃지 태그 시스템 도입,CONTENT_MISSING,high,본문이 없거나 제목 반복형,원문 재수집 전 정책·부서 판정 보류,임신·난임·생식건강,임산부 건강·배려,임산부 건강관리·배려,건강임신지원팀,https://idea.seoul.go.kr/front/freeSuggest/view.do?sn=202208
PROP-202208,대중교통 임산부 배려석 뱃지 태그 시스템 도입,TAXONOMY_MISMATCH,medium,"내용 기반 후보=주거·교통·도시생활환경, 현재=임신·난임·생식건강",본문 확인 후 대·중·소분류 재분류,임신·난임·생식건강,임산부 건강·배려,임산부 건강관리·배려,건강임신지원팀,https://idea.seoul.go.kr/front/freeSuggest/view.do?sn=202208
PROP-202208,대중교통 임산부 배려석 뱃지 태그 시스템 도입,DEPARTMENT_UNVERIFIABLE,high,본문 없이 주관·협조부서가 지정됨,원문 복구 전 부서 판정 보류,임신·난임·생식건강,임산부 건강·배려,임산부 건강관리·배려,건강임신지원팀,https://idea.seoul.go.kr/front/freeSuggest/view.do?sn=202208
PROP-202208,대중교통 임산부 배려석 뱃지 태그 시스템 도입,POLICY_UNVERIFIABLE,high,본문 없이 현행 정책이 저장 연결됨,정책 연결 제거·보류,임신·난임·생식건강,임산부 건강·배려,임산부 건강관리·배려,건강임신지원팀,https://idea.seoul.go.kr/front/freeSuggest/view.do?sn=202208
PROP-202191,지역아동센터앞 교통안전을 위해서 붉은색으로 도로 안전구역 표시 부탁드립니다.,CORRECTED_EXCLUSION_STALE,high,출산·양육 직접 키워드 또는 조합 조건 미충족 (근거: data/processed/ver2_expanded/상상대로_추가크롤링후보_보정제외로그_ver3.csv),최종 데이터에서 제외 또는 별도 범위 밖 보관,정보·상담·교육·거버넌스,정보 접근성,일반 출산정책 안건,저출생사업1팀,https://idea.seoul.go.kr/front/freeSuggest/view.do?sn=202191
PROP-202191,지역아동센터앞 교통안전을 위해서 붉은색으로 도로 안전구역 표시 부탁드립니다.,TAXONOMY_MISMATCH,medium,"내용 기반 후보=주거·교통·도시생활환경, 현재=정보·상담·교육·거버넌스",본문 확인 후 대·중·소분류 재분류,정보·상담·교육·거버넌스,정보 접근성,일반 출산정책 안건,저출생사업1팀,https://idea.seoul.go.kr/front/freeSuggest/view.do?sn=202191
PROP-202117,타 지자체 거주 다자녀 가구의 공영주차장 이용 감면 및 주차난 해소를 위한 정책 개선을 건의합니다.,TAXONOMY_MISMATCH,medium,"내용 기반 후보=주거·교통·도시생활환경, 현재=다자녀·양육비·생활지원",본문 확인 후 대·중·소분류 재분류,다자녀·양육비·생활지원,다자녀 혜택,다자녀 기준·할인·감면,저출생사업1팀,https://idea.seoul.go.kr/front/freeSuggest/view.do?sn=202117
PROP-202113,영유아쉼터나 유아휴게실,TAXONOMY_MISMATCH,medium,"내용 기반 후보=주거·교통·도시생활환경, 현재=보육·돌봄 인프라",본문 확인 후 대·중·소분류 재분류,보육·돌봄 인프라,아동 놀이·체험공간,공공키즈카페·수유실·유아휴게실,돌봄사업팀,https://idea.seoul.go.kr/front/freeSuggest/view.do?sn=202113
PROP-202095,지하철 임산부석에 임산부 아닌 사람들이 앉지 못하도록 하는 공공 디자인 제안,CONTENT_MISSING,high,본문이 없거나 제목 반복형,원문 재수집 전 정책·부서 판정 보류,임신·난임·생식건강,임산부 건강·배려,임산부 건강관리·배려,건강임신지원팀,https://idea.seoul.go.kr/front/freeSuggest/view.do?sn=202095
PROP-202095,지하철 임산부석에 임산부 아닌 사람들이 앉지 못하도록 하는 공공 디자인 제안,DEPARTMENT_UNVERIFIABLE,high,본문 없이 주관·협조부서가 지정됨,원문 복구 전 부서 판정 보류,임신·난임·생식건강,임산부 건강·배려,임산부 건강관리·배려,건강임신지원팀,https://idea.seoul.go.kr/front/freeSuggest/view.do?sn=202095
PROP-202095,지하철 임산부석에 임산부 아닌 사람들이 앉지 못하도록 하는 공공 디자인 제안,POLICY_UNVERIFIABLE,high,본문 없이 현행 정책이 저장 연결됨,정책 연결 제거·보류,임신·난임·생식건강,임산부 건강·배려,임산부 건강관리·배려,건강임신지원팀,https://idea.seoul.go.kr/front/freeSuggest/view.do?sn=202095
PROP-202066,신생아 특례대출 기간 늘려주세요,TAXONOMY_MISMATCH,medium,"내용 기반 후보=임신·난임·생식건강, 현재=출산·산후 초기지원",본문 확인 후 대·중·소분류 재분류,출산·산후 초기지원,출산가구 초기지원,출산지원금·출생축하,가족건강팀,https://idea.seoul.go.kr/front/freeSuggest/view.do?sn=202066
PROP-202014,서울특별시 신혼부부 임차보증금 대출 사업,CONTENT_MISSING,high,본문이 없거나 제목 반복형,원문 재수집 전 정책·부서 판정 보류,주거·교통·도시생활환경,출산가구 주거,신혼부부·출산가구 주거지원,저출생사업1팀,https://idea.seoul.go.kr/front/freeSuggest/view.do?sn=202014
PROP-202014,서울특별시 신혼부부 임차보증금 대출 사업,DEPARTMENT_UNVERIFIABLE,high,본문 없이 주관·협조부서가 지정됨,원문 복구 전 부서 판정 보류,주거·교통·도시생활환경,출산가구 주거,신혼부부·출산가구 주거지원,저출생사업1팀,https://idea.seoul.go.kr/front/freeSuggest/view.do?sn=202014
PROP-202014,서울특별시 신혼부부 임차보증금 대출 사업,POLICY_UNVERIFIABLE,high,본문 없이 현행 정책이 저장 연결됨,정책 연결 제거·보류,주거·교통·도시생활환경,출산가구 주거,신혼부부·출산가구 주거지원,저출생사업1팀,https://idea.seoul.go.kr/front/freeSuggest/view.do?sn=202014
PROP-201995,어린이 보호구역내 인도의 표지판 기둥 하단 밝은 스티커 부착 제안,CORRECTED_EXCLUSION_STALE,high,일반 아동/학교/시설/안전 제안: 보호구역 중심이며 출산·양육 직접 맥락 부족 (근거: data/processed/ver2_expanded/상상대로_신규수집_출산양육후보_보정제외로그_ver3.csv),최종 데이터에서 제외 또는 별도 범위 밖 보관,정보·상담·교육·거버넌스,정보 접근성,일반 출산정책 안건,저출생사업1팀,https://idea.seoul.go.kr/front/freeSuggest/view.do?sn=201995
PROP-201851,혼잡 버스 내 임산부 안전 확보위한 자동안내시스템 건의,CONTENT_MISSING,high,본문이 없거나 제목 반복형,원문 재수집 전 정책·부서 판정 보류,임신·난임·생식건강,임산부 건강·배려,임산부 건강관리·배려,건강임신지원팀,https://idea.seoul.go.kr/front/freeSuggest/view.do?sn=201851
PROP-201851,혼잡 버스 내 임산부 안전 확보위한 자동안내시스템 건의,DEPARTMENT_UNVERIFIABLE,high,본문 없이 주관·협조부서가 지정됨,원문 복구 전 부서 판정 보류,임신·난임·생식건강,임산부 건강·배려,임산부 건강관리·배려,건강임신지원팀,https://idea.seoul.go.kr/front/freeSuggest/view.do?sn=201851
PROP-201851,혼잡 버스 내 임산부 안전 확보위한 자동안내시스템 건의,POLICY_UNVERIFIABLE,high,본문 없이 현행 정책이 저장 연결됨,정책 연결 제거·보류,임신·난임·생식건강,임산부 건강·배려,임산부 건강관리·배려,건강임신지원팀,https://idea.seoul.go.kr/front/freeSuggest/view.do?sn=201851
PROP-201849,"아이들이 넘어지고 차가 부서지는 ""턱"" 대신, 기술이 있는 ""안전한 평면도로""를 제안합니다.",CORRECTED_EXCLUSION_STALE,high,일반 아동/학교/시설/안전 제안: 보호구역 중심이며 출산·양육 직접 맥락 부족 (근거: data/processed/ver2_expanded/상상대로_신규수집_출산양육후보_보정제외로그_ver3.csv),최종 데이터에서 제외 또는 별도 범위 밖 보관,정보·상담·교육·거버넌스,정보 접근성,일반 출산정책 안건,저출생사업1팀,https://idea.seoul.go.kr/front/freeSuggest/view.do?sn=201849
PROP-201788,서울 시내버스 임산부/노약자 좌석 관련,CONTENT_MISSING,high,본문이 없거나 제목 반복형,원문 재수집 전 정책·부서 판정 보류,임신·난임·생식건강,임산부 건강·배려,임산부 건강관리·배려,건강임신지원팀,https://idea.seoul.go.kr/front/freeSuggest/view.do?sn=201788
PROP-201788,서울 시내버스 임산부/노약자 좌석 관련,DEPARTMENT_UNVERIFIABLE,high,본문 없이 주관·협조부서가 지정됨,원문 복구 전 부서 판정 보류,임신·난임·생식건강,임산부 건강·배려,임산부 건강관리·배려,건강임신지원팀,https://idea.seoul.go.kr/front/freeSuggest/view.do?sn=201788
PROP-201788,서울 시내버스 임산부/노약자 좌석 관련,POLICY_UNVERIFIABLE,high,본문 없이 현행 정책이 저장 연결됨,정책 연결 제거·보류,임신·난임·생식건강,임산부 건강·배려,임산부 건강관리·배려,건강임신지원팀,https://idea.seoul.go.kr/front/freeSuggest/view.do?sn=201788
PROP-201727,[시민규제발굴단] 자치구별 야간 보육 거점 기관 지정 의무화 및 접근성 강화,POLICY_REVIEW,medium,"저장 정책과 안전 매칭 후보 불일치; 후보=거점형 야간보육, 핵심어=2개",정책 목적·대상·수단 수동 확인,보육·돌봄 인프라,어린이집·유치원,보육시설·유아교육,돌봄사업팀,https://idea.seoul.go.kr/front/freeSuggest/view.do?sn=201727
PROP-201657,지하철 임산부석 이용 방식 개선에 대한 시민 제안,CONTENT_MISSING,high,본문이 없거나 제목 반복형,원문 재수집 전 정책·부서 판정 보류,임신·난임·생식건강,임산부 건강·배려,임산부 건강관리·배려,건강임신지원팀,https://idea.seoul.go.kr/front/freeSuggest/view.do?sn=201657
PROP-201657,지하철 임산부석 이용 방식 개선에 대한 시민 제안,DEPARTMENT_UNVERIFIABLE,high,본문 없이 주관·협조부서가 지정됨,원문 복구 전 부서 판정 보류,임신·난임·생식건강,임산부 건강·배려,임산부 건강관리·배려,건강임신지원팀,https://idea.seoul.go.kr/front/freeSuggest/view.do?sn=201657
PROP-201657,지하철 임산부석 이용 방식 개선에 대한 시민 제안,POLICY_UNVERIFIABLE,high,본문 없이 현행 정책이 저장 연결됨,정책 연결 제거·보류,임신·난임·생식건강,임산부 건강·배려,임산부 건강관리·배려,건강임신지원팀,https://idea.seoul.go.kr/front/freeSuggest/view.do?sn=201657
PROP-201636,출산 가정 태극기 제공(신혼 부부 태극기 미수혜 가정 보완 + 국기 선양 연계),POLICY_REVIEW,medium,"저장 정책과 안전 매칭 후보 불일치; 후보=초등돌봄시설 공공성 강화(지역아동센터), 핵심어=2개",정책 목적·대상·수단 수동 확인,출산·산후 초기지원,출산가구 초기지원,출산지원금·출생축하,가족건강팀,https://idea.seoul.go.kr/front/freeSuggest/view.do?sn=201636
PROP-201635,차상위계층 신청 시 가구원 수 및 다자녀 여부를 고려한 차량 가액 기준 완화 제안,TAXONOMY_MISMATCH,medium,"내용 기반 후보=주거·교통·도시생활환경, 현재=다자녀·양육비·생활지원",본문 확인 후 대·중·소분류 재분류,다자녀·양육비·생활지원,다자녀 혜택,다자녀 기준·할인·감면,저출생사업1팀,https://idea.seoul.go.kr/front/freeSuggest/view.do?sn=201635
PROP-201627,교통약자 배려 문화 정착을 위한 '임산부석 스마트 알림 시스템' 도입 제안,CONTENT_MISSING,high,본문이 없거나 제목 반복형,원문 재수집 전 정책·부서 판정 보류,임신·난임·생식건강,임산부 건강·배려,임산부 건강관리·배려,건강임신지원팀,https://idea.seoul.go.kr/front/freeSuggest/view.do?sn=201627
PROP-201627,교통약자 배려 문화 정착을 위한 '임산부석 스마트 알림 시스템' 도입 제안,TAXONOMY_MISMATCH,medium,"내용 기반 후보=주거·교통·도시생활환경, 현재=임신·난임·생식건강",본문 확인 후 대·중·소분류 재분류,임신·난임·생식건강,임산부 건강·배려,임산부 건강관리·배려,건강임신지원팀,https://idea.seoul.go.kr/front/freeSuggest/view.do?sn=201627
PROP-201627,교통약자 배려 문화 정착을 위한 '임산부석 스마트 알림 시스템' 도입 제안,DEPARTMENT_UNVERIFIABLE,high,본문 없이 주관·협조부서가 지정됨,원문 복구 전 부서 판정 보류,임신·난임·생식건강,임산부 건강·배려,임산부 건강관리·배려,건강임신지원팀,https://idea.seoul.go.kr/front/freeSuggest/view.do?sn=201627
PROP-201627,교통약자 배려 문화 정착을 위한 '임산부석 스마트 알림 시스템' 도입 제안,POLICY_UNVERIFIABLE,high,본문 없이 현행 정책이 저장 연결됨,정책 연결 제거·보류,임신·난임·생식건강,임산부 건강·배려,임산부 건강관리·배려,건강임신지원팀,https://idea.seoul.go.kr/front/freeSuggest/view.do?sn=201627
PROP-201626,어린이 보호구역 차량단속,CORRECTED_EXCLUSION_STALE,high,"일반 아동/학교/시설/안전 제안: 학교, 보호구역 중심이며 출산·양육 직접 맥락 부족 (근거: data/processed/ver2_expanded/상상대로_신규수집_출산양육후보_보정제외로그_ver3.csv)",최종 데이터에서 제외 또는 별도 범위 밖 보관,정보·상담·교육·거버넌스,정보 접근성,일반 출산정책 안건,저출생사업1팀,https://idea.seoul.go.kr/front/freeSuggest/view.do?sn=201626
PROP-201601,임산부 배려석 태그 장치 도입,TAXONOMY_MISMATCH,medium,"내용 기반 후보=주거·교통·도시생활환경, 현재=임신·난임·생식건강",본문 확인 후 대·중·소분류 재분류,임신·난임·생식건강,임산부 건강·배려,임산부 건강관리·배려,건강임신지원팀,https://idea.seoul.go.kr/front/freeSuggest/view.do?sn=201601
PROP-201586,임산부 무료 식사지원 「행복한 임신메뉴」 운영,POLICY_REVIEW,medium,"저장 정책과 안전 매칭 후보 불일치; 후보=임산부 배려공간 조성, 핵심어=2개",정책 목적·대상·수단 수동 확인,임신·난임·생식건강,임산부 건강·배려,임산부 건강관리·배려,건강임신지원팀,https://idea.seoul.go.kr/front/freeSuggest/view.do?sn=201586
PROP-201550,[시민규제발굴단] ‘어린이집 대란‘ 완화 방안(보육규제개선제안),TAXONOMY_MISMATCH,medium,"내용 기반 후보=임신·난임·생식건강, 현재=보육·돌봄 인프라",본문 확인 후 대·중·소분류 재분류,보육·돌봄 인프라,어린이집·유치원,보육시설·유아교육,돌봄사업팀,https://idea.seoul.go.kr/front/freeSuggest/view.do?sn=201550
PROP-201543,[시민규제발굴단] 초등 긴급·일시돌봄 ‘사전등록제’ 폐지 또는 간소화,POLICY_REVIEW,medium,"저장 정책과 안전 매칭 후보 불일치; 후보=미혼부 양육비 신청 절차 간소화, 핵심어=2개",정책 목적·대상·수단 수동 확인,보육·돌봄 인프라,가족돌봄,아이돌봄·조부모돌봄,돌봄사업팀,https://idea.seoul.go.kr/front/freeSuggest/view.do?sn=201543
PROP-201529,한부모 가정 자립 지원을 위한 통합형 + 주거연계 모델 도입 제안,CONTENT_MISSING,high,본문이 없거나 제목 반복형,원문 재수집 전 정책·부서 판정 보류,주거·교통·도시생활환경,출산가구 주거,신혼부부·출산가구 주거지원,저출생사업1팀,https://idea.seoul.go.kr/front/freeSuggest/view.do?sn=201529
PROP-201529,한부모 가정 자립 지원을 위한 통합형 + 주거연계 모델 도입 제안,DEPARTMENT_UNVERIFIABLE,high,본문 없이 주관·협조부서가 지정됨,원문 복구 전 부서 판정 보류,주거·교통·도시생활환경,출산가구 주거,신혼부부·출산가구 주거지원,저출생사업1팀,https://idea.seoul.go.kr/front/freeSuggest/view.do?sn=201529
PROP-201529,한부모 가정 자립 지원을 위한 통합형 + 주거연계 모델 도입 제안,POLICY_UNVERIFIABLE,high,본문 없이 현행 정책이 저장 연결됨,정책 연결 제거·보류,주거·교통·도시생활환경,출산가구 주거,신혼부부·출산가구 주거지원,저출생사업1팀,https://idea.seoul.go.kr/front/freeSuggest/view.do?sn=201529
PROP-201476,어린이 보호구역 이륜차 무단 주차 방지를 위한 종합 관리 방안,TAXONOMY_MISMATCH,medium,"내용 기반 후보=주거·교통·도시생활환경, 현재=정보·상담·교육·거버넌스",본문 확인 후 대·중·소분류 재분류,정보·상담·교육·거버넌스,정보 접근성,일반 출산정책 안건,저출생사업1팀,https://idea.seoul.go.kr/front/freeSuggest/view.do?sn=201476
PROP-201438,자녀6명 이상인 가정은 총재산이 15억 이하이면 교육급여 대상자로 선정해주세요.,CONTENT_MISSING,high,본문이 없거나 제목 반복형,원문 재수집 전 정책·부서 판정 보류,정보·상담·교육·거버넌스,정보 접근성,일반 출산정책 안건,저출생사업1팀,https://idea.seoul.go.kr/front/freeSuggest/view.do?sn=201438
PROP-201438,자녀6명 이상인 가정은 총재산이 15억 이하이면 교육급여 대상자로 선정해주세요.,DEPARTMENT_UNVERIFIABLE,high,본문 없이 주관·협조부서가 지정됨,원문 복구 전 부서 판정 보류,정보·상담·교육·거버넌스,정보 접근성,일반 출산정책 안건,저출생사업1팀,https://idea.seoul.go.kr/front/freeSuggest/view.do?sn=201438
PROP-201435,？？ [정책 제안] 빛의 자녀(개척자)들을 위한 ‘자존감 및 사회화 통합 교육’ 신설,CONTENT_MISSING,high,본문이 없거나 제목 반복형,원문 재수집 전 정책·부서 판정 보류,정보·상담·교육·거버넌스,정보 접근성,일반 출산정책 안건,저출생사업1팀,https://idea.seoul.go.kr/front/freeSuggest/view.do?sn=201435
PROP-201435,？？ [정책 제안] 빛의 자녀(개척자)들을 위한 ‘자존감 및 사회화 통합 교육’ 신설,DEPARTMENT_UNVERIFIABLE,high,본문 없이 주관·협조부서가 지정됨,원문 복구 전 부서 판정 보류,정보·상담·교육·거버넌스,정보 접근성,일반 출산정책 안건,저출생사업1팀,https://idea.seoul.go.kr/front/freeSuggest/view.do?sn=201435
PROP-201294,서울형키즈카페 서울 생활권자 이용권한 확대,TAXONOMY_MISMATCH,medium,"내용 기반 후보=주거·교통·도시생활환경, 현재=보육·돌봄 인프라",본문 확인 후 대·중·소분류 재분류,보육·돌봄 인프라,아동 놀이·체험공간,공공키즈카페·수유실·유아휴게실,돌봄사업팀,https://idea.seoul.go.kr/front/freeSuggest/view.do?sn=201294
PROP-201278,서울시 공공자전거 따릉이 다자녀가구 할인 도입 제안,TAXONOMY_MISMATCH,medium,"내용 기반 후보=주거·교통·도시생활환경, 현재=다자녀·양육비·생활지원",본문 확인 후 대·중·소분류 재분류,다자녀·양육비·생활지원,다자녀 혜택,다자녀 기준·할인·감면,저출생사업1팀,https://idea.seoul.go.kr/front/freeSuggest/view.do?sn=201278
PROP-201207,"서울특별시 임산부 건강 지원사업(보건소, 산모 바우처 연계) 도입 제안",CONTENT_MISSING,high,본문이 없거나 제목 반복형,원문 재수집 전 정책·부서 판정 보류,임신·난임·생식건강,임산부 건강·배려,임산부 건강관리·배려,건강임신지원팀,https://idea.seoul.go.kr/front/freeSuggest/view.do?sn=201207
PROP-201207,"서울특별시 임산부 건강 지원사업(보건소, 산모 바우처 연계) 도입 제안",DEPARTMENT_UNVERIFIABLE,high,본문 없이 주관·협조부서가 지정됨,원문 복구 전 부서 판정 보류,임신·난임·생식건강,임산부 건강·배려,임산부 건강관리·배려,건강임신지원팀,https://idea.seoul.go.kr/front/freeSuggest/view.do?sn=201207
PROP-201207,"서울특별시 임산부 건강 지원사업(보건소, 산모 바우처 연계) 도입 제안",POLICY_UNVERIFIABLE,high,본문 없이 현행 정책이 저장 연결됨,정책 연결 제거·보류,임신·난임·생식건강,임산부 건강·배려,임산부 건강관리·배려,건강임신지원팀,https://idea.seoul.go.kr/front/freeSuggest/view.do?sn=201207
PROP-201115,여의신월지하차도 다자녀(3자녀 이상) 가구 통행료 할인 적용 제안,TAXONOMY_MISMATCH,medium,"내용 기반 후보=주거·교통·도시생활환경, 현재=다자녀·양육비·생활지원",본문 확인 후 대·중·소분류 재분류,다자녀·양육비·생활지원,다자녀 혜택,다자녀 기준·할인·감면,저출생사업1팀,https://idea.seoul.go.kr/front/freeSuggest/view.do?sn=201115
PROP-201102,서울시 자치구별 다자녀 혜택의 문제점,TAXONOMY_MISMATCH,medium,"내용 기반 후보=출산·산후 초기지원, 현재=다자녀·양육비·생활지원",본문 확인 후 대·중·소분류 재분류,다자녀·양육비·생활지원,다자녀 혜택,다자녀 기준·할인·감면,저출생사업1팀,https://idea.seoul.go.kr/front/freeSuggest/view.do?sn=201102
PROP-201045,[시민규제발굴단] 장애인 아이들을 위한 서울형키즈카페 혹은 시설내의 프로그램,CONTENT_MISSING,high,본문이 없거나 제목 반복형,원문 재수집 전 정책·부서 판정 보류,보육·돌봄 인프라,아동 놀이·체험공간,공공키즈카페·수유실·유아휴게실,돌봄사업팀,https://idea.seoul.go.kr/front/freeSuggest/view.do?sn=201045
PROP-201045,[시민규제발굴단] 장애인 아이들을 위한 서울형키즈카페 혹은 시설내의 프로그램,DEPARTMENT_UNVERIFIABLE,high,본문 없이 주관·협조부서가 지정됨,원문 복구 전 부서 판정 보류,보육·돌봄 인프라,아동 놀이·체험공간,공공키즈카페·수유실·유아휴게실,돌봄사업팀,https://idea.seoul.go.kr/front/freeSuggest/view.do?sn=201045
PROP-201039,임산부 배려석 스마트 인증 시스템 도입 제안,CONTENT_MISSING,high,본문이 없거나 제목 반복형,원문 재수집 전 정책·부서 판정 보류,임신·난임·생식건강,임산부 건강·배려,임산부 건강관리·배려,건강임신지원팀,https://idea.seoul.go.kr/front/freeSuggest/view.do?sn=201039
PROP-201039,임산부 배려석 스마트 인증 시스템 도입 제안,DEPARTMENT_UNVERIFIABLE,high,본문 없이 주관·협조부서가 지정됨,원문 복구 전 부서 판정 보류,임신·난임·생식건강,임산부 건강·배려,임산부 건강관리·배려,건강임신지원팀,https://idea.seoul.go.kr/front/freeSuggest/view.do?sn=201039
PROP-201039,임산부 배려석 스마트 인증 시스템 도입 제안,POLICY_UNVERIFIABLE,high,본문 없이 현행 정책이 저장 연결됨,정책 연결 제거·보류,임신·난임·생식건강,임산부 건강·배려,임산부 건강관리·배려,건강임신지원팀,https://idea.seoul.go.kr/front/freeSuggest/view.do?sn=201039
PROP-200988,임산부 배려석 사용률 증진을 위한 '스마트 알림 뱃지(Smart Badge)' 도입 제안,CONTENT_MISSING,high,본문이 없거나 제목 반복형,원문 재수집 전 정책·부서 판정 보류,임신·난임·생식건강,임산부 건강·배려,임산부 건강관리·배려,건강임신지원팀,https://idea.seoul.go.kr/front/freeSuggest/view.do?sn=200988
PROP-200988,임산부 배려석 사용률 증진을 위한 '스마트 알림 뱃지(Smart Badge)' 도입 제안,DEPARTMENT_UNVERIFIABLE,high,본문 없이 주관·협조부서가 지정됨,원문 복구 전 부서 판정 보류,임신·난임·생식건강,임산부 건강·배려,임산부 건강관리·배려,건강임신지원팀,https://idea.seoul.go.kr/front/freeSuggest/view.do?sn=200988
PROP-200988,임산부 배려석 사용률 증진을 위한 '스마트 알림 뱃지(Smart Badge)' 도입 제안,POLICY_UNVERIFIABLE,high,본문 없이 현행 정책이 저장 연결됨,정책 연결 제거·보류,임신·난임·생식건강,임산부 건강·배려,임산부 건강관리·배려,건강임신지원팀,https://idea.seoul.go.kr/front/freeSuggest/view.do?sn=200988
PROP-200867,임산부배려석의 배려의강요,TAXONOMY_MISMATCH,medium,"내용 기반 후보=주거·교통·도시생활환경, 현재=임신·난임·생식건강",본문 확인 후 대·중·소분류 재분류,임신·난임·생식건강,임산부 건강·배려,임산부 건강관리·배려,건강임신지원팀,https://idea.seoul.go.kr/front/freeSuggest/view.do?sn=200867
PROP-200665,"신혼부부 장기전세주택2, 혼인신고와 이혼",CONTENT_MISSING,high,본문이 없거나 제목 반복형,원문 재수집 전 정책·부서 판정 보류,주거·교통·도시생활환경,출산가구 주거,신혼부부·출산가구 주거지원,저출생사업1팀,https://idea.seoul.go.kr/front/freeSuggest/view.do?sn=200665
PROP-200665,"신혼부부 장기전세주택2, 혼인신고와 이혼",DEPARTMENT_UNVERIFIABLE,high,본문 없이 주관·협조부서가 지정됨,원문 복구 전 부서 판정 보류,주거·교통·도시생활환경,출산가구 주거,신혼부부·출산가구 주거지원,저출생사업1팀,https://idea.seoul.go.kr/front/freeSuggest/view.do?sn=200665
PROP-200665,"신혼부부 장기전세주택2, 혼인신고와 이혼",POLICY_UNVERIFIABLE,high,본문 없이 현행 정책이 저장 연결됨,정책 연결 제거·보류,주거·교통·도시생활환경,출산가구 주거,신혼부부·출산가구 주거지원,저출생사업1팀,https://idea.seoul.go.kr/front/freeSuggest/view.do?sn=200665
PROP-200525,아이들이 등하교를 안전하게 다닐 수 있도록 개정이 필요합니다.,TAXONOMY_MISMATCH,medium,"내용 기반 후보=출산·산후 초기지원, 현재=정보·상담·교육·거버넌스",본문 확인 후 대·중·소분류 재분류,정보·상담·교육·거버넌스,정보 접근성,일반 출산정책 안건,저출생사업1팀,https://idea.seoul.go.kr/front/freeSuggest/view.do?sn=200525
PROP-200427,경춘선 숲길에 아이들을 위한 미니 기차 놀이 시설을 설치해주세요,CONTENT_MISSING,high,본문이 없거나 제목 반복형,원문 재수집 전 정책·부서 판정 보류,정보·상담·교육·거버넌스,정보 접근성,일반 출산정책 안건,저출생사업1팀,https://idea.seoul.go.kr/front/freeSuggest/view.do?sn=200427
PROP-200427,경춘선 숲길에 아이들을 위한 미니 기차 놀이 시설을 설치해주세요,CORRECTED_EXCLUSION_STALE,high,출산·양육 직접 키워드 또는 조합 조건 미충족 (근거: data/processed/ver2_expanded/상상대로_추가크롤링후보_보정제외로그_ver3.csv),최종 데이터에서 제외 또는 별도 범위 밖 보관,정보·상담·교육·거버넌스,정보 접근성,일반 출산정책 안건,저출생사업1팀,https://idea.seoul.go.kr/front/freeSuggest/view.do?sn=200427
PROP-200427,경춘선 숲길에 아이들을 위한 미니 기차 놀이 시설을 설치해주세요,DEPARTMENT_UNVERIFIABLE,high,본문 없이 주관·협조부서가 지정됨,원문 복구 전 부서 판정 보류,정보·상담·교육·거버넌스,정보 접근성,일반 출산정책 안건,저출생사업1팀,https://idea.seoul.go.kr/front/freeSuggest/view.do?sn=200427
PROP-200312,"아이돌봄서비스(조부모돌봄) 기간 ,범위 확대 건의",POLICY_REVIEW,medium,"저장 정책과 안전 매칭 후보 불일치; 후보=청소년 부모 양육비 지원 확대, 핵심어=2개",정책 목적·대상·수단 수동 확인,보육·돌봄 인프라,가족돌봄,아이돌봄·조부모돌봄,돌봄사업팀,https://idea.seoul.go.kr/front/freeSuggest/view.do?sn=200312
PROP-200168,임산부 배려석 제안,TAXONOMY_MISMATCH,medium,"내용 기반 후보=주거·교통·도시생활환경, 현재=임신·난임·생식건강",본문 확인 후 대·중·소분류 재분류,임신·난임·생식건강,임산부 건강·배려,임산부 건강관리·배려,건강임신지원팀,https://idea.seoul.go.kr/front/freeSuggest/view.do?sn=200168
PROP-200157,sh 행복주택 신생아 최우선 공급관련 건의합니다,CONTENT_MISSING,high,본문이 없거나 제목 반복형,원문 재수집 전 정책·부서 판정 보류,출산·산후 초기지원,출산가구 초기지원,출산지원금·출생축하,가족건강팀,https://idea.seoul.go.kr/front/freeSuggest/view.do?sn=200157
PROP-200157,sh 행복주택 신생아 최우선 공급관련 건의합니다,DEPARTMENT_UNVERIFIABLE,high,본문 없이 주관·협조부서가 지정됨,원문 복구 전 부서 판정 보류,출산·산후 초기지원,출산가구 초기지원,출산지원금·출생축하,가족건강팀,https://idea.seoul.go.kr/front/freeSuggest/view.do?sn=200157
PROP-200129,예비 신혼부부를 위한 ‘서울시 미리내집’ 소득기준 개선 요청,CONTENT_MISSING,high,본문이 없거나 제목 반복형,원문 재수집 전 정책·부서 판정 보류,주거·교통·도시생활환경,출산가구 주거,신혼부부·출산가구 주거지원,저출생사업1팀,https://idea.seoul.go.kr/front/freeSuggest/view.do?sn=200129
PROP-200129,예비 신혼부부를 위한 ‘서울시 미리내집’ 소득기준 개선 요청,DEPARTMENT_UNVERIFIABLE,high,본문 없이 주관·협조부서가 지정됨,원문 복구 전 부서 판정 보류,주거·교통·도시생활환경,출산가구 주거,신혼부부·출산가구 주거지원,저출생사업1팀,https://idea.seoul.go.kr/front/freeSuggest/view.do?sn=200129
PROP-200129,예비 신혼부부를 위한 ‘서울시 미리내집’ 소득기준 개선 요청,POLICY_UNVERIFIABLE,high,본문 없이 현행 정책이 저장 연결됨,정책 연결 제거·보류,주거·교통·도시생활환경,출산가구 주거,신혼부부·출산가구 주거지원,저출생사업1팀,https://idea.seoul.go.kr/front/freeSuggest/view.do?sn=200129
PROP-200103,가정내 돌봄종사자 무료예방접종,TAXONOMY_MISMATCH,medium,"내용 기반 후보=출산·산후 초기지원, 현재=보육·돌봄 인프라",본문 확인 후 대·중·소분류 재분류,보육·돌봄 인프라,아동 건강·의료 접근성,소아응급·야간진료·영유아검진,돌봄사업팀,https://idea.seoul.go.kr/front/freeSuggest/view.do?sn=200103
PROP-200102,강동구 키움센터 방학기간 설정에 인근 초등학교 방학기간을 고려해 주세요!,CONTENT_MISSING,high,본문이 없거나 제목 반복형,원문 재수집 전 정책·부서 판정 보류,보육·돌봄 인프라,초등돌봄,초등돌봄·방과후,돌봄사업팀,https://idea.seoul.go.kr/front/freeSuggest/view.do?sn=200102
PROP-200102,강동구 키움센터 방학기간 설정에 인근 초등학교 방학기간을 고려해 주세요!,DEPARTMENT_UNVERIFIABLE,high,본문 없이 주관·협조부서가 지정됨,원문 복구 전 부서 판정 보류,보육·돌봄 인프라,초등돌봄,초등돌봄·방과후,돌봄사업팀,https://idea.seoul.go.kr/front/freeSuggest/view.do?sn=200102
PROP-200040,국공립어린이집 유아식 저녁 배달 서비스 시범 도입 제안,POLICY_REVIEW,medium,"저장 정책과 안전 매칭 후보 불일치; 후보=청소년 부모 양육비 지원 확대, 핵심어=2개",정책 목적·대상·수단 수동 확인,보육·돌봄 인프라,어린이집·유치원,보육시설·유아교육,돌봄사업팀,https://idea.seoul.go.kr/front/freeSuggest/view.do?sn=200040
PROP-200023,다자녀 가구 취득세 감면 제도 도입 제안,TAXONOMY_MISMATCH,medium,"내용 기반 후보=출산·산후 초기지원, 현재=다자녀·양육비·생활지원",본문 확인 후 대·중·소분류 재분류,다자녀·양육비·생활지원,다자녀 혜택,다자녀 기준·할인·감면,저출생사업1팀,https://idea.seoul.go.kr/front/freeSuggest/view.do?sn=200023
PROP-199938,"공영주차장 다둥이카드, 직원들이 잘 모르네요",CONTENT_MISSING,high,본문이 없거나 제목 반복형,원문 재수집 전 정책·부서 판정 보류,다자녀·양육비·생활지원,다자녀 혜택,다자녀 기준·할인·감면,저출생사업1팀,https://idea.seoul.go.kr/front/freeSuggest/view.do?sn=199938
PROP-199938,"공영주차장 다둥이카드, 직원들이 잘 모르네요",TAXONOMY_MISMATCH,medium,"내용 기반 후보=주거·교통·도시생활환경, 현재=다자녀·양육비·생활지원",본문 확인 후 대·중·소분류 재분류,다자녀·양육비·생활지원,다자녀 혜택,다자녀 기준·할인·감면,저출생사업1팀,https://idea.seoul.go.kr/front/freeSuggest/view.do?sn=199938
PROP-199938,"공영주차장 다둥이카드, 직원들이 잘 모르네요",DEPARTMENT_UNVERIFIABLE,high,본문 없이 주관·협조부서가 지정됨,원문 복구 전 부서 판정 보류,다자녀·양육비·생활지원,다자녀 혜택,다자녀 기준·할인·감면,저출생사업1팀,https://idea.seoul.go.kr/front/freeSuggest/view.do?sn=199938
PROP-199926,근데 오늘날 현실은 저출산입니다. 알고 있죠? ( 전 출산 지원 정책을 좀 삭감했으면 합니다. 여성관련된 정책도),TAXONOMY_MISMATCH,medium,"내용 기반 후보=주거·교통·도시생활환경, 현재=출산·산후 초기지원",본문 확인 후 대·중·소분류 재분류,출산·산후 초기지원,출산가구 초기지원,출산지원금·출생축하,건강팀,https://idea.seoul.go.kr/front/freeSuggest/view.do?sn=199926
PROP-199817,도로상 어린이보호구역 내 사고율 저하를 위한 제안 드립니다.,TAXONOMY_MISMATCH,medium,"내용 기반 후보=출산·산후 초기지원, 현재=정보·상담·교육·거버넌스",본문 확인 후 대·중·소분류 재분류,정보·상담·교육·거버넌스,정보 접근성,일반 출산정책 안건,저출생사업1팀,https://idea.seoul.go.kr/front/freeSuggest/view.do?sn=199817
PROP-199706,불법주정차 구역중 어린이보호구역 중 초등학교정문앞도로 시간 제한 폐지,CORRECTED_EXCLUSION_STALE,high,"일반 아동/학교/시설/안전 제안: 학교, 보호구역 중심이며 출산·양육 직접 맥락 부족 (근거: data/processed/ver2_expanded/상상대로_신규수집_출산양육후보_보정제외로그_ver3.csv)",최종 데이터에서 제외 또는 별도 범위 밖 보관,정보·상담·교육·거버넌스,정보 접근성,일반 출산정책 안건,저출생사업1팀,https://idea.seoul.go.kr/front/freeSuggest/view.do?sn=199706
PROP-199700,서울시 체육시설 다자녀 할인 규정 개선,TAXONOMY_MISMATCH,medium,"내용 기반 후보=보육·돌봄 인프라, 현재=다자녀·양육비·생활지원",본문 확인 후 대·중·소분류 재분류,다자녀·양육비·생활지원,다자녀 혜택,다자녀 기준·할인·감면,저출생사업1팀,https://idea.seoul.go.kr/front/freeSuggest/view.do?sn=199700
PROP-199700,서울시 체육시설 다자녀 할인 규정 개선,POLICY_REVIEW,medium,"저장 정책과 안전 매칭 후보 불일치; 후보=한부모가족 자녀 교통비/교육비 지원 확대, 핵심어=2개",정책 목적·대상·수단 수동 확인,다자녀·양육비·생활지원,다자녀 혜택,다자녀 기준·할인·감면,저출생사업1팀,https://idea.seoul.go.kr/front/freeSuggest/view.do?sn=199700
PROP-199692,지하철 임산부 배려석,TAXONOMY_MISMATCH,medium,"내용 기반 후보=주거·교통·도시생활환경, 현재=임신·난임·생식건강",본문 확인 후 대·중·소분류 재분류,임신·난임·생식건강,임산부 건강·배려,임산부 건강관리·배려,건강임신지원팀,https://idea.seoul.go.kr/front/freeSuggest/view.do?sn=199692
PROP-199692,지하철 임산부 배려석,POLICY_REVIEW,medium,"저장 정책과 안전 매칭 후보 불일치; 후보=임산부 배려공간 조성, 핵심어=2개",정책 목적·대상·수단 수동 확인,임신·난임·생식건강,임산부 건강·배려,임산부 건강관리·배려,건강임신지원팀,https://idea.seoul.go.kr/front/freeSuggest/view.do?sn=199692
PROP-199642,임산부 배려석 관련 제안,TAXONOMY_MISMATCH,medium,"내용 기반 후보=주거·교통·도시생활환경, 현재=임신·난임·생식건강",본문 확인 후 대·중·소분류 재분류,임신·난임·생식건강,임산부 건강·배려,임산부 건강관리·배려,건강임신지원팀,https://idea.seoul.go.kr/front/freeSuggest/view.do?sn=199642
PROP-199642,임산부 배려석 관련 제안,POLICY_REVIEW,medium,"저장 정책과 안전 매칭 후보 불일치; 후보=임산부 배려공간 조성, 핵심어=2개",정책 목적·대상·수단 수동 확인,임신·난임·생식건강,임산부 건강·배려,임산부 건강관리·배려,건강임신지원팀,https://idea.seoul.go.kr/front/freeSuggest/view.do?sn=199642
PROP-199587,자녀출산 무주택가구 주거비 지원사업에 대하여 강력하게 문의합니다,TAXONOMY_MISMATCH,medium,"내용 기반 후보=임신·난임·생식건강, 현재=출산·산후 초기지원",본문 확인 후 대·중·소분류 재분류,출산·산후 초기지원,출산가구 초기지원,출산지원금·출생축하,건강팀,https://idea.seoul.go.kr/front/freeSuggest/view.do?sn=199587
PROP-199524,지하철 임산부좌석,TAXONOMY_MISMATCH,medium,"내용 기반 후보=출산·산후 초기지원, 현재=임신·난임·생식건강",본문 확인 후 대·중·소분류 재분류,임신·난임·생식건강,임산부 건강·배려,임산부 건강관리·배려,건강임신지원팀,https://idea.seoul.go.kr/front/freeSuggest/view.do?sn=199524
PROP-199518,지하철 내 임산부 배려석 운영 완화 요청,CONTENT_MISSING,high,본문이 없거나 제목 반복형,원문 재수집 전 정책·부서 판정 보류,임신·난임·생식건강,임산부 건강·배려,임산부 건강관리·배려,건강임신지원팀,https://idea.seoul.go.kr/front/freeSuggest/view.do?sn=199518
PROP-199518,지하철 내 임산부 배려석 운영 완화 요청,DEPARTMENT_UNVERIFIABLE,high,본문 없이 주관·협조부서가 지정됨,원문 복구 전 부서 판정 보류,임신·난임·생식건강,임산부 건강·배려,임산부 건강관리·배려,건강임신지원팀,https://idea.seoul.go.kr/front/freeSuggest/view.do?sn=199518
PROP-199518,지하철 내 임산부 배려석 운영 완화 요청,POLICY_UNVERIFIABLE,high,본문 없이 현행 정책이 저장 연결됨,정책 연결 제거·보류,임신·난임·생식건강,임산부 건강·배려,임산부 건강관리·배려,건강임신지원팀,https://idea.seoul.go.kr/front/freeSuggest/view.do?sn=199518
PROP-199506,정책자금 융자 조건 - 신생아 임산부 경우 완화 제안,CONTENT_MISSING,high,본문이 없거나 제목 반복형,원문 재수집 전 정책·부서 판정 보류,임신·난임·생식건강,임산부 건강·배려,임산부 건강관리·배려,건강임신지원팀,https://idea.seoul.go.kr/front/freeSuggest/view.do?sn=199506
PROP-199506,정책자금 융자 조건 - 신생아 임산부 경우 완화 제안,TAXONOMY_MISMATCH,medium,"내용 기반 후보=출산·산후 초기지원, 현재=임신·난임·생식건강",본문 확인 후 대·중·소분류 재분류,임신·난임·생식건강,임산부 건강·배려,임산부 건강관리·배려,건강임신지원팀,https://idea.seoul.go.kr/front/freeSuggest/view.do?sn=199506
PROP-199506,정책자금 융자 조건 - 신생아 임산부 경우 완화 제안,DEPARTMENT_UNVERIFIABLE,high,본문 없이 주관·협조부서가 지정됨,원문 복구 전 부서 판정 보류,임신·난임·생식건강,임산부 건강·배려,임산부 건강관리·배려,건강임신지원팀,https://idea.seoul.go.kr/front/freeSuggest/view.do?sn=199506
PROP-199506,정책자금 융자 조건 - 신생아 임산부 경우 완화 제안,POLICY_UNVERIFIABLE,high,본문 없이 현행 정책이 저장 연결됨,정책 연결 제거·보류,임신·난임·생식건강,임산부 건강·배려,임산부 건강관리·배려,건강임신지원팀,https://idea.seoul.go.kr/front/freeSuggest/view.do?sn=199506
PROP-199452,서울형키즈카페,CONTENT_MISSING,high,본문이 없거나 제목 반복형,원문 재수집 전 정책·부서 판정 보류,보육·돌봄 인프라,아동 놀이·체험공간,공공키즈카페·수유실·유아휴게실,돌봄사업팀,https://idea.seoul.go.kr/front/freeSuggest/view.do?sn=199452
PROP-199452,서울형키즈카페,DEPARTMENT_UNVERIFIABLE,high,본문 없이 주관·협조부서가 지정됨,원문 복구 전 부서 판정 보류,보육·돌봄 인프라,아동 놀이·체험공간,공공키즈카페·수유실·유아휴게실,돌봄사업팀,https://idea.seoul.go.kr/front/freeSuggest/view.do?sn=199452
PROP-199452,서울형키즈카페,POLICY_UNVERIFIABLE,high,본문 없이 현행 정책이 저장 연결됨,정책 연결 제거·보류,보육·돌봄 인프라,아동 놀이·체험공간,공공키즈카페·수유실·유아휴게실,돌봄사업팀,https://idea.seoul.go.kr/front/freeSuggest/view.do?sn=199452
PROP-199451,봉사활동을 통한 아이들의 성실성과 자발성 함양을 위한 부모교육 제안서,CONTENT_MISSING,high,본문이 없거나 제목 반복형,원문 재수집 전 정책·부서 판정 보류,정보·상담·교육·거버넌스,부모·가족 교육/상담,초보부모·공동육아·육아정보,저출생사업1팀,https://idea.seoul.go.kr/front/freeSuggest/view.do?sn=199451
PROP-199451,봉사활동을 통한 아이들의 성실성과 자발성 함양을 위한 부모교육 제안서,DEPARTMENT_UNVERIFIABLE,high,본문 없이 주관·협조부서가 지정됨,원문 복구 전 부서 판정 보류,정보·상담·교육·거버넌스,부모·가족 교육/상담,초보부모·공동육아·육아정보,저출생사업1팀,https://idea.seoul.go.kr/front/freeSuggest/view.do?sn=199451
PROP-199393,임산부석 자동화 시스템,TAXONOMY_MISMATCH,medium,"내용 기반 후보=출산·산후 초기지원, 현재=임신·난임·생식건강",본문 확인 후 대·중·소분류 재분류,임신·난임·생식건강,임산부 건강·배려,임산부 건강관리·배려,건강임신지원팀,https://idea.seoul.go.kr/front/freeSuggest/view.do?sn=199393
PROP-199348,"마루공원에 유아용 농구코트, 축구코트 설치",CONTENT_MISSING,high,본문이 없거나 제목 반복형,원문 재수집 전 정책·부서 판정 보류,정보·상담·교육·거버넌스,정보 접근성,일반 출산정책 안건,저출생사업1팀,https://idea.seoul.go.kr/front/freeSuggest/view.do?sn=199348
PROP-199348,"마루공원에 유아용 농구코트, 축구코트 설치",CORRECTED_EXCLUSION_STALE,high,출산·양육 직접 키워드 또는 조합 조건 미충족 (근거: data/processed/ver2_expanded/상상대로_추가크롤링후보_보정제외로그_ver3.csv),최종 데이터에서 제외 또는 별도 범위 밖 보관,정보·상담·교육·거버넌스,정보 접근성,일반 출산정책 안건,저출생사업1팀,https://idea.seoul.go.kr/front/freeSuggest/view.do?sn=199348
PROP-199348,"마루공원에 유아용 농구코트, 축구코트 설치",DEPARTMENT_UNVERIFIABLE,high,본문 없이 주관·협조부서가 지정됨,원문 복구 전 부서 판정 보류,정보·상담·교육·거버넌스,정보 접근성,일반 출산정책 안건,저출생사업1팀,https://idea.seoul.go.kr/front/freeSuggest/view.do?sn=199348
PROP-199198,서울동행맵에서 장애인 임산부 정책 확인할 수 있게 개선,CONTENT_MISSING,high,본문이 없거나 제목 반복형,원문 재수집 전 정책·부서 판정 보류,임신·난임·생식건강,임산부 건강·배려,임산부 건강관리·배려,건강임신지원팀,https://idea.seoul.go.kr/front/freeSuggest/view.do?sn=199198
PROP-199198,서울동행맵에서 장애인 임산부 정책 확인할 수 있게 개선,DEPARTMENT_UNVERIFIABLE,high,본문 없이 주관·협조부서가 지정됨,원문 복구 전 부서 판정 보류,임신·난임·생식건강,임산부 건강·배려,임산부 건강관리·배려,건강임신지원팀,https://idea.seoul.go.kr/front/freeSuggest/view.do?sn=199198
PROP-199198,서울동행맵에서 장애인 임산부 정책 확인할 수 있게 개선,POLICY_UNVERIFIABLE,high,본문 없이 현행 정책이 저장 연결됨,정책 연결 제거·보류,임신·난임·생식건강,임산부 건강·배려,임산부 건강관리·배려,건강임신지원팀,https://idea.seoul.go.kr/front/freeSuggest/view.do?sn=199198
PROP-199193,서울시 신혼부부 전세대출 이자지원 사업 관련,CONTENT_MISSING,high,본문이 없거나 제목 반복형,원문 재수집 전 정책·부서 판정 보류,주거·교통·도시생활환경,출산가구 주거,신혼부부·출산가구 주거지원,저출생사업1팀,https://idea.seoul.go.kr/front/freeSuggest/view.do?sn=199193
PROP-199193,서울시 신혼부부 전세대출 이자지원 사업 관련,DEPARTMENT_UNVERIFIABLE,high,본문 없이 주관·협조부서가 지정됨,원문 복구 전 부서 판정 보류,주거·교통·도시생활환경,출산가구 주거,신혼부부·출산가구 주거지원,저출생사업1팀,https://idea.seoul.go.kr/front/freeSuggest/view.do?sn=199193
PROP-199193,서울시 신혼부부 전세대출 이자지원 사업 관련,POLICY_UNVERIFIABLE,high,본문 없이 현행 정책이 저장 연결됨,정책 연결 제거·보류,주거·교통·도시생활환경,출산가구 주거,신혼부부·출산가구 주거지원,저출생사업1팀,https://idea.seoul.go.kr/front/freeSuggest/view.do?sn=199193
PROP-199153,어린이 차량갇힘사고 예방 등을 위한 이동형 안전체험버스 제작,CORRECTED_EXCLUSION_STALE,high,출산·양육 직접 키워드 또는 조합 조건 미충족 (근거: data/processed/ver2_expanded/상상대로_추가크롤링후보_보정제외로그_ver3.csv),최종 데이터에서 제외 또는 별도 범위 밖 보관,정보·상담·교육·거버넌스,정보 접근성,일반 출산정책 안건,저출생사업1팀,https://idea.seoul.go.kr/front/freeSuggest/view.do?sn=199153
PROP-199153,어린이 차량갇힘사고 예방 등을 위한 이동형 안전체험버스 제작,TAXONOMY_MISMATCH,medium,"내용 기반 후보=보육·돌봄 인프라, 현재=정보·상담·교육·거버넌스",본문 확인 후 대·중·소분류 재분류,정보·상담·교육·거버넌스,정보 접근성,일반 출산정책 안건,저출생사업1팀,https://idea.seoul.go.kr/front/freeSuggest/view.do?sn=199153
PROP-199143,"난임 시술, 첫 아이 출산까지 건강보험 무제한 지원이 필요합니다",POLICY_REVIEW,medium,"저장 정책과 안전 매칭 후보 불일치; 후보=이주여성 건강관리 지원 (구)다문화가족 출산 전후 돌봄서비스, 핵심어=2개",정책 목적·대상·수단 수동 확인,임신·난임·생식건강,난임 지원,난임시술·주사·시술비,건강임신지원팀,https://idea.seoul.go.kr/front/freeSuggest/view.do?sn=199143
PROP-199076,신생아를 보려면 백일해 예방접종을 해야 합니다,CONTENT_MISSING,high,본문이 없거나 제목 반복형,원문 재수집 전 정책·부서 판정 보류,출산·산후 초기지원,출산가구 초기지원,출산지원금·출생축하,건강팀,https://idea.seoul.go.kr/front/freeSuggest/view.do?sn=199076
PROP-199076,신생아를 보려면 백일해 예방접종을 해야 합니다,DEPARTMENT_UNVERIFIABLE,high,본문 없이 주관·협조부서가 지정됨,원문 복구 전 부서 판정 보류,출산·산후 초기지원,출산가구 초기지원,출산지원금·출생축하,건강팀,https://idea.seoul.go.kr/front/freeSuggest/view.do?sn=199076
PROP-199068,신생아 특례 평수제한 해제,POLICY_REVIEW,medium,"저장 정책과 안전 매칭 후보 불일치; 후보=신생아 특례 버팀목 대출, 핵심어=2개",정책 목적·대상·수단 수동 확인,출산·산후 초기지원,출산가구 초기지원,출산지원금·출생축하,건강팀,https://idea.seoul.go.kr/front/freeSuggest/view.do?sn=199068
PROP-199042,임산부석 뱃지 알리미를 제안합니다,TAXONOMY_MISMATCH,medium,"내용 기반 후보=출산·산후 초기지원, 현재=임신·난임·생식건강",본문 확인 후 대·중·소분류 재분류,임신·난임·생식건강,임산부 건강·배려,임산부 건강관리·배려,건강임신지원팀,https://idea.seoul.go.kr/front/freeSuggest/view.do?sn=199042
PROP-198885,공립유치원 다자녀도 방과후 수업 신청할 수 있도록 해주세요.,TAXONOMY_MISMATCH,medium,"내용 기반 후보=출산·산후 초기지원, 현재=보육·돌봄 인프라",본문 확인 후 대·중·소분류 재분류,보육·돌봄 인프라,초등돌봄,초등돌봄·방과후,돌봄사업팀,https://idea.seoul.go.kr/front/freeSuggest/view.do?sn=198885
PROP-198843,과속방지카메라로 아이들의 안전을,CORRECTED_EXCLUSION_STALE,high,"일반 아동/학교/시설/안전 제안: 학교, 보호구역 중심이며 출산·양육 직접 맥락 부족 (근거: data/processed/ver2_expanded/상상대로_신규수집_출산양육후보_보정제외로그_ver3.csv)",최종 데이터에서 제외 또는 별도 범위 밖 보관,정보·상담·교육·거버넌스,정보 접근성,일반 출산정책 안건,저출생사업1팀,https://idea.seoul.go.kr/front/freeSuggest/view.do?sn=198843
PROP-198843,과속방지카메라로 아이들의 안전을,TAXONOMY_MISMATCH,medium,"내용 기반 후보=주거·교통·도시생활환경, 현재=정보·상담·교육·거버넌스",본문 확인 후 대·중·소분류 재분류,정보·상담·교육·거버넌스,정보 접근성,일반 출산정책 안건,저출생사업1팀,https://idea.seoul.go.kr/front/freeSuggest/view.do?sn=198843
PROP-198826,보육지원 규제 완화를 통한 실질적 지원 확대 제안,TAXONOMY_MISMATCH,medium,"내용 기반 후보=출산·산후 초기지원, 현재=보육·돌봄 인프라",본문 확인 후 대·중·소분류 재분류,보육·돌봄 인프라,어린이집·유치원,보육시설·유아교육,돌봄사업팀,https://idea.seoul.go.kr/front/freeSuggest/view.do?sn=198826
PROP-198739,지하철 노약자석 및 임산부석의 필요성에 대한 재고,CONTENT_MISSING,high,본문이 없거나 제목 반복형,원문 재수집 전 정책·부서 판정 보류,임신·난임·생식건강,임산부 건강·배려,임산부 건강관리·배려,건강임신지원팀,https://idea.seoul.go.kr/front/freeSuggest/view.do?sn=198739
PROP-198739,지하철 노약자석 및 임산부석의 필요성에 대한 재고,DEPARTMENT_UNVERIFIABLE,high,본문 없이 주관·협조부서가 지정됨,원문 복구 전 부서 판정 보류,임신·난임·생식건강,임산부 건강·배려,임산부 건강관리·배려,건강임신지원팀,https://idea.seoul.go.kr/front/freeSuggest/view.do?sn=198739
PROP-198739,지하철 노약자석 및 임산부석의 필요성에 대한 재고,POLICY_UNVERIFIABLE,high,본문 없이 현행 정책이 저장 연결됨,정책 연결 제거·보류,임신·난임·생식건강,임산부 건강·배려,임산부 건강관리·배려,건강임신지원팀,https://idea.seoul.go.kr/front/freeSuggest/view.do?sn=198739
PROP-198713,마포구 대흥로20안길 어린이 보호구역 및 일방통행 지정 제안,TAXONOMY_MISMATCH,medium,"내용 기반 후보=주거·교통·도시생활환경, 현재=정보·상담·교육·거버넌스",본문 확인 후 대·중·소분류 재분류,정보·상담·교육·거버넌스,정보 접근성,일반 출산정책 안건,저출생사업1팀,https://idea.seoul.go.kr/front/freeSuggest/view.do?sn=198713
PROP-198705,"신축 아파트 설계 시에, 어린이집 정원 증가",TAXONOMY_MISMATCH,medium,"내용 기반 후보=출산·산후 초기지원, 현재=보육·돌봄 인프라",본문 확인 후 대·중·소분류 재분류,보육·돌봄 인프라,어린이집·유치원,보육시설·유아교육,돌봄사업팀,https://idea.seoul.go.kr/front/freeSuggest/view.do?sn=198705
PROP-198658,"지하철 장애인석(임산부, 경로석) 에 대한 정책 제안",CONTENT_MISSING,high,본문이 없거나 제목 반복형,원문 재수집 전 정책·부서 판정 보류,임신·난임·생식건강,임산부 건강·배려,임산부 건강관리·배려,건강임신지원팀,https://idea.seoul.go.kr/front/freeSuggest/view.do?sn=198658
PROP-198658,"지하철 장애인석(임산부, 경로석) 에 대한 정책 제안",DEPARTMENT_UNVERIFIABLE,high,본문 없이 주관·협조부서가 지정됨,원문 복구 전 부서 판정 보류,임신·난임·생식건강,임산부 건강·배려,임산부 건강관리·배려,건강임신지원팀,https://idea.seoul.go.kr/front/freeSuggest/view.do?sn=198658
PROP-198658,"지하철 장애인석(임산부, 경로석) 에 대한 정책 제안",POLICY_UNVERIFIABLE,high,본문 없이 현행 정책이 저장 연결됨,정책 연결 제거·보류,임신·난임·생식건강,임산부 건강·배려,임산부 건강관리·배려,건강임신지원팀,https://idea.seoul.go.kr/front/freeSuggest/view.do?sn=198658
PROP-198646,어린이보호구역 속도규제,CORRECTED_EXCLUSION_STALE,high,일반 아동/학교/시설/안전 제안: 보호구역 중심이며 출산·양육 직접 맥락 부족 (근거: data/processed/ver2_expanded/상상대로_신규수집_출산양육후보_보정제외로그_ver3.csv),최종 데이터에서 제외 또는 별도 범위 밖 보관,정보·상담·교육·거버넌스,정보 접근성,일반 출산정책 안건,저출생사업1팀,https://idea.seoul.go.kr/front/freeSuggest/view.do?sn=198646
PROP-198631,난임부부지원사업 관련,POLICY_REVIEW,medium,"저장 정책과 안전 매칭 후보 불일치; 후보=서울 난자동결 시술 비용 지원, 핵심어=2개",정책 목적·대상·수단 수동 확인,임신·난임·생식건강,난임 지원,난임시술·주사·시술비,건강임신지원팀,https://idea.seoul.go.kr/front/freeSuggest/view.do?sn=198631
PROP-198624,조건없는 다자녀 교육혜택확대 방안,TAXONOMY_MISMATCH,medium,"내용 기반 후보=출산·산후 초기지원, 현재=다자녀·양육비·생활지원",본문 확인 후 대·중·소분류 재분류,다자녀·양육비·생활지원,다자녀 혜택,다자녀 기준·할인·감면,저출생사업1팀,https://idea.seoul.go.kr/front/freeSuggest/view.do?sn=198624
PROP-198624,조건없는 다자녀 교육혜택확대 방안,POLICY_REVIEW,medium,"저장 정책과 안전 매칭 후보 불일치; 후보=한부모가족 자녀 교통비/교육비 지원 확대, 핵심어=3개",정책 목적·대상·수단 수동 확인,다자녀·양육비·생활지원,다자녀 혜택,다자녀 기준·할인·감면,저출생사업1팀,https://idea.seoul.go.kr/front/freeSuggest/view.do?sn=198624
PROP-198621,다둥이 단축 근무시간 시행부탁합니다,TAXONOMY_MISMATCH,medium,"내용 기반 후보=출산·산후 초기지원, 현재=다자녀·양육비·생활지원",본문 확인 후 대·중·소분류 재분류,다자녀·양육비·생활지원,다자녀 혜택,다자녀 기준·할인·감면,저출생사업1팀,https://idea.seoul.go.kr/front/freeSuggest/view.do?sn=198621
PROP-198620,다둥이 워킹맘 근무시간단축해주세요,TAXONOMY_MISMATCH,medium,"내용 기반 후보=출산·산후 초기지원, 현재=다자녀·양육비·생활지원",본문 확인 후 대·중·소분류 재분류,다자녀·양육비·생활지원,다자녀 혜택,다자녀 기준·할인·감면,저출생사업1팀,https://idea.seoul.go.kr/front/freeSuggest/view.do?sn=198620
PROP-198619,다둥이 워킹맘 근무단축제 및 보조금 지급제,CONTENT_MISSING,high,본문이 없거나 제목 반복형,원문 재수집 전 정책·부서 판정 보류,다자녀·양육비·생활지원,다자녀 혜택,다자녀 기준·할인·감면,저출생사업1팀,https://idea.seoul.go.kr/front/freeSuggest/view.do?sn=198619
PROP-198619,다둥이 워킹맘 근무단축제 및 보조금 지급제,DEPARTMENT_UNVERIFIABLE,high,본문 없이 주관·협조부서가 지정됨,원문 복구 전 부서 판정 보류,다자녀·양육비·생활지원,다자녀 혜택,다자녀 기준·할인·감면,저출생사업1팀,https://idea.seoul.go.kr/front/freeSuggest/view.do?sn=198619
PROP-198618,다둥이 워킹맘 근무단축제 시행,TAXONOMY_MISMATCH,medium,"내용 기반 후보=출산·산후 초기지원, 현재=다자녀·양육비·생활지원",본문 확인 후 대·중·소분류 재분류,다자녀·양육비·생활지원,다자녀 혜택,다자녀 기준·할인·감면,저출생사업1팀,https://idea.seoul.go.kr/front/freeSuggest/view.do?sn=198618
PROP-198591,뉴행복다둥이카드,TAXONOMY_MISMATCH,medium,"내용 기반 후보=주거·교통·도시생활환경, 현재=다자녀·양육비·생활지원",본문 확인 후 대·중·소분류 재분류,다자녀·양육비·생활지원,다자녀 혜택,다자녀 기준·할인·감면,저출생사업1팀,https://idea.seoul.go.kr/front/freeSuggest/view.do?sn=198591
PROP-198582,어린이보호구역(스쿨존) 속도 제한을 시간대에 따라 탄련적으로 운형하는 개선 방안 모색,CORRECTED_EXCLUSION_STALE,high,"일반 아동/학교/시설/안전 제안: 학교, 보호구역, 스쿨존, 통학로 중심이며 출산·양육 직접 맥락 부족 (근거: data/processed/ver2_expanded/상상대로_신규수집_출산양육후보_보정제외로그_ver3.csv)",최종 데이터에서 제외 또는 별도 범위 밖 보관,정보·상담·교육·거버넌스,정보 접근성,일반 출산정책 안건,저출생사업1팀,https://idea.seoul.go.kr/front/freeSuggest/view.do?sn=198582
PROP-198582,어린이보호구역(스쿨존) 속도 제한을 시간대에 따라 탄련적으로 운형하는 개선 방안 모색,TAXONOMY_MISMATCH,medium,"내용 기반 후보=주거·교통·도시생활환경, 현재=정보·상담·교육·거버넌스",본문 확인 후 대·중·소분류 재분류,정보·상담·교육·거버넌스,정보 접근성,일반 출산정책 안건,저출생사업1팀,https://idea.seoul.go.kr/front/freeSuggest/view.do?sn=198582
PROP-198575,서울 자영업자에게 다둥이 행복카드를!,CONTENT_MISSING,high,본문이 없거나 제목 반복형,원문 재수집 전 정책·부서 판정 보류,다자녀·양육비·생활지원,다자녀 혜택,다자녀 기준·할인·감면,저출생사업1팀,https://idea.seoul.go.kr/front/freeSuggest/view.do?sn=198575
PROP-198575,서울 자영업자에게 다둥이 행복카드를!,DEPARTMENT_UNVERIFIABLE,high,본문 없이 주관·협조부서가 지정됨,원문 복구 전 부서 판정 보류,다자녀·양육비·생활지원,다자녀 혜택,다자녀 기준·할인·감면,저출생사업1팀,https://idea.seoul.go.kr/front/freeSuggest/view.do?sn=198575
PROP-198483,어린이보호구역 야간 시간 해제,CORRECTED_EXCLUSION_STALE,high,일반 아동/학교/시설/안전 제안: 보호구역 중심이며 출산·양육 직접 맥락 부족 (근거: data/processed/ver2_expanded/상상대로_신규수집_출산양육후보_보정제외로그_ver3.csv),최종 데이터에서 제외 또는 별도 범위 밖 보관,정보·상담·교육·거버넌스,정보 접근성,일반 출산정책 안건,저출생사업1팀,https://idea.seoul.go.kr/front/freeSuggest/view.do?sn=198483
PROP-198483,어린이보호구역 야간 시간 해제,TAXONOMY_MISMATCH,medium,"내용 기반 후보=주거·교통·도시생활환경, 현재=정보·상담·교육·거버넌스",본문 확인 후 대·중·소분류 재분류,정보·상담·교육·거버넌스,정보 접근성,일반 출산정책 안건,저출생사업1팀,https://idea.seoul.go.kr/front/freeSuggest/view.do?sn=198483
PROP-198432,"하위계층, 한부모가정 지원혜택 철저히 조사",CONTENT_MISSING,high,본문이 없거나 제목 반복형,원문 재수집 전 정책·부서 판정 보류,취약·다양가족 사각지대,한부모·위기임산부,한부모·미혼부모·위기임산부,가족지원팀,https://idea.seoul.go.kr/front/freeSuggest/view.do?sn=198432
PROP-198432,"하위계층, 한부모가정 지원혜택 철저히 조사",DEPARTMENT_UNVERIFIABLE,high,본문 없이 주관·협조부서가 지정됨,원문 복구 전 부서 판정 보류,취약·다양가족 사각지대,한부모·위기임산부,한부모·미혼부모·위기임산부,가족지원팀,https://idea.seoul.go.kr/front/freeSuggest/view.do?sn=198432
PROP-198406,다자녀감면 시 공영주차장은 되고 자치구 내 공영주차장은 안되는 규제 해제,TAXONOMY_MISMATCH,medium,"내용 기반 후보=주거·교통·도시생활환경, 현재=다자녀·양육비·생활지원",본문 확인 후 대·중·소분류 재분류,다자녀·양육비·생활지원,다자녀 혜택,다자녀 기준·할인·감면,저출생사업1팀,https://idea.seoul.go.kr/front/freeSuggest/view.do?sn=198406
PROP-198295,저출산으로 30년뒤 대한민국은 사라진다고 합니다..,TAXONOMY_MISMATCH,medium,"내용 기반 후보=주거·교통·도시생활환경, 현재=출산·산후 초기지원",본문 확인 후 대·중·소분류 재분류,출산·산후 초기지원,출산가구 초기지원,출산지원금·출생축하,건강팀,https://idea.seoul.go.kr/front/freeSuggest/view.do?sn=198295
PROP-198288,다자녀 아이들 혜택,TAXONOMY_MISMATCH,medium,"내용 기반 후보=출산·산후 초기지원, 현재=다자녀·양육비·생활지원",본문 확인 후 대·중·소분류 재분류,다자녀·양육비·생활지원,다자녀 혜택,다자녀 기준·할인·감면,저출생사업1팀,https://idea.seoul.go.kr/front/freeSuggest/view.do?sn=198288
PROP-198270,기후동행카드 다둥이할인 적용제안,TAXONOMY_MISMATCH,medium,"내용 기반 후보=주거·교통·도시생활환경, 현재=다자녀·양육비·생활지원",본문 확인 후 대·중·소분류 재분류,다자녀·양육비·생활지원,다자녀 혜택,다자녀 기준·할인·감면,저출생사업1팀,https://idea.seoul.go.kr/front/freeSuggest/view.do?sn=198270
PROP-198269,어린이집 관리 문서 간소화 방안 제안 : 보육 교직원의 업무 효율성을 높여 양질의 보육 서비스 제공에 집중하기 위함,POLICY_REVIEW,medium,"저장 정책과 안전 매칭 후보 불일치; 후보=서울형 시간제 전문 어린이집, 핵심어=2개",정책 목적·대상·수단 수동 확인,보육·돌봄 인프라,어린이집·유치원,보육시설·유아교육,돌봄사업팀,https://idea.seoul.go.kr/front/freeSuggest/view.do?sn=198269
PROP-198265,서울시 공영주차장 다자녀 감면 혜택 확대 제안,TAXONOMY_MISMATCH,medium,"내용 기반 후보=주거·교통·도시생활환경, 현재=다자녀·양육비·생활지원",본문 확인 후 대·중·소분류 재분류,다자녀·양육비·생활지원,다자녀 혜택,다자녀 기준·할인·감면,저출생사업1팀,https://idea.seoul.go.kr/front/freeSuggest/view.do?sn=198265
PROP-198258,임산부 교통비 지원 확대,TAXONOMY_MISMATCH,medium,"내용 기반 후보=주거·교통·도시생활환경, 현재=임신·난임·생식건강",본문 확인 후 대·중·소분류 재분류,임신·난임·생식건강,임산부 건강·배려,임산부 건강관리·배려,건강임신지원팀,https://idea.seoul.go.kr/front/freeSuggest/view.do?sn=198258
PROP-198258,임산부 교통비 지원 확대,POLICY_REVIEW,medium,"저장 정책과 안전 매칭 후보 불일치; 후보=한부모가족 자녀 교통비/교육비 지원 확대, 핵심어=2개",정책 목적·대상·수단 수동 확인,임신·난임·생식건강,임산부 건강·배려,임산부 건강관리·배려,건강임신지원팀,https://idea.seoul.go.kr/front/freeSuggest/view.do?sn=198258
PROP-198203,야간 어린이 보호구역 30km속도제한 해제,CORRECTED_EXCLUSION_STALE,high,"일반 아동/학교/시설/안전 제안: 학교, 보호구역 중심이며 출산·양육 직접 맥락 부족 (근거: data/processed/ver2_expanded/상상대로_신규수집_출산양육후보_보정제외로그_ver3.csv)",최종 데이터에서 제외 또는 별도 범위 밖 보관,정보·상담·교육·거버넌스,정보 접근성,일반 출산정책 안건,저출생사업1팀,https://idea.seoul.go.kr/front/freeSuggest/view.do?sn=198203
PROP-198192,다자녀관련 공영주차장요금 할인,TAXONOMY_MISMATCH,medium,"내용 기반 후보=주거·교통·도시생활환경, 현재=다자녀·양육비·생활지원",본문 확인 후 대·중·소분류 재분류,다자녀·양육비·생활지원,다자녀 혜택,다자녀 기준·할인·감면,저출생사업1팀,https://idea.seoul.go.kr/front/freeSuggest/view.do?sn=198192
PROP-198127,저출산 극복,TAXONOMY_MISMATCH,medium,"내용 기반 후보=임신·난임·생식건강, 현재=출산·산후 초기지원",본문 확인 후 대·중·소분류 재분류,출산·산후 초기지원,출산가구 초기지원,출산지원금·출생축하,건강팀,https://idea.seoul.go.kr/front/freeSuggest/view.do?sn=198127
PROP-198063,자녀수와 연계한 보증금지원형 장기안심주택 지원 세분화,CONTENT_MISSING,high,본문이 없거나 제목 반복형,원문 재수집 전 정책·부서 판정 보류,정보·상담·교육·거버넌스,정보 접근성,일반 출산정책 안건,저출생사업1팀,https://idea.seoul.go.kr/front/freeSuggest/view.do?sn=198063
PROP-198063,자녀수와 연계한 보증금지원형 장기안심주택 지원 세분화,DEPARTMENT_UNVERIFIABLE,high,본문 없이 주관·협조부서가 지정됨,원문 복구 전 부서 판정 보류,정보·상담·교육·거버넌스,정보 접근성,일반 출산정책 안건,저출생사업1팀,https://idea.seoul.go.kr/front/freeSuggest/view.do?sn=198063
PROP-197999,어린이보호구역,CORRECTED_EXCLUSION_STALE,high,일반 아동/학교/시설/안전 제안: 보호구역 중심이며 출산·양육 직접 맥락 부족 (근거: data/processed/ver2_expanded/상상대로_신규수집_출산양육후보_보정제외로그_ver3.csv),최종 데이터에서 제외 또는 별도 범위 밖 보관,정보·상담·교육·거버넌스,정보 접근성,일반 출산정책 안건,저출생사업1팀,https://idea.seoul.go.kr/front/freeSuggest/view.do?sn=197999
PROP-197993,어린이 ㆍ노인 보호구역 시차제 적용,CORRECTED_EXCLUSION_STALE,high,"일반 아동/학교/시설/안전 제안: 학교, 보호구역 중심이며 출산·양육 직접 맥락 부족 (근거: data/processed/ver2_expanded/상상대로_신규수집_출산양육후보_보정제외로그_ver3.csv)",최종 데이터에서 제외 또는 별도 범위 밖 보관,정보·상담·교육·거버넌스,정보 접근성,일반 출산정책 안건,저출생사업1팀,https://idea.seoul.go.kr/front/freeSuggest/view.do?sn=197993
PROP-197993,어린이 ㆍ노인 보호구역 시차제 적용,OUT_OF_SCOPE,high,"교통_노인: 지하철, 노인",출산·양육 분석 및 공백 집계에서 제외,정보·상담·교육·거버넌스,정보 접근성,일반 출산정책 안건,저출생사업1팀,https://idea.seoul.go.kr/front/freeSuggest/view.do?sn=197993
PROP-197993,어린이 ㆍ노인 보호구역 시차제 적용,DEPARTMENT_OUT_OF_SCOPE,high,범위 밖 제안에 출산 관련 부서가 연결됨,소관 분야 재분류,정보·상담·교육·거버넌스,정보 접근성,일반 출산정책 안건,저출생사업1팀,https://idea.seoul.go.kr/front/freeSuggest/view.do?sn=197993
PROP-197934,어린이보호구역,CORRECTED_EXCLUSION_STALE,high,일반 아동/학교/시설/안전 제안: 보호구역 중심이며 출산·양육 직접 맥락 부족 (근거: data/processed/ver2_expanded/상상대로_신규수집_출산양육후보_보정제외로그_ver3.csv),최종 데이터에서 제외 또는 별도 범위 밖 보관,정보·상담·교육·거버넌스,정보 접근성,일반 출산정책 안건,저출생사업1팀,https://idea.seoul.go.kr/front/freeSuggest/view.do?sn=197934
PROP-197918,어린이보호구역 시간제 운영,CORRECTED_EXCLUSION_STALE,high,일반 아동/학교/시설/안전 제안: 보호구역 중심이며 출산·양육 직접 맥락 부족 (근거: data/processed/ver2_expanded/상상대로_추가크롤링후보_보정제외로그_ver3.csv),최종 데이터에서 제외 또는 별도 범위 밖 보관,정보·상담·교육·거버넌스,정보 접근성,일반 출산정책 안건,저출생사업1팀,https://idea.seoul.go.kr/front/freeSuggest/view.do?sn=197918
PROP-197918,어린이보호구역 시간제 운영,TAXONOMY_MISMATCH,medium,"내용 기반 후보=보육·돌봄 인프라, 현재=정보·상담·교육·거버넌스",본문 확인 후 대·중·소분류 재분류,정보·상담·교육·거버넌스,정보 접근성,일반 출산정책 안건,저출생사업1팀,https://idea.seoul.go.kr/front/freeSuggest/view.do?sn=197918
PROP-197918,어린이보호구역 시간제 운영,POLICY_REVIEW,medium,"저장 정책과 안전 매칭 후보 불일치; 후보=서울형 시간제 전문 어린이집, 핵심어=2개",정책 목적·대상·수단 수동 확인,정보·상담·교육·거버넌스,정보 접근성,일반 출산정책 안건,저출생사업1팀,https://idea.seoul.go.kr/front/freeSuggest/view.do?sn=197918
PROP-197913,조부모 아이돌봄 수당 30만원 36개월이 아닌 초등학교 1학년까지 확대 필요합니다,TAXONOMY_MISMATCH,medium,"내용 기반 후보=출산·산후 초기지원, 현재=보육·돌봄 인프라",본문 확인 후 대·중·소분류 재분류,보육·돌봄 인프라,가족돌봄,아이돌봄·조부모돌봄,돌봄사업팀,https://idea.seoul.go.kr/front/freeSuggest/view.do?sn=197913
PROP-197901,도서관 가족회원 통합의 건,CORRECTED_EXCLUSION_STALE,high,출산·양육 직접 키워드 또는 조합 조건 미충족 (근거: data/processed/ver2_expanded/상상대로_신규수집_출산양육후보_보정제외로그_ver3.csv),최종 데이터에서 제외 또는 별도 범위 밖 보관,정보·상담·교육·거버넌스,정보 접근성,일반 출산정책 안건,저출생사업1팀,https://idea.seoul.go.kr/front/freeSuggest/view.do?sn=197901
PROP-197873,청년안심주택 반려동물 양육 및 출입금지 규정 폐지 요청드립니다.,OUT_OF_SCOPE,high,흡연·공중보건 중심,출산·양육 분석 및 공백 집계에서 제외,정보·상담·교육·거버넌스,정보 접근성,일반 출산정책 안건,저출생사업1팀,https://idea.seoul.go.kr/front/freeSuggest/view.do?sn=197873
PROP-197873,청년안심주택 반려동물 양육 및 출입금지 규정 폐지 요청드립니다.,DEPARTMENT_OUT_OF_SCOPE,high,범위 밖 제안에 출산 관련 부서가 연결됨,소관 분야 재분류,정보·상담·교육·거버넌스,정보 접근성,일반 출산정책 안건,저출생사업1팀,https://idea.seoul.go.kr/front/freeSuggest/view.do?sn=197873
PROP-197853,영유아 가정에 '거주자우선주차' 가산점을 드리면 어떨까요? 저출산 극복!,TAXONOMY_MISMATCH,medium,"내용 기반 후보=주거·교통·도시생활환경, 현재=출산·산후 초기지원",본문 확인 후 대·중·소분류 재분류,출산·산후 초기지원,출산가구 초기지원,출산지원금·출생축하,가족건강팀,https://idea.seoul.go.kr/front/freeSuggest/view.do?sn=197853
PROP-197723,임산부 시내버스 탑승 편의 개선 제안,CONTENT_MISSING,high,본문이 없거나 제목 반복형,원문 재수집 전 정책·부서 판정 보류,임신·난임·생식건강,임산부 건강·배려,임산부 건강관리·배려,건강임신지원팀,https://idea.seoul.go.kr/front/freeSuggest/view.do?sn=197723
PROP-197723,임산부 시내버스 탑승 편의 개선 제안,DEPARTMENT_UNVERIFIABLE,high,본문 없이 주관·협조부서가 지정됨,원문 복구 전 부서 판정 보류,임신·난임·생식건강,임산부 건강·배려,임산부 건강관리·배려,건강임신지원팀,https://idea.seoul.go.kr/front/freeSuggest/view.do?sn=197723
PROP-197723,임산부 시내버스 탑승 편의 개선 제안,POLICY_UNVERIFIABLE,high,본문 없이 현행 정책이 저장 연결됨,정책 연결 제거·보류,임신·난임·생식건강,임산부 건강·배려,임산부 건강관리·배려,건강임신지원팀,https://idea.seoul.go.kr/front/freeSuggest/view.do?sn=197723
PROP-197624,다둥이행복카드 소지 대상자 키즈카페머니 바우처 지급,CONTENT_MISSING,high,본문이 없거나 제목 반복형,원문 재수집 전 정책·부서 판정 보류,다자녀·양육비·생활지원,다자녀 혜택,다자녀 기준·할인·감면,저출생사업1팀,https://idea.seoul.go.kr/front/freeSuggest/view.do?sn=197624
PROP-197624,다둥이행복카드 소지 대상자 키즈카페머니 바우처 지급,TAXONOMY_MISMATCH,medium,"내용 기반 후보=보육·돌봄 인프라, 현재=다자녀·양육비·생활지원",본문 확인 후 대·중·소분류 재분류,다자녀·양육비·생활지원,다자녀 혜택,다자녀 기준·할인·감면,저출생사업1팀,https://idea.seoul.go.kr/front/freeSuggest/view.do?sn=197624
PROP-197624,다둥이행복카드 소지 대상자 키즈카페머니 바우처 지급,DEPARTMENT_UNVERIFIABLE,high,본문 없이 주관·협조부서가 지정됨,원문 복구 전 부서 판정 보류,다자녀·양육비·생활지원,다자녀 혜택,다자녀 기준·할인·감면,저출생사업1팀,https://idea.seoul.go.kr/front/freeSuggest/view.do?sn=197624
PROP-197624,다둥이행복카드 소지 대상자 키즈카페머니 바우처 지급,POLICY_UNVERIFIABLE,high,본문 없이 현행 정책이 저장 연결됨,정책 연결 제거·보류,다자녀·양육비·생활지원,다자녀 혜택,다자녀 기준·할인·감면,저출생사업1팀,https://idea.seoul.go.kr/front/freeSuggest/view.do?sn=197624
PROP-197619,지하철 임산부석 해결 방안,TAXONOMY_MISMATCH,medium,"내용 기반 후보=주거·교통·도시생활환경, 현재=임신·난임·생식건강",본문 확인 후 대·중·소분류 재분류,임신·난임·생식건강,임산부 건강·배려,임산부 건강관리·배려,건강임신지원팀,https://idea.seoul.go.kr/front/freeSuggest/view.do?sn=197619
PROP-197605,서울시 신혼부부 전세대출 소급적용 요청,CONTENT_MISSING,high,본문이 없거나 제목 반복형,원문 재수집 전 정책·부서 판정 보류,주거·교통·도시생활환경,출산가구 주거,신혼부부·출산가구 주거지원,저출생사업1팀,https://idea.seoul.go.kr/front/freeSuggest/view.do?sn=197605
PROP-197605,서울시 신혼부부 전세대출 소급적용 요청,DEPARTMENT_UNVERIFIABLE,high,본문 없이 주관·협조부서가 지정됨,원문 복구 전 부서 판정 보류,주거·교통·도시생활환경,출산가구 주거,신혼부부·출산가구 주거지원,저출생사업1팀,https://idea.seoul.go.kr/front/freeSuggest/view.do?sn=197605
PROP-197605,서울시 신혼부부 전세대출 소급적용 요청,POLICY_UNVERIFIABLE,high,본문 없이 현행 정책이 저장 연결됨,정책 연결 제거·보류,주거·교통·도시생활환경,출산가구 주거,신혼부부·출산가구 주거지원,저출생사업1팀,https://idea.seoul.go.kr/front/freeSuggest/view.do?sn=197605
PROP-197539,임산부석 이용 증진 관련,TAXONOMY_MISMATCH,medium,"내용 기반 후보=주거·교통·도시생활환경, 현재=임신·난임·생식건강",본문 확인 후 대·중·소분류 재분류,임신·난임·생식건강,임산부 건강·배려,임산부 건강관리·배려,건강임신지원팀,https://idea.seoul.go.kr/front/freeSuggest/view.do?sn=197539
PROP-197532,무용지물인 버스 임산부석 이용 개선 - 임산부벨 도입,CONTENT_MISSING,high,본문이 없거나 제목 반복형,원문 재수집 전 정책·부서 판정 보류,임신·난임·생식건강,임산부 건강·배려,임산부 건강관리·배려,건강임신지원팀,https://idea.seoul.go.kr/front/freeSuggest/view.do?sn=197532
PROP-197532,무용지물인 버스 임산부석 이용 개선 - 임산부벨 도입,DEPARTMENT_UNVERIFIABLE,high,본문 없이 주관·협조부서가 지정됨,원문 복구 전 부서 판정 보류,임신·난임·생식건강,임산부 건강·배려,임산부 건강관리·배려,건강임신지원팀,https://idea.seoul.go.kr/front/freeSuggest/view.do?sn=197532
PROP-197532,무용지물인 버스 임산부석 이용 개선 - 임산부벨 도입,POLICY_UNVERIFIABLE,high,본문 없이 현행 정책이 저장 연결됨,정책 연결 제거·보류,임신·난임·생식건강,임산부 건강·배려,임산부 건강관리·배려,건강임신지원팀,https://idea.seoul.go.kr/front/freeSuggest/view.do?sn=197532
PROP-197368,임산부 교통카드를 만들어주세요~,TAXONOMY_MISMATCH,medium,"내용 기반 후보=주거·교통·도시생활환경, 현재=임신·난임·생식건강",본문 확인 후 대·중·소분류 재분류,임신·난임·생식건강,임산부 건강·배려,임산부 건강관리·배려,건강임신지원팀,https://idea.seoul.go.kr/front/freeSuggest/view.do?sn=197368
PROP-197368,임산부 교통카드를 만들어주세요~,POLICY_REVIEW,medium,"저장 정책과 안전 매칭 후보 불일치; 후보=맘편한 KTX?SRT 임산부 할인, 핵심어=2개",정책 목적·대상·수단 수동 확인,임신·난임·생식건강,임산부 건강·배려,임산부 건강관리·배려,건강임신지원팀,https://idea.seoul.go.kr/front/freeSuggest/view.do?sn=197368
PROP-197348,임산부 배려석 외국어 안내문 표기 확대 제안,CONTENT_MISSING,high,본문이 없거나 제목 반복형,원문 재수집 전 정책·부서 판정 보류,임신·난임·생식건강,임산부 건강·배려,임산부 건강관리·배려,건강임신지원팀,https://idea.seoul.go.kr/front/freeSuggest/view.do?sn=197348
PROP-197348,임산부 배려석 외국어 안내문 표기 확대 제안,DEPARTMENT_UNVERIFIABLE,high,본문 없이 주관·협조부서가 지정됨,원문 복구 전 부서 판정 보류,임신·난임·생식건강,임산부 건강·배려,임산부 건강관리·배려,건강임신지원팀,https://idea.seoul.go.kr/front/freeSuggest/view.do?sn=197348
PROP-197348,임산부 배려석 외국어 안내문 표기 확대 제안,POLICY_UNVERIFIABLE,high,본문 없이 현행 정책이 저장 연결됨,정책 연결 제거·보류,임신·난임·생식건강,임산부 건강·배려,임산부 건강관리·배려,건강임신지원팀,https://idea.seoul.go.kr/front/freeSuggest/view.do?sn=197348
PROP-197311,임산부 배려석 운영 정책 개선 제안,TAXONOMY_MISMATCH,medium,"내용 기반 후보=주거·교통·도시생활환경, 현재=임신·난임·생식건강",본문 확인 후 대·중·소분류 재분류,임신·난임·생식건강,임산부 건강·배려,임산부 건강관리·배려,건강임신지원팀,https://idea.seoul.go.kr/front/freeSuggest/view.do?sn=197311
PROP-197295,어린이 등하굣길 교통안전지도 사업제안,CORRECTED_EXCLUSION_STALE,high,출산·양육 직접 키워드 또는 조합 조건 미충족 (근거: data/processed/ver2_expanded/상상대로_추가크롤링후보_보정제외로그_ver3.csv),최종 데이터에서 제외 또는 별도 범위 밖 보관,정보·상담·교육·거버넌스,정보 접근성,일반 출산정책 안건,저출생사업1팀,https://idea.seoul.go.kr/front/freeSuggest/view.do?sn=197295
PROP-197295,어린이 등하굣길 교통안전지도 사업제안,TAXONOMY_MISMATCH,medium,"내용 기반 후보=주거·교통·도시생활환경, 현재=정보·상담·교육·거버넌스",본문 확인 후 대·중·소분류 재분류,정보·상담·교육·거버넌스,정보 접근성,일반 출산정책 안건,저출생사업1팀,https://idea.seoul.go.kr/front/freeSuggest/view.do?sn=197295
PROP-197288,서울시 내 다둥이카드 사용 요건을 통일해 주세요.,CONTENT_MISSING,high,본문이 없거나 제목 반복형,원문 재수집 전 정책·부서 판정 보류,다자녀·양육비·생활지원,다자녀 혜택,다자녀 기준·할인·감면,저출생사업1팀,https://idea.seoul.go.kr/front/freeSuggest/view.do?sn=197288
PROP-197288,서울시 내 다둥이카드 사용 요건을 통일해 주세요.,DEPARTMENT_UNVERIFIABLE,high,본문 없이 주관·협조부서가 지정됨,원문 복구 전 부서 판정 보류,다자녀·양육비·생활지원,다자녀 혜택,다자녀 기준·할인·감면,저출생사업1팀,https://idea.seoul.go.kr/front/freeSuggest/view.do?sn=197288
PROP-197271,임산부 배려석에 바닥 라이트를 설치해주세요.,CONTENT_MISSING,high,본문이 없거나 제목 반복형,원문 재수집 전 정책·부서 판정 보류,임신·난임·생식건강,임산부 건강·배려,임산부 건강관리·배려,건강임신지원팀,https://idea.seoul.go.kr/front/freeSuggest/view.do?sn=197271
PROP-197271,임산부 배려석에 바닥 라이트를 설치해주세요.,DEPARTMENT_UNVERIFIABLE,high,본문 없이 주관·협조부서가 지정됨,원문 복구 전 부서 판정 보류,임신·난임·생식건강,임산부 건강·배려,임산부 건강관리·배려,건강임신지원팀,https://idea.seoul.go.kr/front/freeSuggest/view.do?sn=197271
PROP-197271,임산부 배려석에 바닥 라이트를 설치해주세요.,POLICY_UNVERIFIABLE,high,본문 없이 현행 정책이 저장 연결됨,정책 연결 제거·보류,임신·난임·생식건강,임산부 건강·배려,임산부 건강관리·배려,건강임신지원팀,https://idea.seoul.go.kr/front/freeSuggest/view.do?sn=197271
PROP-197259,"우리 아이들, 동네 아이들 안전하게 다닐수 있게 도와주세요!!!",CORRECTED_EXCLUSION_STALE,high,출산·양육 직접 키워드 또는 조합 조건 미충족 (근거: data/processed/ver2_expanded/상상대로_신규수집_출산양육후보_보정제외로그_ver3.csv),최종 데이터에서 제외 또는 별도 범위 밖 보관,정보·상담·교육·거버넌스,정보 접근성,일반 출산정책 안건,저출생사업1팀,https://idea.seoul.go.kr/front/freeSuggest/view.do?sn=197259
PROP-197233,"서울지하철 주요 노선에 출산, 육아 장려 칸 도입 제안",TAXONOMY_MISMATCH,medium,"내용 기반 후보=주거·교통·도시생활환경, 현재=출산·산후 초기지원",본문 확인 후 대·중·소분류 재분류,출산·산후 초기지원,출산가구 초기지원,출산지원금·출생축하,건강팀,https://idea.seoul.go.kr/front/freeSuggest/view.do?sn=197233
PROP-197204,신혼부부전세자금대출 이자지원사업 관련,CONTENT_MISSING,high,본문이 없거나 제목 반복형,원문 재수집 전 정책·부서 판정 보류,주거·교통·도시생활환경,출산가구 주거,신혼부부·출산가구 주거지원,저출생사업1팀,https://idea.seoul.go.kr/front/freeSuggest/view.do?sn=197204
PROP-197204,신혼부부전세자금대출 이자지원사업 관련,DEPARTMENT_UNVERIFIABLE,high,본문 없이 주관·협조부서가 지정됨,원문 복구 전 부서 판정 보류,주거·교통·도시생활환경,출산가구 주거,신혼부부·출산가구 주거지원,저출생사업1팀,https://idea.seoul.go.kr/front/freeSuggest/view.do?sn=197204
PROP-197204,신혼부부전세자금대출 이자지원사업 관련,POLICY_UNVERIFIABLE,high,본문 없이 현행 정책이 저장 연결됨,정책 연결 제거·보류,주거·교통·도시생활환경,출산가구 주거,신혼부부·출산가구 주거지원,저출생사업1팀,https://idea.seoul.go.kr/front/freeSuggest/view.do?sn=197204
PROP-197171,어린이보호구역 노인일자리,CORRECTED_EXCLUSION_STALE,high,일반 아동/학교/시설/안전 제안: 보호구역 중심이며 출산·양육 직접 맥락 부족 (근거: data/processed/ver2_expanded/상상대로_신규수집_출산양육후보_보정제외로그_ver3.csv),최종 데이터에서 제외 또는 별도 범위 밖 보관,정보·상담·교육·거버넌스,정보 접근성,일반 출산정책 안건,저출생사업1팀,https://idea.seoul.go.kr/front/freeSuggest/view.do?sn=197171
PROP-197002,어린이보호구역내 속도제한의 탄력조정운영제안,CORRECTED_EXCLUSION_STALE,high,일반 아동/학교/시설/안전 제안: 보호구역 중심이며 출산·양육 직접 맥락 부족 (근거: data/processed/ver2_expanded/상상대로_신규수집_출산양육후보_보정제외로그_ver3.csv),최종 데이터에서 제외 또는 별도 범위 밖 보관,정보·상담·교육·거버넌스,정보 접근성,일반 출산정책 안건,저출생사업1팀,https://idea.seoul.go.kr/front/freeSuggest/view.do?sn=197002
PROP-197002,어린이보호구역내 속도제한의 탄력조정운영제안,TAXONOMY_MISMATCH,medium,"내용 기반 후보=주거·교통·도시생활환경, 현재=정보·상담·교육·거버넌스",본문 확인 후 대·중·소분류 재분류,정보·상담·교육·거버넌스,정보 접근성,일반 출산정책 안건,저출생사업1팀,https://idea.seoul.go.kr/front/freeSuggest/view.do?sn=197002
PROP-196964,대중교통 임산부석에 대한 제안,TAXONOMY_MISMATCH,medium,"내용 기반 후보=주거·교통·도시생활환경, 현재=임신·난임·생식건강",본문 확인 후 대·중·소분류 재분류,임신·난임·생식건강,임산부 건강·배려,임산부 건강관리·배려,건강임신지원팀,https://idea.seoul.go.kr/front/freeSuggest/view.do?sn=196964
PROP-196927,강남구 해찬솔 유아숲 체험 관련 건의사항입니다.,TAXONOMY_MISMATCH,medium,"내용 기반 후보=주거·교통·도시생활환경, 현재=정보·상담·교육·거버넌스",본문 확인 후 대·중·소분류 재분류,정보·상담·교육·거버넌스,정보 접근성,일반 출산정책 안건,저출생사업1팀,https://idea.seoul.go.kr/front/freeSuggest/view.do?sn=196927
PROP-196838,"유치원, 초등학교 운동장에 선셰이드(햇빛 가림막)을 설치해 주세요.",CONTENT_MISSING,high,본문이 없거나 제목 반복형,원문 재수집 전 정책·부서 판정 보류,보육·돌봄 인프라,어린이집·유치원,보육시설·유아교육,돌봄사업팀,https://idea.seoul.go.kr/front/freeSuggest/view.do?sn=196838
PROP-196838,"유치원, 초등학교 운동장에 선셰이드(햇빛 가림막)을 설치해 주세요.",DEPARTMENT_UNVERIFIABLE,high,본문 없이 주관·협조부서가 지정됨,원문 복구 전 부서 판정 보류,보육·돌봄 인프라,어린이집·유치원,보육시설·유아교육,돌봄사업팀,https://idea.seoul.go.kr/front/freeSuggest/view.do?sn=196838
PROP-196806,마곡유치원 공항고등학교 앞 부지에 도서관 건립 요청드려요,CONTENT_MISSING,high,본문이 없거나 제목 반복형,원문 재수집 전 정책·부서 판정 보류,보육·돌봄 인프라,어린이집·유치원,보육시설·유아교육,돌봄사업팀,https://idea.seoul.go.kr/front/freeSuggest/view.do?sn=196806
PROP-196806,마곡유치원 공항고등학교 앞 부지에 도서관 건립 요청드려요,DEPARTMENT_UNVERIFIABLE,high,본문 없이 주관·협조부서가 지정됨,원문 복구 전 부서 판정 보류,보육·돌봄 인프라,어린이집·유치원,보육시설·유아교육,돌봄사업팀,https://idea.seoul.go.kr/front/freeSuggest/view.do?sn=196806
PROP-196769,서울시 대중교통 임산부석 개선 요청합니다.,CONTENT_MISSING,high,본문이 없거나 제목 반복형,원문 재수집 전 정책·부서 판정 보류,임신·난임·생식건강,임산부 건강·배려,임산부 건강관리·배려,건강임신지원팀,https://idea.seoul.go.kr/front/freeSuggest/view.do?sn=196769
PROP-196769,서울시 대중교통 임산부석 개선 요청합니다.,TAXONOMY_MISMATCH,medium,"내용 기반 후보=주거·교통·도시생활환경, 현재=임신·난임·생식건강",본문 확인 후 대·중·소분류 재분류,임신·난임·생식건강,임산부 건강·배려,임산부 건강관리·배려,건강임신지원팀,https://idea.seoul.go.kr/front/freeSuggest/view.do?sn=196769
PROP-196769,서울시 대중교통 임산부석 개선 요청합니다.,DEPARTMENT_UNVERIFIABLE,high,본문 없이 주관·협조부서가 지정됨,원문 복구 전 부서 판정 보류,임신·난임·생식건강,임산부 건강·배려,임산부 건강관리·배려,건강임신지원팀,https://idea.seoul.go.kr/front/freeSuggest/view.do?sn=196769
PROP-196769,서울시 대중교통 임산부석 개선 요청합니다.,POLICY_UNVERIFIABLE,high,본문 없이 현행 정책이 저장 연결됨,정책 연결 제거·보류,임신·난임·생식건강,임산부 건강·배려,임산부 건강관리·배려,건강임신지원팀,https://idea.seoul.go.kr/front/freeSuggest/view.do?sn=196769
PROP-196732,서울시에서 홍보한 교량호텔 인원제한포함 숙박시설 다둥이 인원제한관련 의견,CONTENT_MISSING,high,본문이 없거나 제목 반복형,원문 재수집 전 정책·부서 판정 보류,다자녀·양육비·생활지원,다자녀 혜택,다자녀 기준·할인·감면,저출생사업1팀,https://idea.seoul.go.kr/front/freeSuggest/view.do?sn=196732
PROP-196732,서울시에서 홍보한 교량호텔 인원제한포함 숙박시설 다둥이 인원제한관련 의견,DEPARTMENT_UNVERIFIABLE,high,본문 없이 주관·협조부서가 지정됨,원문 복구 전 부서 판정 보류,다자녀·양육비·생활지원,다자녀 혜택,다자녀 기준·할인·감면,저출생사업1팀,https://idea.seoul.go.kr/front/freeSuggest/view.do?sn=196732
PROP-196722,어린이 보호 구역 시점과 종점 바닥 그리고 어린이 보호구역에 있는 방호 울타리를 전부 노란색으로 칠해 주세요.,CORRECTED_EXCLUSION_STALE,high,일반 아동/학교/시설/안전 제안: 보호구역 중심이며 출산·양육 직접 맥락 부족 (근거: data/processed/ver2_expanded/상상대로_신규수집_출산양육후보_보정제외로그_ver3.csv),최종 데이터에서 제외 또는 별도 범위 밖 보관,정보·상담·교육·거버넌스,정보 접근성,일반 출산정책 안건,저출생사업1팀,https://idea.seoul.go.kr/front/freeSuggest/view.do?sn=196722
PROP-196711,장난감도서관의 소독시간 폐지,TAXONOMY_MISMATCH,medium,"내용 기반 후보=출산·산후 초기지원, 현재=보육·돌봄 인프라",본문 확인 후 대·중·소분류 재분류,보육·돌봄 인프라,아동 놀이·체험공간,공공키즈카페·수유실·유아휴게실,돌봄사업팀,https://idea.seoul.go.kr/front/freeSuggest/view.do?sn=196711
PROP-196686,신혼부부만 서울시 시민인가요??,TAXONOMY_MISMATCH,medium,"내용 기반 후보=출산·산후 초기지원, 현재=주거·교통·도시생활환경",본문 확인 후 대·중·소분류 재분류,주거·교통·도시생활환경,출산가구 주거,신혼부부·출산가구 주거지원,저출생사업1팀,https://idea.seoul.go.kr/front/freeSuggest/view.do?sn=196686
PROP-196561,2025년 출산 무주택가구에 30만원씩 주거비용 지원 정책에 대한 건의,POLICY_REVIEW,medium,"저장 정책과 안전 매칭 후보 불일치; 후보=다자녀 가구 하수도사용료 감면, 핵심어=2개",정책 목적·대상·수단 수동 확인,출산·산후 초기지원,출산가구 초기지원,출산지원금·출생축하,건강팀,https://idea.seoul.go.kr/front/freeSuggest/view.do?sn=196561
PROP-196543,난임부부를 위한 유전자검사(PGT-A) 비용 지원 건의,POLICY_REVIEW,medium,"저장 정책과 안전 매칭 후보 불일치; 후보=35세 이상 임산부 외래 진료 및 검사비 지원, 핵심어=2개",정책 목적·대상·수단 수동 확인,임신·난임·생식건강,난임 지원,난임시술·주사·시술비,건강임신지원팀,https://idea.seoul.go.kr/front/freeSuggest/view.do?sn=196543
PROP-196541,대중교통 임산부 배려석,TAXONOMY_MISMATCH,medium,"내용 기반 후보=주거·교통·도시생활환경, 현재=임신·난임·생식건강",본문 확인 후 대·중·소분류 재분류,임신·난임·생식건강,임산부 건강·배려,임산부 건강관리·배려,건강임신지원팀,https://idea.seoul.go.kr/front/freeSuggest/view.do?sn=196541
PROP-196496,출산 여성 보건소 골밀도 검사 대상 포함 요청건,TAXONOMY_MISMATCH,medium,"내용 기반 후보=임신·난임·생식건강, 현재=출산·산후 초기지원",본문 확인 후 대·중·소분류 재분류,출산·산후 초기지원,출산가구 초기지원,출산지원금·출생축하,가족건강팀,https://idea.seoul.go.kr/front/freeSuggest/view.do?sn=196496
PROP-196484,"보차혼용도로에 대한 미흡점 개선 제안 (서울시내 보차혼용도로에 위치한 어린이집, 유치원, 초등학교, 중학교, 고등학교 스쿨존 설정 및 인도 설치 의무화와 서울시내 어린이집의 스쿨존 지정(전체 불가시 보차혼용도로내 위치한 어린이들이라도 우선 지정))",TAXONOMY_MISMATCH,medium,"내용 기반 후보=출산·산후 초기지원, 현재=보육·돌봄 인프라",본문 확인 후 대·중·소분류 재분류,보육·돌봄 인프라,어린이집·유치원,보육시설·유아교육,돌봄사업팀,https://idea.seoul.go.kr/front/freeSuggest/view.do?sn=196484
PROP-196474,임산부 등 노약자석 무단 착석 대처방법,CONTENT_MISSING,high,본문이 없거나 제목 반복형,원문 재수집 전 정책·부서 판정 보류,임신·난임·생식건강,임산부 건강·배려,임산부 건강관리·배려,건강임신지원팀,https://idea.seoul.go.kr/front/freeSuggest/view.do?sn=196474
PROP-196474,임산부 등 노약자석 무단 착석 대처방법,DEPARTMENT_UNVERIFIABLE,high,본문 없이 주관·협조부서가 지정됨,원문 복구 전 부서 판정 보류,임신·난임·생식건강,임산부 건강·배려,임산부 건강관리·배려,건강임신지원팀,https://idea.seoul.go.kr/front/freeSuggest/view.do?sn=196474
PROP-196474,임산부 등 노약자석 무단 착석 대처방법,POLICY_UNVERIFIABLE,high,본문 없이 현행 정책이 저장 연결됨,정책 연결 제거·보류,임신·난임·생식건강,임산부 건강·배려,임산부 건강관리·배려,건강임신지원팀,https://idea.seoul.go.kr/front/freeSuggest/view.do?sn=196474
PROP-196468,지하철 임산부 배려석에 지하철 보완요원 수시검사,CONTENT_MISSING,high,본문이 없거나 제목 반복형,원문 재수집 전 정책·부서 판정 보류,임신·난임·생식건강,임산부 건강·배려,임산부 건강관리·배려,건강임신지원팀,https://idea.seoul.go.kr/front/freeSuggest/view.do?sn=196468
PROP-196468,지하철 임산부 배려석에 지하철 보완요원 수시검사,DEPARTMENT_UNVERIFIABLE,high,본문 없이 주관·협조부서가 지정됨,원문 복구 전 부서 판정 보류,임신·난임·생식건강,임산부 건강·배려,임산부 건강관리·배려,건강임신지원팀,https://idea.seoul.go.kr/front/freeSuggest/view.do?sn=196468
PROP-196468,지하철 임산부 배려석에 지하철 보완요원 수시검사,POLICY_UNVERIFIABLE,high,본문 없이 현행 정책이 저장 연결됨,정책 연결 제거·보류,임신·난임·생식건강,임산부 건강·배려,임산부 건강관리·배려,건강임신지원팀,https://idea.seoul.go.kr/front/freeSuggest/view.do?sn=196468
PROP-196434,고등학생 하원 택시 운영제도,TAXONOMY_MISMATCH,medium,"내용 기반 후보=주거·교통·도시생활환경, 현재=보육·돌봄 인프라",본문 확인 후 대·중·소분류 재분류,보육·돌봄 인프라,초등돌봄,초등돌봄·방과후,돌봄사업팀,https://idea.seoul.go.kr/front/freeSuggest/view.do?sn=196434
PROP-196356,임산부 배려석 관련해서 제안드립니다.,CONTENT_MISSING,high,본문이 없거나 제목 반복형,원문 재수집 전 정책·부서 판정 보류,임신·난임·생식건강,임산부 건강·배려,임산부 건강관리·배려,건강임신지원팀,https://idea.seoul.go.kr/front/freeSuggest/view.do?sn=196356
PROP-196356,임산부 배려석 관련해서 제안드립니다.,DEPARTMENT_UNVERIFIABLE,high,본문 없이 주관·협조부서가 지정됨,원문 복구 전 부서 판정 보류,임신·난임·생식건강,임산부 건강·배려,임산부 건강관리·배려,건강임신지원팀,https://idea.seoul.go.kr/front/freeSuggest/view.do?sn=196356
PROP-196356,임산부 배려석 관련해서 제안드립니다.,POLICY_UNVERIFIABLE,high,본문 없이 현행 정책이 저장 연결됨,정책 연결 제거·보류,임신·난임·생식건강,임산부 건강·배려,임산부 건강관리·배려,건강임신지원팀,https://idea.seoul.go.kr/front/freeSuggest/view.do?sn=196356
PROP-196294,관악구에도 거점 키움센터가 있었으면 좋겠습니다~,CONTENT_MISSING,high,본문이 없거나 제목 반복형,원문 재수집 전 정책·부서 판정 보류,보육·돌봄 인프라,초등돌봄,초등돌봄·방과후,돌봄사업팀,https://idea.seoul.go.kr/front/freeSuggest/view.do?sn=196294
PROP-196294,관악구에도 거점 키움센터가 있었으면 좋겠습니다~,DEPARTMENT_UNVERIFIABLE,high,본문 없이 주관·협조부서가 지정됨,원문 복구 전 부서 판정 보류,보육·돌봄 인프라,초등돌봄,초등돌봄·방과후,돌봄사업팀,https://idea.seoul.go.kr/front/freeSuggest/view.do?sn=196294
PROP-196279,정부 아이돌봄서비스 개선 요청,TAXONOMY_MISMATCH,medium,"내용 기반 후보=출산·산후 초기지원, 현재=보육·돌봄 인프라",본문 확인 후 대·중·소분류 재분류,보육·돌봄 인프라,가족돌봄,아이돌봄·조부모돌봄,돌봄사업팀,https://idea.seoul.go.kr/front/freeSuggest/view.do?sn=196279
PROP-196279,정부 아이돌봄서비스 개선 요청,POLICY_REVIEW,medium,"저장 정책과 안전 매칭 후보 불일치; 후보=시간제 보육, 핵심어=2개",정책 목적·대상·수단 수동 확인,보육·돌봄 인프라,가족돌봄,아이돌봄·조부모돌봄,돌봄사업팀,https://idea.seoul.go.kr/front/freeSuggest/view.do?sn=196279
PROP-196209,지하철 임산부석 앱 설치 건의,TAXONOMY_MISMATCH,medium,"내용 기반 후보=출산·산후 초기지원, 현재=임신·난임·생식건강",본문 확인 후 대·중·소분류 재분류,임신·난임·생식건강,임산부 건강·배려,임산부 건강관리·배려,건강임신지원팀,https://idea.seoul.go.kr/front/freeSuggest/view.do?sn=196209
PROP-196158,영유아 부모 우대 교통 정책,TAXONOMY_MISMATCH,medium,"내용 기반 후보=주거·교통·도시생활환경, 현재=정보·상담·교육·거버넌스",본문 확인 후 대·중·소분류 재분류,정보·상담·교육·거버넌스,정보 접근성,일반 출산정책 안건,저출생사업1팀,https://idea.seoul.go.kr/front/freeSuggest/view.do?sn=196158
PROP-196094,서울시 자녀출산 무주택가구 주거비 지원,TAXONOMY_MISMATCH,medium,"내용 기반 후보=주거·교통·도시생활환경, 현재=출산·산후 초기지원",본문 확인 후 대·중·소분류 재분류,출산·산후 초기지원,출산가구 초기지원,출산지원금·출생축하,건강팀,https://idea.seoul.go.kr/front/freeSuggest/view.do?sn=196094
PROP-196093,서울시 자녀출산 무주택 가구 주거비 지원,TAXONOMY_MISMATCH,medium,"내용 기반 후보=주거·교통·도시생활환경, 현재=출산·산후 초기지원",본문 확인 후 대·중·소분류 재분류,출산·산후 초기지원,출산가구 초기지원,출산지원금·출생축하,건강팀,https://idea.seoul.go.kr/front/freeSuggest/view.do?sn=196093
PROP-195893,서울시 공영주차장 다자녀 할인 혜택의 거주지 기준 재검토 요청,TAXONOMY_MISMATCH,medium,"내용 기반 후보=주거·교통·도시생활환경, 현재=다자녀·양육비·생활지원",본문 확인 후 대·중·소분류 재분류,다자녀·양육비·생활지원,다자녀 혜택,다자녀 기준·할인·감면,저출생사업1팀,https://idea.seoul.go.kr/front/freeSuggest/view.do?sn=195893
PROP-195811,다둥이 카드 사용기간 연장,TAXONOMY_MISMATCH,medium,"내용 기반 후보=출산·산후 초기지원, 현재=다자녀·양육비·생활지원",본문 확인 후 대·중·소분류 재분류,다자녀·양육비·생활지원,다자녀 혜택,다자녀 기준·할인·감면,저출생사업1팀,https://idea.seoul.go.kr/front/freeSuggest/view.do?sn=195811
PROP-195788,소득제한을 두지 않는 보편적 한부모 혜택,CONTENT_MISSING,high,본문이 없거나 제목 반복형,원문 재수집 전 정책·부서 판정 보류,취약·다양가족 사각지대,한부모·위기임산부,한부모·미혼부모·위기임산부,가족지원팀,https://idea.seoul.go.kr/front/freeSuggest/view.do?sn=195788
PROP-195788,소득제한을 두지 않는 보편적 한부모 혜택,DEPARTMENT_UNVERIFIABLE,high,본문 없이 주관·협조부서가 지정됨,원문 복구 전 부서 판정 보류,취약·다양가족 사각지대,한부모·위기임산부,한부모·미혼부모·위기임산부,가족지원팀,https://idea.seoul.go.kr/front/freeSuggest/view.do?sn=195788
PROP-195744,스쿨존 어린이 스마트폰 사용 제안,CORRECTED_EXCLUSION_STALE,high,"일반 아동/학교/시설/안전 제안: 학교, 스쿨존 중심이며 출산·양육 직접 맥락 부족 (근거: data/processed/ver2_expanded/상상대로_신규수집_출산양육후보_보정제외로그_ver3.csv)",최종 데이터에서 제외 또는 별도 범위 밖 보관,정보·상담·교육·거버넌스,정보 접근성,일반 출산정책 안건,저출생사업1팀,https://idea.seoul.go.kr/front/freeSuggest/view.do?sn=195744
PROP-195744,스쿨존 어린이 스마트폰 사용 제안,TAXONOMY_MISMATCH,medium,"내용 기반 후보=주거·교통·도시생활환경, 현재=정보·상담·교육·거버넌스",본문 확인 후 대·중·소분류 재분류,정보·상담·교육·거버넌스,정보 접근성,일반 출산정책 안건,저출생사업1팀,https://idea.seoul.go.kr/front/freeSuggest/view.do?sn=195744
PROP-195711,[공동육아 스타트업] 서울시육아지원정부사업_협력/홍보 문의,TAXONOMY_MISMATCH,medium,"내용 기반 후보=보육·돌봄 인프라, 현재=정보·상담·교육·거버넌스",본문 확인 후 대·중·소분류 재분류,정보·상담·교육·거버넌스,부모·가족 교육/상담,초보부모·공동육아·육아정보,저출생사업1팀,https://idea.seoul.go.kr/front/freeSuggest/view.do?sn=195711
PROP-195684,유급 육아시간 확대 사용 건의,TAXONOMY_MISMATCH,medium,"내용 기반 후보=보육·돌봄 인프라, 현재=정보·상담·교육·거버넌스",본문 확인 후 대·중·소분류 재분류,정보·상담·교육·거버넌스,정보 접근성,일반 출산정책 안건,저출생사업1팀,https://idea.seoul.go.kr/front/freeSuggest/view.do?sn=195684
PROP-195671,[제도개선]다자녀 가정의 시·도 간 주차요금 감면 혜택 제도적 보완 제안,TAXONOMY_MISMATCH,medium,"내용 기반 후보=주거·교통·도시생활환경, 현재=다자녀·양육비·생활지원",본문 확인 후 대·중·소분류 재분류,다자녀·양육비·생활지원,다자녀 혜택,다자녀 기준·할인·감면,저출생사업1팀,https://idea.seoul.go.kr/front/freeSuggest/view.do?sn=195671
PROP-195640,서울시 임산부의 건강을 위한 지원사업을 요청합니다,CONTENT_MISSING,high,본문이 없거나 제목 반복형,원문 재수집 전 정책·부서 판정 보류,임신·난임·생식건강,임산부 건강·배려,임산부 건강관리·배려,건강임신지원팀,https://idea.seoul.go.kr/front/freeSuggest/view.do?sn=195640
PROP-195640,서울시 임산부의 건강을 위한 지원사업을 요청합니다,DEPARTMENT_UNVERIFIABLE,high,본문 없이 주관·협조부서가 지정됨,원문 복구 전 부서 판정 보류,임신·난임·생식건강,임산부 건강·배려,임산부 건강관리·배려,건강임신지원팀,https://idea.seoul.go.kr/front/freeSuggest/view.do?sn=195640
PROP-195640,서울시 임산부의 건강을 위한 지원사업을 요청합니다,POLICY_UNVERIFIABLE,high,본문 없이 현행 정책이 저장 연결됨,정책 연결 제거·보류,임신·난임·생식건강,임산부 건강·배려,임산부 건강관리·배려,건강임신지원팀,https://idea.seoul.go.kr/front/freeSuggest/view.do?sn=195640
PROP-195593,서울시 신혼부부 전세자금대출 증액 가능하도록 정정 부탁 드립니다.,CONTENT_MISSING,high,본문이 없거나 제목 반복형,원문 재수집 전 정책·부서 판정 보류,주거·교통·도시생활환경,출산가구 주거,신혼부부·출산가구 주거지원,저출생사업1팀,https://idea.seoul.go.kr/front/freeSuggest/view.do?sn=195593
PROP-195593,서울시 신혼부부 전세자금대출 증액 가능하도록 정정 부탁 드립니다.,DEPARTMENT_UNVERIFIABLE,high,본문 없이 주관·협조부서가 지정됨,원문 복구 전 부서 판정 보류,주거·교통·도시생활환경,출산가구 주거,신혼부부·출산가구 주거지원,저출생사업1팀,https://idea.seoul.go.kr/front/freeSuggest/view.do?sn=195593
PROP-195593,서울시 신혼부부 전세자금대출 증액 가능하도록 정정 부탁 드립니다.,POLICY_UNVERIFIABLE,high,본문 없이 현행 정책이 저장 연결됨,정책 연결 제거·보류,주거·교통·도시생활환경,출산가구 주거,신혼부부·출산가구 주거지원,저출생사업1팀,https://idea.seoul.go.kr/front/freeSuggest/view.do?sn=195593
PROP-195491,휘경2동 아이들을 위한 시설을 만들어 주세요,CONTENT_MISSING,high,본문이 없거나 제목 반복형,원문 재수집 전 정책·부서 판정 보류,정보·상담·교육·거버넌스,정보 접근성,일반 출산정책 안건,저출생사업1팀,https://idea.seoul.go.kr/front/freeSuggest/view.do?sn=195491
PROP-195491,휘경2동 아이들을 위한 시설을 만들어 주세요,CORRECTED_EXCLUSION_STALE,high,출산·양육 직접 키워드 또는 조합 조건 미충족 (근거: data/processed/ver2_expanded/상상대로_추가크롤링후보_보정제외로그_ver3.csv),최종 데이터에서 제외 또는 별도 범위 밖 보관,정보·상담·교육·거버넌스,정보 접근성,일반 출산정책 안건,저출생사업1팀,https://idea.seoul.go.kr/front/freeSuggest/view.do?sn=195491
PROP-195491,휘경2동 아이들을 위한 시설을 만들어 주세요,DEPARTMENT_UNVERIFIABLE,high,본문 없이 주관·협조부서가 지정됨,원문 복구 전 부서 판정 보류,정보·상담·교육·거버넌스,정보 접근성,일반 출산정책 안건,저출생사업1팀,https://idea.seoul.go.kr/front/freeSuggest/view.do?sn=195491
PROP-195464,구에서 운영하는 체육시설에 대해 다자녀 3명 → 2명으로 변경 제한 드립니다.,TAXONOMY_MISMATCH,medium,"내용 기반 후보=출산·산후 초기지원, 현재=다자녀·양육비·생활지원",본문 확인 후 대·중·소분류 재분류,다자녀·양육비·생활지원,다자녀 혜택,다자녀 기준·할인·감면,저출생사업1팀,https://idea.seoul.go.kr/front/freeSuggest/view.do?sn=195464
PROP-195405,서울지하철 임산부배려석 실효성 높이는 방안 제안합니다,CONTENT_MISSING,high,본문이 없거나 제목 반복형,원문 재수집 전 정책·부서 판정 보류,임신·난임·생식건강,임산부 건강·배려,임산부 건강관리·배려,건강임신지원팀,https://idea.seoul.go.kr/front/freeSuggest/view.do?sn=195405
PROP-195405,서울지하철 임산부배려석 실효성 높이는 방안 제안합니다,DEPARTMENT_UNVERIFIABLE,high,본문 없이 주관·협조부서가 지정됨,원문 복구 전 부서 판정 보류,임신·난임·생식건강,임산부 건강·배려,임산부 건강관리·배려,건강임신지원팀,https://idea.seoul.go.kr/front/freeSuggest/view.do?sn=195405
PROP-195405,서울지하철 임산부배려석 실효성 높이는 방안 제안합니다,POLICY_UNVERIFIABLE,high,본문 없이 현행 정책이 저장 연결됨,정책 연결 제거·보류,임신·난임·생식건강,임산부 건강·배려,임산부 건강관리·배려,건강임신지원팀,https://idea.seoul.go.kr/front/freeSuggest/view.do?sn=195405
PROP-195367,타지역 다둥이도 서울시 공공시설물에 주차 할인을 해주세요~,CONTENT_MISSING,high,본문이 없거나 제목 반복형,원문 재수집 전 정책·부서 판정 보류,다자녀·양육비·생활지원,다자녀 혜택,다자녀 기준·할인·감면,저출생사업1팀,https://idea.seoul.go.kr/front/freeSuggest/view.do?sn=195367
PROP-195367,타지역 다둥이도 서울시 공공시설물에 주차 할인을 해주세요~,TAXONOMY_MISMATCH,medium,"내용 기반 후보=주거·교통·도시생활환경, 현재=다자녀·양육비·생활지원",본문 확인 후 대·중·소분류 재분류,다자녀·양육비·생활지원,다자녀 혜택,다자녀 기준·할인·감면,저출생사업1팀,https://idea.seoul.go.kr/front/freeSuggest/view.do?sn=195367
PROP-195367,타지역 다둥이도 서울시 공공시설물에 주차 할인을 해주세요~,DEPARTMENT_UNVERIFIABLE,high,본문 없이 주관·협조부서가 지정됨,원문 복구 전 부서 판정 보류,다자녀·양육비·생활지원,다자녀 혜택,다자녀 기준·할인·감면,저출생사업1팀,https://idea.seoul.go.kr/front/freeSuggest/view.do?sn=195367
PROP-195209,임산부 출퇴근 셔틀버스,TAXONOMY_MISMATCH,medium,"내용 기반 후보=주거·교통·도시생활환경, 현재=임신·난임·생식건강",본문 확인 후 대·중·소분류 재분류,임신·난임·생식건강,임산부 건강·배려,임산부 건강관리·배려,건강임신지원팀,https://idea.seoul.go.kr/front/freeSuggest/view.do?sn=195209
PROP-195192,어린이 보호구역 건널목,CORRECTED_EXCLUSION_STALE,high,일반 아동/학교/시설/안전 제안: 보호구역 중심이며 출산·양육 직접 맥락 부족 (근거: data/processed/ver2_expanded/상상대로_신규수집_출산양육후보_보정제외로그_ver3.csv),최종 데이터에서 제외 또는 별도 범위 밖 보관,정보·상담·교육·거버넌스,정보 접근성,일반 출산정책 안건,저출생사업1팀,https://idea.seoul.go.kr/front/freeSuggest/view.do?sn=195192
PROP-195183,국공립 유치원 등하원 차량운행 요청,TAXONOMY_MISMATCH,medium,"내용 기반 후보=출산·산후 초기지원, 현재=보육·돌봄 인프라",본문 확인 후 대·중·소분류 재분류,보육·돌봄 인프라,초등돌봄,초등돌봄·방과후,돌봄사업팀,https://idea.seoul.go.kr/front/freeSuggest/view.do?sn=195183
PROP-195163,어린이보호구역내 교통사고 방지를 위한 교통시설물 변경설치 및 작업제한,CORRECTED_EXCLUSION_STALE,high,일반 아동/학교/시설/안전 제안: 보호구역 중심이며 출산·양육 직접 맥락 부족 (근거: data/processed/ver2_expanded/상상대로_신규수집_출산양육후보_보정제외로그_ver3.csv),최종 데이터에서 제외 또는 별도 범위 밖 보관,정보·상담·교육·거버넌스,정보 접근성,일반 출산정책 안건,저출생사업1팀,https://idea.seoul.go.kr/front/freeSuggest/view.do?sn=195163
PROP-195163,어린이보호구역내 교통사고 방지를 위한 교통시설물 변경설치 및 작업제한,TAXONOMY_MISMATCH,medium,"내용 기반 후보=주거·교통·도시생활환경, 현재=정보·상담·교육·거버넌스",본문 확인 후 대·중·소분류 재분류,정보·상담·교육·거버넌스,정보 접근성,일반 출산정책 안건,저출생사업1팀,https://idea.seoul.go.kr/front/freeSuggest/view.do?sn=195163
PROP-195152,서울시신혼부부임차보증금 금리 너무높습니다,CONTENT_MISSING,high,본문이 없거나 제목 반복형,원문 재수집 전 정책·부서 판정 보류,주거·교통·도시생활환경,출산가구 주거,신혼부부·출산가구 주거지원,저출생사업1팀,https://idea.seoul.go.kr/front/freeSuggest/view.do?sn=195152
PROP-195152,서울시신혼부부임차보증금 금리 너무높습니다,DEPARTMENT_UNVERIFIABLE,high,본문 없이 주관·협조부서가 지정됨,원문 복구 전 부서 판정 보류,주거·교통·도시생활환경,출산가구 주거,신혼부부·출산가구 주거지원,저출생사업1팀,https://idea.seoul.go.kr/front/freeSuggest/view.do?sn=195152
PROP-195152,서울시신혼부부임차보증금 금리 너무높습니다,POLICY_UNVERIFIABLE,high,본문 없이 현행 정책이 저장 연결됨,정책 연결 제거·보류,주거·교통·도시생활환경,출산가구 주거,신혼부부·출산가구 주거지원,저출생사업1팀,https://idea.seoul.go.kr/front/freeSuggest/view.do?sn=195152
PROP-195147,흡연에 대한 경범죄로 추가 제안. 아이와 시민들의 건강과 올바른 흡연습관을 위해 제안합니다.,OUT_OF_SCOPE,high,흡연·공중보건 중심,출산·양육 분석 및 공백 집계에서 제외,정보·상담·교육·거버넌스,정보 접근성,일반 출산정책 안건,저출생사업1팀,https://idea.seoul.go.kr/front/freeSuggest/view.do?sn=195147
PROP-195147,흡연에 대한 경범죄로 추가 제안. 아이와 시민들의 건강과 올바른 흡연습관을 위해 제안합니다.,DEPARTMENT_OUT_OF_SCOPE,high,범위 밖 제안에 출산 관련 부서가 연결됨,소관 분야 재분류,정보·상담·교육·거버넌스,정보 접근성,일반 출산정책 안건,저출생사업1팀,https://idea.seoul.go.kr/front/freeSuggest/view.do?sn=195147
PROP-195084,실효성없는 신혼부부 대상 정책 개선 부탁드립니다,CONTENT_MISSING,high,본문이 없거나 제목 반복형,원문 재수집 전 정책·부서 판정 보류,주거·교통·도시생활환경,출산가구 주거,신혼부부·출산가구 주거지원,저출생사업1팀,https://idea.seoul.go.kr/front/freeSuggest/view.do?sn=195084
PROP-195084,실효성없는 신혼부부 대상 정책 개선 부탁드립니다,DEPARTMENT_UNVERIFIABLE,high,본문 없이 주관·협조부서가 지정됨,원문 복구 전 부서 판정 보류,주거·교통·도시생활환경,출산가구 주거,신혼부부·출산가구 주거지원,저출생사업1팀,https://idea.seoul.go.kr/front/freeSuggest/view.do?sn=195084
PROP-195084,실효성없는 신혼부부 대상 정책 개선 부탁드립니다,POLICY_UNVERIFIABLE,high,본문 없이 현행 정책이 저장 연결됨,정책 연결 제거·보류,주거·교통·도시생활환경,출산가구 주거,신혼부부·출산가구 주거지원,저출생사업1팀,https://idea.seoul.go.kr/front/freeSuggest/view.do?sn=195084
PROP-195063,대형서점 다둥이 혜택 좀 해주세요,TAXONOMY_MISMATCH,medium,"내용 기반 후보=출산·산후 초기지원, 현재=다자녀·양육비·생활지원",본문 확인 후 대·중·소분류 재분류,다자녀·양육비·생활지원,다자녀 혜택,다자녀 기준·할인·감면,저출생사업1팀,https://idea.seoul.go.kr/front/freeSuggest/view.do?sn=195063
PROP-195015,세자녀 이상 행복주택 거주기간 연장관련,CONTENT_MISSING,high,본문이 없거나 제목 반복형,원문 재수집 전 정책·부서 판정 보류,다자녀·양육비·생활지원,다자녀 혜택,다자녀 기준·할인·감면,저출생사업1팀,https://idea.seoul.go.kr/front/freeSuggest/view.do?sn=195015
PROP-195015,세자녀 이상 행복주택 거주기간 연장관련,DEPARTMENT_UNVERIFIABLE,high,본문 없이 주관·협조부서가 지정됨,원문 복구 전 부서 판정 보류,다자녀·양육비·생활지원,다자녀 혜택,다자녀 기준·할인·감면,저출생사업1팀,https://idea.seoul.go.kr/front/freeSuggest/view.do?sn=195015
PROP-195004,"임산부 배려석, 본래의 목적에 맞는 이용을 위한 제안",CONTENT_MISSING,high,본문이 없거나 제목 반복형,원문 재수집 전 정책·부서 판정 보류,임신·난임·생식건강,임산부 건강·배려,임산부 건강관리·배려,건강임신지원팀,https://idea.seoul.go.kr/front/freeSuggest/view.do?sn=195004
PROP-195004,"임산부 배려석, 본래의 목적에 맞는 이용을 위한 제안",DEPARTMENT_UNVERIFIABLE,high,본문 없이 주관·협조부서가 지정됨,원문 복구 전 부서 판정 보류,임신·난임·생식건강,임산부 건강·배려,임산부 건강관리·배려,건강임신지원팀,https://idea.seoul.go.kr/front/freeSuggest/view.do?sn=195004
PROP-195004,"임산부 배려석, 본래의 목적에 맞는 이용을 위한 제안",POLICY_UNVERIFIABLE,high,본문 없이 현행 정책이 저장 연결됨,정책 연결 제거·보류,임신·난임·생식건강,임산부 건강·배려,임산부 건강관리·배려,건강임신지원팀,https://idea.seoul.go.kr/front/freeSuggest/view.do?sn=195004
PROP-194958,용산가족공원 내 잔디 운동장 트랙부분 모래 깔아주세요,CORRECTED_EXCLUSION_STALE,high,출산·양육 직접 키워드 또는 조합 조건 미충족 (근거: data/processed/ver2_expanded/상상대로_신규수집_출산양육후보_보정제외로그_ver3.csv),최종 데이터에서 제외 또는 별도 범위 밖 보관,정보·상담·교육·거버넌스,정보 접근성,일반 출산정책 안건,저출생사업1팀,https://idea.seoul.go.kr/front/freeSuggest/view.do?sn=194958
PROP-194913,지역구 유아수영프로그램 시설문의,TAXONOMY_MISMATCH,medium,"내용 기반 후보=출산·산후 초기지원, 현재=정보·상담·교육·거버넌스",본문 확인 후 대·중·소분류 재분류,정보·상담·교육·거버넌스,정보 접근성,일반 출산정책 안건,저출생사업1팀,https://idea.seoul.go.kr/front/freeSuggest/view.do?sn=194913
PROP-194855,노인의 안전한 버스 승하차 아이디어 제안,CORRECTED_EXCLUSION_STALE,high,출산·양육 직접 키워드 또는 조합 조건 미충족 (근거: data/processed/ver2_expanded/상상대로_신규수집_출산양육후보_보정제외로그_ver3.csv),최종 데이터에서 제외 또는 별도 범위 밖 보관,정보·상담·교육·거버넌스,정보 접근성,일반 출산정책 안건,저출생사업1팀,https://idea.seoul.go.kr/front/freeSuggest/view.do?sn=194855
PROP-194855,노인의 안전한 버스 승하차 아이디어 제안,OUT_OF_SCOPE,high,"교통_노인: 버스, 승차, 하차, 교통카드",출산·양육 분석 및 공백 집계에서 제외,정보·상담·교육·거버넌스,정보 접근성,일반 출산정책 안건,저출생사업1팀,https://idea.seoul.go.kr/front/freeSuggest/view.do?sn=194855
PROP-194855,노인의 안전한 버스 승하차 아이디어 제안,TAXONOMY_MISMATCH,medium,"내용 기반 후보=주거·교통·도시생활환경, 현재=정보·상담·교육·거버넌스",본문 확인 후 대·중·소분류 재분류,정보·상담·교육·거버넌스,정보 접근성,일반 출산정책 안건,저출생사업1팀,https://idea.seoul.go.kr/front/freeSuggest/view.do?sn=194855
PROP-194855,노인의 안전한 버스 승하차 아이디어 제안,DEPARTMENT_OUT_OF_SCOPE,high,범위 밖 제안에 출산 관련 부서가 연결됨,소관 분야 재분류,정보·상담·교육·거버넌스,정보 접근성,일반 출산정책 안건,저출생사업1팀,https://idea.seoul.go.kr/front/freeSuggest/view.do?sn=194855
PROP-194851,혼인신고서의 &#39;성·본의 협의&#39;를 출생신고에서 하도록 변경하는 것을 건의드립니다.,CONTENT_MISSING,high,본문이 없거나 제목 반복형,원문 재수집 전 정책·부서 판정 보류,정보·상담·교육·거버넌스,정보 접근성,일반 출산정책 안건,저출생사업1팀,https://idea.seoul.go.kr/front/freeSuggest/view.do?sn=194851
PROP-194851,혼인신고서의 &#39;성·본의 협의&#39;를 출생신고에서 하도록 변경하는 것을 건의드립니다.,DEPARTMENT_UNVERIFIABLE,high,본문 없이 주관·협조부서가 지정됨,원문 복구 전 부서 판정 보류,정보·상담·교육·거버넌스,정보 접근성,일반 출산정책 안건,저출생사업1팀,https://idea.seoul.go.kr/front/freeSuggest/view.do?sn=194851
PROP-194797,임산부석 알림멘트나 알림음을 도입해 주십시요.,CONTENT_MISSING,high,본문이 없거나 제목 반복형,원문 재수집 전 정책·부서 판정 보류,임신·난임·생식건강,임산부 건강·배려,임산부 건강관리·배려,건강임신지원팀,https://idea.seoul.go.kr/front/freeSuggest/view.do?sn=194797
PROP-194797,임산부석 알림멘트나 알림음을 도입해 주십시요.,DEPARTMENT_UNVERIFIABLE,high,본문 없이 주관·협조부서가 지정됨,원문 복구 전 부서 판정 보류,임신·난임·생식건강,임산부 건강·배려,임산부 건강관리·배려,건강임신지원팀,https://idea.seoul.go.kr/front/freeSuggest/view.do?sn=194797
PROP-194797,임산부석 알림멘트나 알림음을 도입해 주십시요.,POLICY_UNVERIFIABLE,high,본문 없이 현행 정책이 저장 연결됨,정책 연결 제거·보류,임신·난임·생식건강,임산부 건강·배려,임산부 건강관리·배려,건강임신지원팀,https://idea.seoul.go.kr/front/freeSuggest/view.do?sn=194797
PROP-194771,서울시 신혼부부 이자지원 사업 한도 증액 허용 요청,CONTENT_MISSING,high,본문이 없거나 제목 반복형,원문 재수집 전 정책·부서 판정 보류,주거·교통·도시생활환경,출산가구 주거,신혼부부·출산가구 주거지원,저출생사업1팀,https://idea.seoul.go.kr/front/freeSuggest/view.do?sn=194771
PROP-194771,서울시 신혼부부 이자지원 사업 한도 증액 허용 요청,DEPARTMENT_UNVERIFIABLE,high,본문 없이 주관·협조부서가 지정됨,원문 복구 전 부서 판정 보류,주거·교통·도시생활환경,출산가구 주거,신혼부부·출산가구 주거지원,저출생사업1팀,https://idea.seoul.go.kr/front/freeSuggest/view.do?sn=194771
PROP-194771,서울시 신혼부부 이자지원 사업 한도 증액 허용 요청,POLICY_UNVERIFIABLE,high,본문 없이 현행 정책이 저장 연결됨,정책 연결 제거·보류,주거·교통·도시생활환경,출산가구 주거,신혼부부·출산가구 주거지원,저출생사업1팀,https://idea.seoul.go.kr/front/freeSuggest/view.do?sn=194771
PROP-194750,산후조리경비 지원 확대 및 소급적용 건의,TAXONOMY_MISMATCH,medium,"내용 기반 후보=임신·난임·생식건강, 현재=출산·산후 초기지원",본문 확인 후 대·중·소분류 재분류,출산·산후 초기지원,산후조리,산후조리·산모도우미,건강팀,https://idea.seoul.go.kr/front/freeSuggest/view.do?sn=194750
PROP-194713,다자녀가구 자동차 취득세 감면혜택 완화요청(5인승 이상으로),TAXONOMY_MISMATCH,medium,"내용 기반 후보=출산·산후 초기지원, 현재=다자녀·양육비·생활지원",본문 확인 후 대·중·소분류 재분류,다자녀·양육비·생활지원,다자녀 혜택,다자녀 기준·할인·감면,저출생사업1팀,https://idea.seoul.go.kr/front/freeSuggest/view.do?sn=194713
PROP-194691,키움센터 이용료 교육비공제 가능하게 개정해주세요,CONTENT_MISSING,high,본문이 없거나 제목 반복형,원문 재수집 전 정책·부서 판정 보류,보육·돌봄 인프라,초등돌봄,초등돌봄·방과후,돌봄사업팀,https://idea.seoul.go.kr/front/freeSuggest/view.do?sn=194691
PROP-194691,키움센터 이용료 교육비공제 가능하게 개정해주세요,DEPARTMENT_UNVERIFIABLE,high,본문 없이 주관·협조부서가 지정됨,원문 복구 전 부서 판정 보류,보육·돌봄 인프라,초등돌봄,초등돌봄·방과후,돌봄사업팀,https://idea.seoul.go.kr/front/freeSuggest/view.do?sn=194691
PROP-194674,영유아 부모에 대한 주차비용 지원(영유아 동반시),CONTENT_MISSING,high,본문이 없거나 제목 반복형,원문 재수집 전 정책·부서 판정 보류,정보·상담·교육·거버넌스,정보 접근성,일반 출산정책 안건,저출생사업1팀,https://idea.seoul.go.kr/front/freeSuggest/view.do?sn=194674
PROP-194674,영유아 부모에 대한 주차비용 지원(영유아 동반시),TAXONOMY_MISMATCH,medium,"내용 기반 후보=주거·교통·도시생활환경, 현재=정보·상담·교육·거버넌스",본문 확인 후 대·중·소분류 재분류,정보·상담·교육·거버넌스,정보 접근성,일반 출산정책 안건,저출생사업1팀,https://idea.seoul.go.kr/front/freeSuggest/view.do?sn=194674
PROP-194674,영유아 부모에 대한 주차비용 지원(영유아 동반시),DEPARTMENT_UNVERIFIABLE,high,본문 없이 주관·협조부서가 지정됨,원문 복구 전 부서 판정 보류,정보·상담·교육·거버넌스,정보 접근성,일반 출산정책 안건,저출생사업1팀,https://idea.seoul.go.kr/front/freeSuggest/view.do?sn=194674
PROP-194550,대중교통 임산부 배려석 &#34;임산부 인증후 자리에 착석 할 수 있게 부탁 드립니다. &#34;,CONTENT_MISSING,high,본문이 없거나 제목 반복형,원문 재수집 전 정책·부서 판정 보류,임신·난임·생식건강,임산부 건강·배려,임산부 건강관리·배려,건강임신지원팀,https://idea.seoul.go.kr/front/freeSuggest/view.do?sn=194550
PROP-194550,대중교통 임산부 배려석 &#34;임산부 인증후 자리에 착석 할 수 있게 부탁 드립니다. &#34;,TAXONOMY_MISMATCH,medium,"내용 기반 후보=주거·교통·도시생활환경, 현재=임신·난임·생식건강",본문 확인 후 대·중·소분류 재분류,임신·난임·생식건강,임산부 건강·배려,임산부 건강관리·배려,건강임신지원팀,https://idea.seoul.go.kr/front/freeSuggest/view.do?sn=194550
PROP-194550,대중교통 임산부 배려석 &#34;임산부 인증후 자리에 착석 할 수 있게 부탁 드립니다. &#34;,DEPARTMENT_UNVERIFIABLE,high,본문 없이 주관·협조부서가 지정됨,원문 복구 전 부서 판정 보류,임신·난임·생식건강,임산부 건강·배려,임산부 건강관리·배려,건강임신지원팀,https://idea.seoul.go.kr/front/freeSuggest/view.do?sn=194550
PROP-194550,대중교통 임산부 배려석 &#34;임산부 인증후 자리에 착석 할 수 있게 부탁 드립니다. &#34;,POLICY_UNVERIFIABLE,high,본문 없이 현행 정책이 저장 연결됨,정책 연결 제거·보류,임신·난임·생식건강,임산부 건강·배려,임산부 건강관리·배려,건강임신지원팀,https://idea.seoul.go.kr/front/freeSuggest/view.do?sn=194550
PROP-194544,서울시 신혼부부 임차보증금 이자지원사업 추가 이자지원금리 적용시점,CONTENT_MISSING,high,본문이 없거나 제목 반복형,원문 재수집 전 정책·부서 판정 보류,주거·교통·도시생활환경,출산가구 주거,신혼부부·출산가구 주거지원,저출생사업1팀,https://idea.seoul.go.kr/front/freeSuggest/view.do?sn=194544
PROP-194544,서울시 신혼부부 임차보증금 이자지원사업 추가 이자지원금리 적용시점,DEPARTMENT_UNVERIFIABLE,high,본문 없이 주관·협조부서가 지정됨,원문 복구 전 부서 판정 보류,주거·교통·도시생활환경,출산가구 주거,신혼부부·출산가구 주거지원,저출생사업1팀,https://idea.seoul.go.kr/front/freeSuggest/view.do?sn=194544
PROP-194544,서울시 신혼부부 임차보증금 이자지원사업 추가 이자지원금리 적용시점,POLICY_UNVERIFIABLE,high,본문 없이 현행 정책이 저장 연결됨,정책 연결 제거·보류,주거·교통·도시생활환경,출산가구 주거,신혼부부·출산가구 주거지원,저출생사업1팀,https://idea.seoul.go.kr/front/freeSuggest/view.do?sn=194544
PROP-194486,한부모 가정 혜택 요청,TAXONOMY_MISMATCH,medium,"내용 기반 후보=다자녀·양육비·생활지원, 현재=취약·다양가족 사각지대",본문 확인 후 대·중·소분류 재분류,취약·다양가족 사각지대,한부모·위기임산부,한부모·미혼부모·위기임산부,가족지원팀,https://idea.seoul.go.kr/front/freeSuggest/view.do?sn=194486
PROP-194486,한부모 가정 혜택 요청,POLICY_REVIEW,medium,"저장 정책과 안전 매칭 후보 불일치; 후보=청소년 한부모 양육비 지원 확대, 핵심어=2개",정책 목적·대상·수단 수동 확인,취약·다양가족 사각지대,한부모·위기임산부,한부모·미혼부모·위기임산부,가족지원팀,https://idea.seoul.go.kr/front/freeSuggest/view.do?sn=194486
PROP-194469,산후조리 경비 지원 대상자 확대 요청,TAXONOMY_MISMATCH,medium,"내용 기반 후보=주거·교통·도시생활환경, 현재=출산·산후 초기지원",본문 확인 후 대·중·소분류 재분류,출산·산후 초기지원,산후조리,산후조리·산모도우미,건강팀,https://idea.seoul.go.kr/front/freeSuggest/view.do?sn=194469
PROP-194469,산후조리 경비 지원 대상자 확대 요청,POLICY_REVIEW,medium,"저장 정책과 안전 매칭 후보 불일치; 후보=한부모가족 자녀 교통비/교육비 지원 확대, 핵심어=2개",정책 목적·대상·수단 수동 확인,출산·산후 초기지원,산후조리,산후조리·산모도우미,건강팀,https://idea.seoul.go.kr/front/freeSuggest/view.do?sn=194469
PROP-194428,신혼부부 임차보증금 이자지원사업 대출한도 변경에 따른 증액 검토 요청의 건,CONTENT_MISSING,high,본문이 없거나 제목 반복형,원문 재수집 전 정책·부서 판정 보류,주거·교통·도시생활환경,출산가구 주거,신혼부부·출산가구 주거지원,저출생사업1팀,https://idea.seoul.go.kr/front/freeSuggest/view.do?sn=194428
PROP-194428,신혼부부 임차보증금 이자지원사업 대출한도 변경에 따른 증액 검토 요청의 건,DEPARTMENT_UNVERIFIABLE,high,본문 없이 주관·협조부서가 지정됨,원문 복구 전 부서 판정 보류,주거·교통·도시생활환경,출산가구 주거,신혼부부·출산가구 주거지원,저출생사업1팀,https://idea.seoul.go.kr/front/freeSuggest/view.do?sn=194428
PROP-194428,신혼부부 임차보증금 이자지원사업 대출한도 변경에 따른 증액 검토 요청의 건,POLICY_UNVERIFIABLE,high,본문 없이 현행 정책이 저장 연결됨,정책 연결 제거·보류,주거·교통·도시생활환경,출산가구 주거,신혼부부·출산가구 주거지원,저출생사업1팀,https://idea.seoul.go.kr/front/freeSuggest/view.do?sn=194428
PROP-194407,스쿨존 교통사고 발생시 피해아동에게 실질적 피해보상안,CORRECTED_EXCLUSION_STALE,high,일반 아동/학교/시설/안전 제안: 스쿨존 중심이며 출산·양육 직접 맥락 부족 (근거: data/processed/ver2_expanded/상상대로_신규수집_출산양육후보_보정제외로그_ver3.csv),최종 데이터에서 제외 또는 별도 범위 밖 보관,정보·상담·교육·거버넌스,정보 접근성,일반 출산정책 안건,저출생사업1팀,https://idea.seoul.go.kr/front/freeSuggest/view.do?sn=194407
PROP-194407,스쿨존 교통사고 발생시 피해아동에게 실질적 피해보상안,TAXONOMY_MISMATCH,medium,"내용 기반 후보=주거·교통·도시생활환경, 현재=정보·상담·교육·거버넌스",본문 확인 후 대·중·소분류 재분류,정보·상담·교육·거버넌스,정보 접근성,일반 출산정책 안건,저출생사업1팀,https://idea.seoul.go.kr/front/freeSuggest/view.do?sn=194407
PROP-194379,"아이들이 안전하게 걸어 다닐 수 있는 서울을 만들어주세요.(음주운전, 길거리 흡연 관련)",CORRECTED_EXCLUSION_STALE,high,일반 아동/학교/시설/안전 제안: 학교 중심이며 출산·양육 직접 맥락 부족 (근거: data/processed/ver2_expanded/상상대로_신규수집_출산양육후보_보정제외로그_ver3.csv),최종 데이터에서 제외 또는 별도 범위 밖 보관,정보·상담·교육·거버넌스,정보 접근성,일반 출산정책 안건,저출생사업1팀,https://idea.seoul.go.kr/front/freeSuggest/view.do?sn=194379
PROP-194379,"아이들이 안전하게 걸어 다닐 수 있는 서울을 만들어주세요.(음주운전, 길거리 흡연 관련)",OUT_OF_SCOPE,high,흡연·공중보건 중심,출산·양육 분석 및 공백 집계에서 제외,정보·상담·교육·거버넌스,정보 접근성,일반 출산정책 안건,저출생사업1팀,https://idea.seoul.go.kr/front/freeSuggest/view.do?sn=194379
PROP-194379,"아이들이 안전하게 걸어 다닐 수 있는 서울을 만들어주세요.(음주운전, 길거리 흡연 관련)",DEPARTMENT_OUT_OF_SCOPE,high,범위 밖 제안에 출산 관련 부서가 연결됨,소관 분야 재분류,정보·상담·교육·거버넌스,정보 접근성,일반 출산정책 안건,저출생사업1팀,https://idea.seoul.go.kr/front/freeSuggest/view.do?sn=194379
PROP-194332,서울런 이용자에 다자녀 가정의 추가를 건의합니다.,TAXONOMY_MISMATCH,medium,"내용 기반 후보=출산·산후 초기지원, 현재=다자녀·양육비·생활지원",본문 확인 후 대·중·소분류 재분류,다자녀·양육비·생활지원,다자녀 혜택,다자녀 기준·할인·감면,저출생사업1팀,https://idea.seoul.go.kr/front/freeSuggest/view.do?sn=194332
PROP-194332,서울런 이용자에 다자녀 가정의 추가를 건의합니다.,POLICY_REVIEW,medium,"저장 정책과 안전 매칭 후보 불일치; 후보=한부모가족 꿈틀박스(출산 축하 성장 용품 지원) 지원, 핵심어=2개",정책 목적·대상·수단 수동 확인,다자녀·양육비·생활지원,다자녀 혜택,다자녀 기준·할인·감면,저출생사업1팀,https://idea.seoul.go.kr/front/freeSuggest/view.do?sn=194332
PROP-194254,시도 거주지 구분 없는 다둥이 부모 주차요금 할인 확대 추진 제안,CONTENT_MISSING,high,본문이 없거나 제목 반복형,원문 재수집 전 정책·부서 판정 보류,다자녀·양육비·생활지원,다자녀 혜택,다자녀 기준·할인·감면,저출생사업1팀,https://idea.seoul.go.kr/front/freeSuggest/view.do?sn=194254
PROP-194254,시도 거주지 구분 없는 다둥이 부모 주차요금 할인 확대 추진 제안,TAXONOMY_MISMATCH,medium,"내용 기반 후보=주거·교통·도시생활환경, 현재=다자녀·양육비·생활지원",본문 확인 후 대·중·소분류 재분류,다자녀·양육비·생활지원,다자녀 혜택,다자녀 기준·할인·감면,저출생사업1팀,https://idea.seoul.go.kr/front/freeSuggest/view.do?sn=194254
PROP-194254,시도 거주지 구분 없는 다둥이 부모 주차요금 할인 확대 추진 제안,DEPARTMENT_UNVERIFIABLE,high,본문 없이 주관·협조부서가 지정됨,원문 복구 전 부서 판정 보류,다자녀·양육비·생활지원,다자녀 혜택,다자녀 기준·할인·감면,저출생사업1팀,https://idea.seoul.go.kr/front/freeSuggest/view.do?sn=194254
PROP-194248,다자녀혜택 교육도(서울런) 확대부탁드립니다,TAXONOMY_MISMATCH,medium,"내용 기반 후보=출산·산후 초기지원, 현재=다자녀·양육비·생활지원",본문 확인 후 대·중·소분류 재분류,다자녀·양육비·생활지원,다자녀 혜택,다자녀 기준·할인·감면,저출생사업1팀,https://idea.seoul.go.kr/front/freeSuggest/view.do?sn=194248
PROP-194228,"★ 우리 소중한 아이들의 스쿨존은 지금, 충 / 분 / 히 안전한가요?",TAXONOMY_MISMATCH,medium,"내용 기반 후보=주거·교통·도시생활환경, 현재=정보·상담·교육·거버넌스",본문 확인 후 대·중·소분류 재분류,정보·상담·교육·거버넌스,정보 접근성,일반 출산정책 안건,저출생사업1팀,https://idea.seoul.go.kr/front/freeSuggest/view.do?sn=194228
PROP-194167,다자녀혜택 연령 상한 폐지 제안,TAXONOMY_MISMATCH,medium,"내용 기반 후보=주거·교통·도시생활환경, 현재=다자녀·양육비·생활지원",본문 확인 후 대·중·소분류 재분류,다자녀·양육비·생활지원,다자녀 혜택,다자녀 기준·할인·감면,저출생사업1팀,https://idea.seoul.go.kr/front/freeSuggest/view.do?sn=194167
PROP-194145,저출산 해결방안 제안,POLICY_REVIEW,medium,"저장 정책과 안전 매칭 후보 불일치; 후보=외국인 가사(육아)인력 시범사업, 핵심어=2개",정책 목적·대상·수단 수동 확인,출산·산후 초기지원,출산가구 초기지원,출산지원금·출생축하,건강팀,https://idea.seoul.go.kr/front/freeSuggest/view.do?sn=194145
PROP-194144,서울시민과 출산율 증가를 위한 여성 달리기 대회,TAXONOMY_MISMATCH,medium,"내용 기반 후보=주거·교통·도시생활환경, 현재=출산·산후 초기지원",본문 확인 후 대·중·소분류 재분류,출산·산후 초기지원,출산가구 초기지원,출산지원금·출생축하,가족건강팀,https://idea.seoul.go.kr/front/freeSuggest/view.do?sn=194144
PROP-194132,신생아 유축기(모유수유 기구) 대여기간을 확대해 주세요,TAXONOMY_MISMATCH,medium,"내용 기반 후보=주거·교통·도시생활환경, 현재=출산·산후 초기지원",본문 확인 후 대·중·소분류 재분류,출산·산후 초기지원,산모 회복·건강관리,산후우울·산후검진·수유상담,가족건강팀,https://idea.seoul.go.kr/front/freeSuggest/view.do?sn=194132
PROP-194058,다둥이 모바일카드(앱) 발급을 제안합니다,CONTENT_MISSING,high,본문이 없거나 제목 반복형,원문 재수집 전 정책·부서 판정 보류,다자녀·양육비·생활지원,다자녀 혜택,다자녀 기준·할인·감면,저출생사업1팀,https://idea.seoul.go.kr/front/freeSuggest/view.do?sn=194058
PROP-194058,다둥이 모바일카드(앱) 발급을 제안합니다,DEPARTMENT_UNVERIFIABLE,high,본문 없이 주관·협조부서가 지정됨,원문 복구 전 부서 판정 보류,다자녀·양육비·생활지원,다자녀 혜택,다자녀 기준·할인·감면,저출생사업1팀,https://idea.seoul.go.kr/front/freeSuggest/view.do?sn=194058
PROP-193884,서울시 각 구별로 공동 육아장을 만들면 어떨지요?,TAXONOMY_MISMATCH,medium,"내용 기반 후보=임신·난임·생식건강, 현재=정보·상담·교육·거버넌스",본문 확인 후 대·중·소분류 재분류,정보·상담·교육·거버넌스,정보 접근성,일반 출산정책 안건,저출생사업1팀,https://idea.seoul.go.kr/front/freeSuggest/view.do?sn=193884
PROP-193853,가정어린이집 관리방안 수립,TAXONOMY_MISMATCH,medium,"내용 기반 후보=출산·산후 초기지원, 현재=보육·돌봄 인프라",본문 확인 후 대·중·소분류 재분류,보육·돌봄 인프라,어린이집·유치원,보육시설·유아교육,돌봄사업팀,https://idea.seoul.go.kr/front/freeSuggest/view.do?sn=193853
PROP-193765,서울시 신혼부부 임차보증금 이자지원사업 금리 지원 확대 제안,CONTENT_MISSING,high,본문이 없거나 제목 반복형,원문 재수집 전 정책·부서 판정 보류,주거·교통·도시생활환경,출산가구 주거,신혼부부·출산가구 주거지원,저출생사업1팀,https://idea.seoul.go.kr/front/freeSuggest/view.do?sn=193765
PROP-193765,서울시 신혼부부 임차보증금 이자지원사업 금리 지원 확대 제안,DEPARTMENT_UNVERIFIABLE,high,본문 없이 주관·협조부서가 지정됨,원문 복구 전 부서 판정 보류,주거·교통·도시생활환경,출산가구 주거,신혼부부·출산가구 주거지원,저출생사업1팀,https://idea.seoul.go.kr/front/freeSuggest/view.do?sn=193765
PROP-193765,서울시 신혼부부 임차보증금 이자지원사업 금리 지원 확대 제안,POLICY_UNVERIFIABLE,high,본문 없이 현행 정책이 저장 연결됨,정책 연결 제거·보류,주거·교통·도시생활환경,출산가구 주거,신혼부부·출산가구 주거지원,저출생사업1팀,https://idea.seoul.go.kr/front/freeSuggest/view.do?sn=193765
PROP-193695,저출산 문제가 조금 걱정이 됩니다.,TAXONOMY_MISMATCH,medium,"내용 기반 후보=보육·돌봄 인프라, 현재=출산·산후 초기지원",본문 확인 후 대·중·소분류 재분류,출산·산후 초기지원,출산가구 초기지원,출산지원금·출생축하,건강팀,https://idea.seoul.go.kr/front/freeSuggest/view.do?sn=193695
PROP-193669,서울시에서 세계 최저 출산율 개선 제언,TAXONOMY_MISMATCH,medium,"내용 기반 후보=주거·교통·도시생활환경, 현재=출산·산후 초기지원",본문 확인 후 대·중·소분류 재분류,출산·산후 초기지원,출산가구 초기지원,출산지원금·출생축하,건강팀,https://idea.seoul.go.kr/front/freeSuggest/view.do?sn=193669
PROP-193638,어린이 보호구역 알림 전광판,CORRECTED_EXCLUSION_STALE,high,일반 아동/학교/시설/안전 제안: 보호구역 중심이며 출산·양육 직접 맥락 부족 (근거: data/processed/ver2_expanded/상상대로_신규수집_출산양육후보_보정제외로그_ver3.csv),최종 데이터에서 제외 또는 별도 범위 밖 보관,정보·상담·교육·거버넌스,정보 접근성,일반 출산정책 안건,저출생사업1팀,https://idea.seoul.go.kr/front/freeSuggest/view.do?sn=193638
PROP-193598,어린이집 조리사 처우개선비 기준 완화 건의,TAXONOMY_MISMATCH,medium,"내용 기반 후보=출산·산후 초기지원, 현재=보육·돌봄 인프라",본문 확인 후 대·중·소분류 재분류,보육·돌봄 인프라,어린이집·유치원,보육시설·유아교육,돌봄사업팀,https://idea.seoul.go.kr/front/freeSuggest/view.do?sn=193598
PROP-193454,인도에서 흡연 및 오토바이. 유모차 끌고다니기 무섭다,OUT_OF_SCOPE,high,흡연·공중보건 중심,출산·양육 분석 및 공백 집계에서 제외,주거·교통·도시생활환경,유모차 이동권,유모차·유아차 이동편의,저출생사업1팀,https://idea.seoul.go.kr/front/freeSuggest/view.do?sn=193454
PROP-193454,인도에서 흡연 및 오토바이. 유모차 끌고다니기 무섭다,DEPARTMENT_OUT_OF_SCOPE,high,범위 밖 제안에 출산 관련 부서가 연결됨,소관 분야 재분류,주거·교통·도시생활환경,유모차 이동권,유모차·유아차 이동편의,저출생사업1팀,https://idea.seoul.go.kr/front/freeSuggest/view.do?sn=193454
PROP-193443,대중교통 임산부석을 임산부가 앉을수있도록 배려해주세요!!,CONTENT_MISSING,high,본문이 없거나 제목 반복형,원문 재수집 전 정책·부서 판정 보류,임신·난임·생식건강,임산부 건강·배려,임산부 건강관리·배려,건강임신지원팀,https://idea.seoul.go.kr/front/freeSuggest/view.do?sn=193443
PROP-193443,대중교통 임산부석을 임산부가 앉을수있도록 배려해주세요!!,TAXONOMY_MISMATCH,medium,"내용 기반 후보=주거·교통·도시생활환경, 현재=임신·난임·생식건강",본문 확인 후 대·중·소분류 재분류,임신·난임·생식건강,임산부 건강·배려,임산부 건강관리·배려,건강임신지원팀,https://idea.seoul.go.kr/front/freeSuggest/view.do?sn=193443
PROP-193443,대중교통 임산부석을 임산부가 앉을수있도록 배려해주세요!!,DEPARTMENT_UNVERIFIABLE,high,본문 없이 주관·협조부서가 지정됨,원문 복구 전 부서 판정 보류,임신·난임·생식건강,임산부 건강·배려,임산부 건강관리·배려,건강임신지원팀,https://idea.seoul.go.kr/front/freeSuggest/view.do?sn=193443
PROP-193443,대중교통 임산부석을 임산부가 앉을수있도록 배려해주세요!!,POLICY_UNVERIFIABLE,high,본문 없이 현행 정책이 저장 연결됨,정책 연결 제거·보류,임신·난임·생식건강,임산부 건강·배려,임산부 건강관리·배려,건강임신지원팀,https://idea.seoul.go.kr/front/freeSuggest/view.do?sn=193443
PROP-193371,미세먼지 취약계층(임산부) 지원으로 안전한 환경조성,CONTENT_MISSING,high,본문이 없거나 제목 반복형,원문 재수집 전 정책·부서 판정 보류,임신·난임·생식건강,임산부 건강·배려,임산부 건강관리·배려,건강임신지원팀,https://idea.seoul.go.kr/front/freeSuggest/view.do?sn=193371
PROP-193371,미세먼지 취약계층(임산부) 지원으로 안전한 환경조성,DEPARTMENT_UNVERIFIABLE,high,본문 없이 주관·협조부서가 지정됨,원문 복구 전 부서 판정 보류,임신·난임·생식건강,임산부 건강·배려,임산부 건강관리·배려,건강임신지원팀,https://idea.seoul.go.kr/front/freeSuggest/view.do?sn=193371
PROP-193371,미세먼지 취약계층(임산부) 지원으로 안전한 환경조성,POLICY_UNVERIFIABLE,high,본문 없이 현행 정책이 저장 연결됨,정책 연결 제거·보류,임신·난임·생식건강,임산부 건강·배려,임산부 건강관리·배려,건강임신지원팀,https://idea.seoul.go.kr/front/freeSuggest/view.do?sn=193371
PROP-193296,임산부 대중교통 이용 배려안 (임산부 알림 기능 제안),CONTENT_MISSING,high,본문이 없거나 제목 반복형,원문 재수집 전 정책·부서 판정 보류,임신·난임·생식건강,임산부 건강·배려,임산부 건강관리·배려,건강임신지원팀,https://idea.seoul.go.kr/front/freeSuggest/view.do?sn=193296
PROP-193296,임산부 대중교통 이용 배려안 (임산부 알림 기능 제안),TAXONOMY_MISMATCH,medium,"내용 기반 후보=주거·교통·도시생활환경, 현재=임신·난임·생식건강",본문 확인 후 대·중·소분류 재분류,임신·난임·생식건강,임산부 건강·배려,임산부 건강관리·배려,건강임신지원팀,https://idea.seoul.go.kr/front/freeSuggest/view.do?sn=193296
PROP-193296,임산부 대중교통 이용 배려안 (임산부 알림 기능 제안),DEPARTMENT_UNVERIFIABLE,high,본문 없이 주관·협조부서가 지정됨,원문 복구 전 부서 판정 보류,임신·난임·생식건강,임산부 건강·배려,임산부 건강관리·배려,건강임신지원팀,https://idea.seoul.go.kr/front/freeSuggest/view.do?sn=193296
PROP-193296,임산부 대중교통 이용 배려안 (임산부 알림 기능 제안),POLICY_UNVERIFIABLE,high,본문 없이 현행 정책이 저장 연결됨,정책 연결 제거·보류,임신·난임·생식건강,임산부 건강·배려,임산부 건강관리·배려,건강임신지원팀,https://idea.seoul.go.kr/front/freeSuggest/view.do?sn=193296
PROP-193131,저출산 문제점 및 대응 방안,TAXONOMY_MISMATCH,medium,"내용 기반 후보=임신·난임·생식건강, 현재=출산·산후 초기지원",본문 확인 후 대·중·소분류 재분류,출산·산후 초기지원,출산가구 초기지원,출산지원금·출생축하,건강팀,https://idea.seoul.go.kr/front/freeSuggest/view.do?sn=193131
PROP-193109,임산부석 실효성 높여주세요!,CONTENT_MISSING,high,본문이 없거나 제목 반복형,원문 재수집 전 정책·부서 판정 보류,임신·난임·생식건강,임산부 건강·배려,임산부 건강관리·배려,건강임신지원팀,https://idea.seoul.go.kr/front/freeSuggest/view.do?sn=193109
PROP-193109,임산부석 실효성 높여주세요!,DEPARTMENT_UNVERIFIABLE,high,본문 없이 주관·협조부서가 지정됨,원문 복구 전 부서 판정 보류,임신·난임·생식건강,임산부 건강·배려,임산부 건강관리·배려,건강임신지원팀,https://idea.seoul.go.kr/front/freeSuggest/view.do?sn=193109
PROP-193109,임산부석 실효성 높여주세요!,POLICY_UNVERIFIABLE,high,본문 없이 현행 정책이 저장 연결됨,정책 연결 제거·보류,임신·난임·생식건강,임산부 건강·배려,임산부 건강관리·배려,건강임신지원팀,https://idea.seoul.go.kr/front/freeSuggest/view.do?sn=193109
PROP-193096,장애인 주차장 다둥이 이용 가능하게!!,CONTENT_MISSING,high,본문이 없거나 제목 반복형,원문 재수집 전 정책·부서 판정 보류,다자녀·양육비·생활지원,다자녀 혜택,다자녀 기준·할인·감면,저출생사업1팀,https://idea.seoul.go.kr/front/freeSuggest/view.do?sn=193096
PROP-193096,장애인 주차장 다둥이 이용 가능하게!!,TAXONOMY_MISMATCH,medium,"내용 기반 후보=주거·교통·도시생활환경, 현재=다자녀·양육비·생활지원",본문 확인 후 대·중·소분류 재분류,다자녀·양육비·생활지원,다자녀 혜택,다자녀 기준·할인·감면,저출생사업1팀,https://idea.seoul.go.kr/front/freeSuggest/view.do?sn=193096
PROP-193096,장애인 주차장 다둥이 이용 가능하게!!,DEPARTMENT_UNVERIFIABLE,high,본문 없이 주관·협조부서가 지정됨,원문 복구 전 부서 판정 보류,다자녀·양육비·생활지원,다자녀 혜택,다자녀 기준·할인·감면,저출생사업1팀,https://idea.seoul.go.kr/front/freeSuggest/view.do?sn=193096
PROP-193051,서울시 신혼부부 전세대출 한도 증액 제안,CONTENT_MISSING,high,본문이 없거나 제목 반복형,원문 재수집 전 정책·부서 판정 보류,주거·교통·도시생활환경,출산가구 주거,신혼부부·출산가구 주거지원,저출생사업1팀,https://idea.seoul.go.kr/front/freeSuggest/view.do?sn=193051
PROP-193051,서울시 신혼부부 전세대출 한도 증액 제안,DEPARTMENT_UNVERIFIABLE,high,본문 없이 주관·협조부서가 지정됨,원문 복구 전 부서 판정 보류,주거·교통·도시생활환경,출산가구 주거,신혼부부·출산가구 주거지원,저출생사업1팀,https://idea.seoul.go.kr/front/freeSuggest/view.do?sn=193051
PROP-193051,서울시 신혼부부 전세대출 한도 증액 제안,POLICY_UNVERIFIABLE,high,본문 없이 현행 정책이 저장 연결됨,정책 연결 제거·보류,주거·교통·도시생활환경,출산가구 주거,신혼부부·출산가구 주거지원,저출생사업1팀,https://idea.seoul.go.kr/front/freeSuggest/view.do?sn=193051
PROP-192998,난임부부 소득제한 없애주세요,POLICY_REVIEW,medium,"저장 정책과 안전 매칭 후보 불일치; 후보=서울 난자동결 시술 비용 지원, 핵심어=2개",정책 목적·대상·수단 수동 확인,임신·난임·생식건강,난임 지원,난임시술·주사·시술비,건강임신지원팀,https://idea.seoul.go.kr/front/freeSuggest/view.do?sn=192998
PROP-192981,임산부 배려석이 잘 활용됐으면 좋겠어요~,CONTENT_MISSING,high,본문이 없거나 제목 반복형,원문 재수집 전 정책·부서 판정 보류,임신·난임·생식건강,임산부 건강·배려,임산부 건강관리·배려,건강임신지원팀,https://idea.seoul.go.kr/front/freeSuggest/view.do?sn=192981
PROP-192981,임산부 배려석이 잘 활용됐으면 좋겠어요~,DEPARTMENT_UNVERIFIABLE,high,본문 없이 주관·협조부서가 지정됨,원문 복구 전 부서 판정 보류,임신·난임·생식건강,임산부 건강·배려,임산부 건강관리·배려,건강임신지원팀,https://idea.seoul.go.kr/front/freeSuggest/view.do?sn=192981
PROP-192981,임산부 배려석이 잘 활용됐으면 좋겠어요~,POLICY_UNVERIFIABLE,high,본문 없이 현행 정책이 저장 연결됨,정책 연결 제거·보류,임신·난임·생식건강,임산부 건강·배려,임산부 건강관리·배려,건강임신지원팀,https://idea.seoul.go.kr/front/freeSuggest/view.do?sn=192981
PROP-192867,서울시 외국인 임산부 교통비지원,TAXONOMY_MISMATCH,medium,"내용 기반 후보=주거·교통·도시생활환경, 현재=임신·난임·생식건강",본문 확인 후 대·중·소분류 재분류,임신·난임·생식건강,임산부 건강·배려,임산부 건강관리·배려,건강임신지원팀,https://idea.seoul.go.kr/front/freeSuggest/view.do?sn=192867
PROP-192867,서울시 외국인 임산부 교통비지원,POLICY_REVIEW,medium,"저장 정책과 안전 매칭 후보 불일치; 후보=임산부 교통비 지원, 핵심어=2개",정책 목적·대상·수단 수동 확인,임신·난임·생식건강,임산부 건강·배려,임산부 건강관리·배려,건강임신지원팀,https://idea.seoul.go.kr/front/freeSuggest/view.do?sn=192867
PROP-192824,서울시 임산부 교통비 지원 사업 외국인 임산부도 포함시켜주세요.,CONTENT_MISSING,high,본문이 없거나 제목 반복형,원문 재수집 전 정책·부서 판정 보류,임신·난임·생식건강,임산부 건강·배려,임산부 건강관리·배려,건강임신지원팀,https://idea.seoul.go.kr/front/freeSuggest/view.do?sn=192824
PROP-192824,서울시 임산부 교통비 지원 사업 외국인 임산부도 포함시켜주세요.,TAXONOMY_MISMATCH,medium,"내용 기반 후보=주거·교통·도시생활환경, 현재=임신·난임·생식건강",본문 확인 후 대·중·소분류 재분류,임신·난임·생식건강,임산부 건강·배려,임산부 건강관리·배려,건강임신지원팀,https://idea.seoul.go.kr/front/freeSuggest/view.do?sn=192824
PROP-192824,서울시 임산부 교통비 지원 사업 외국인 임산부도 포함시켜주세요.,DEPARTMENT_UNVERIFIABLE,high,본문 없이 주관·협조부서가 지정됨,원문 복구 전 부서 판정 보류,임신·난임·생식건강,임산부 건강·배려,임산부 건강관리·배려,건강임신지원팀,https://idea.seoul.go.kr/front/freeSuggest/view.do?sn=192824
PROP-192824,서울시 임산부 교통비 지원 사업 외국인 임산부도 포함시켜주세요.,POLICY_UNVERIFIABLE,high,본문 없이 현행 정책이 저장 연결됨,정책 연결 제거·보류,임신·난임·생식건강,임산부 건강·배려,임산부 건강관리·배려,건강임신지원팀,https://idea.seoul.go.kr/front/freeSuggest/view.do?sn=192824
PROP-192751,임산부 교통비 지원 관련 추가 제안,TAXONOMY_MISMATCH,medium,"내용 기반 후보=주거·교통·도시생활환경, 현재=임신·난임·생식건강",본문 확인 후 대·중·소분류 재분류,임신·난임·생식건강,임산부 건강·배려,임산부 건강관리·배려,건강임신지원팀,https://idea.seoul.go.kr/front/freeSuggest/view.do?sn=192751
PROP-192751,임산부 교통비 지원 관련 추가 제안,POLICY_REVIEW,medium,"저장 정책과 안전 매칭 후보 불일치; 후보=임산부 교통비 지원, 핵심어=2개",정책 목적·대상·수단 수동 확인,임신·난임·생식건강,임산부 건강·배려,임산부 건강관리·배려,건강임신지원팀,https://idea.seoul.go.kr/front/freeSuggest/view.do?sn=192751
PROP-192709,신혼부부 임차보증금지원사업 연장 시 소득기준 상향,CONTENT_MISSING,high,본문이 없거나 제목 반복형,원문 재수집 전 정책·부서 판정 보류,주거·교통·도시생활환경,출산가구 주거,신혼부부·출산가구 주거지원,저출생사업1팀,https://idea.seoul.go.kr/front/freeSuggest/view.do?sn=192709
PROP-192709,신혼부부 임차보증금지원사업 연장 시 소득기준 상향,DEPARTMENT_UNVERIFIABLE,high,본문 없이 주관·협조부서가 지정됨,원문 복구 전 부서 판정 보류,주거·교통·도시생활환경,출산가구 주거,신혼부부·출산가구 주거지원,저출생사업1팀,https://idea.seoul.go.kr/front/freeSuggest/view.do?sn=192709
PROP-192709,신혼부부 임차보증금지원사업 연장 시 소득기준 상향,POLICY_UNVERIFIABLE,high,본문 없이 현행 정책이 저장 연결됨,정책 연결 제거·보류,주거·교통·도시생활환경,출산가구 주거,신혼부부·출산가구 주거지원,저출생사업1팀,https://idea.seoul.go.kr/front/freeSuggest/view.do?sn=192709
PROP-192382,아이들이 노는곳에 안전시설이 부족하다.,CONTENT_MISSING,high,본문이 없거나 제목 반복형,원문 재수집 전 정책·부서 판정 보류,정보·상담·교육·거버넌스,정보 접근성,일반 출산정책 안건,저출생사업1팀,https://idea.seoul.go.kr/front/freeSuggest/view.do?sn=192382
PROP-192382,아이들이 노는곳에 안전시설이 부족하다.,CORRECTED_EXCLUSION_STALE,high,출산·양육 직접 키워드 또는 조합 조건 미충족 (근거: data/processed/ver2_expanded/상상대로_추가크롤링후보_보정제외로그_ver3.csv),최종 데이터에서 제외 또는 별도 범위 밖 보관,정보·상담·교육·거버넌스,정보 접근성,일반 출산정책 안건,저출생사업1팀,https://idea.seoul.go.kr/front/freeSuggest/view.do?sn=192382
PROP-192382,아이들이 노는곳에 안전시설이 부족하다.,DEPARTMENT_UNVERIFIABLE,high,본문 없이 주관·협조부서가 지정됨,원문 복구 전 부서 판정 보류,정보·상담·교육·거버넌스,정보 접근성,일반 출산정책 안건,저출생사업1팀,https://idea.seoul.go.kr/front/freeSuggest/view.do?sn=192382
PROP-192326,출산지원을 출산후 지원도 검토해주세요,TAXONOMY_MISMATCH,medium,"내용 기반 후보=주거·교통·도시생활환경, 현재=출산·산후 초기지원",본문 확인 후 대·중·소분류 재분류,출산·산후 초기지원,산후조리,산후조리·산모도우미,건강팀,https://idea.seoul.go.kr/front/freeSuggest/view.do?sn=192326
PROP-192268,종로서대문 거점형 키움센터 3호 공간 효율이 떨어집니다. 7세를 위한 프로그램 필요합니다.,CONTENT_MISSING,high,본문이 없거나 제목 반복형,원문 재수집 전 정책·부서 판정 보류,보육·돌봄 인프라,초등돌봄,초등돌봄·방과후,돌봄사업팀,https://idea.seoul.go.kr/front/freeSuggest/view.do?sn=192268
PROP-192268,종로서대문 거점형 키움센터 3호 공간 효율이 떨어집니다. 7세를 위한 프로그램 필요합니다.,DEPARTMENT_UNVERIFIABLE,high,본문 없이 주관·협조부서가 지정됨,원문 복구 전 부서 판정 보류,보육·돌봄 인프라,초등돌봄,초등돌봄·방과후,돌봄사업팀,https://idea.seoul.go.kr/front/freeSuggest/view.do?sn=192268
PROP-192172,장애아동을 위한 전용 미용(헤어컷)시설 설치를 제안합니다.,CORRECTED_EXCLUSION_STALE,high,출산·양육 직접 키워드 또는 조합 조건 미충족 (근거: data/processed/ver2_expanded/상상대로_추가크롤링후보_보정제외로그_ver3.csv),최종 데이터에서 제외 또는 별도 범위 밖 보관,정보·상담·교육·거버넌스,정보 접근성,일반 출산정책 안건,저출생사업1팀,https://idea.seoul.go.kr/front/freeSuggest/view.do?sn=192172
PROP-192150,신혼부부 특별공급 자격요건 수정요청드립니다,CONTENT_MISSING,high,본문이 없거나 제목 반복형,원문 재수집 전 정책·부서 판정 보류,주거·교통·도시생활환경,출산가구 주거,신혼부부·출산가구 주거지원,저출생사업1팀,https://idea.seoul.go.kr/front/freeSuggest/view.do?sn=192150
PROP-192150,신혼부부 특별공급 자격요건 수정요청드립니다,DEPARTMENT_UNVERIFIABLE,high,본문 없이 주관·협조부서가 지정됨,원문 복구 전 부서 판정 보류,주거·교통·도시생활환경,출산가구 주거,신혼부부·출산가구 주거지원,저출생사업1팀,https://idea.seoul.go.kr/front/freeSuggest/view.do?sn=192150
PROP-192150,신혼부부 특별공급 자격요건 수정요청드립니다,POLICY_UNVERIFIABLE,high,본문 없이 현행 정책이 저장 연결됨,정책 연결 제거·보류,주거·교통·도시생활환경,출산가구 주거,신혼부부·출산가구 주거지원,저출생사업1팀,https://idea.seoul.go.kr/front/freeSuggest/view.do?sn=192150
PROP-191992,서울시 신혼부부 전세자금대출 이자지원,CONTENT_MISSING,high,본문이 없거나 제목 반복형,원문 재수집 전 정책·부서 판정 보류,주거·교통·도시생활환경,출산가구 주거,신혼부부·출산가구 주거지원,저출생사업1팀,https://idea.seoul.go.kr/front/freeSuggest/view.do?sn=191992
PROP-191992,서울시 신혼부부 전세자금대출 이자지원,DEPARTMENT_UNVERIFIABLE,high,본문 없이 주관·협조부서가 지정됨,원문 복구 전 부서 판정 보류,주거·교통·도시생활환경,출산가구 주거,신혼부부·출산가구 주거지원,저출생사업1팀,https://idea.seoul.go.kr/front/freeSuggest/view.do?sn=191992
PROP-191992,서울시 신혼부부 전세자금대출 이자지원,POLICY_UNVERIFIABLE,high,본문 없이 현행 정책이 저장 연결됨,정책 연결 제거·보류,주거·교통·도시생활환경,출산가구 주거,신혼부부·출산가구 주거지원,저출생사업1팀,https://idea.seoul.go.kr/front/freeSuggest/view.do?sn=191992
PROP-191846,육아 예술가들의 고독감을 해결하기 위한 육아하는 예술가들의 수다방 ( 手茶房: 창작하고 이야기하고 고민을 나누는 육아 예술가들의 쉼터),TAXONOMY_MISMATCH,medium,"내용 기반 후보=보육·돌봄 인프라, 현재=정보·상담·교육·거버넌스",본문 확인 후 대·중·소분류 재분류,정보·상담·교육·거버넌스,정보 접근성,일반 출산정책 안건,저출생사업1팀,https://idea.seoul.go.kr/front/freeSuggest/view.do?sn=191846
PROP-191817,재택근무 가능 직종 임산부 재택근무 의무화,CONTENT_MISSING,high,본문이 없거나 제목 반복형,원문 재수집 전 정책·부서 판정 보류,임신·난임·생식건강,임산부 건강·배려,임산부 건강관리·배려,건강임신지원팀,https://idea.seoul.go.kr/front/freeSuggest/view.do?sn=191817
PROP-191817,재택근무 가능 직종 임산부 재택근무 의무화,DEPARTMENT_UNVERIFIABLE,high,본문 없이 주관·협조부서가 지정됨,원문 복구 전 부서 판정 보류,임신·난임·생식건강,임산부 건강·배려,임산부 건강관리·배려,건강임신지원팀,https://idea.seoul.go.kr/front/freeSuggest/view.do?sn=191817
PROP-191817,재택근무 가능 직종 임산부 재택근무 의무화,POLICY_UNVERIFIABLE,high,본문 없이 현행 정책이 저장 연결됨,정책 연결 제거·보류,임신·난임·생식건강,임산부 건강·배려,임산부 건강관리·배려,건강임신지원팀,https://idea.seoul.go.kr/front/freeSuggest/view.do?sn=191817
PROP-191811,아동을 위한 녹지 및 놀이시설 부족 문제와 해결방안,CORRECTED_EXCLUSION_STALE,high,일반 아동/학교/시설/안전 제안: 학교 중심이며 출산·양육 직접 맥락 부족 (근거: data/processed/ver2_expanded/상상대로_신규수집_출산양육후보_보정제외로그_ver3.csv),최종 데이터에서 제외 또는 별도 범위 밖 보관,정보·상담·교육·거버넌스,정보 접근성,일반 출산정책 안건,저출생사업1팀,https://idea.seoul.go.kr/front/freeSuggest/view.do?sn=191811
PROP-191811,아동을 위한 녹지 및 놀이시설 부족 문제와 해결방안,TAXONOMY_MISMATCH,medium,"내용 기반 후보=보육·돌봄 인프라, 현재=정보·상담·교육·거버넌스",본문 확인 후 대·중·소분류 재분류,정보·상담·교육·거버넌스,정보 접근성,일반 출산정책 안건,저출생사업1팀,https://idea.seoul.go.kr/front/freeSuggest/view.do?sn=191811
PROP-191792,공공시설 형태의 유아 대상 놀이공간 확대를 건의합니다.,CONTENT_MISSING,high,본문이 없거나 제목 반복형,원문 재수집 전 정책·부서 판정 보류,정보·상담·교육·거버넌스,정보 접근성,일반 출산정책 안건,저출생사업1팀,https://idea.seoul.go.kr/front/freeSuggest/view.do?sn=191792
PROP-191792,공공시설 형태의 유아 대상 놀이공간 확대를 건의합니다.,CORRECTED_EXCLUSION_STALE,high,출산·양육 직접 키워드 또는 조합 조건 미충족 (근거: data/processed/ver2_expanded/상상대로_추가크롤링후보_보정제외로그_ver3.csv),최종 데이터에서 제외 또는 별도 범위 밖 보관,정보·상담·교육·거버넌스,정보 접근성,일반 출산정책 안건,저출생사업1팀,https://idea.seoul.go.kr/front/freeSuggest/view.do?sn=191792
PROP-191792,공공시설 형태의 유아 대상 놀이공간 확대를 건의합니다.,TAXONOMY_MISMATCH,medium,"내용 기반 후보=보육·돌봄 인프라, 현재=정보·상담·교육·거버넌스",본문 확인 후 대·중·소분류 재분류,정보·상담·교육·거버넌스,정보 접근성,일반 출산정책 안건,저출생사업1팀,https://idea.seoul.go.kr/front/freeSuggest/view.do?sn=191792
PROP-191792,공공시설 형태의 유아 대상 놀이공간 확대를 건의합니다.,DEPARTMENT_UNVERIFIABLE,high,본문 없이 주관·협조부서가 지정됨,원문 복구 전 부서 판정 보류,정보·상담·교육·거버넌스,정보 접근성,일반 출산정책 안건,저출생사업1팀,https://idea.seoul.go.kr/front/freeSuggest/view.do?sn=191792
PROP-191780,어린이보호구역에서 전동킥보드 속도 제한 의무화,CORRECTED_EXCLUSION_STALE,high,"일반 아동/학교/시설/안전 제안: 학교, 보호구역, 스쿨존 중심이며 출산·양육 직접 맥락 부족 (근거: data/processed/ver2_expanded/상상대로_신규수집_출산양육후보_보정제외로그_ver3.csv)",최종 데이터에서 제외 또는 별도 범위 밖 보관,정보·상담·교육·거버넌스,정보 접근성,일반 출산정책 안건,저출생사업1팀,https://idea.seoul.go.kr/front/freeSuggest/view.do?sn=191780
PROP-191780,어린이보호구역에서 전동킥보드 속도 제한 의무화,TAXONOMY_MISMATCH,medium,"내용 기반 후보=주거·교통·도시생활환경, 현재=정보·상담·교육·거버넌스",본문 확인 후 대·중·소분류 재분류,정보·상담·교육·거버넌스,정보 접근성,일반 출산정책 안건,저출생사업1팀,https://idea.seoul.go.kr/front/freeSuggest/view.do?sn=191780
PROP-191733,서울시 신혼부부 임차보증금 지원을 공공주택에도 확대 부탁드립니다.,CONTENT_MISSING,high,본문이 없거나 제목 반복형,원문 재수집 전 정책·부서 판정 보류,주거·교통·도시생활환경,출산가구 주거,신혼부부·출산가구 주거지원,저출생사업1팀,https://idea.seoul.go.kr/front/freeSuggest/view.do?sn=191733
PROP-191733,서울시 신혼부부 임차보증금 지원을 공공주택에도 확대 부탁드립니다.,DEPARTMENT_UNVERIFIABLE,high,본문 없이 주관·협조부서가 지정됨,원문 복구 전 부서 판정 보류,주거·교통·도시생활환경,출산가구 주거,신혼부부·출산가구 주거지원,저출생사업1팀,https://idea.seoul.go.kr/front/freeSuggest/view.do?sn=191733
PROP-191733,서울시 신혼부부 임차보증금 지원을 공공주택에도 확대 부탁드립니다.,POLICY_UNVERIFIABLE,high,본문 없이 현행 정책이 저장 연결됨,정책 연결 제거·보류,주거·교통·도시생활환경,출산가구 주거,신혼부부·출산가구 주거지원,저출생사업1팀,https://idea.seoul.go.kr/front/freeSuggest/view.do?sn=191733
PROP-191711,서울시시립 어린이병원 주차장(내곡동),TAXONOMY_MISMATCH,medium,"내용 기반 후보=주거·교통·도시생활환경, 현재=보육·돌봄 인프라",본문 확인 후 대·중·소분류 재분류,보육·돌봄 인프라,아동 건강·의료 접근성,소아응급·야간진료·영유아검진,돌봄사업팀,https://idea.seoul.go.kr/front/freeSuggest/view.do?sn=191711
PROP-191703,실질적이고 획기적인 임산부배려석 이용방안,CONTENT_MISSING,high,본문이 없거나 제목 반복형,원문 재수집 전 정책·부서 판정 보류,임신·난임·생식건강,임산부 건강·배려,임산부 건강관리·배려,건강임신지원팀,https://idea.seoul.go.kr/front/freeSuggest/view.do?sn=191703
PROP-191703,실질적이고 획기적인 임산부배려석 이용방안,DEPARTMENT_UNVERIFIABLE,high,본문 없이 주관·협조부서가 지정됨,원문 복구 전 부서 판정 보류,임신·난임·생식건강,임산부 건강·배려,임산부 건강관리·배려,건강임신지원팀,https://idea.seoul.go.kr/front/freeSuggest/view.do?sn=191703
PROP-191703,실질적이고 획기적인 임산부배려석 이용방안,POLICY_UNVERIFIABLE,high,본문 없이 현행 정책이 저장 연결됨,정책 연결 제거·보류,임신·난임·생식건강,임산부 건강·배려,임산부 건강관리·배려,건강임신지원팀,https://idea.seoul.go.kr/front/freeSuggest/view.do?sn=191703
PROP-191671,임산부배려석 간단한 해결방안입니다.,TAXONOMY_MISMATCH,medium,"내용 기반 후보=주거·교통·도시생활환경, 현재=임신·난임·생식건강",본문 확인 후 대·중·소분류 재분류,임신·난임·생식건강,임산부 건강·배려,임산부 건강관리·배려,건강임신지원팀,https://idea.seoul.go.kr/front/freeSuggest/view.do?sn=191671
PROP-191631,한부모 가정에게 상담 치료 바우처 지원을 제안합니다.,CONTENT_MISSING,high,본문이 없거나 제목 반복형,원문 재수집 전 정책·부서 판정 보류,취약·다양가족 사각지대,한부모·위기임산부,한부모·미혼부모·위기임산부,가족지원팀,https://idea.seoul.go.kr/front/freeSuggest/view.do?sn=191631
PROP-191631,한부모 가정에게 상담 치료 바우처 지원을 제안합니다.,DEPARTMENT_UNVERIFIABLE,high,본문 없이 주관·협조부서가 지정됨,원문 복구 전 부서 판정 보류,취약·다양가족 사각지대,한부모·위기임산부,한부모·미혼부모·위기임산부,가족지원팀,https://idea.seoul.go.kr/front/freeSuggest/view.do?sn=191631
PROP-191631,한부모 가정에게 상담 치료 바우처 지원을 제안합니다.,POLICY_UNVERIFIABLE,high,본문 없이 현행 정책이 저장 연결됨,정책 연결 제거·보류,취약·다양가족 사각지대,한부모·위기임산부,한부모·미혼부모·위기임산부,가족지원팀,https://idea.seoul.go.kr/front/freeSuggest/view.do?sn=191631
PROP-191567,"교통약자(장애인, 임산부, 노인 등)가 공공 기관 및 시설물 등의 고층 엘리베이터를 기다리는 동안 잠시라도 착석 가능한 밴치 설치",CONTENT_MISSING,high,본문이 없거나 제목 반복형,원문 재수집 전 정책·부서 판정 보류,임신·난임·생식건강,임산부 건강·배려,임산부 건강관리·배려,건강임신지원팀,https://idea.seoul.go.kr/front/freeSuggest/view.do?sn=191567
PROP-191567,"교통약자(장애인, 임산부, 노인 등)가 공공 기관 및 시설물 등의 고층 엘리베이터를 기다리는 동안 잠시라도 착석 가능한 밴치 설치",TAXONOMY_MISMATCH,medium,"내용 기반 후보=주거·교통·도시생활환경, 현재=임신·난임·생식건강",본문 확인 후 대·중·소분류 재분류,임신·난임·생식건강,임산부 건강·배려,임산부 건강관리·배려,건강임신지원팀,https://idea.seoul.go.kr/front/freeSuggest/view.do?sn=191567
PROP-191567,"교통약자(장애인, 임산부, 노인 등)가 공공 기관 및 시설물 등의 고층 엘리베이터를 기다리는 동안 잠시라도 착석 가능한 밴치 설치",DEPARTMENT_UNVERIFIABLE,high,본문 없이 주관·협조부서가 지정됨,원문 복구 전 부서 판정 보류,임신·난임·생식건강,임산부 건강·배려,임산부 건강관리·배려,건강임신지원팀,https://idea.seoul.go.kr/front/freeSuggest/view.do?sn=191567
PROP-191567,"교통약자(장애인, 임산부, 노인 등)가 공공 기관 및 시설물 등의 고층 엘리베이터를 기다리는 동안 잠시라도 착석 가능한 밴치 설치",POLICY_UNVERIFIABLE,high,본문 없이 현행 정책이 저장 연결됨,정책 연결 제거·보류,임신·난임·생식건강,임산부 건강·배려,임산부 건강관리·배려,건강임신지원팀,https://idea.seoul.go.kr/front/freeSuggest/view.do?sn=191567
PROP-191535,임산부 배려석 옆에 아동 배려석 추가 조성 제안,CONTENT_MISSING,high,본문이 없거나 제목 반복형,원문 재수집 전 정책·부서 판정 보류,임신·난임·생식건강,임산부 건강·배려,임산부 건강관리·배려,건강임신지원팀,https://idea.seoul.go.kr/front/freeSuggest/view.do?sn=191535
PROP-191535,임산부 배려석 옆에 아동 배려석 추가 조성 제안,DEPARTMENT_UNVERIFIABLE,high,본문 없이 주관·협조부서가 지정됨,원문 복구 전 부서 판정 보류,임신·난임·생식건강,임산부 건강·배려,임산부 건강관리·배려,건강임신지원팀,https://idea.seoul.go.kr/front/freeSuggest/view.do?sn=191535
PROP-191535,임산부 배려석 옆에 아동 배려석 추가 조성 제안,POLICY_UNVERIFIABLE,high,본문 없이 현행 정책이 저장 연결됨,정책 연결 제거·보류,임신·난임·생식건강,임산부 건강·배려,임산부 건강관리·배려,건강임신지원팀,https://idea.seoul.go.kr/front/freeSuggest/view.do?sn=191535
PROP-191534,방향성을 수정한 임산부 배려석 인식개선 캠페인 제안,CONTENT_MISSING,high,본문이 없거나 제목 반복형,원문 재수집 전 정책·부서 판정 보류,임신·난임·생식건강,임산부 건강·배려,임산부 건강관리·배려,건강임신지원팀,https://idea.seoul.go.kr/front/freeSuggest/view.do?sn=191534
PROP-191534,방향성을 수정한 임산부 배려석 인식개선 캠페인 제안,DEPARTMENT_UNVERIFIABLE,high,본문 없이 주관·협조부서가 지정됨,원문 복구 전 부서 판정 보류,임신·난임·생식건강,임산부 건강·배려,임산부 건강관리·배려,건강임신지원팀,https://idea.seoul.go.kr/front/freeSuggest/view.do?sn=191534
PROP-191534,방향성을 수정한 임산부 배려석 인식개선 캠페인 제안,POLICY_UNVERIFIABLE,high,본문 없이 현행 정책이 저장 연결됨,정책 연결 제거·보류,임신·난임·생식건강,임산부 건강·배려,임산부 건강관리·배려,건강임신지원팀,https://idea.seoul.go.kr/front/freeSuggest/view.do?sn=191534
PROP-191498,어린이 보호구역 주정차 금지,CORRECTED_EXCLUSION_STALE,high,일반 아동/학교/시설/안전 제안: 보호구역 중심이며 출산·양육 직접 맥락 부족 (근거: data/processed/ver2_expanded/상상대로_신규수집_출산양육후보_보정제외로그_ver3.csv),최종 데이터에서 제외 또는 별도 범위 밖 보관,정보·상담·교육·거버넌스,정보 접근성,일반 출산정책 안건,저출생사업1팀,https://idea.seoul.go.kr/front/freeSuggest/view.do?sn=191498
PROP-191492,임산부 뱃지 악용 - 정책 보완 건의사항,CONTENT_MISSING,high,본문이 없거나 제목 반복형,원문 재수집 전 정책·부서 판정 보류,임신·난임·생식건강,임산부 건강·배려,임산부 건강관리·배려,건강임신지원팀,https://idea.seoul.go.kr/front/freeSuggest/view.do?sn=191492
PROP-191492,임산부 뱃지 악용 - 정책 보완 건의사항,DEPARTMENT_UNVERIFIABLE,high,본문 없이 주관·협조부서가 지정됨,원문 복구 전 부서 판정 보류,임신·난임·생식건강,임산부 건강·배려,임산부 건강관리·배려,건강임신지원팀,https://idea.seoul.go.kr/front/freeSuggest/view.do?sn=191492
PROP-191492,임산부 뱃지 악용 - 정책 보완 건의사항,POLICY_UNVERIFIABLE,high,본문 없이 현행 정책이 저장 연결됨,정책 연결 제거·보류,임신·난임·생식건강,임산부 건강·배려,임산부 건강관리·배려,건강임신지원팀,https://idea.seoul.go.kr/front/freeSuggest/view.do?sn=191492
PROP-191451,어린이 교통 안전법안_교통안전교육 의무화,CORRECTED_EXCLUSION_STALE,high,출산·양육 직접 키워드 또는 조합 조건 미충족 (근거: data/processed/ver2_expanded/상상대로_추가크롤링후보_보정제외로그_ver3.csv),최종 데이터에서 제외 또는 별도 범위 밖 보관,정보·상담·교육·거버넌스,정보 접근성,일반 출산정책 안건,저출생사업1팀,https://idea.seoul.go.kr/front/freeSuggest/view.do?sn=191451
PROP-191451,어린이 교통 안전법안_교통안전교육 의무화,TAXONOMY_MISMATCH,medium,"내용 기반 후보=주거·교통·도시생활환경, 현재=정보·상담·교육·거버넌스",본문 확인 후 대·중·소분류 재분류,정보·상담·교육·거버넌스,정보 접근성,일반 출산정책 안건,저출생사업1팀,https://idea.seoul.go.kr/front/freeSuggest/view.do?sn=191451
PROP-191449,서울시장부터 영유아까지 물 사용량 약속하고 절약하기,CONTENT_MISSING,high,본문이 없거나 제목 반복형,원문 재수집 전 정책·부서 판정 보류,정보·상담·교육·거버넌스,정보 접근성,일반 출산정책 안건,저출생사업1팀,https://idea.seoul.go.kr/front/freeSuggest/view.do?sn=191449
PROP-191449,서울시장부터 영유아까지 물 사용량 약속하고 절약하기,DEPARTMENT_UNVERIFIABLE,high,본문 없이 주관·협조부서가 지정됨,원문 복구 전 부서 판정 보류,정보·상담·교육·거버넌스,정보 접근성,일반 출산정책 안건,저출생사업1팀,https://idea.seoul.go.kr/front/freeSuggest/view.do?sn=191449
PROP-191363,"어린이집,학교, 노인시설등의 차량과속 사고예방 해결방법",TAXONOMY_MISMATCH,medium,"내용 기반 후보=주거·교통·도시생활환경, 현재=보육·돌봄 인프라",본문 확인 후 대·중·소분류 재분류,보육·돌봄 인프라,어린이집·유치원,보육시설·유아교육,돌봄사업팀,https://idea.seoul.go.kr/front/freeSuggest/view.do?sn=191363
PROP-191294,서울특별시 생태친화보육에 지역 꽃집이 참여할 수 있게 해주세요!,POLICY_REVIEW,medium,"저장 정책과 안전 매칭 후보 불일치; 후보=성폭력, 아동학대, 인신매매등범죄의 피해 아동과 범죄 피해자인 장애인을 위한 진술조력인 지원, 핵심어=2개",정책 목적·대상·수단 수동 확인,보육·돌봄 인프라,어린이집·유치원,보육시설·유아교육,돌봄사업팀,https://idea.seoul.go.kr/front/freeSuggest/view.do?sn=191294
PROP-191244,공공교통의 임산부석 폐지해주세요~,TAXONOMY_MISMATCH,medium,"내용 기반 후보=주거·교통·도시생활환경, 현재=임신·난임·생식건강",본문 확인 후 대·중·소분류 재분류,임신·난임·생식건강,임산부 건강·배려,임산부 건강관리·배려,건강임신지원팀,https://idea.seoul.go.kr/front/freeSuggest/view.do?sn=191244
PROP-191195,"저출산, 육아 정책 제안",POLICY_REVIEW,medium,"저장 정책과 안전 매칭 후보 불일치; 후보=아기와 엄마를 위한 무료 공익보험, 핵심어=2개",정책 목적·대상·수단 수동 확인,출산·산후 초기지원,출산가구 초기지원,출산지원금·출생축하,건강팀,https://idea.seoul.go.kr/front/freeSuggest/view.do?sn=191195
PROP-191088,독립문 공원 건너편 &#34;독립운동가 가족을 생각하는 작은집&#34; 조적벽돌 교체해야 합니다.,CORRECTED_EXCLUSION_STALE,high,출산·양육 직접 키워드 또는 조합 조건 미충족 (근거: data/processed/ver2_expanded/상상대로_신규수집_출산양육후보_보정제외로그_ver3.csv),최종 데이터에서 제외 또는 별도 범위 밖 보관,정보·상담·교육·거버넌스,정보 접근성,일반 출산정책 안건,저출생사업1팀,https://idea.seoul.go.kr/front/freeSuggest/view.do?sn=191088
PROP-191053,어린이집 증원을 요청드립니다,TAXONOMY_MISMATCH,medium,"내용 기반 후보=출산·산후 초기지원, 현재=보육·돌봄 인프라",본문 확인 후 대·중·소분류 재분류,보육·돌봄 인프라,어린이집·유치원,보육시설·유아교육,돌봄사업팀,https://idea.seoul.go.kr/front/freeSuggest/view.do?sn=191053
PROP-190802,"서울시 청년 비제조/비영리 스타트업 지원 아이디어(장기 공간 대여, 전월세 주거 지원, 상품 유통 홍보)",CORRECTED_EXCLUSION_STALE,high,출산·양육 직접 키워드 또는 조합 조건 미충족 (근거: data/processed/ver2_expanded/상상대로_신규수집_출산양육후보_보정제외로그_ver3.csv),최종 데이터에서 제외 또는 별도 범위 밖 보관,주거·교통·도시생활환경,출산가구 주거,신혼부부·출산가구 주거지원,저출생사업1팀,https://idea.seoul.go.kr/front/freeSuggest/view.do?sn=190802
PROP-190802,"서울시 청년 비제조/비영리 스타트업 지원 아이디어(장기 공간 대여, 전월세 주거 지원, 상품 유통 홍보)",POLICY_REVIEW,medium,"저장 정책과 안전 매칭 후보 불일치; 후보=아기와 엄마를 위한 무료 공익보험, 핵심어=2개",정책 목적·대상·수단 수동 확인,주거·교통·도시생활환경,출산가구 주거,신혼부부·출산가구 주거지원,저출생사업1팀,https://idea.seoul.go.kr/front/freeSuggest/view.do?sn=190802
PROP-190761,아이들 안전한 등하교길을 만들어주세요,CORRECTED_EXCLUSION_STALE,high,"일반 아동/학교/시설/안전 제안: 학교, 통학로 중심이며 출산·양육 직접 맥락 부족 (근거: data/processed/ver2_expanded/상상대로_신규수집_출산양육후보_보정제외로그_ver3.csv)",최종 데이터에서 제외 또는 별도 범위 밖 보관,정보·상담·교육·거버넌스,정보 접근성,일반 출산정책 안건,저출생사업1팀,https://idea.seoul.go.kr/front/freeSuggest/view.do?sn=190761
PROP-190761,아이들 안전한 등하교길을 만들어주세요,TAXONOMY_MISMATCH,medium,"내용 기반 후보=주거·교통·도시생활환경, 현재=정보·상담·교육·거버넌스",본문 확인 후 대·중·소분류 재분류,정보·상담·교육·거버넌스,정보 접근성,일반 출산정책 안건,저출생사업1팀,https://idea.seoul.go.kr/front/freeSuggest/view.do?sn=190761
PROP-190673,"새문안로, 새문안로 2길, 3길 교통신호 변경 및 도로 확장을 해 주세요. 아이들의 등원길이 위협받고 있습니다.",TAXONOMY_MISMATCH,medium,"내용 기반 후보=주거·교통·도시생활환경, 현재=보육·돌봄 인프라",본문 확인 후 대·중·소분류 재분류,보육·돌봄 인프라,초등돌봄,초등돌봄·방과후,돌봄사업팀,https://idea.seoul.go.kr/front/freeSuggest/view.do?sn=190673
PROP-190650,다둥이맘에게 혼잡통행료 감면 또는 면제해 주세요,CONTENT_MISSING,high,본문이 없거나 제목 반복형,원문 재수집 전 정책·부서 판정 보류,다자녀·양육비·생활지원,다자녀 혜택,다자녀 기준·할인·감면,저출생사업1팀,https://idea.seoul.go.kr/front/freeSuggest/view.do?sn=190650
PROP-190650,다둥이맘에게 혼잡통행료 감면 또는 면제해 주세요,DEPARTMENT_UNVERIFIABLE,high,본문 없이 주관·협조부서가 지정됨,원문 복구 전 부서 판정 보류,다자녀·양육비·생활지원,다자녀 혜택,다자녀 기준·할인·감면,저출생사업1팀,https://idea.seoul.go.kr/front/freeSuggest/view.do?sn=190650
PROP-190647,어린이 보호구역 교차로 방지턱,TAXONOMY_MISMATCH,medium,"내용 기반 후보=주거·교통·도시생활환경, 현재=정보·상담·교육·거버넌스",본문 확인 후 대·중·소분류 재분류,정보·상담·교육·거버넌스,정보 접근성,일반 출산정책 안건,저출생사업1팀,https://idea.seoul.go.kr/front/freeSuggest/view.do?sn=190647
PROP-190545,아이돌봄서비스 개선을 제안합니다,TAXONOMY_MISMATCH,medium,"내용 기반 후보=출산·산후 초기지원, 현재=보육·돌봄 인프라",본문 확인 후 대·중·소분류 재분류,보육·돌봄 인프라,가족돌봄,아이돌봄·조부모돌봄,돌봄사업팀,https://idea.seoul.go.kr/front/freeSuggest/view.do?sn=190545
PROP-190365,지하절 임산부 배려석 _ 인형 배치 제안,CONTENT_MISSING,high,본문이 없거나 제목 반복형,원문 재수집 전 정책·부서 판정 보류,임신·난임·생식건강,임산부 건강·배려,임산부 건강관리·배려,건강임신지원팀,https://idea.seoul.go.kr/front/freeSuggest/view.do?sn=190365
PROP-190365,지하절 임산부 배려석 _ 인형 배치 제안,DEPARTMENT_UNVERIFIABLE,high,본문 없이 주관·협조부서가 지정됨,원문 복구 전 부서 판정 보류,임신·난임·생식건강,임산부 건강·배려,임산부 건강관리·배려,건강임신지원팀,https://idea.seoul.go.kr/front/freeSuggest/view.do?sn=190365
PROP-190365,지하절 임산부 배려석 _ 인형 배치 제안,POLICY_UNVERIFIABLE,high,본문 없이 현행 정책이 저장 연결됨,정책 연결 제거·보류,임신·난임·생식건강,임산부 건강·배려,임산부 건강관리·배려,건강임신지원팀,https://idea.seoul.go.kr/front/freeSuggest/view.do?sn=190365
PROP-190338,사무실 밀집 지역에 아이들을 위한 공간을 마련하면 좋을 것 같습니다.,TAXONOMY_MISMATCH,medium,"내용 기반 후보=보육·돌봄 인프라, 현재=정보·상담·교육·거버넌스",본문 확인 후 대·중·소분류 재분류,정보·상담·교육·거버넌스,정보 접근성,일반 출산정책 안건,저출생사업1팀,https://idea.seoul.go.kr/front/freeSuggest/view.do?sn=190338
PROP-190302,"""삐빅, 임산부입니다"" 버스 이용 시 안내멘트 건의",CONTENT_MISSING,high,본문이 없거나 제목 반복형,원문 재수집 전 정책·부서 판정 보류,임신·난임·생식건강,임산부 건강·배려,임산부 건강관리·배려,건강임신지원팀,https://idea.seoul.go.kr/front/freeSuggest/view.do?sn=190302
PROP-190302,"""삐빅, 임산부입니다"" 버스 이용 시 안내멘트 건의",DEPARTMENT_UNVERIFIABLE,high,본문 없이 주관·협조부서가 지정됨,원문 복구 전 부서 판정 보류,임신·난임·생식건강,임산부 건강·배려,임산부 건강관리·배려,건강임신지원팀,https://idea.seoul.go.kr/front/freeSuggest/view.do?sn=190302
PROP-190302,"""삐빅, 임산부입니다"" 버스 이용 시 안내멘트 건의",POLICY_UNVERIFIABLE,high,본문 없이 현행 정책이 저장 연결됨,정책 연결 제거·보류,임신·난임·생식건강,임산부 건강·배려,임산부 건강관리·배려,건강임신지원팀,https://idea.seoul.go.kr/front/freeSuggest/view.do?sn=190302
PROP-190300,신혼부부 코로나 예방접종도 빠른일정에 넣어주세요,CONTENT_MISSING,high,본문이 없거나 제목 반복형,원문 재수집 전 정책·부서 판정 보류,보육·돌봄 인프라,아동 건강·의료 접근성,소아응급·야간진료·영유아검진,돌봄사업팀,https://idea.seoul.go.kr/front/freeSuggest/view.do?sn=190300
PROP-190300,신혼부부 코로나 예방접종도 빠른일정에 넣어주세요,DEPARTMENT_UNVERIFIABLE,high,본문 없이 주관·협조부서가 지정됨,원문 복구 전 부서 판정 보류,보육·돌봄 인프라,아동 건강·의료 접근성,소아응급·야간진료·영유아검진,돌봄사업팀,https://idea.seoul.go.kr/front/freeSuggest/view.do?sn=190300
PROP-190300,신혼부부 코로나 예방접종도 빠른일정에 넣어주세요,POLICY_UNVERIFIABLE,high,본문 없이 현행 정책이 저장 연결됨,정책 연결 제거·보류,보육·돌봄 인프라,아동 건강·의료 접근성,소아응급·야간진료·영유아검진,돌봄사업팀,https://idea.seoul.go.kr/front/freeSuggest/view.do?sn=190300
PROP-190198,영유아 화상사고에 관련한 대책 문의,TAXONOMY_MISMATCH,medium,"내용 기반 후보=보육·돌봄 인프라, 현재=정보·상담·교육·거버넌스",본문 확인 후 대·중·소분류 재분류,정보·상담·교육·거버넌스,정보 접근성,일반 출산정책 안건,저출생사업1팀,https://idea.seoul.go.kr/front/freeSuggest/view.do?sn=190198
PROP-189861,다자녀혜택에 대해 서울시와 경기도를 구분하지 맙시다,TAXONOMY_MISMATCH,medium,"내용 기반 후보=주거·교통·도시생활환경, 현재=다자녀·양육비·생활지원",본문 확인 후 대·중·소분류 재분류,다자녀·양육비·생활지원,다자녀 혜택,다자녀 기준·할인·감면,저출생사업1팀,https://idea.seoul.go.kr/front/freeSuggest/view.do?sn=189861
PROP-189694,여성 배려석 원복 및 임산부 무료 택시 이용,CONTENT_MISSING,high,본문이 없거나 제목 반복형,원문 재수집 전 정책·부서 판정 보류,임신·난임·생식건강,임산부 건강·배려,임산부 건강관리·배려,건강임신지원팀,https://idea.seoul.go.kr/front/freeSuggest/view.do?sn=189694
PROP-189694,여성 배려석 원복 및 임산부 무료 택시 이용,DEPARTMENT_UNVERIFIABLE,high,본문 없이 주관·협조부서가 지정됨,원문 복구 전 부서 판정 보류,임신·난임·생식건강,임산부 건강·배려,임산부 건강관리·배려,건강임신지원팀,https://idea.seoul.go.kr/front/freeSuggest/view.do?sn=189694
PROP-189694,여성 배려석 원복 및 임산부 무료 택시 이용,POLICY_UNVERIFIABLE,high,본문 없이 현행 정책이 저장 연결됨,정책 연결 제거·보류,임신·난임·생식건강,임산부 건강·배려,임산부 건강관리·배려,건강임신지원팀,https://idea.seoul.go.kr/front/freeSuggest/view.do?sn=189694
PROP-189693,여성 배려석 원복 및 임산부 무료 택시 이용,CONTENT_MISSING,high,본문이 없거나 제목 반복형,원문 재수집 전 정책·부서 판정 보류,임신·난임·생식건강,임산부 건강·배려,임산부 건강관리·배려,건강임신지원팀,https://idea.seoul.go.kr/front/freeSuggest/view.do?sn=189693
PROP-189693,여성 배려석 원복 및 임산부 무료 택시 이용,DEPARTMENT_UNVERIFIABLE,high,본문 없이 주관·협조부서가 지정됨,원문 복구 전 부서 판정 보류,임신·난임·생식건강,임산부 건강·배려,임산부 건강관리·배려,건강임신지원팀,https://idea.seoul.go.kr/front/freeSuggest/view.do?sn=189693
PROP-189693,여성 배려석 원복 및 임산부 무료 택시 이용,POLICY_UNVERIFIABLE,high,본문 없이 현행 정책이 저장 연결됨,정책 연결 제거·보류,임신·난임·생식건강,임산부 건강·배려,임산부 건강관리·배려,건강임신지원팀,https://idea.seoul.go.kr/front/freeSuggest/view.do?sn=189693
PROP-189621,임산부 대상 공영주차장 우선이용 혜택/할인이 생겼으면 좋겠어요,CONTENT_MISSING,high,본문이 없거나 제목 반복형,원문 재수집 전 정책·부서 판정 보류,임신·난임·생식건강,임산부 건강·배려,임산부 건강관리·배려,건강임신지원팀,https://idea.seoul.go.kr/front/freeSuggest/view.do?sn=189621
PROP-189621,임산부 대상 공영주차장 우선이용 혜택/할인이 생겼으면 좋겠어요,TAXONOMY_MISMATCH,medium,"내용 기반 후보=주거·교통·도시생활환경, 현재=임신·난임·생식건강",본문 확인 후 대·중·소분류 재분류,임신·난임·생식건강,임산부 건강·배려,임산부 건강관리·배려,건강임신지원팀,https://idea.seoul.go.kr/front/freeSuggest/view.do?sn=189621
PROP-189621,임산부 대상 공영주차장 우선이용 혜택/할인이 생겼으면 좋겠어요,DEPARTMENT_UNVERIFIABLE,high,본문 없이 주관·협조부서가 지정됨,원문 복구 전 부서 판정 보류,임신·난임·생식건강,임산부 건강·배려,임산부 건강관리·배려,건강임신지원팀,https://idea.seoul.go.kr/front/freeSuggest/view.do?sn=189621
PROP-189621,임산부 대상 공영주차장 우선이용 혜택/할인이 생겼으면 좋겠어요,POLICY_UNVERIFIABLE,high,본문 없이 현행 정책이 저장 연결됨,정책 연결 제거·보류,임신·난임·생식건강,임산부 건강·배려,임산부 건강관리·배려,건강임신지원팀,https://idea.seoul.go.kr/front/freeSuggest/view.do?sn=189621
PROP-189364,지하철 임산부 좌석 관련 문의 및 제안,CONTENT_MISSING,high,본문이 없거나 제목 반복형,원문 재수집 전 정책·부서 판정 보류,임신·난임·생식건강,임산부 건강·배려,임산부 건강관리·배려,건강임신지원팀,https://idea.seoul.go.kr/front/freeSuggest/view.do?sn=189364
PROP-189364,지하철 임산부 좌석 관련 문의 및 제안,DEPARTMENT_UNVERIFIABLE,high,본문 없이 주관·협조부서가 지정됨,원문 복구 전 부서 판정 보류,임신·난임·생식건강,임산부 건강·배려,임산부 건강관리·배려,건강임신지원팀,https://idea.seoul.go.kr/front/freeSuggest/view.do?sn=189364
PROP-189364,지하철 임산부 좌석 관련 문의 및 제안,POLICY_UNVERIFIABLE,high,본문 없이 현행 정책이 저장 연결됨,정책 연결 제거·보류,임신·난임·생식건강,임산부 건강·배려,임산부 건강관리·배려,건강임신지원팀,https://idea.seoul.go.kr/front/freeSuggest/view.do?sn=189364
PROP-189190,서울시 신혼부부 임차보증금 지원 정책 개선 요청,CONTENT_MISSING,high,본문이 없거나 제목 반복형,원문 재수집 전 정책·부서 판정 보류,주거·교통·도시생활환경,출산가구 주거,신혼부부·출산가구 주거지원,저출생사업1팀,https://idea.seoul.go.kr/front/freeSuggest/view.do?sn=189190
PROP-189190,서울시 신혼부부 임차보증금 지원 정책 개선 요청,DEPARTMENT_UNVERIFIABLE,high,본문 없이 주관·협조부서가 지정됨,원문 복구 전 부서 판정 보류,주거·교통·도시생활환경,출산가구 주거,신혼부부·출산가구 주거지원,저출생사업1팀,https://idea.seoul.go.kr/front/freeSuggest/view.do?sn=189190
PROP-189190,서울시 신혼부부 임차보증금 지원 정책 개선 요청,POLICY_UNVERIFIABLE,high,본문 없이 현행 정책이 저장 연결됨,정책 연결 제거·보류,주거·교통·도시생활환경,출산가구 주거,신혼부부·출산가구 주거지원,저출생사업1팀,https://idea.seoul.go.kr/front/freeSuggest/view.do?sn=189190
PROP-188854,"육아휴직 가능한 자녀연령을 만 15세까지로 연장하고, 비공무원과 공무원 모두 육아휴직 3년과 육아기 2시간단축근무 당장 시행해주세요!!",TAXONOMY_MISMATCH,medium,"내용 기반 후보=출산·산후 초기지원, 현재=일·가정 양립·부모 노동",본문 확인 후 대·중·소분류 재분류,일·가정 양립·부모 노동,유연근무·재택근무,부모 노동시간·돌봄 병행,장애인가족지원팀,https://idea.seoul.go.kr/front/freeSuggest/view.do?sn=188854
PROP-188850,어린이보호구역에 깃발을 설치해주세요,CORRECTED_EXCLUSION_STALE,high,"일반 아동/학교/시설/안전 제안: 학교, 보호구역 중심이며 출산·양육 직접 맥락 부족 (근거: data/processed/ver2_expanded/상상대로_신규수집_출산양육후보_보정제외로그_ver3.csv)",최종 데이터에서 제외 또는 별도 범위 밖 보관,정보·상담·교육·거버넌스,정보 접근성,일반 출산정책 안건,저출생사업1팀,https://idea.seoul.go.kr/front/freeSuggest/view.do?sn=188850
PROP-188850,어린이보호구역에 깃발을 설치해주세요,TAXONOMY_MISMATCH,medium,"내용 기반 후보=주거·교통·도시생활환경, 현재=정보·상담·교육·거버넌스",본문 확인 후 대·중·소분류 재분류,정보·상담·교육·거버넌스,정보 접근성,일반 출산정책 안건,저출생사업1팀,https://idea.seoul.go.kr/front/freeSuggest/view.do?sn=188850
PROP-188744,[생활 속 안전사고 거리두기] 스마트 세이프 커뮤니케이션(안전소통) 서비스 아이디어 제안,CORRECTED_EXCLUSION_STALE,high,일반 아동/학교/시설/안전 제안: 청소년 중심이며 출산·양육 직접 맥락 부족 (근거: data/processed/ver2_expanded/상상대로_신규수집_출산양육후보_보정제외로그_ver3.csv),최종 데이터에서 제외 또는 별도 범위 밖 보관,정보·상담·교육·거버넌스,정보 접근성,일반 출산정책 안건,저출생사업1팀,https://idea.seoul.go.kr/front/freeSuggest/view.do?sn=188744
PROP-188744,[생활 속 안전사고 거리두기] 스마트 세이프 커뮤니케이션(안전소통) 서비스 아이디어 제안,TAXONOMY_MISMATCH,medium,"내용 기반 후보=주거·교통·도시생활환경, 현재=정보·상담·교육·거버넌스",본문 확인 후 대·중·소분류 재분류,정보·상담·교육·거버넌스,정보 접근성,일반 출산정책 안건,저출생사업1팀,https://idea.seoul.go.kr/front/freeSuggest/view.do?sn=188744
PROP-188675,소·중소기업 육아 및 임산부 근로환경 컨설팅 시행,POLICY_REVIEW,medium,"저장 정책과 안전 매칭 후보 불일치; 후보=이주여성 건강관리 지원 (구)다문화가족 출산 전후 돌봄서비스, 핵심어=2개",정책 목적·대상·수단 수동 확인,임신·난임·생식건강,임산부 건강·배려,임산부 건강관리·배려,건강임신지원팀,https://idea.seoul.go.kr/front/freeSuggest/view.do?sn=188675
PROP-188674,지하철 이용중 임산부의 임산부 좌석 접근 및 승차 시 신호발송 장치기구의 설치를 제안합니다,CONTENT_MISSING,high,본문이 없거나 제목 반복형,원문 재수집 전 정책·부서 판정 보류,임신·난임·생식건강,임산부 건강·배려,임산부 건강관리·배려,건강임신지원팀,https://idea.seoul.go.kr/front/freeSuggest/view.do?sn=188674
PROP-188674,지하철 이용중 임산부의 임산부 좌석 접근 및 승차 시 신호발송 장치기구의 설치를 제안합니다,DEPARTMENT_UNVERIFIABLE,high,본문 없이 주관·협조부서가 지정됨,원문 복구 전 부서 판정 보류,임신·난임·생식건강,임산부 건강·배려,임산부 건강관리·배려,건강임신지원팀,https://idea.seoul.go.kr/front/freeSuggest/view.do?sn=188674
PROP-188674,지하철 이용중 임산부의 임산부 좌석 접근 및 승차 시 신호발송 장치기구의 설치를 제안합니다,POLICY_UNVERIFIABLE,high,본문 없이 현행 정책이 저장 연결됨,정책 연결 제거·보류,임신·난임·생식건강,임산부 건강·배려,임산부 건강관리·배려,건강임신지원팀,https://idea.seoul.go.kr/front/freeSuggest/view.do?sn=188674
PROP-188671,교통시설 임산부 알림,TAXONOMY_MISMATCH,medium,"내용 기반 후보=주거·교통·도시생활환경, 현재=임신·난임·생식건강",본문 확인 후 대·중·소분류 재분류,임신·난임·생식건강,임산부 건강·배려,임산부 건강관리·배려,건강임신지원팀,https://idea.seoul.go.kr/front/freeSuggest/view.do?sn=188671
PROP-188658,북서울 꿈의숲 유아숲체험장,TAXONOMY_MISMATCH,medium,"내용 기반 후보=보육·돌봄 인프라, 현재=정보·상담·교육·거버넌스",본문 확인 후 대·중·소분류 재분류,정보·상담·교육·거버넌스,정보 접근성,일반 출산정책 안건,저출생사업1팀,https://idea.seoul.go.kr/front/freeSuggest/view.do?sn=188658
PROP-188607,임산부검사 다시 복구시켜주세요!,TAXONOMY_MISMATCH,medium,"내용 기반 후보=출산·산후 초기지원, 현재=임신·난임·생식건강",본문 확인 후 대·중·소분류 재분류,임신·난임·생식건강,임산부 건강·배려,임산부 건강관리·배려,건강임신지원팀,https://idea.seoul.go.kr/front/freeSuggest/view.do?sn=188607
PROP-188412,임산부배려석에 대한 작은 생각,TAXONOMY_MISMATCH,medium,"내용 기반 후보=주거·교통·도시생활환경, 현재=임신·난임·생식건강",본문 확인 후 대·중·소분류 재분류,임신·난임·생식건강,임산부 건강·배려,임산부 건강관리·배려,건강임신지원팀,https://idea.seoul.go.kr/front/freeSuggest/view.do?sn=188412
PROP-188272,각 주민센터마다 아이스팩을 재활용할 수 있는 시스템을 만들어주세요,CORRECTED_EXCLUSION_STALE,high,출산·양육 직접 키워드 또는 조합 조건 미충족 (근거: data/processed/ver2_expanded/상상대로_신규수집_출산양육후보_보정제외로그_ver3.csv),최종 데이터에서 제외 또는 별도 범위 밖 보관,정보·상담·교육·거버넌스,정보 접근성,일반 출산정책 안건,저출생사업1팀,https://idea.seoul.go.kr/front/freeSuggest/view.do?sn=188272
PROP-187940,임산부 전용 교통카드 정책,TAXONOMY_MISMATCH,medium,"내용 기반 후보=주거·교통·도시생활환경, 현재=임신·난임·생식건강",본문 확인 후 대·중·소분류 재분류,임신·난임·생식건강,임산부 건강·배려,임산부 건강관리·배려,건강임신지원팀,https://idea.seoul.go.kr/front/freeSuggest/view.do?sn=187940
PROP-187873,[임산부 복지 제안] 임신 중기 이후에는 (ex. 20주 등) 택시 이용시 50% 할인(시에서 50%부담) 제도 건의합니다,TAXONOMY_MISMATCH,medium,"내용 기반 후보=주거·교통·도시생활환경, 현재=임신·난임·생식건강",본문 확인 후 대·중·소분류 재분류,임신·난임·생식건강,임산부 건강·배려,임산부 건강관리·배려,건강임신지원팀,https://idea.seoul.go.kr/front/freeSuggest/view.do?sn=187873
PROP-187873,[임산부 복지 제안] 임신 중기 이후에는 (ex. 20주 등) 택시 이용시 50% 할인(시에서 50%부담) 제도 건의합니다,POLICY_REVIEW,medium,"저장 정책과 안전 매칭 후보 불일치; 후보=맘편한 KTX?SRT 임산부 할인, 핵심어=2개",정책 목적·대상·수단 수동 확인,임신·난임·생식건강,임산부 건강·배려,임산부 건강관리·배려,건강임신지원팀,https://idea.seoul.go.kr/front/freeSuggest/view.do?sn=187873
PROP-187673,실질적인 임산부 배려석 운영을 위한 제안,CONTENT_MISSING,high,본문이 없거나 제목 반복형,원문 재수집 전 정책·부서 판정 보류,임신·난임·생식건강,임산부 건강·배려,임산부 건강관리·배려,건강임신지원팀,https://idea.seoul.go.kr/front/freeSuggest/view.do?sn=187673
PROP-187673,실질적인 임산부 배려석 운영을 위한 제안,DEPARTMENT_UNVERIFIABLE,high,본문 없이 주관·협조부서가 지정됨,원문 복구 전 부서 판정 보류,임신·난임·생식건강,임산부 건강·배려,임산부 건강관리·배려,건강임신지원팀,https://idea.seoul.go.kr/front/freeSuggest/view.do?sn=187673
PROP-187673,실질적인 임산부 배려석 운영을 위한 제안,POLICY_UNVERIFIABLE,high,본문 없이 현행 정책이 저장 연결됨,정책 연결 제거·보류,임신·난임·생식건강,임산부 건강·배려,임산부 건강관리·배려,건강임신지원팀,https://idea.seoul.go.kr/front/freeSuggest/view.do?sn=187673
PROP-187657,어린이보호구역,CORRECTED_EXCLUSION_STALE,high,일반 아동/학교/시설/안전 제안: 보호구역 중심이며 출산·양육 직접 맥락 부족 (근거: data/processed/ver2_expanded/상상대로_신규수집_출산양육후보_보정제외로그_ver3.csv),최종 데이터에서 제외 또는 별도 범위 밖 보관,정보·상담·교육·거버넌스,정보 접근성,일반 출산정책 안건,저출생사업1팀,https://idea.seoul.go.kr/front/freeSuggest/view.do?sn=187657
PROP-187657,어린이보호구역,TAXONOMY_MISMATCH,medium,"내용 기반 후보=주거·교통·도시생활환경, 현재=정보·상담·교육·거버넌스",본문 확인 후 대·중·소분류 재분류,정보·상담·교육·거버넌스,정보 접근성,일반 출산정책 안건,저출생사업1팀,https://idea.seoul.go.kr/front/freeSuggest/view.do?sn=187657
PROP-187651,임산부 출퇴근 택시비 감면 복지(바우쳐카드 허용 등),CONTENT_MISSING,high,본문이 없거나 제목 반복형,원문 재수집 전 정책·부서 판정 보류,임신·난임·생식건강,임산부 건강·배려,임산부 건강관리·배려,건강임신지원팀,https://idea.seoul.go.kr/front/freeSuggest/view.do?sn=187651
PROP-187651,임산부 출퇴근 택시비 감면 복지(바우쳐카드 허용 등),DEPARTMENT_UNVERIFIABLE,high,본문 없이 주관·협조부서가 지정됨,원문 복구 전 부서 판정 보류,임신·난임·생식건강,임산부 건강·배려,임산부 건강관리·배려,건강임신지원팀,https://idea.seoul.go.kr/front/freeSuggest/view.do?sn=187651
PROP-187651,임산부 출퇴근 택시비 감면 복지(바우쳐카드 허용 등),POLICY_UNVERIFIABLE,high,본문 없이 현행 정책이 저장 연결됨,정책 연결 제거·보류,임신·난임·생식건강,임산부 건강·배려,임산부 건강관리·배려,건강임신지원팀,https://idea.seoul.go.kr/front/freeSuggest/view.do?sn=187651
PROP-187645,대중교통 버스 임산부석 대책 요망,TAXONOMY_MISMATCH,medium,"내용 기반 후보=주거·교통·도시생활환경, 현재=임신·난임·생식건강",본문 확인 후 대·중·소분류 재분류,임신·난임·생식건강,임산부 건강·배려,임산부 건강관리·배려,건강임신지원팀,https://idea.seoul.go.kr/front/freeSuggest/view.do?sn=187645
PROP-187434,지하철 임산부 배려석에 IoT 기술 접목한다면?,CONTENT_MISSING,high,본문이 없거나 제목 반복형,원문 재수집 전 정책·부서 판정 보류,임신·난임·생식건강,임산부 건강·배려,임산부 건강관리·배려,건강임신지원팀,https://idea.seoul.go.kr/front/freeSuggest/view.do?sn=187434
PROP-187434,지하철 임산부 배려석에 IoT 기술 접목한다면?,DEPARTMENT_UNVERIFIABLE,high,본문 없이 주관·협조부서가 지정됨,원문 복구 전 부서 판정 보류,임신·난임·생식건강,임산부 건강·배려,임산부 건강관리·배려,건강임신지원팀,https://idea.seoul.go.kr/front/freeSuggest/view.do?sn=187434
PROP-187434,지하철 임산부 배려석에 IoT 기술 접목한다면?,POLICY_UNVERIFIABLE,high,본문 없이 현행 정책이 저장 연결됨,정책 연결 제거·보류,임신·난임·생식건강,임산부 건강·배려,임산부 건강관리·배려,건강임신지원팀,https://idea.seoul.go.kr/front/freeSuggest/view.do?sn=187434
PROP-187426,어린이보호구역횡단보도전면차단기설치및인도난간재정비필요,TAXONOMY_MISMATCH,medium,"내용 기반 후보=주거·교통·도시생활환경, 현재=정보·상담·교육·거버넌스",본문 확인 후 대·중·소분류 재분류,정보·상담·교육·거버넌스,정보 접근성,일반 출산정책 안건,저출생사업1팀,https://idea.seoul.go.kr/front/freeSuggest/view.do?sn=187426
PROP-187404,어린이 보호구역 내 어린이 보행규정강화와 부모벌점제.,TAXONOMY_MISMATCH,medium,"내용 기반 후보=보육·돌봄 인프라, 현재=정보·상담·교육·거버넌스",본문 확인 후 대·중·소분류 재분류,정보·상담·교육·거버넌스,정보 접근성,일반 출산정책 안건,저출생사업1팀,https://idea.seoul.go.kr/front/freeSuggest/view.do?sn=187404
PROP-187366,동네 나눔 육아 50+어벤져스,TAXONOMY_MISMATCH,medium,"내용 기반 후보=보육·돌봄 인프라, 현재=정보·상담·교육·거버넌스",본문 확인 후 대·중·소분류 재분류,정보·상담·교육·거버넌스,정보 접근성,일반 출산정책 안건,저출생사업1팀,https://idea.seoul.go.kr/front/freeSuggest/view.do?sn=187366
PROP-187097,어린이보호구역 간판 설치,CORRECTED_EXCLUSION_STALE,high,"일반 아동/학교/시설/안전 제안: 학교, 보호구역 중심이며 출산·양육 직접 맥락 부족 (근거: data/processed/ver2_expanded/상상대로_신규수집_출산양육후보_보정제외로그_ver3.csv)",최종 데이터에서 제외 또는 별도 범위 밖 보관,정보·상담·교육·거버넌스,정보 접근성,일반 출산정책 안건,저출생사업1팀,https://idea.seoul.go.kr/front/freeSuggest/view.do?sn=187097
PROP-187052,"저소득, 다자녀 가구에 매트 제공",TAXONOMY_MISMATCH,medium,"내용 기반 후보=주거·교통·도시생활환경, 현재=다자녀·양육비·생활지원",본문 확인 후 대·중·소분류 재분류,다자녀·양육비·생활지원,다자녀 혜택,다자녀 기준·할인·감면,저출생사업1팀,https://idea.seoul.go.kr/front/freeSuggest/view.do?sn=187052
PROP-187005,"서울특별시 신혼부부 전세대출제도에서, 장기전세도 지원에 포함시켜주세요.",CONTENT_MISSING,high,본문이 없거나 제목 반복형,원문 재수집 전 정책·부서 판정 보류,주거·교통·도시생활환경,출산가구 주거,신혼부부·출산가구 주거지원,저출생사업1팀,https://idea.seoul.go.kr/front/freeSuggest/view.do?sn=187005
PROP-187005,"서울특별시 신혼부부 전세대출제도에서, 장기전세도 지원에 포함시켜주세요.",DEPARTMENT_UNVERIFIABLE,high,본문 없이 주관·협조부서가 지정됨,원문 복구 전 부서 판정 보류,주거·교통·도시생활환경,출산가구 주거,신혼부부·출산가구 주거지원,저출생사업1팀,https://idea.seoul.go.kr/front/freeSuggest/view.do?sn=187005
PROP-187005,"서울특별시 신혼부부 전세대출제도에서, 장기전세도 지원에 포함시켜주세요.",POLICY_UNVERIFIABLE,high,본문 없이 현행 정책이 저장 연결됨,정책 연결 제거·보류,주거·교통·도시생활환경,출산가구 주거,신혼부부·출산가구 주거지원,저출생사업1팀,https://idea.seoul.go.kr/front/freeSuggest/view.do?sn=187005
PROP-186943,초등 온라인개학이 직장부모 자녀의 교육 불평등이 이어지지 않을 대책이 필요합니다.,CONTENT_MISSING,high,본문이 없거나 제목 반복형,원문 재수집 전 정책·부서 판정 보류,정보·상담·교육·거버넌스,정보 접근성,일반 출산정책 안건,저출생사업1팀,https://idea.seoul.go.kr/front/freeSuggest/view.do?sn=186943
PROP-186943,초등 온라인개학이 직장부모 자녀의 교육 불평등이 이어지지 않을 대책이 필요합니다.,DEPARTMENT_UNVERIFIABLE,high,본문 없이 주관·협조부서가 지정됨,원문 복구 전 부서 판정 보류,정보·상담·교육·거버넌스,정보 접근성,일반 출산정책 안건,저출생사업1팀,https://idea.seoul.go.kr/front/freeSuggest/view.do?sn=186943
PROP-186896,코로나 아동수당(긴급돌봄쿠폰) 관련,TAXONOMY_MISMATCH,medium,"내용 기반 후보=출산·산후 초기지원, 현재=보육·돌봄 인프라",본문 확인 후 대·중·소분류 재분류,보육·돌봄 인프라,가족돌봄,아이돌봄·조부모돌봄,돌봄사업팀,https://idea.seoul.go.kr/front/freeSuggest/view.do?sn=186896
PROP-186849,어린이 보호구역 횡단보도에 스크린 도어 설치,TAXONOMY_MISMATCH,medium,"내용 기반 후보=보육·돌봄 인프라, 현재=정보·상담·교육·거버넌스",본문 확인 후 대·중·소분류 재분류,정보·상담·교육·거버넌스,정보 접근성,일반 출산정책 안건,저출생사업1팀,https://idea.seoul.go.kr/front/freeSuggest/view.do?sn=186849
PROP-186804,민식법 실효성 높이려면 어린이 보호구역 과속 방지턱 두개 이상 연속 설치 전국적으로 시행 제안,CORRECTED_EXCLUSION_STALE,high,일반 아동/학교/시설/안전 제안: 보호구역 중심이며 출산·양육 직접 맥락 부족 (근거: data/processed/ver2_expanded/상상대로_신규수집_출산양육후보_보정제외로그_ver3.csv),최종 데이터에서 제외 또는 별도 범위 밖 보관,정보·상담·교육·거버넌스,정보 접근성,일반 출산정책 안건,저출생사업1팀,https://idea.seoul.go.kr/front/freeSuggest/view.do?sn=186804
PROP-186769,서울시 장애인시설 임산부 종사자 재택근무,CONTENT_MISSING,high,본문이 없거나 제목 반복형,원문 재수집 전 정책·부서 판정 보류,임신·난임·생식건강,임산부 건강·배려,임산부 건강관리·배려,건강임신지원팀,https://idea.seoul.go.kr/front/freeSuggest/view.do?sn=186769
PROP-186769,서울시 장애인시설 임산부 종사자 재택근무,DEPARTMENT_UNVERIFIABLE,high,본문 없이 주관·협조부서가 지정됨,원문 복구 전 부서 판정 보류,임신·난임·생식건강,임산부 건강·배려,임산부 건강관리·배려,건강임신지원팀,https://idea.seoul.go.kr/front/freeSuggest/view.do?sn=186769
PROP-186769,서울시 장애인시설 임산부 종사자 재택근무,POLICY_UNVERIFIABLE,high,본문 없이 현행 정책이 저장 연결됨,정책 연결 제거·보류,임신·난임·생식건강,임산부 건강·배려,임산부 건강관리·배려,건강임신지원팀,https://idea.seoul.go.kr/front/freeSuggest/view.do?sn=186769
PROP-186685,"기저귀 전용 배출봉투 제작, 배포",TAXONOMY_MISMATCH,medium,"내용 기반 후보=출산·산후 초기지원, 현재=다자녀·양육비·생활지원",본문 확인 후 대·중·소분류 재분류,다자녀·양육비·생활지원,양육비·생활비 지원,분유·기저귀·아동수당·부모급여,저출생사업1팀,https://idea.seoul.go.kr/front/freeSuggest/view.do?sn=186685
PROP-186658,2020년 신혼부부 전세자금 대출 이자 지원 기준 변경 제안,CONTENT_MISSING,high,본문이 없거나 제목 반복형,원문 재수집 전 정책·부서 판정 보류,주거·교통·도시생활환경,출산가구 주거,신혼부부·출산가구 주거지원,저출생사업1팀,https://idea.seoul.go.kr/front/freeSuggest/view.do?sn=186658
PROP-186658,2020년 신혼부부 전세자금 대출 이자 지원 기준 변경 제안,DEPARTMENT_UNVERIFIABLE,high,본문 없이 주관·협조부서가 지정됨,원문 복구 전 부서 판정 보류,주거·교통·도시생활환경,출산가구 주거,신혼부부·출산가구 주거지원,저출생사업1팀,https://idea.seoul.go.kr/front/freeSuggest/view.do?sn=186658
PROP-186658,2020년 신혼부부 전세자금 대출 이자 지원 기준 변경 제안,POLICY_UNVERIFIABLE,high,본문 없이 현행 정책이 저장 연결됨,정책 연결 제거·보류,주거·교통·도시생활환경,출산가구 주거,신혼부부·출산가구 주거지원,저출생사업1팀,https://idea.seoul.go.kr/front/freeSuggest/view.do?sn=186658
PROP-186632,구별로 영유아 마스크 공급 동일하게해주세요,CONTENT_MISSING,high,본문이 없거나 제목 반복형,원문 재수집 전 정책·부서 판정 보류,정보·상담·교육·거버넌스,정보 접근성,일반 출산정책 안건,저출생사업1팀,https://idea.seoul.go.kr/front/freeSuggest/view.do?sn=186632
PROP-186632,구별로 영유아 마스크 공급 동일하게해주세요,DEPARTMENT_UNVERIFIABLE,high,본문 없이 주관·협조부서가 지정됨,원문 복구 전 부서 판정 보류,정보·상담·교육·거버넌스,정보 접근성,일반 출산정책 안건,저출생사업1팀,https://idea.seoul.go.kr/front/freeSuggest/view.do?sn=186632
PROP-186619,임산부들을 위한 마스크 무료 제공 제안,CONTENT_MISSING,high,본문이 없거나 제목 반복형,원문 재수집 전 정책·부서 판정 보류,임신·난임·생식건강,임산부 건강·배려,임산부 건강관리·배려,건강임신지원팀,https://idea.seoul.go.kr/front/freeSuggest/view.do?sn=186619
PROP-186619,임산부들을 위한 마스크 무료 제공 제안,DEPARTMENT_UNVERIFIABLE,high,본문 없이 주관·협조부서가 지정됨,원문 복구 전 부서 판정 보류,임신·난임·생식건강,임산부 건강·배려,임산부 건강관리·배려,건강임신지원팀,https://idea.seoul.go.kr/front/freeSuggest/view.do?sn=186619
PROP-186619,임산부들을 위한 마스크 무료 제공 제안,POLICY_UNVERIFIABLE,high,본문 없이 현행 정책이 저장 연결됨,정책 연결 제거·보류,임신·난임·생식건강,임산부 건강·배려,임산부 건강관리·배려,건강임신지원팀,https://idea.seoul.go.kr/front/freeSuggest/view.do?sn=186619
PROP-186511,코로나 19 임산부 및 노약자 재택근무 요청드립니다.,CONTENT_MISSING,high,본문이 없거나 제목 반복형,원문 재수집 전 정책·부서 판정 보류,임신·난임·생식건강,임산부 건강·배려,임산부 건강관리·배려,건강임신지원팀,https://idea.seoul.go.kr/front/freeSuggest/view.do?sn=186511
PROP-186511,코로나 19 임산부 및 노약자 재택근무 요청드립니다.,DEPARTMENT_UNVERIFIABLE,high,본문 없이 주관·협조부서가 지정됨,원문 복구 전 부서 판정 보류,임신·난임·생식건강,임산부 건강·배려,임산부 건강관리·배려,건강임신지원팀,https://idea.seoul.go.kr/front/freeSuggest/view.do?sn=186511
PROP-186511,코로나 19 임산부 및 노약자 재택근무 요청드립니다.,POLICY_UNVERIFIABLE,high,본문 없이 현행 정책이 저장 연결됨,정책 연결 제거·보류,임신·난임·생식건강,임산부 건강·배려,임산부 건강관리·배려,건강임신지원팀,https://idea.seoul.go.kr/front/freeSuggest/view.do?sn=186511
PROP-186464,산후도우미 사용기간 예외적용(코로나 상황),CONTENT_MISSING,high,본문이 없거나 제목 반복형,원문 재수집 전 정책·부서 판정 보류,출산·산후 초기지원,산후조리,산후조리·산모도우미,건강팀,https://idea.seoul.go.kr/front/freeSuggest/view.do?sn=186464
PROP-186464,산후도우미 사용기간 예외적용(코로나 상황),DEPARTMENT_UNVERIFIABLE,high,본문 없이 주관·협조부서가 지정됨,원문 복구 전 부서 판정 보류,출산·산후 초기지원,산후조리,산후조리·산모도우미,건강팀,https://idea.seoul.go.kr/front/freeSuggest/view.do?sn=186464
PROP-186295,"박물관, 미술관, 도서관등 아이들이 이용하는 공공시설에 공기청정기 설치",CONTENT_MISSING,high,본문이 없거나 제목 반복형,원문 재수집 전 정책·부서 판정 보류,정보·상담·교육·거버넌스,정보 접근성,일반 출산정책 안건,저출생사업1팀,https://idea.seoul.go.kr/front/freeSuggest/view.do?sn=186295
PROP-186295,"박물관, 미술관, 도서관등 아이들이 이용하는 공공시설에 공기청정기 설치",CORRECTED_EXCLUSION_STALE,high,출산·양육 직접 키워드 또는 조합 조건 미충족 (근거: data/processed/ver2_expanded/상상대로_추가크롤링후보_보정제외로그_ver3.csv),최종 데이터에서 제외 또는 별도 범위 밖 보관,정보·상담·교육·거버넌스,정보 접근성,일반 출산정책 안건,저출생사업1팀,https://idea.seoul.go.kr/front/freeSuggest/view.do?sn=186295
PROP-186295,"박물관, 미술관, 도서관등 아이들이 이용하는 공공시설에 공기청정기 설치",DEPARTMENT_UNVERIFIABLE,high,본문 없이 주관·협조부서가 지정됨,원문 복구 전 부서 판정 보류,정보·상담·교육·거버넌스,정보 접근성,일반 출산정책 안건,저출생사업1팀,https://idea.seoul.go.kr/front/freeSuggest/view.do?sn=186295
PROP-186240,청량리 한양수자인 교육연구 및 노유자시설에 국공립 유치원 설립을 부탁드립니다.,CONTENT_MISSING,high,본문이 없거나 제목 반복형,원문 재수집 전 정책·부서 판정 보류,보육·돌봄 인프라,어린이집·유치원,보육시설·유아교육,돌봄사업팀,https://idea.seoul.go.kr/front/freeSuggest/view.do?sn=186240
PROP-186240,청량리 한양수자인 교육연구 및 노유자시설에 국공립 유치원 설립을 부탁드립니다.,DEPARTMENT_UNVERIFIABLE,high,본문 없이 주관·협조부서가 지정됨,원문 복구 전 부서 판정 보류,보육·돌봄 인프라,어린이집·유치원,보육시설·유아교육,돌봄사업팀,https://idea.seoul.go.kr/front/freeSuggest/view.do?sn=186240
PROP-186199,임산부석을 마냥 비워두지 않는 방법,TAXONOMY_MISMATCH,medium,"내용 기반 후보=주거·교통·도시생활환경, 현재=임신·난임·생식건강",본문 확인 후 대·중·소분류 재분류,임신·난임·생식건강,임산부 건강·배려,임산부 건강관리·배려,건강임신지원팀,https://idea.seoul.go.kr/front/freeSuggest/view.do?sn=186199
PROP-186118,대중교통 임산부석 자리를 비워주세요,TAXONOMY_MISMATCH,medium,"내용 기반 후보=주거·교통·도시생활환경, 현재=임신·난임·생식건강",본문 확인 후 대·중·소분류 재분류,임신·난임·생식건강,임산부 건강·배려,임산부 건강관리·배려,건강임신지원팀,https://idea.seoul.go.kr/front/freeSuggest/view.do?sn=186118
PROP-186065,서울시 수유실 찾기 지도 앱 개발 및 출시,TAXONOMY_MISMATCH,medium,"내용 기반 후보=주거·교통·도시생활환경, 현재=보육·돌봄 인프라",본문 확인 후 대·중·소분류 재분류,보육·돌봄 인프라,아동 놀이·체험공간,공공키즈카페·수유실·유아휴게실,돌봄사업팀,https://idea.seoul.go.kr/front/freeSuggest/view.do?sn=186065
PROP-185872,어린이보호구역 스쿨존 도로 형태 변경을 제안합니다.,CORRECTED_EXCLUSION_STALE,high,"일반 아동/학교/시설/안전 제안: 보호구역, 스쿨존 중심이며 출산·양육 직접 맥락 부족 (근거: data/processed/ver2_expanded/상상대로_신규수집_출산양육후보_보정제외로그_ver3.csv)",최종 데이터에서 제외 또는 별도 범위 밖 보관,정보·상담·교육·거버넌스,정보 접근성,일반 출산정책 안건,저출생사업1팀,https://idea.seoul.go.kr/front/freeSuggest/view.do?sn=185872
PROP-185835,임산부석 홍보 캠페인 더 적극적으로 해주세요.,CONTENT_MISSING,high,본문이 없거나 제목 반복형,원문 재수집 전 정책·부서 판정 보류,임신·난임·생식건강,임산부 건강·배려,임산부 건강관리·배려,건강임신지원팀,https://idea.seoul.go.kr/front/freeSuggest/view.do?sn=185835
PROP-185835,임산부석 홍보 캠페인 더 적극적으로 해주세요.,DEPARTMENT_UNVERIFIABLE,high,본문 없이 주관·협조부서가 지정됨,원문 복구 전 부서 판정 보류,임신·난임·생식건강,임산부 건강·배려,임산부 건강관리·배려,건강임신지원팀,https://idea.seoul.go.kr/front/freeSuggest/view.do?sn=185835
PROP-185835,임산부석 홍보 캠페인 더 적극적으로 해주세요.,POLICY_UNVERIFIABLE,high,본문 없이 현행 정책이 저장 연결됨,정책 연결 제거·보류,임신·난임·생식건강,임산부 건강·배려,임산부 건강관리·배려,건강임신지원팀,https://idea.seoul.go.kr/front/freeSuggest/view.do?sn=185835
PROP-185814,임산부 배지 홍보를 더 늘려주세요,TAXONOMY_MISMATCH,medium,"내용 기반 후보=주거·교통·도시생활환경, 현재=임신·난임·생식건강",본문 확인 후 대·중·소분류 재분류,임신·난임·생식건강,임산부 건강·배려,임산부 건강관리·배려,건강임신지원팀,https://idea.seoul.go.kr/front/freeSuggest/view.do?sn=185814
PROP-185784,지하철 임산부 좌석을 비워두는 의식을 키울수 있도록,CONTENT_MISSING,high,본문이 없거나 제목 반복형,원문 재수집 전 정책·부서 판정 보류,임신·난임·생식건강,임산부 건강·배려,임산부 건강관리·배려,건강임신지원팀,https://idea.seoul.go.kr/front/freeSuggest/view.do?sn=185784
PROP-185784,지하철 임산부 좌석을 비워두는 의식을 키울수 있도록,DEPARTMENT_UNVERIFIABLE,high,본문 없이 주관·협조부서가 지정됨,원문 복구 전 부서 판정 보류,임신·난임·생식건강,임산부 건강·배려,임산부 건강관리·배려,건강임신지원팀,https://idea.seoul.go.kr/front/freeSuggest/view.do?sn=185784
PROP-185784,지하철 임산부 좌석을 비워두는 의식을 키울수 있도록,POLICY_UNVERIFIABLE,high,본문 없이 현행 정책이 저장 연결됨,정책 연결 제거·보류,임신·난임·생식건강,임산부 건강·배려,임산부 건강관리·배려,건강임신지원팀,https://idea.seoul.go.kr/front/freeSuggest/view.do?sn=185784
PROP-185758,임산부를 위한 프로그램이 부족합니다.,CONTENT_MISSING,high,본문이 없거나 제목 반복형,원문 재수집 전 정책·부서 판정 보류,임신·난임·생식건강,임산부 건강·배려,임산부 건강관리·배려,건강임신지원팀,https://idea.seoul.go.kr/front/freeSuggest/view.do?sn=185758
PROP-185758,임산부를 위한 프로그램이 부족합니다.,DEPARTMENT_UNVERIFIABLE,high,본문 없이 주관·협조부서가 지정됨,원문 복구 전 부서 판정 보류,임신·난임·생식건강,임산부 건강·배려,임산부 건강관리·배려,건강임신지원팀,https://idea.seoul.go.kr/front/freeSuggest/view.do?sn=185758
PROP-185758,임산부를 위한 프로그램이 부족합니다.,POLICY_UNVERIFIABLE,high,본문 없이 현행 정책이 저장 연결됨,정책 연결 제거·보류,임신·난임·생식건강,임산부 건강·배려,임산부 건강관리·배려,건강임신지원팀,https://idea.seoul.go.kr/front/freeSuggest/view.do?sn=185758
PROP-185569,규모가 큰 공원 내 시립어린이집+유치원 설립 및 운영,TAXONOMY_MISMATCH,medium,"내용 기반 후보=주거·교통·도시생활환경, 현재=보육·돌봄 인프라",본문 확인 후 대·중·소분류 재분류,보육·돌봄 인프라,어린이집·유치원,보육시설·유아교육,돌봄사업팀,https://idea.seoul.go.kr/front/freeSuggest/view.do?sn=185569
PROP-185511,어린이대공원을 아이들과 미래세대를 위한 &#39;지혜의 바다&#39;로 만들어주세요!!!,CONTENT_MISSING,high,본문이 없거나 제목 반복형,원문 재수집 전 정책·부서 판정 보류,정보·상담·교육·거버넌스,정보 접근성,일반 출산정책 안건,저출생사업1팀,https://idea.seoul.go.kr/front/freeSuggest/view.do?sn=185511
PROP-185511,어린이대공원을 아이들과 미래세대를 위한 &#39;지혜의 바다&#39;로 만들어주세요!!!,CORRECTED_EXCLUSION_STALE,high,출산·양육 직접 키워드 또는 조합 조건 미충족 (근거: data/processed/ver2_expanded/상상대로_추가크롤링후보_보정제외로그_ver3.csv),최종 데이터에서 제외 또는 별도 범위 밖 보관,정보·상담·교육·거버넌스,정보 접근성,일반 출산정책 안건,저출생사업1팀,https://idea.seoul.go.kr/front/freeSuggest/view.do?sn=185511
PROP-185511,어린이대공원을 아이들과 미래세대를 위한 &#39;지혜의 바다&#39;로 만들어주세요!!!,DEPARTMENT_UNVERIFIABLE,high,본문 없이 주관·협조부서가 지정됨,원문 복구 전 부서 판정 보류,정보·상담·교육·거버넌스,정보 접근성,일반 출산정책 안건,저출생사업1팀,https://idea.seoul.go.kr/front/freeSuggest/view.do?sn=185511
PROP-185502,주차공간을 크게 법 개정을 통해 임산부나 비만인들 쉽게 하자,CONTENT_MISSING,high,본문이 없거나 제목 반복형,원문 재수집 전 정책·부서 판정 보류,임신·난임·생식건강,임산부 건강·배려,임산부 건강관리·배려,건강임신지원팀,https://idea.seoul.go.kr/front/freeSuggest/view.do?sn=185502
PROP-185502,주차공간을 크게 법 개정을 통해 임산부나 비만인들 쉽게 하자,TAXONOMY_MISMATCH,medium,"내용 기반 후보=주거·교통·도시생활환경, 현재=임신·난임·생식건강",본문 확인 후 대·중·소분류 재분류,임신·난임·생식건강,임산부 건강·배려,임산부 건강관리·배려,건강임신지원팀,https://idea.seoul.go.kr/front/freeSuggest/view.do?sn=185502
PROP-185502,주차공간을 크게 법 개정을 통해 임산부나 비만인들 쉽게 하자,DEPARTMENT_UNVERIFIABLE,high,본문 없이 주관·협조부서가 지정됨,원문 복구 전 부서 판정 보류,임신·난임·생식건강,임산부 건강·배려,임산부 건강관리·배려,건강임신지원팀,https://idea.seoul.go.kr/front/freeSuggest/view.do?sn=185502
PROP-185502,주차공간을 크게 법 개정을 통해 임산부나 비만인들 쉽게 하자,POLICY_UNVERIFIABLE,high,본문 없이 현행 정책이 저장 연결됨,정책 연결 제거·보류,임신·난임·생식건강,임산부 건강·배려,임산부 건강관리·배려,건강임신지원팀,https://idea.seoul.go.kr/front/freeSuggest/view.do?sn=185502
PROP-185480,"아동 양육 수당을 현금 지급이 아닌 바우처나 쿠폰, 공공시설 이용 포인트로 전환해주세요",CONTENT_MISSING,high,본문이 없거나 제목 반복형,원문 재수집 전 정책·부서 판정 보류,정보·상담·교육·거버넌스,정보 접근성,일반 출산정책 안건,저출생사업1팀,https://idea.seoul.go.kr/front/freeSuggest/view.do?sn=185480
PROP-185480,"아동 양육 수당을 현금 지급이 아닌 바우처나 쿠폰, 공공시설 이용 포인트로 전환해주세요",DEPARTMENT_UNVERIFIABLE,high,본문 없이 주관·협조부서가 지정됨,원문 복구 전 부서 판정 보류,정보·상담·교육·거버넌스,정보 접근성,일반 출산정책 안건,저출생사업1팀,https://idea.seoul.go.kr/front/freeSuggest/view.do?sn=185480
PROP-185480,"아동 양육 수당을 현금 지급이 아닌 바우처나 쿠폰, 공공시설 이용 포인트로 전환해주세요",POLICY_UNVERIFIABLE,high,본문 없이 현행 정책이 저장 연결됨,정책 연결 제거·보류,정보·상담·교육·거버넌스,정보 접근성,일반 출산정책 안건,저출생사업1팀,https://idea.seoul.go.kr/front/freeSuggest/view.do?sn=185480
PROP-185430,"서울시 신혼부부 전세자금 대출, 신혼부부를 위한 대출인가 저소득자를 위한 대출인가?",CONTENT_MISSING,high,본문이 없거나 제목 반복형,원문 재수집 전 정책·부서 판정 보류,주거·교통·도시생활환경,출산가구 주거,신혼부부·출산가구 주거지원,저출생사업1팀,https://idea.seoul.go.kr/front/freeSuggest/view.do?sn=185430
PROP-185430,"서울시 신혼부부 전세자금 대출, 신혼부부를 위한 대출인가 저소득자를 위한 대출인가?",DEPARTMENT_UNVERIFIABLE,high,본문 없이 주관·협조부서가 지정됨,원문 복구 전 부서 판정 보류,주거·교통·도시생활환경,출산가구 주거,신혼부부·출산가구 주거지원,저출생사업1팀,https://idea.seoul.go.kr/front/freeSuggest/view.do?sn=185430
PROP-185430,"서울시 신혼부부 전세자금 대출, 신혼부부를 위한 대출인가 저소득자를 위한 대출인가?",POLICY_UNVERIFIABLE,high,본문 없이 현행 정책이 저장 연결됨,정책 연결 제거·보류,주거·교통·도시생활환경,출산가구 주거,신혼부부·출산가구 주거지원,저출생사업1팀,https://idea.seoul.go.kr/front/freeSuggest/view.do?sn=185430
PROP-185383,어린이공원 내에 젊은 부모들의 감성을 자극하는 테마공원을 조성해주세요.,CORRECTED_EXCLUSION_STALE,high,출산·양육 직접 키워드 또는 조합 조건 미충족 (근거: data/processed/ver2_expanded/상상대로_신규수집_출산양육후보_보정제외로그_ver3.csv),최종 데이터에서 제외 또는 별도 범위 밖 보관,정보·상담·교육·거버넌스,정보 접근성,일반 출산정책 안건,저출생사업1팀,https://idea.seoul.go.kr/front/freeSuggest/view.do?sn=185383
PROP-185302,아이와 조부모가 함께 할 수 있는 공간을 만들어주세요,CORRECTED_EXCLUSION_STALE,high,출산·양육 직접 키워드 또는 조합 조건 미충족 (근거: data/processed/ver2_expanded/상상대로_신규수집_출산양육후보_보정제외로그_ver3.csv),최종 데이터에서 제외 또는 별도 범위 밖 보관,보육·돌봄 인프라,가족돌봄,아이돌봄·조부모돌봄,돌봄사업팀,https://idea.seoul.go.kr/front/freeSuggest/view.do?sn=185302
PROP-185295,육아휴직 2년으로,TAXONOMY_MISMATCH,medium,"내용 기반 후보=출산·산후 초기지원, 현재=일·가정 양립·부모 노동",본문 확인 후 대·중·소분류 재분류,일·가정 양립·부모 노동,육아휴직·근로시간,휴직·휴가·단축근무,가족지원팀,https://idea.seoul.go.kr/front/freeSuggest/view.do?sn=185295
PROP-185280,조부모육아경제지원,TAXONOMY_MISMATCH,medium,"내용 기반 후보=출산·산후 초기지원, 현재=보육·돌봄 인프라",본문 확인 후 대·중·소분류 재분류,보육·돌봄 인프라,가족돌봄,아이돌봄·조부모돌봄,돌봄사업팀,https://idea.seoul.go.kr/front/freeSuggest/view.do?sn=185280
PROP-185277,조부모육아경제적지원해주세요,CONTENT_MISSING,high,본문이 없거나 제목 반복형,원문 재수집 전 정책·부서 판정 보류,보육·돌봄 인프라,가족돌봄,아이돌봄·조부모돌봄,돌봄사업팀,https://idea.seoul.go.kr/front/freeSuggest/view.do?sn=185277
PROP-185277,조부모육아경제적지원해주세요,DEPARTMENT_UNVERIFIABLE,high,본문 없이 주관·협조부서가 지정됨,원문 복구 전 부서 판정 보류,보육·돌봄 인프라,가족돌봄,아이돌봄·조부모돌봄,돌봄사업팀,https://idea.seoul.go.kr/front/freeSuggest/view.do?sn=185277
PROP-185277,조부모육아경제적지원해주세요,POLICY_UNVERIFIABLE,high,본문 없이 현행 정책이 저장 연결됨,정책 연결 제거·보류,보육·돌봄 인프라,가족돌봄,아이돌봄·조부모돌봄,돌봄사업팀,https://idea.seoul.go.kr/front/freeSuggest/view.do?sn=185277
PROP-185260,"임산부에게 지하철 무임승차권을 지급하자,,,",CONTENT_MISSING,high,본문이 없거나 제목 반복형,원문 재수집 전 정책·부서 판정 보류,임신·난임·생식건강,임산부 건강·배려,임산부 건강관리·배려,건강임신지원팀,https://idea.seoul.go.kr/front/freeSuggest/view.do?sn=185260
PROP-185260,"임산부에게 지하철 무임승차권을 지급하자,,,",DEPARTMENT_UNVERIFIABLE,high,본문 없이 주관·협조부서가 지정됨,원문 복구 전 부서 판정 보류,임신·난임·생식건강,임산부 건강·배려,임산부 건강관리·배려,건강임신지원팀,https://idea.seoul.go.kr/front/freeSuggest/view.do?sn=185260
PROP-185260,"임산부에게 지하철 무임승차권을 지급하자,,,",POLICY_UNVERIFIABLE,high,본문 없이 현행 정책이 저장 연결됨,정책 연결 제거·보류,임신·난임·생식건강,임산부 건강·배려,임산부 건강관리·배려,건강임신지원팀,https://idea.seoul.go.kr/front/freeSuggest/view.do?sn=185260
PROP-185120,지하철 임산부 배려석 캠페인 소음 폭력 개선,CONTENT_MISSING,high,본문이 없거나 제목 반복형,원문 재수집 전 정책·부서 판정 보류,임신·난임·생식건강,임산부 건강·배려,임산부 건강관리·배려,건강임신지원팀,https://idea.seoul.go.kr/front/freeSuggest/view.do?sn=185120
PROP-185120,지하철 임산부 배려석 캠페인 소음 폭력 개선,DEPARTMENT_UNVERIFIABLE,high,본문 없이 주관·협조부서가 지정됨,원문 복구 전 부서 판정 보류,임신·난임·생식건강,임산부 건강·배려,임산부 건강관리·배려,건강임신지원팀,https://idea.seoul.go.kr/front/freeSuggest/view.do?sn=185120
PROP-185120,지하철 임산부 배려석 캠페인 소음 폭력 개선,POLICY_UNVERIFIABLE,high,본문 없이 현행 정책이 저장 연결됨,정책 연결 제거·보류,임신·난임·생식건강,임산부 건강·배려,임산부 건강관리·배려,건강임신지원팀,https://idea.seoul.go.kr/front/freeSuggest/view.do?sn=185120
PROP-185087,지하철 임산부배려석 재명명 해주세요!,CONTENT_MISSING,high,본문이 없거나 제목 반복형,원문 재수집 전 정책·부서 판정 보류,임신·난임·생식건강,임산부 건강·배려,임산부 건강관리·배려,건강임신지원팀,https://idea.seoul.go.kr/front/freeSuggest/view.do?sn=185087
PROP-185087,지하철 임산부배려석 재명명 해주세요!,DEPARTMENT_UNVERIFIABLE,high,본문 없이 주관·협조부서가 지정됨,원문 복구 전 부서 판정 보류,임신·난임·생식건강,임산부 건강·배려,임산부 건강관리·배려,건강임신지원팀,https://idea.seoul.go.kr/front/freeSuggest/view.do?sn=185087
PROP-185087,지하철 임산부배려석 재명명 해주세요!,POLICY_UNVERIFIABLE,high,본문 없이 현행 정책이 저장 연결됨,정책 연결 제거·보류,임신·난임·생식건강,임산부 건강·배려,임산부 건강관리·배려,건강임신지원팀,https://idea.seoul.go.kr/front/freeSuggest/view.do?sn=185087
PROP-185076,임산부임을 알리는 가방고리를 옷에 달 수 있는 뱃지형태로도 제작하는 것은 어떨까 제안합니다,CONTENT_MISSING,high,본문이 없거나 제목 반복형,원문 재수집 전 정책·부서 판정 보류,임신·난임·생식건강,임산부 건강·배려,임산부 건강관리·배려,건강임신지원팀,https://idea.seoul.go.kr/front/freeSuggest/view.do?sn=185076
PROP-185076,임산부임을 알리는 가방고리를 옷에 달 수 있는 뱃지형태로도 제작하는 것은 어떨까 제안합니다,DEPARTMENT_UNVERIFIABLE,high,본문 없이 주관·협조부서가 지정됨,원문 복구 전 부서 판정 보류,임신·난임·생식건강,임산부 건강·배려,임산부 건강관리·배려,건강임신지원팀,https://idea.seoul.go.kr/front/freeSuggest/view.do?sn=185076
PROP-185076,임산부임을 알리는 가방고리를 옷에 달 수 있는 뱃지형태로도 제작하는 것은 어떨까 제안합니다,POLICY_UNVERIFIABLE,high,본문 없이 현행 정책이 저장 연결됨,정책 연결 제거·보류,임신·난임·생식건강,임산부 건강·배려,임산부 건강관리·배려,건강임신지원팀,https://idea.seoul.go.kr/front/freeSuggest/view.do?sn=185076
PROP-184945,어린이 노인장애인보호구역 도로표시 지그자그로,CORRECTED_EXCLUSION_STALE,high,일반 아동/학교/시설/안전 제안: 보호구역 중심이며 출산·양육 직접 맥락 부족 (근거: data/processed/ver2_expanded/상상대로_신규수집_출산양육후보_보정제외로그_ver3.csv),최종 데이터에서 제외 또는 별도 범위 밖 보관,정보·상담·교육·거버넌스,정보 접근성,일반 출산정책 안건,저출생사업1팀,https://idea.seoul.go.kr/front/freeSuggest/view.do?sn=184945
PROP-184905,아동들의 놀 공간을 찾아주세요!,CORRECTED_EXCLUSION_STALE,high,일반 아동/학교/시설/안전 제안: 학교 중심이며 출산·양육 직접 맥락 부족 (근거: data/processed/ver2_expanded/상상대로_신규수집_출산양육후보_보정제외로그_ver3.csv),최종 데이터에서 제외 또는 별도 범위 밖 보관,정보·상담·교육·거버넌스,정보 접근성,일반 출산정책 안건,저출생사업1팀,https://idea.seoul.go.kr/front/freeSuggest/view.do?sn=184905
PROP-184905,아동들의 놀 공간을 찾아주세요!,TAXONOMY_MISMATCH,medium,"내용 기반 후보=보육·돌봄 인프라, 현재=정보·상담·교육·거버넌스",본문 확인 후 대·중·소분류 재분류,정보·상담·교육·거버넌스,정보 접근성,일반 출산정책 안건,저출생사업1팀,https://idea.seoul.go.kr/front/freeSuggest/view.do?sn=184905
PROP-184904,아이들만의 쉬는 공간이 필요해요!!,CORRECTED_EXCLUSION_STALE,high,출산·양육 직접 키워드 또는 조합 조건 미충족 (근거: data/processed/ver2_expanded/상상대로_신규수집_출산양육후보_보정제외로그_ver3.csv),최종 데이터에서 제외 또는 별도 범위 밖 보관,정보·상담·교육·거버넌스,정보 접근성,일반 출산정책 안건,저출생사업1팀,https://idea.seoul.go.kr/front/freeSuggest/view.do?sn=184904
PROP-184899,무료로 아이들이 놀수 있는 시설을 마련해주세요.,CONTENT_MISSING,high,본문이 없거나 제목 반복형,원문 재수집 전 정책·부서 판정 보류,정보·상담·교육·거버넌스,정보 접근성,일반 출산정책 안건,저출생사업1팀,https://idea.seoul.go.kr/front/freeSuggest/view.do?sn=184899
PROP-184899,무료로 아이들이 놀수 있는 시설을 마련해주세요.,CORRECTED_EXCLUSION_STALE,high,출산·양육 직접 키워드 또는 조합 조건 미충족 (근거: data/processed/ver2_expanded/상상대로_추가크롤링후보_보정제외로그_ver3.csv),최종 데이터에서 제외 또는 별도 범위 밖 보관,정보·상담·교육·거버넌스,정보 접근성,일반 출산정책 안건,저출생사업1팀,https://idea.seoul.go.kr/front/freeSuggest/view.do?sn=184899
PROP-184899,무료로 아이들이 놀수 있는 시설을 마련해주세요.,DEPARTMENT_UNVERIFIABLE,high,본문 없이 주관·협조부서가 지정됨,원문 복구 전 부서 판정 보류,정보·상담·교육·거버넌스,정보 접근성,일반 출산정책 안건,저출생사업1팀,https://idea.seoul.go.kr/front/freeSuggest/view.do?sn=184899
PROP-184898,아이들을 위한 놀이공간이 필요합니다,CORRECTED_EXCLUSION_STALE,high,출산·양육 직접 키워드 또는 조합 조건 미충족 (근거: data/processed/ver2_expanded/상상대로_추가크롤링후보_보정제외로그_ver3.csv),최종 데이터에서 제외 또는 별도 범위 밖 보관,정보·상담·교육·거버넌스,정보 접근성,일반 출산정책 안건,저출생사업1팀,https://idea.seoul.go.kr/front/freeSuggest/view.do?sn=184898
PROP-184898,아이들을 위한 놀이공간이 필요합니다,TAXONOMY_MISMATCH,medium,"내용 기반 후보=보육·돌봄 인프라, 현재=정보·상담·교육·거버넌스",본문 확인 후 대·중·소분류 재분류,정보·상담·교육·거버넌스,정보 접근성,일반 출산정책 안건,저출생사업1팀,https://idea.seoul.go.kr/front/freeSuggest/view.do?sn=184898
PROP-184889,아이들을 위한 실내 놀이공간에 대한 의견,CONTENT_MISSING,high,본문이 없거나 제목 반복형,원문 재수집 전 정책·부서 판정 보류,정보·상담·교육·거버넌스,정보 접근성,일반 출산정책 안건,저출생사업1팀,https://idea.seoul.go.kr/front/freeSuggest/view.do?sn=184889
PROP-184889,아이들을 위한 실내 놀이공간에 대한 의견,CORRECTED_EXCLUSION_STALE,high,출산·양육 직접 키워드 또는 조합 조건 미충족 (근거: data/processed/ver2_expanded/상상대로_추가크롤링후보_보정제외로그_ver3.csv),최종 데이터에서 제외 또는 별도 범위 밖 보관,정보·상담·교육·거버넌스,정보 접근성,일반 출산정책 안건,저출생사업1팀,https://idea.seoul.go.kr/front/freeSuggest/view.do?sn=184889
PROP-184889,아이들을 위한 실내 놀이공간에 대한 의견,TAXONOMY_MISMATCH,medium,"내용 기반 후보=보육·돌봄 인프라, 현재=정보·상담·교육·거버넌스",본문 확인 후 대·중·소분류 재분류,정보·상담·교육·거버넌스,정보 접근성,일반 출산정책 안건,저출생사업1팀,https://idea.seoul.go.kr/front/freeSuggest/view.do?sn=184889
PROP-184889,아이들을 위한 실내 놀이공간에 대한 의견,DEPARTMENT_UNVERIFIABLE,high,본문 없이 주관·협조부서가 지정됨,원문 복구 전 부서 판정 보류,정보·상담·교육·거버넌스,정보 접근성,일반 출산정책 안건,저출생사업1팀,https://idea.seoul.go.kr/front/freeSuggest/view.do?sn=184889
PROP-184886,아이들을 위한 실내 공간에 대한 나의 의견,TAXONOMY_MISMATCH,medium,"내용 기반 후보=보육·돌봄 인프라, 현재=정보·상담·교육·거버넌스",본문 확인 후 대·중·소분류 재분류,정보·상담·교육·거버넌스,정보 접근성,일반 출산정책 안건,저출생사업1팀,https://idea.seoul.go.kr/front/freeSuggest/view.do?sn=184886
PROP-184839,지하철 임산부 승차시 자동 알람 기능,CONTENT_MISSING,high,본문이 없거나 제목 반복형,원문 재수집 전 정책·부서 판정 보류,임신·난임·생식건강,임산부 건강·배려,임산부 건강관리·배려,건강임신지원팀,https://idea.seoul.go.kr/front/freeSuggest/view.do?sn=184839
PROP-184839,지하철 임산부 승차시 자동 알람 기능,DEPARTMENT_UNVERIFIABLE,high,본문 없이 주관·협조부서가 지정됨,원문 복구 전 부서 판정 보류,임신·난임·생식건강,임산부 건강·배려,임산부 건강관리·배려,건강임신지원팀,https://idea.seoul.go.kr/front/freeSuggest/view.do?sn=184839
PROP-184839,지하철 임산부 승차시 자동 알람 기능,POLICY_UNVERIFIABLE,high,본문 없이 현행 정책이 저장 연결됨,정책 연결 제거·보류,임신·난임·생식건강,임산부 건강·배려,임산부 건강관리·배려,건강임신지원팀,https://idea.seoul.go.kr/front/freeSuggest/view.do?sn=184839
PROP-184757,임산부배려석 차단바설치,TAXONOMY_MISMATCH,medium,"내용 기반 후보=주거·교통·도시생활환경, 현재=임신·난임·생식건강",본문 확인 후 대·중·소분류 재분류,임신·난임·생식건강,임산부 건강·배려,임산부 건강관리·배려,건강임신지원팀,https://idea.seoul.go.kr/front/freeSuggest/view.do?sn=184757
PROP-184659,임산부 배려석과 국민행복카드 연계 및 지하철 앱 활용,CONTENT_MISSING,high,본문이 없거나 제목 반복형,원문 재수집 전 정책·부서 판정 보류,임신·난임·생식건강,임산부 건강·배려,임산부 건강관리·배려,건강임신지원팀,https://idea.seoul.go.kr/front/freeSuggest/view.do?sn=184659
PROP-184659,임산부 배려석과 국민행복카드 연계 및 지하철 앱 활용,DEPARTMENT_UNVERIFIABLE,high,본문 없이 주관·협조부서가 지정됨,원문 복구 전 부서 판정 보류,임신·난임·생식건강,임산부 건강·배려,임산부 건강관리·배려,건강임신지원팀,https://idea.seoul.go.kr/front/freeSuggest/view.do?sn=184659
PROP-184659,임산부 배려석과 국민행복카드 연계 및 지하철 앱 활용,POLICY_UNVERIFIABLE,high,본문 없이 현행 정책이 저장 연결됨,정책 연결 제거·보류,임신·난임·생식건강,임산부 건강·배려,임산부 건강관리·배려,건강임신지원팀,https://idea.seoul.go.kr/front/freeSuggest/view.do?sn=184659
PROP-184649,공영주차장에 아파트를 건축하여 저소득층이나 신혼부부에게 저렴하게 분양하자,CONTENT_MISSING,high,본문이 없거나 제목 반복형,원문 재수집 전 정책·부서 판정 보류,주거·교통·도시생활환경,출산가구 주거,신혼부부·출산가구 주거지원,저출생사업1팀,https://idea.seoul.go.kr/front/freeSuggest/view.do?sn=184649
PROP-184649,공영주차장에 아파트를 건축하여 저소득층이나 신혼부부에게 저렴하게 분양하자,DEPARTMENT_UNVERIFIABLE,high,본문 없이 주관·협조부서가 지정됨,원문 복구 전 부서 판정 보류,주거·교통·도시생활환경,출산가구 주거,신혼부부·출산가구 주거지원,저출생사업1팀,https://idea.seoul.go.kr/front/freeSuggest/view.do?sn=184649
PROP-184649,공영주차장에 아파트를 건축하여 저소득층이나 신혼부부에게 저렴하게 분양하자,POLICY_UNVERIFIABLE,high,본문 없이 현행 정책이 저장 연결됨,정책 연결 제거·보류,주거·교통·도시생활환경,출산가구 주거,신혼부부·출산가구 주거지원,저출생사업1팀,https://idea.seoul.go.kr/front/freeSuggest/view.do?sn=184649
PROP-184600,서울지하철 내 임산부배려석에 ‘테디베어’ 곰 인형 설치를 확대해주세요.,CONTENT_MISSING,high,본문이 없거나 제목 반복형,원문 재수집 전 정책·부서 판정 보류,임신·난임·생식건강,임산부 건강·배려,임산부 건강관리·배려,건강임신지원팀,https://idea.seoul.go.kr/front/freeSuggest/view.do?sn=184600
PROP-184600,서울지하철 내 임산부배려석에 ‘테디베어’ 곰 인형 설치를 확대해주세요.,DEPARTMENT_UNVERIFIABLE,high,본문 없이 주관·협조부서가 지정됨,원문 복구 전 부서 판정 보류,임신·난임·생식건강,임산부 건강·배려,임산부 건강관리·배려,건강임신지원팀,https://idea.seoul.go.kr/front/freeSuggest/view.do?sn=184600
PROP-184600,서울지하철 내 임산부배려석에 ‘테디베어’ 곰 인형 설치를 확대해주세요.,POLICY_UNVERIFIABLE,high,본문 없이 현행 정책이 저장 연결됨,정책 연결 제거·보류,임신·난임·생식건강,임산부 건강·배려,임산부 건강관리·배려,건강임신지원팀,https://idea.seoul.go.kr/front/freeSuggest/view.do?sn=184600
PROP-184573,육아 우수기업 서울시 인증제도 도입,TAXONOMY_MISMATCH,medium,"내용 기반 후보=보육·돌봄 인프라, 현재=정보·상담·교육·거버넌스",본문 확인 후 대·중·소분류 재분류,정보·상담·교육·거버넌스,정보 접근성,일반 출산정책 안건,저출생사업1팀,https://idea.seoul.go.kr/front/freeSuggest/view.do?sn=184573
PROP-184534,지하철 임산부 배려석 도우미 &#39;Pink Voice&#39; 도입,CONTENT_MISSING,high,본문이 없거나 제목 반복형,원문 재수집 전 정책·부서 판정 보류,임신·난임·생식건강,임산부 건강·배려,임산부 건강관리·배려,건강임신지원팀,https://idea.seoul.go.kr/front/freeSuggest/view.do?sn=184534
PROP-184534,지하철 임산부 배려석 도우미 &#39;Pink Voice&#39; 도입,DEPARTMENT_UNVERIFIABLE,high,본문 없이 주관·협조부서가 지정됨,원문 복구 전 부서 판정 보류,임신·난임·생식건강,임산부 건강·배려,임산부 건강관리·배려,건강임신지원팀,https://idea.seoul.go.kr/front/freeSuggest/view.do?sn=184534
PROP-184534,지하철 임산부 배려석 도우미 &#39;Pink Voice&#39; 도입,POLICY_UNVERIFIABLE,high,본문 없이 현행 정책이 저장 연결됨,정책 연결 제거·보류,임신·난임·생식건강,임산부 건강·배려,임산부 건강관리·배려,건강임신지원팀,https://idea.seoul.go.kr/front/freeSuggest/view.do?sn=184534
PROP-184476,"지하철 임산부배려석 위치 통일, 플랫폼(스크린도어)에 임산부배려석 위치 표시",CONTENT_MISSING,high,본문이 없거나 제목 반복형,원문 재수집 전 정책·부서 판정 보류,임신·난임·생식건강,임산부 건강·배려,임산부 건강관리·배려,건강임신지원팀,https://idea.seoul.go.kr/front/freeSuggest/view.do?sn=184476
PROP-184476,"지하철 임산부배려석 위치 통일, 플랫폼(스크린도어)에 임산부배려석 위치 표시",DEPARTMENT_UNVERIFIABLE,high,본문 없이 주관·협조부서가 지정됨,원문 복구 전 부서 판정 보류,임신·난임·생식건강,임산부 건강·배려,임산부 건강관리·배려,건강임신지원팀,https://idea.seoul.go.kr/front/freeSuggest/view.do?sn=184476
PROP-184476,"지하철 임산부배려석 위치 통일, 플랫폼(스크린도어)에 임산부배려석 위치 표시",POLICY_UNVERIFIABLE,high,본문 없이 현행 정책이 저장 연결됨,정책 연결 제거·보류,임신·난임·생식건강,임산부 건강·배려,임산부 건강관리·배려,건강임신지원팀,https://idea.seoul.go.kr/front/freeSuggest/view.do?sn=184476
PROP-184424,생명을 살리는 어린이 안전 모자,TAXONOMY_MISMATCH,medium,"내용 기반 후보=주거·교통·도시생활환경, 현재=정보·상담·교육·거버넌스",본문 확인 후 대·중·소분류 재분류,정보·상담·교육·거버넌스,정보 접근성,일반 출산정책 안건,저출생사업1팀,https://idea.seoul.go.kr/front/freeSuggest/view.do?sn=184424
PROP-184423,지하철 임산부석을 없애주세요.,TAXONOMY_MISMATCH,medium,"내용 기반 후보=주거·교통·도시생활환경, 현재=임신·난임·생식건강",본문 확인 후 대·중·소분류 재분류,임신·난임·생식건강,임산부 건강·배려,임산부 건강관리·배려,건강임신지원팀,https://idea.seoul.go.kr/front/freeSuggest/view.do?sn=184423
PROP-184410,임산부 배려&#39;칸&#39; 신설 제안,CONTENT_MISSING,high,본문이 없거나 제목 반복형,원문 재수집 전 정책·부서 판정 보류,임신·난임·생식건강,임산부 건강·배려,임산부 건강관리·배려,건강임신지원팀,https://idea.seoul.go.kr/front/freeSuggest/view.do?sn=184410
PROP-184410,임산부 배려&#39;칸&#39; 신설 제안,DEPARTMENT_UNVERIFIABLE,high,본문 없이 주관·협조부서가 지정됨,원문 복구 전 부서 판정 보류,임신·난임·생식건강,임산부 건강·배려,임산부 건강관리·배려,건강임신지원팀,https://idea.seoul.go.kr/front/freeSuggest/view.do?sn=184410
PROP-184410,임산부 배려&#39;칸&#39; 신설 제안,POLICY_UNVERIFIABLE,high,본문 없이 현행 정책이 저장 연결됨,정책 연결 제거·보류,임신·난임·생식건강,임산부 건강·배려,임산부 건강관리·배려,건강임신지원팀,https://idea.seoul.go.kr/front/freeSuggest/view.do?sn=184410
PROP-184404,다자녀혜택 경기도와 교류~,TAXONOMY_MISMATCH,medium,"내용 기반 후보=주거·교통·도시생활환경, 현재=다자녀·양육비·생활지원",본문 확인 후 대·중·소분류 재분류,다자녀·양육비·생활지원,다자녀 혜택,다자녀 기준·할인·감면,저출생사업1팀,https://idea.seoul.go.kr/front/freeSuggest/view.do?sn=184404
PROP-184264,아이들의 놀이공간,CONTENT_MISSING,high,본문이 없거나 제목 반복형,원문 재수집 전 정책·부서 판정 보류,정보·상담·교육·거버넌스,정보 접근성,일반 출산정책 안건,저출생사업1팀,https://idea.seoul.go.kr/front/freeSuggest/view.do?sn=184264
PROP-184264,아이들의 놀이공간,CORRECTED_EXCLUSION_STALE,high,출산·양육 직접 키워드 또는 조합 조건 미충족 (근거: data/processed/ver2_expanded/상상대로_추가크롤링후보_보정제외로그_ver3.csv),최종 데이터에서 제외 또는 별도 범위 밖 보관,정보·상담·교육·거버넌스,정보 접근성,일반 출산정책 안건,저출생사업1팀,https://idea.seoul.go.kr/front/freeSuggest/view.do?sn=184264
PROP-184264,아이들의 놀이공간,TAXONOMY_MISMATCH,medium,"내용 기반 후보=보육·돌봄 인프라, 현재=정보·상담·교육·거버넌스",본문 확인 후 대·중·소분류 재분류,정보·상담·교육·거버넌스,정보 접근성,일반 출산정책 안건,저출생사업1팀,https://idea.seoul.go.kr/front/freeSuggest/view.do?sn=184264
PROP-184264,아이들의 놀이공간,DEPARTMENT_UNVERIFIABLE,high,본문 없이 주관·협조부서가 지정됨,원문 복구 전 부서 판정 보류,정보·상담·교육·거버넌스,정보 접근성,일반 출산정책 안건,저출생사업1팀,https://idea.seoul.go.kr/front/freeSuggest/view.do?sn=184264
PROP-184264,아이들의 놀이공간,POLICY_UNVERIFIABLE,high,본문 없이 현행 정책이 저장 연결됨,정책 연결 제거·보류,정보·상담·교육·거버넌스,정보 접근성,일반 출산정책 안건,저출생사업1팀,https://idea.seoul.go.kr/front/freeSuggest/view.do?sn=184264
PROP-184175,아동양육시설 등 퇴소생을 위한 금융교육 등 자립 지원 방안,CONTENT_MISSING,high,본문이 없거나 제목 반복형,원문 재수집 전 정책·부서 판정 보류,정보·상담·교육·거버넌스,정보 접근성,일반 출산정책 안건,저출생사업1팀,https://idea.seoul.go.kr/front/freeSuggest/view.do?sn=184175
PROP-184175,아동양육시설 등 퇴소생을 위한 금융교육 등 자립 지원 방안,DEPARTMENT_UNVERIFIABLE,high,본문 없이 주관·협조부서가 지정됨,원문 복구 전 부서 판정 보류,정보·상담·교육·거버넌스,정보 접근성,일반 출산정책 안건,저출생사업1팀,https://idea.seoul.go.kr/front/freeSuggest/view.do?sn=184175
PROP-184163,임산부 배려의 끝판왕,POLICY_REVIEW,medium,"저장 정책과 안전 매칭 후보 불일치; 후보=아기와 엄마를 위한 무료 공익보험, 핵심어=2개",정책 목적·대상·수단 수동 확인,임신·난임·생식건강,임산부 건강·배려,임산부 건강관리·배려,건강임신지원팀,https://idea.seoul.go.kr/front/freeSuggest/view.do?sn=184163
PROP-184161,다자녀공영주차장할인제도개선사항,TAXONOMY_MISMATCH,medium,"내용 기반 후보=주거·교통·도시생활환경, 현재=다자녀·양육비·생활지원",본문 확인 후 대·중·소분류 재분류,다자녀·양육비·생활지원,다자녀 혜택,다자녀 기준·할인·감면,저출생사업1팀,https://idea.seoul.go.kr/front/freeSuggest/view.do?sn=184161
PROP-184107,지하철 등에 임산부/노약자 전용석 아이디어 제안 합니다.,CONTENT_MISSING,high,본문이 없거나 제목 반복형,원문 재수집 전 정책·부서 판정 보류,임신·난임·생식건강,임산부 건강·배려,임산부 건강관리·배려,건강임신지원팀,https://idea.seoul.go.kr/front/freeSuggest/view.do?sn=184107
PROP-184107,지하철 등에 임산부/노약자 전용석 아이디어 제안 합니다.,DEPARTMENT_UNVERIFIABLE,high,본문 없이 주관·협조부서가 지정됨,원문 복구 전 부서 판정 보류,임신·난임·생식건강,임산부 건강·배려,임산부 건강관리·배려,건강임신지원팀,https://idea.seoul.go.kr/front/freeSuggest/view.do?sn=184107
PROP-184107,지하철 등에 임산부/노약자 전용석 아이디어 제안 합니다.,POLICY_UNVERIFIABLE,high,본문 없이 현행 정책이 저장 연결됨,정책 연결 제거·보류,임신·난임·생식건강,임산부 건강·배려,임산부 건강관리·배려,건강임신지원팀,https://idea.seoul.go.kr/front/freeSuggest/view.do?sn=184107
PROP-184041,"길고양이 입양시 중성화 수술, 예방접종 비용 지원 및 쉼터조성을 통한 길고양이 관련 민원 해소 대책 마련",TAXONOMY_MISMATCH,medium,"내용 기반 후보=다자녀·양육비·생활지원, 현재=보육·돌봄 인프라",본문 확인 후 대·중·소분류 재분류,보육·돌봄 인프라,아동 건강·의료 접근성,소아응급·야간진료·영유아검진,돌봄사업팀,https://idea.seoul.go.kr/front/freeSuggest/view.do?sn=184041
PROP-183924,안전지킴이(아이들에게 기쁨을!),TAXONOMY_MISMATCH,medium,"내용 기반 후보=보육·돌봄 인프라, 현재=정보·상담·교육·거버넌스",본문 확인 후 대·중·소분류 재분류,정보·상담·교육·거버넌스,정보 접근성,일반 출산정책 안건,저출생사업1팀,https://idea.seoul.go.kr/front/freeSuggest/view.do?sn=183924
PROP-183875,영유아 놀이장난감 대여사업 추진,TAXONOMY_MISMATCH,medium,"내용 기반 후보=출산·산후 초기지원, 현재=정보·상담·교육·거버넌스",본문 확인 후 대·중·소분류 재분류,정보·상담·교육·거버넌스,정보 접근성,일반 출산정책 안건,저출생사업1팀,https://idea.seoul.go.kr/front/freeSuggest/view.do?sn=183875
PROP-183817,시내버스 임산부석 가방걸이 설치,TAXONOMY_MISMATCH,medium,"내용 기반 후보=주거·교통·도시생활환경, 현재=임신·난임·생식건강",본문 확인 후 대·중·소분류 재분류,임신·난임·생식건강,임산부 건강·배려,임산부 건강관리·배려,건강임신지원팀,https://idea.seoul.go.kr/front/freeSuggest/view.do?sn=183817
PROP-183684,어르신들의 산책로와 아이들의 안전한 숲을 지켜주세요,CORRECTED_EXCLUSION_STALE,high,출산·양육 직접 키워드 또는 조합 조건 미충족 (근거: data/processed/ver2_expanded/상상대로_신규수집_출산양육후보_보정제외로그_ver3.csv),최종 데이터에서 제외 또는 별도 범위 밖 보관,정보·상담·교육·거버넌스,정보 접근성,일반 출산정책 안건,저출생사업1팀,https://idea.seoul.go.kr/front/freeSuggest/view.do?sn=183684
PROP-183638,임산부교통카드,TAXONOMY_MISMATCH,medium,"내용 기반 후보=주거·교통·도시생활환경, 현재=임신·난임·생식건강",본문 확인 후 대·중·소분류 재분류,임신·난임·생식건강,임산부 건강·배려,임산부 건강관리·배려,건강임신지원팀,https://idea.seoul.go.kr/front/freeSuggest/view.do?sn=183638
PROP-183623,맞벌이 부부를 위한 보육 정책제안,TAXONOMY_MISMATCH,medium,"내용 기반 후보=출산·산후 초기지원, 현재=보육·돌봄 인프라",본문 확인 후 대·중·소분류 재분류,보육·돌봄 인프라,어린이집·유치원,보육시설·유아교육,돌봄사업팀,https://idea.seoul.go.kr/front/freeSuggest/view.do?sn=183623
PROP-183550,보건소에서도 난임주사를..,CONTENT_MISSING,high,본문이 없거나 제목 반복형,원문 재수집 전 정책·부서 판정 보류,임신·난임·생식건강,난임 지원,난임시술·주사·시술비,건강임신지원팀,https://idea.seoul.go.kr/front/freeSuggest/view.do?sn=183550
PROP-183550,보건소에서도 난임주사를..,DEPARTMENT_UNVERIFIABLE,high,본문 없이 주관·협조부서가 지정됨,원문 복구 전 부서 판정 보류,임신·난임·생식건강,난임 지원,난임시술·주사·시술비,건강임신지원팀,https://idea.seoul.go.kr/front/freeSuggest/view.do?sn=183550
PROP-183550,보건소에서도 난임주사를..,POLICY_UNVERIFIABLE,high,본문 없이 현행 정책이 저장 연결됨,정책 연결 제거·보류,임신·난임·생식건강,난임 지원,난임시술·주사·시술비,건강임신지원팀,https://idea.seoul.go.kr/front/freeSuggest/view.do?sn=183550
PROP-183549,난임지원해주세요,CONTENT_MISSING,high,본문이 없거나 제목 반복형,원문 재수집 전 정책·부서 판정 보류,임신·난임·생식건강,난임 지원,난임시술·주사·시술비,건강임신지원팀,https://idea.seoul.go.kr/front/freeSuggest/view.do?sn=183549
PROP-183549,난임지원해주세요,DEPARTMENT_UNVERIFIABLE,high,본문 없이 주관·협조부서가 지정됨,원문 복구 전 부서 판정 보류,임신·난임·생식건강,난임 지원,난임시술·주사·시술비,건강임신지원팀,https://idea.seoul.go.kr/front/freeSuggest/view.do?sn=183549
PROP-183549,난임지원해주세요,POLICY_UNVERIFIABLE,high,본문 없이 현행 정책이 저장 연결됨,정책 연결 제거·보류,임신·난임·생식건강,난임 지원,난임시술·주사·시술비,건강임신지원팀,https://idea.seoul.go.kr/front/freeSuggest/view.do?sn=183549
PROP-183490,난임지원받게해주세요,CONTENT_MISSING,high,본문이 없거나 제목 반복형,원문 재수집 전 정책·부서 판정 보류,임신·난임·생식건강,난임 지원,난임시술·주사·시술비,건강임신지원팀,https://idea.seoul.go.kr/front/freeSuggest/view.do?sn=183490
PROP-183490,난임지원받게해주세요,DEPARTMENT_UNVERIFIABLE,high,본문 없이 주관·협조부서가 지정됨,원문 복구 전 부서 판정 보류,임신·난임·생식건강,난임 지원,난임시술·주사·시술비,건강임신지원팀,https://idea.seoul.go.kr/front/freeSuggest/view.do?sn=183490
PROP-183490,난임지원받게해주세요,POLICY_UNVERIFIABLE,high,본문 없이 현행 정책이 저장 연결됨,정책 연결 제거·보류,임신·난임·생식건강,난임 지원,난임시술·주사·시술비,건강임신지원팀,https://idea.seoul.go.kr/front/freeSuggest/view.do?sn=183490
PROP-183452,임산부가 살만한 세상 만들기,TAXONOMY_MISMATCH,medium,"내용 기반 후보=주거·교통·도시생활환경, 현재=임신·난임·생식건강",본문 확인 후 대·중·소분류 재분류,임신·난임·생식건강,임산부 건강·배려,임산부 건강관리·배려,건강임신지원팀,https://idea.seoul.go.kr/front/freeSuggest/view.do?sn=183452
PROP-183452,임산부가 살만한 세상 만들기,POLICY_REVIEW,medium,"저장 정책과 안전 매칭 후보 불일치; 후보=맘편한 KTX?SRT 임산부 할인, 핵심어=2개",정책 목적·대상·수단 수동 확인,임신·난임·생식건강,임산부 건강·배려,임산부 건강관리·배려,건강임신지원팀,https://idea.seoul.go.kr/front/freeSuggest/view.do?sn=183452
PROP-183446,보건소난임주사찬성,CONTENT_MISSING,high,본문이 없거나 제목 반복형,원문 재수집 전 정책·부서 판정 보류,임신·난임·생식건강,난임 지원,난임시술·주사·시술비,건강임신지원팀,https://idea.seoul.go.kr/front/freeSuggest/view.do?sn=183446
PROP-183446,보건소난임주사찬성,DEPARTMENT_UNVERIFIABLE,high,본문 없이 주관·협조부서가 지정됨,원문 복구 전 부서 판정 보류,임신·난임·생식건강,난임 지원,난임시술·주사·시술비,건강임신지원팀,https://idea.seoul.go.kr/front/freeSuggest/view.do?sn=183446
PROP-183446,보건소난임주사찬성,POLICY_UNVERIFIABLE,high,본문 없이 현행 정책이 저장 연결됨,정책 연결 제거·보류,임신·난임·생식건강,난임 지원,난임시술·주사·시술비,건강임신지원팀,https://idea.seoul.go.kr/front/freeSuggest/view.do?sn=183446
PROP-183387,난임부부들을 위하누정책에 힘써주세요,CONTENT_MISSING,high,본문이 없거나 제목 반복형,원문 재수집 전 정책·부서 판정 보류,임신·난임·생식건강,난임 지원,난임시술·주사·시술비,건강임신지원팀,https://idea.seoul.go.kr/front/freeSuggest/view.do?sn=183387
PROP-183387,난임부부들을 위하누정책에 힘써주세요,DEPARTMENT_UNVERIFIABLE,high,본문 없이 주관·협조부서가 지정됨,원문 복구 전 부서 판정 보류,임신·난임·생식건강,난임 지원,난임시술·주사·시술비,건강임신지원팀,https://idea.seoul.go.kr/front/freeSuggest/view.do?sn=183387
PROP-183387,난임부부들을 위하누정책에 힘써주세요,POLICY_UNVERIFIABLE,high,본문 없이 현행 정책이 저장 연결됨,정책 연결 제거·보류,임신·난임·생식건강,난임 지원,난임시술·주사·시술비,건강임신지원팀,https://idea.seoul.go.kr/front/freeSuggest/view.do?sn=183387
PROP-183353,다자녀 전용주차장 설치,TAXONOMY_MISMATCH,medium,"내용 기반 후보=주거·교통·도시생활환경, 현재=다자녀·양육비·생활지원",본문 확인 후 대·중·소분류 재분류,다자녀·양육비·생활지원,다자녀 혜택,다자녀 기준·할인·감면,저출생사업1팀,https://idea.seoul.go.kr/front/freeSuggest/view.do?sn=183353
PROP-183322,보건소에서 난임관련주사를 맞게해주세요.,CONTENT_MISSING,high,본문이 없거나 제목 반복형,원문 재수집 전 정책·부서 판정 보류,임신·난임·생식건강,난임 지원,난임시술·주사·시술비,건강임신지원팀,https://idea.seoul.go.kr/front/freeSuggest/view.do?sn=183322
PROP-183322,보건소에서 난임관련주사를 맞게해주세요.,DEPARTMENT_UNVERIFIABLE,high,본문 없이 주관·협조부서가 지정됨,원문 복구 전 부서 판정 보류,임신·난임·생식건강,난임 지원,난임시술·주사·시술비,건강임신지원팀,https://idea.seoul.go.kr/front/freeSuggest/view.do?sn=183322
PROP-183322,보건소에서 난임관련주사를 맞게해주세요.,POLICY_UNVERIFIABLE,high,본문 없이 현행 정책이 저장 연결됨,정책 연결 제거·보류,임신·난임·생식건강,난임 지원,난임시술·주사·시술비,건강임신지원팀,https://idea.seoul.go.kr/front/freeSuggest/view.do?sn=183322
PROP-183275,보건소에서난임관련주사를맞게해주세요,CONTENT_MISSING,high,본문이 없거나 제목 반복형,원문 재수집 전 정책·부서 판정 보류,임신·난임·생식건강,난임 지원,난임시술·주사·시술비,건강임신지원팀,https://idea.seoul.go.kr/front/freeSuggest/view.do?sn=183275
PROP-183275,보건소에서난임관련주사를맞게해주세요,DEPARTMENT_UNVERIFIABLE,high,본문 없이 주관·협조부서가 지정됨,원문 복구 전 부서 판정 보류,임신·난임·생식건강,난임 지원,난임시술·주사·시술비,건강임신지원팀,https://idea.seoul.go.kr/front/freeSuggest/view.do?sn=183275
PROP-183275,보건소에서난임관련주사를맞게해주세요,POLICY_UNVERIFIABLE,high,본문 없이 현행 정책이 저장 연결됨,정책 연결 제거·보류,임신·난임·생식건강,난임 지원,난임시술·주사·시술비,건강임신지원팀,https://idea.seoul.go.kr/front/freeSuggest/view.do?sn=183275
PROP-183197,난임부부주사,CONTENT_MISSING,high,본문이 없거나 제목 반복형,원문 재수집 전 정책·부서 판정 보류,임신·난임·생식건강,난임 지원,난임시술·주사·시술비,건강임신지원팀,https://idea.seoul.go.kr/front/freeSuggest/view.do?sn=183197
PROP-183197,난임부부주사,DEPARTMENT_UNVERIFIABLE,high,본문 없이 주관·협조부서가 지정됨,원문 복구 전 부서 판정 보류,임신·난임·생식건강,난임 지원,난임시술·주사·시술비,건강임신지원팀,https://idea.seoul.go.kr/front/freeSuggest/view.do?sn=183197
PROP-183197,난임부부주사,POLICY_UNVERIFIABLE,high,본문 없이 현행 정책이 저장 연결됨,정책 연결 제거·보류,임신·난임·생식건강,난임 지원,난임시술·주사·시술비,건강임신지원팀,https://idea.seoul.go.kr/front/freeSuggest/view.do?sn=183197
PROP-183190,보건소에서 난임주사 허용해주세요,CONTENT_MISSING,high,본문이 없거나 제목 반복형,원문 재수집 전 정책·부서 판정 보류,임신·난임·생식건강,난임 지원,난임시술·주사·시술비,건강임신지원팀,https://idea.seoul.go.kr/front/freeSuggest/view.do?sn=183190
PROP-183190,보건소에서 난임주사 허용해주세요,DEPARTMENT_UNVERIFIABLE,high,본문 없이 주관·협조부서가 지정됨,원문 복구 전 부서 판정 보류,임신·난임·생식건강,난임 지원,난임시술·주사·시술비,건강임신지원팀,https://idea.seoul.go.kr/front/freeSuggest/view.do?sn=183190
PROP-183190,보건소에서 난임주사 허용해주세요,POLICY_UNVERIFIABLE,high,본문 없이 현행 정책이 저장 연결됨,정책 연결 제거·보류,임신·난임·생식건강,난임 지원,난임시술·주사·시술비,건강임신지원팀,https://idea.seoul.go.kr/front/freeSuggest/view.do?sn=183190
PROP-183186,난임주사 보건소에서 맞게해주세요,CONTENT_MISSING,high,본문이 없거나 제목 반복형,원문 재수집 전 정책·부서 판정 보류,임신·난임·생식건강,난임 지원,난임시술·주사·시술비,건강임신지원팀,https://idea.seoul.go.kr/front/freeSuggest/view.do?sn=183186
PROP-183186,난임주사 보건소에서 맞게해주세요,DEPARTMENT_UNVERIFIABLE,high,본문 없이 주관·협조부서가 지정됨,원문 복구 전 부서 판정 보류,임신·난임·생식건강,난임 지원,난임시술·주사·시술비,건강임신지원팀,https://idea.seoul.go.kr/front/freeSuggest/view.do?sn=183186
PROP-183186,난임주사 보건소에서 맞게해주세요,POLICY_UNVERIFIABLE,high,본문 없이 현행 정책이 저장 연결됨,정책 연결 제거·보류,임신·난임·생식건강,난임 지원,난임시술·주사·시술비,건강임신지원팀,https://idea.seoul.go.kr/front/freeSuggest/view.do?sn=183186
PROP-183154,대중교통 임산부 배려석을 위한 제안,TAXONOMY_MISMATCH,medium,"내용 기반 후보=주거·교통·도시생활환경, 현재=임신·난임·생식건강",본문 확인 후 대·중·소분류 재분류,임신·난임·생식건강,임산부 건강·배려,임산부 건강관리·배려,건강임신지원팀,https://idea.seoul.go.kr/front/freeSuggest/view.do?sn=183154
PROP-183129,보건소에서 예비맘을 위한 예비맘 키트를 제공해주셨으면 좋겠어요,TAXONOMY_MISMATCH,medium,"내용 기반 후보=임신·난임·생식건강, 현재=정보·상담·교육·거버넌스",본문 확인 후 대·중·소분류 재분류,정보·상담·교육·거버넌스,정보 접근성,일반 출산정책 안건,저출생사업1팀,https://idea.seoul.go.kr/front/freeSuggest/view.do?sn=183129
PROP-183047,지하철 임산부 배려석 활성화 방안(임산부카드+교통카드),CONTENT_MISSING,high,본문이 없거나 제목 반복형,원문 재수집 전 정책·부서 판정 보류,임신·난임·생식건강,임산부 건강·배려,임산부 건강관리·배려,건강임신지원팀,https://idea.seoul.go.kr/front/freeSuggest/view.do?sn=183047
PROP-183047,지하철 임산부 배려석 활성화 방안(임산부카드+교통카드),TAXONOMY_MISMATCH,medium,"내용 기반 후보=주거·교통·도시생활환경, 현재=임신·난임·생식건강",본문 확인 후 대·중·소분류 재분류,임신·난임·생식건강,임산부 건강·배려,임산부 건강관리·배려,건강임신지원팀,https://idea.seoul.go.kr/front/freeSuggest/view.do?sn=183047
PROP-183047,지하철 임산부 배려석 활성화 방안(임산부카드+교통카드),DEPARTMENT_UNVERIFIABLE,high,본문 없이 주관·협조부서가 지정됨,원문 복구 전 부서 판정 보류,임신·난임·생식건강,임산부 건강·배려,임산부 건강관리·배려,건강임신지원팀,https://idea.seoul.go.kr/front/freeSuggest/view.do?sn=183047
PROP-183047,지하철 임산부 배려석 활성화 방안(임산부카드+교통카드),POLICY_UNVERIFIABLE,high,본문 없이 현행 정책이 저장 연결됨,정책 연결 제거·보류,임신·난임·생식건강,임산부 건강·배려,임산부 건강관리·배려,건강임신지원팀,https://idea.seoul.go.kr/front/freeSuggest/view.do?sn=183047
PROP-183038,지하철 임산부좌석(핑크카펫)의 수를 줄여주세요,CONTENT_MISSING,high,본문이 없거나 제목 반복형,원문 재수집 전 정책·부서 판정 보류,임신·난임·생식건강,임산부 건강·배려,임산부 건강관리·배려,건강임신지원팀,https://idea.seoul.go.kr/front/freeSuggest/view.do?sn=183038
PROP-183038,지하철 임산부좌석(핑크카펫)의 수를 줄여주세요,DEPARTMENT_UNVERIFIABLE,high,본문 없이 주관·협조부서가 지정됨,원문 복구 전 부서 판정 보류,임신·난임·생식건강,임산부 건강·배려,임산부 건강관리·배려,건강임신지원팀,https://idea.seoul.go.kr/front/freeSuggest/view.do?sn=183038
PROP-183038,지하철 임산부좌석(핑크카펫)의 수를 줄여주세요,POLICY_UNVERIFIABLE,high,본문 없이 현행 정책이 저장 연결됨,정책 연결 제거·보류,임신·난임·생식건강,임산부 건강·배려,임산부 건강관리·배려,건강임신지원팀,https://idea.seoul.go.kr/front/freeSuggest/view.do?sn=183038
PROP-183004,"미혼세,무자녀교육세 신설 제안",TAXONOMY_MISMATCH,medium,"내용 기반 후보=다자녀·양육비·생활지원, 현재=정보·상담·교육·거버넌스",본문 확인 후 대·중·소분류 재분류,정보·상담·교육·거버넌스,정보 접근성,일반 출산정책 안건,저출생사업1팀,https://idea.seoul.go.kr/front/freeSuggest/view.do?sn=183004
PROP-182914,키움센터 반대,CONTENT_MISSING,high,본문이 없거나 제목 반복형,원문 재수집 전 정책·부서 판정 보류,보육·돌봄 인프라,초등돌봄,초등돌봄·방과후,돌봄사업팀,https://idea.seoul.go.kr/front/freeSuggest/view.do?sn=182914
PROP-182914,키움센터 반대,DEPARTMENT_UNVERIFIABLE,high,본문 없이 주관·협조부서가 지정됨,원문 복구 전 부서 판정 보류,보육·돌봄 인프라,초등돌봄,초등돌봄·방과후,돌봄사업팀,https://idea.seoul.go.kr/front/freeSuggest/view.do?sn=182914
PROP-182914,키움센터 반대,POLICY_UNVERIFIABLE,high,본문 없이 현행 정책이 저장 연결됨,정책 연결 제거·보류,보육·돌봄 인프라,초등돌봄,초등돌봄·방과후,돌봄사업팀,https://idea.seoul.go.kr/front/freeSuggest/view.do?sn=182914
PROP-182912,키움센터 밤대,CONTENT_MISSING,high,본문이 없거나 제목 반복형,원문 재수집 전 정책·부서 판정 보류,보육·돌봄 인프라,초등돌봄,초등돌봄·방과후,돌봄사업팀,https://idea.seoul.go.kr/front/freeSuggest/view.do?sn=182912
PROP-182912,키움센터 밤대,DEPARTMENT_UNVERIFIABLE,high,본문 없이 주관·협조부서가 지정됨,원문 복구 전 부서 판정 보류,보육·돌봄 인프라,초등돌봄,초등돌봄·방과후,돌봄사업팀,https://idea.seoul.go.kr/front/freeSuggest/view.do?sn=182912
PROP-182912,키움센터 밤대,POLICY_UNVERIFIABLE,high,본문 없이 현행 정책이 저장 연결됨,정책 연결 제거·보류,보육·돌봄 인프라,초등돌봄,초등돌봄·방과후,돌봄사업팀,https://idea.seoul.go.kr/front/freeSuggest/view.do?sn=182912
PROP-182870,육아정보 채널을 일원화해주세요.,TAXONOMY_MISMATCH,medium,"내용 기반 후보=보육·돌봄 인프라, 현재=정보·상담·교육·거버넌스",본문 확인 후 대·중·소분류 재분류,정보·상담·교육·거버넌스,정보 접근성,정보통합·상담·신청,저출생사업1팀,https://idea.seoul.go.kr/front/freeSuggest/view.do?sn=182870
PROP-182866,다둥이가족은 차 없으면 아무데도 못나가나요?,CONTENT_MISSING,high,본문이 없거나 제목 반복형,원문 재수집 전 정책·부서 판정 보류,다자녀·양육비·생활지원,다자녀 혜택,다자녀 기준·할인·감면,저출생사업1팀,https://idea.seoul.go.kr/front/freeSuggest/view.do?sn=182866
PROP-182866,다둥이가족은 차 없으면 아무데도 못나가나요?,DEPARTMENT_UNVERIFIABLE,high,본문 없이 주관·협조부서가 지정됨,원문 복구 전 부서 판정 보류,다자녀·양육비·생활지원,다자녀 혜택,다자녀 기준·할인·감면,저출생사업1팀,https://idea.seoul.go.kr/front/freeSuggest/view.do?sn=182866
PROP-182862,서울시 내 자치구별 다둥이 혜택을 통일시켜주세요!,CONTENT_MISSING,high,본문이 없거나 제목 반복형,원문 재수집 전 정책·부서 판정 보류,다자녀·양육비·생활지원,다자녀 혜택,다자녀 기준·할인·감면,저출생사업1팀,https://idea.seoul.go.kr/front/freeSuggest/view.do?sn=182862
PROP-182862,서울시 내 자치구별 다둥이 혜택을 통일시켜주세요!,DEPARTMENT_UNVERIFIABLE,high,본문 없이 주관·협조부서가 지정됨,원문 복구 전 부서 판정 보류,다자녀·양육비·생활지원,다자녀 혜택,다자녀 기준·할인·감면,저출생사업1팀,https://idea.seoul.go.kr/front/freeSuggest/view.do?sn=182862
PROP-182827,경로당과 육아돌보미의 결합,TAXONOMY_MISMATCH,medium,"내용 기반 후보=출산·산후 초기지원, 현재=정보·상담·교육·거버넌스",본문 확인 후 대·중·소분류 재분류,정보·상담·교육·거버넌스,정보 접근성,일반 출산정책 안건,저출생사업1팀,https://idea.seoul.go.kr/front/freeSuggest/view.do?sn=182827
PROP-182826,지하철 내 임산부 알림 경보 설치 제안,CONTENT_MISSING,high,본문이 없거나 제목 반복형,원문 재수집 전 정책·부서 판정 보류,임신·난임·생식건강,임산부 건강·배려,임산부 건강관리·배려,건강임신지원팀,https://idea.seoul.go.kr/front/freeSuggest/view.do?sn=182826
PROP-182826,지하철 내 임산부 알림 경보 설치 제안,DEPARTMENT_UNVERIFIABLE,high,본문 없이 주관·협조부서가 지정됨,원문 복구 전 부서 판정 보류,임신·난임·생식건강,임산부 건강·배려,임산부 건강관리·배려,건강임신지원팀,https://idea.seoul.go.kr/front/freeSuggest/view.do?sn=182826
PROP-182826,지하철 내 임산부 알림 경보 설치 제안,POLICY_UNVERIFIABLE,high,본문 없이 현행 정책이 저장 연결됨,정책 연결 제거·보류,임신·난임·생식건강,임산부 건강·배려,임산부 건강관리·배려,건강임신지원팀,https://idea.seoul.go.kr/front/freeSuggest/view.do?sn=182826
PROP-182797,임산부 배려석에 핑크라이트 설치,TAXONOMY_MISMATCH,medium,"내용 기반 후보=출산·산후 초기지원, 현재=임신·난임·생식건강",본문 확인 후 대·중·소분류 재분류,임신·난임·생식건강,임산부 건강·배려,임산부 건강관리·배려,건강임신지원팀,https://idea.seoul.go.kr/front/freeSuggest/view.do?sn=182797
PROP-182770,어린이보호구역 불법주차 및 정차 상설 신고제도,CORRECTED_EXCLUSION_STALE,high,일반 아동/학교/시설/안전 제안: 보호구역 중심이며 출산·양육 직접 맥락 부족 (근거: data/processed/ver2_expanded/상상대로_신규수집_출산양육후보_보정제외로그_ver3.csv),최종 데이터에서 제외 또는 별도 범위 밖 보관,정보·상담·교육·거버넌스,정보 접근성,일반 출산정책 안건,저출생사업1팀,https://idea.seoul.go.kr/front/freeSuggest/view.do?sn=182770
PROP-182770,어린이보호구역 불법주차 및 정차 상설 신고제도,TAXONOMY_MISMATCH,medium,"내용 기반 후보=주거·교통·도시생활환경, 현재=정보·상담·교육·거버넌스",본문 확인 후 대·중·소분류 재분류,정보·상담·교육·거버넌스,정보 접근성,일반 출산정책 안건,저출생사업1팀,https://idea.seoul.go.kr/front/freeSuggest/view.do?sn=182770
PROP-182741,임산부 배려석이 아닌 임산부석을 마련해주세요,CONTENT_MISSING,high,본문이 없거나 제목 반복형,원문 재수집 전 정책·부서 판정 보류,임신·난임·생식건강,임산부 건강·배려,임산부 건강관리·배려,건강임신지원팀,https://idea.seoul.go.kr/front/freeSuggest/view.do?sn=182741
PROP-182741,임산부 배려석이 아닌 임산부석을 마련해주세요,DEPARTMENT_UNVERIFIABLE,high,본문 없이 주관·협조부서가 지정됨,원문 복구 전 부서 판정 보류,임신·난임·생식건강,임산부 건강·배려,임산부 건강관리·배려,건강임신지원팀,https://idea.seoul.go.kr/front/freeSuggest/view.do?sn=182741
PROP-182741,임산부 배려석이 아닌 임산부석을 마련해주세요,POLICY_UNVERIFIABLE,high,본문 없이 현행 정책이 저장 연결됨,정책 연결 제거·보류,임신·난임·생식건강,임산부 건강·배려,임산부 건강관리·배려,건강임신지원팀,https://idea.seoul.go.kr/front/freeSuggest/view.do?sn=182741
PROP-182581,임산부 배려석에 임산부만 앉을 수 있는 장치를 설치해주세요.,CONTENT_MISSING,high,본문이 없거나 제목 반복형,원문 재수집 전 정책·부서 판정 보류,임신·난임·생식건강,임산부 건강·배려,임산부 건강관리·배려,건강임신지원팀,https://idea.seoul.go.kr/front/freeSuggest/view.do?sn=182581
PROP-182581,임산부 배려석에 임산부만 앉을 수 있는 장치를 설치해주세요.,DEPARTMENT_UNVERIFIABLE,high,본문 없이 주관·협조부서가 지정됨,원문 복구 전 부서 판정 보류,임신·난임·생식건강,임산부 건강·배려,임산부 건강관리·배려,건강임신지원팀,https://idea.seoul.go.kr/front/freeSuggest/view.do?sn=182581
PROP-182581,임산부 배려석에 임산부만 앉을 수 있는 장치를 설치해주세요.,POLICY_UNVERIFIABLE,high,본문 없이 현행 정책이 저장 연결됨,정책 연결 제거·보류,임신·난임·생식건강,임산부 건강·배려,임산부 건강관리·배려,건강임신지원팀,https://idea.seoul.go.kr/front/freeSuggest/view.do?sn=182581
PROP-182580,지하철 임산부 배려석에 외국인들을 위한 안내가 있어야 할 것 같습니다,CONTENT_MISSING,high,본문이 없거나 제목 반복형,원문 재수집 전 정책·부서 판정 보류,임신·난임·생식건강,임산부 건강·배려,임산부 건강관리·배려,건강임신지원팀,https://idea.seoul.go.kr/front/freeSuggest/view.do?sn=182580
PROP-182580,지하철 임산부 배려석에 외국인들을 위한 안내가 있어야 할 것 같습니다,DEPARTMENT_UNVERIFIABLE,high,본문 없이 주관·협조부서가 지정됨,원문 복구 전 부서 판정 보류,임신·난임·생식건강,임산부 건강·배려,임산부 건강관리·배려,건강임신지원팀,https://idea.seoul.go.kr/front/freeSuggest/view.do?sn=182580
PROP-182580,지하철 임산부 배려석에 외국인들을 위한 안내가 있어야 할 것 같습니다,POLICY_UNVERIFIABLE,high,본문 없이 현행 정책이 저장 연결됨,정책 연결 제거·보류,임신·난임·생식건강,임산부 건강·배려,임산부 건강관리·배려,건강임신지원팀,https://idea.seoul.go.kr/front/freeSuggest/view.do?sn=182580
PROP-182392,서울시립대학 을 폐교하고 신혼부부용 아파트를 건설합시다,CONTENT_MISSING,high,본문이 없거나 제목 반복형,원문 재수집 전 정책·부서 판정 보류,주거·교통·도시생활환경,출산가구 주거,신혼부부·출산가구 주거지원,저출생사업1팀,https://idea.seoul.go.kr/front/freeSuggest/view.do?sn=182392
PROP-182392,서울시립대학 을 폐교하고 신혼부부용 아파트를 건설합시다,DEPARTMENT_UNVERIFIABLE,high,본문 없이 주관·협조부서가 지정됨,원문 복구 전 부서 판정 보류,주거·교통·도시생활환경,출산가구 주거,신혼부부·출산가구 주거지원,저출생사업1팀,https://idea.seoul.go.kr/front/freeSuggest/view.do?sn=182392
PROP-182392,서울시립대학 을 폐교하고 신혼부부용 아파트를 건설합시다,POLICY_UNVERIFIABLE,high,본문 없이 현행 정책이 저장 연결됨,정책 연결 제거·보류,주거·교통·도시생활환경,출산가구 주거,신혼부부·출산가구 주거지원,저출생사업1팀,https://idea.seoul.go.kr/front/freeSuggest/view.do?sn=182392
PROP-182378,임산부 배려석? 생각의 전환으로! 임산부 배려뱃지!,CONTENT_MISSING,high,본문이 없거나 제목 반복형,원문 재수집 전 정책·부서 판정 보류,임신·난임·생식건강,임산부 건강·배려,임산부 건강관리·배려,건강임신지원팀,https://idea.seoul.go.kr/front/freeSuggest/view.do?sn=182378
PROP-182378,임산부 배려석? 생각의 전환으로! 임산부 배려뱃지!,DEPARTMENT_UNVERIFIABLE,high,본문 없이 주관·협조부서가 지정됨,원문 복구 전 부서 판정 보류,임신·난임·생식건강,임산부 건강·배려,임산부 건강관리·배려,건강임신지원팀,https://idea.seoul.go.kr/front/freeSuggest/view.do?sn=182378
PROP-182378,임산부 배려석? 생각의 전환으로! 임산부 배려뱃지!,POLICY_UNVERIFIABLE,high,본문 없이 현행 정책이 저장 연결됨,정책 연결 제거·보류,임신·난임·생식건강,임산부 건강·배려,임산부 건강관리·배려,건강임신지원팀,https://idea.seoul.go.kr/front/freeSuggest/view.do?sn=182378
PROP-182221,청년및 신혼부부희망주택 정책제안,TAXONOMY_MISMATCH,medium,"내용 기반 후보=출산·산후 초기지원, 현재=주거·교통·도시생활환경",본문 확인 후 대·중·소분류 재분류,주거·교통·도시생활환경,출산가구 주거,신혼부부·출산가구 주거지원,저출생사업1팀,https://idea.seoul.go.kr/front/freeSuggest/view.do?sn=182221
PROP-182211,신혼부부 영구주택 100만호 건설합시다.,CONTENT_MISSING,high,본문이 없거나 제목 반복형,원문 재수집 전 정책·부서 판정 보류,주거·교통·도시생활환경,출산가구 주거,신혼부부·출산가구 주거지원,저출생사업1팀,https://idea.seoul.go.kr/front/freeSuggest/view.do?sn=182211
PROP-182211,신혼부부 영구주택 100만호 건설합시다.,DEPARTMENT_UNVERIFIABLE,high,본문 없이 주관·협조부서가 지정됨,원문 복구 전 부서 판정 보류,주거·교통·도시생활환경,출산가구 주거,신혼부부·출산가구 주거지원,저출생사업1팀,https://idea.seoul.go.kr/front/freeSuggest/view.do?sn=182211
PROP-182211,신혼부부 영구주택 100만호 건설합시다.,POLICY_UNVERIFIABLE,high,본문 없이 현행 정책이 저장 연결됨,정책 연결 제거·보류,주거·교통·도시생활환경,출산가구 주거,신혼부부·출산가구 주거지원,저출생사업1팀,https://idea.seoul.go.kr/front/freeSuggest/view.do?sn=182211
PROP-182192,"장애인, 기초수급자, 한부모가정 등 이사시 에어컨 보일러 점검 서비스 해야",CONTENT_MISSING,high,본문이 없거나 제목 반복형,원문 재수집 전 정책·부서 판정 보류,취약·다양가족 사각지대,한부모·위기임산부,한부모·미혼부모·위기임산부,장애인가족지원팀,https://idea.seoul.go.kr/front/freeSuggest/view.do?sn=182192
PROP-182192,"장애인, 기초수급자, 한부모가정 등 이사시 에어컨 보일러 점검 서비스 해야",DEPARTMENT_UNVERIFIABLE,high,본문 없이 주관·협조부서가 지정됨,원문 복구 전 부서 판정 보류,취약·다양가족 사각지대,한부모·위기임산부,한부모·미혼부모·위기임산부,장애인가족지원팀,https://idea.seoul.go.kr/front/freeSuggest/view.do?sn=182192
PROP-182161,어린이 노인보호구역 신호등커버나 기둥에 노란색 칠하기,CORRECTED_EXCLUSION_STALE,high,일반 아동/학교/시설/안전 제안: 보호구역 중심이며 출산·양육 직접 맥락 부족 (근거: data/processed/ver2_expanded/상상대로_신규수집_출산양육후보_보정제외로그_ver3.csv),최종 데이터에서 제외 또는 별도 범위 밖 보관,정보·상담·교육·거버넌스,정보 접근성,일반 출산정책 안건,저출생사업1팀,https://idea.seoul.go.kr/front/freeSuggest/view.do?sn=182161
PROP-182151,각 구마다 산모을 위한 산모요가 프로그램?,CONTENT_MISSING,high,본문이 없거나 제목 반복형,원문 재수집 전 정책·부서 판정 보류,출산·산후 초기지원,산후조리,산후조리·산모도우미,가족건강팀,https://idea.seoul.go.kr/front/freeSuggest/view.do?sn=182151
PROP-182151,각 구마다 산모을 위한 산모요가 프로그램?,DEPARTMENT_UNVERIFIABLE,high,본문 없이 주관·협조부서가 지정됨,원문 복구 전 부서 판정 보류,출산·산후 초기지원,산후조리,산후조리·산모도우미,가족건강팀,https://idea.seoul.go.kr/front/freeSuggest/view.do?sn=182151
PROP-182108,어린이 보호구역 신호등 노란색 칠하기,CORRECTED_EXCLUSION_STALE,high,일반 아동/학교/시설/안전 제안: 보호구역 중심이며 출산·양육 직접 맥락 부족 (근거: data/processed/ver2_expanded/상상대로_신규수집_출산양육후보_보정제외로그_ver3.csv),최종 데이터에서 제외 또는 별도 범위 밖 보관,정보·상담·교육·거버넌스,정보 접근성,일반 출산정책 안건,저출생사업1팀,https://idea.seoul.go.kr/front/freeSuggest/view.do?sn=182108
PROP-182052,어린이보호구역 도로를 울퉁불퉁하게 해서 과속을 방지해 주세요,CORRECTED_EXCLUSION_STALE,high,일반 아동/학교/시설/안전 제안: 보호구역 중심이며 출산·양육 직접 맥락 부족 (근거: data/processed/ver2_expanded/상상대로_신규수집_출산양육후보_보정제외로그_ver3.csv),최종 데이터에서 제외 또는 별도 범위 밖 보관,정보·상담·교육·거버넌스,정보 접근성,일반 출산정책 안건,저출생사업1팀,https://idea.seoul.go.kr/front/freeSuggest/view.do?sn=182052
PROP-181948,출산장려금,TAXONOMY_MISMATCH,medium,"내용 기반 후보=임신·난임·생식건강, 현재=출산·산후 초기지원",본문 확인 후 대·중·소분류 재분류,출산·산후 초기지원,출산가구 초기지원,출산지원금·출생축하,건강팀,https://idea.seoul.go.kr/front/freeSuggest/view.do?sn=181948
PROP-181921,큰 건물의 하수처리 시설 설치를 지원해 주세요. (열섬 현상 개선 아이디어),CONTENT_MISSING,high,본문이 없거나 제목 반복형,원문 재수집 전 정책·부서 판정 보류,정보·상담·교육·거버넌스,정보 접근성,일반 출산정책 안건,저출생사업1팀,https://idea.seoul.go.kr/front/freeSuggest/view.do?sn=181921
PROP-181921,큰 건물의 하수처리 시설 설치를 지원해 주세요. (열섬 현상 개선 아이디어),CORRECTED_EXCLUSION_STALE,high,출산·양육 직접 키워드 또는 조합 조건 미충족 (근거: data/processed/ver2_expanded/상상대로_추가크롤링후보_보정제외로그_ver3.csv),최종 데이터에서 제외 또는 별도 범위 밖 보관,정보·상담·교육·거버넌스,정보 접근성,일반 출산정책 안건,저출생사업1팀,https://idea.seoul.go.kr/front/freeSuggest/view.do?sn=181921
PROP-181921,큰 건물의 하수처리 시설 설치를 지원해 주세요. (열섬 현상 개선 아이디어),DEPARTMENT_UNVERIFIABLE,high,본문 없이 주관·협조부서가 지정됨,원문 복구 전 부서 판정 보류,정보·상담·교육·거버넌스,정보 접근성,일반 출산정책 안건,저출생사업1팀,https://idea.seoul.go.kr/front/freeSuggest/view.do?sn=181921
PROP-181809,서울 및 수도권 지하철에 있는 &#34;임산부 배려석&#34; 개선 요청합니다.,CONTENT_MISSING,high,본문이 없거나 제목 반복형,원문 재수집 전 정책·부서 판정 보류,임신·난임·생식건강,임산부 건강·배려,임산부 건강관리·배려,건강임신지원팀,https://idea.seoul.go.kr/front/freeSuggest/view.do?sn=181809
PROP-181809,서울 및 수도권 지하철에 있는 &#34;임산부 배려석&#34; 개선 요청합니다.,DEPARTMENT_UNVERIFIABLE,high,본문 없이 주관·협조부서가 지정됨,원문 복구 전 부서 판정 보류,임신·난임·생식건강,임산부 건강·배려,임산부 건강관리·배려,건강임신지원팀,https://idea.seoul.go.kr/front/freeSuggest/view.do?sn=181809
PROP-181809,서울 및 수도권 지하철에 있는 &#34;임산부 배려석&#34; 개선 요청합니다.,POLICY_UNVERIFIABLE,high,본문 없이 현행 정책이 저장 연결됨,정책 연결 제거·보류,임신·난임·생식건강,임산부 건강·배려,임산부 건강관리·배려,건강임신지원팀,https://idea.seoul.go.kr/front/freeSuggest/view.do?sn=181809
PROP-181602,다문화 가정 자녀들의 교육권을 보장하기 위한 정책 제안합니다,CONTENT_MISSING,high,본문이 없거나 제목 반복형,원문 재수집 전 정책·부서 판정 보류,정보·상담·교육·거버넌스,정보 접근성,일반 출산정책 안건,저출생사업1팀,https://idea.seoul.go.kr/front/freeSuggest/view.do?sn=181602
PROP-181602,다문화 가정 자녀들의 교육권을 보장하기 위한 정책 제안합니다,DEPARTMENT_UNVERIFIABLE,high,본문 없이 주관·협조부서가 지정됨,원문 복구 전 부서 판정 보류,정보·상담·교육·거버넌스,정보 접근성,일반 출산정책 안건,저출생사업1팀,https://idea.seoul.go.kr/front/freeSuggest/view.do?sn=181602
PROP-181473,다자녀가정 할인 정책,TAXONOMY_MISMATCH,medium,"내용 기반 후보=출산·산후 초기지원, 현재=다자녀·양육비·생활지원",본문 확인 후 대·중·소분류 재분류,다자녀·양육비·생활지원,다자녀 혜택,다자녀 기준·할인·감면,저출생사업1팀,https://idea.seoul.go.kr/front/freeSuggest/view.do?sn=181473
PROP-181300,유아용 체험학습장소 실내식사장소 확대해주세요,CONTENT_MISSING,high,본문이 없거나 제목 반복형,원문 재수집 전 정책·부서 판정 보류,정보·상담·교육·거버넌스,정보 접근성,일반 출산정책 안건,저출생사업1팀,https://idea.seoul.go.kr/front/freeSuggest/view.do?sn=181300
PROP-181300,유아용 체험학습장소 실내식사장소 확대해주세요,DEPARTMENT_UNVERIFIABLE,high,본문 없이 주관·협조부서가 지정됨,원문 복구 전 부서 판정 보류,정보·상담·교육·거버넌스,정보 접근성,일반 출산정책 안건,저출생사업1팀,https://idea.seoul.go.kr/front/freeSuggest/view.do?sn=181300
PROP-181276,"서울 녹지, 공원, 아동청소년 놀이터 확충 요구한다",CORRECTED_EXCLUSION_STALE,high,일반 아동/학교/시설/안전 제안: 청소년 중심이며 출산·양육 직접 맥락 부족 (근거: data/processed/ver2_expanded/상상대로_신규수집_출산양육후보_보정제외로그_ver3.csv),최종 데이터에서 제외 또는 별도 범위 밖 보관,정보·상담·교육·거버넌스,정보 접근성,일반 출산정책 안건,저출생사업1팀,https://idea.seoul.go.kr/front/freeSuggest/view.do?sn=181276
PROP-181276,"서울 녹지, 공원, 아동청소년 놀이터 확충 요구한다",TAXONOMY_MISMATCH,medium,"내용 기반 후보=주거·교통·도시생활환경, 현재=정보·상담·교육·거버넌스",본문 확인 후 대·중·소분류 재분류,정보·상담·교육·거버넌스,정보 접근성,일반 출산정책 안건,저출생사업1팀,https://idea.seoul.go.kr/front/freeSuggest/view.do?sn=181276
PROP-181065,어린이보호구역 불법주차 단속 민원신청 방법 을 바꾸어 주세요,CORRECTED_EXCLUSION_STALE,high,"일반 아동/학교/시설/안전 제안: 학교, 보호구역 중심이며 출산·양육 직접 맥락 부족 (근거: data/processed/ver2_expanded/상상대로_신규수집_출산양육후보_보정제외로그_ver3.csv)",최종 데이터에서 제외 또는 별도 범위 밖 보관,정보·상담·교육·거버넌스,정보 접근성,정보통합·상담·신청,저출생사업1팀,https://idea.seoul.go.kr/front/freeSuggest/view.do?sn=181065
PROP-181065,어린이보호구역 불법주차 단속 민원신청 방법 을 바꾸어 주세요,TAXONOMY_MISMATCH,medium,"내용 기반 후보=주거·교통·도시생활환경, 현재=정보·상담·교육·거버넌스",본문 확인 후 대·중·소분류 재분류,정보·상담·교육·거버넌스,정보 접근성,정보통합·상담·신청,저출생사업1팀,https://idea.seoul.go.kr/front/freeSuggest/view.do?sn=181065
PROP-181060,서울지하철에 임산부 핑크라이트 설치를 제안합니다,CONTENT_MISSING,high,본문이 없거나 제목 반복형,원문 재수집 전 정책·부서 판정 보류,임신·난임·생식건강,임산부 건강·배려,임산부 건강관리·배려,건강임신지원팀,https://idea.seoul.go.kr/front/freeSuggest/view.do?sn=181060
PROP-181060,서울지하철에 임산부 핑크라이트 설치를 제안합니다,DEPARTMENT_UNVERIFIABLE,high,본문 없이 주관·협조부서가 지정됨,원문 복구 전 부서 판정 보류,임신·난임·생식건강,임산부 건강·배려,임산부 건강관리·배려,건강임신지원팀,https://idea.seoul.go.kr/front/freeSuggest/view.do?sn=181060
PROP-181060,서울지하철에 임산부 핑크라이트 설치를 제안합니다,POLICY_UNVERIFIABLE,high,본문 없이 현행 정책이 저장 연결됨,정책 연결 제거·보류,임신·난임·생식건강,임산부 건강·배려,임산부 건강관리·배려,건강임신지원팀,https://idea.seoul.go.kr/front/freeSuggest/view.do?sn=181060
PROP-181051,서울시 산후도우미 관련 적용기준이 궁금합니다.,CONTENT_MISSING,high,본문이 없거나 제목 반복형,원문 재수집 전 정책·부서 판정 보류,출산·산후 초기지원,산후조리,산후조리·산모도우미,건강팀,https://idea.seoul.go.kr/front/freeSuggest/view.do?sn=181051
PROP-181051,서울시 산후도우미 관련 적용기준이 궁금합니다.,DEPARTMENT_UNVERIFIABLE,high,본문 없이 주관·협조부서가 지정됨,원문 복구 전 부서 판정 보류,출산·산후 초기지원,산후조리,산후조리·산모도우미,건강팀,https://idea.seoul.go.kr/front/freeSuggest/view.do?sn=181051
PROP-181015,서울시 어린이 보호구역 안전휀스 개선,CORRECTED_EXCLUSION_STALE,high,일반 아동/학교/시설/안전 제안: 보호구역 중심이며 출산·양육 직접 맥락 부족 (근거: data/processed/ver2_expanded/상상대로_신규수집_출산양육후보_보정제외로그_ver3.csv),최종 데이터에서 제외 또는 별도 범위 밖 보관,정보·상담·교육·거버넌스,정보 접근성,일반 출산정책 안건,저출생사업1팀,https://idea.seoul.go.kr/front/freeSuggest/view.do?sn=181015
PROP-181015,서울시 어린이 보호구역 안전휀스 개선,TAXONOMY_MISMATCH,medium,"내용 기반 후보=주거·교통·도시생활환경, 현재=정보·상담·교육·거버넌스",본문 확인 후 대·중·소분류 재분류,정보·상담·교육·거버넌스,정보 접근성,일반 출산정책 안건,저출생사업1팀,https://idea.seoul.go.kr/front/freeSuggest/view.do?sn=181015
PROP-181006,서울시 지하철에 임산부배려석 알람 설치 제안합니다,CONTENT_MISSING,high,본문이 없거나 제목 반복형,원문 재수집 전 정책·부서 판정 보류,임신·난임·생식건강,임산부 건강·배려,임산부 건강관리·배려,건강임신지원팀,https://idea.seoul.go.kr/front/freeSuggest/view.do?sn=181006
PROP-181006,서울시 지하철에 임산부배려석 알람 설치 제안합니다,DEPARTMENT_UNVERIFIABLE,high,본문 없이 주관·협조부서가 지정됨,원문 복구 전 부서 판정 보류,임신·난임·생식건강,임산부 건강·배려,임산부 건강관리·배려,건강임신지원팀,https://idea.seoul.go.kr/front/freeSuggest/view.do?sn=181006
PROP-181006,서울시 지하철에 임산부배려석 알람 설치 제안합니다,POLICY_UNVERIFIABLE,high,본문 없이 현행 정책이 저장 연결됨,정책 연결 제거·보류,임신·난임·생식건강,임산부 건강·배려,임산부 건강관리·배려,건강임신지원팀,https://idea.seoul.go.kr/front/freeSuggest/view.do?sn=181006
PROP-180989,서울시내 도로교통법 바껴야한다고 봅니다. (시내한복판/스쿨존/어린이보호구역/노인보호구역),CORRECTED_EXCLUSION_STALE,high,"일반 아동/학교/시설/안전 제안: 보호구역, 스쿨존 중심이며 출산·양육 직접 맥락 부족 (근거: data/processed/ver2_expanded/상상대로_신규수집_출산양육후보_보정제외로그_ver3.csv)",최종 데이터에서 제외 또는 별도 범위 밖 보관,정보·상담·교육·거버넌스,정보 접근성,일반 출산정책 안건,저출생사업1팀,https://idea.seoul.go.kr/front/freeSuggest/view.do?sn=180989
PROP-180989,서울시내 도로교통법 바껴야한다고 봅니다. (시내한복판/스쿨존/어린이보호구역/노인보호구역),TAXONOMY_MISMATCH,medium,"내용 기반 후보=주거·교통·도시생활환경, 현재=정보·상담·교육·거버넌스",본문 확인 후 대·중·소분류 재분류,정보·상담·교육·거버넌스,정보 접근성,일반 출산정책 안건,저출생사업1팀,https://idea.seoul.go.kr/front/freeSuggest/view.do?sn=180989
PROP-180894,아이돌봄서비스 개선 방안,TAXONOMY_MISMATCH,medium,"내용 기반 후보=출산·산후 초기지원, 현재=보육·돌봄 인프라",본문 확인 후 대·중·소분류 재분류,보육·돌봄 인프라,가족돌봄,아이돌봄·조부모돌봄,돌봄사업팀,https://idea.seoul.go.kr/front/freeSuggest/view.do?sn=180894
PROP-180851,"어린이보호구역 도로교통법위반집중단속하자,,,",CORRECTED_EXCLUSION_STALE,high,일반 아동/학교/시설/안전 제안: 보호구역 중심이며 출산·양육 직접 맥락 부족 (근거: data/processed/ver2_expanded/상상대로_추가크롤링후보_보정제외로그_ver3.csv),최종 데이터에서 제외 또는 별도 범위 밖 보관,정보·상담·교육·거버넌스,정보 접근성,일반 출산정책 안건,저출생사업1팀,https://idea.seoul.go.kr/front/freeSuggest/view.do?sn=180851
PROP-180851,"어린이보호구역 도로교통법위반집중단속하자,,,",TAXONOMY_MISMATCH,medium,"내용 기반 후보=주거·교통·도시생활환경, 현재=정보·상담·교육·거버넌스",본문 확인 후 대·중·소분류 재분류,정보·상담·교육·거버넌스,정보 접근성,일반 출산정책 안건,저출생사업1팀,https://idea.seoul.go.kr/front/freeSuggest/view.do?sn=180851
PROP-180721,어린이 보호구역을 넘어 아동ㆍ청소년 보호구역으로 확대 제안,TAXONOMY_MISMATCH,medium,"내용 기반 후보=주거·교통·도시생활환경, 현재=정보·상담·교육·거버넌스",본문 확인 후 대·중·소분류 재분류,정보·상담·교육·거버넌스,정보 접근성,일반 출산정책 안건,저출생사업1팀,https://idea.seoul.go.kr/front/freeSuggest/view.do?sn=180721
PROP-180672,서울 다둥이카드 혜택을 줄이지 말아주세요,CONTENT_MISSING,high,본문이 없거나 제목 반복형,원문 재수집 전 정책·부서 판정 보류,다자녀·양육비·생활지원,다자녀 혜택,다자녀 기준·할인·감면,저출생사업1팀,https://idea.seoul.go.kr/front/freeSuggest/view.do?sn=180672
PROP-180672,서울 다둥이카드 혜택을 줄이지 말아주세요,DEPARTMENT_UNVERIFIABLE,high,본문 없이 주관·협조부서가 지정됨,원문 복구 전 부서 판정 보류,다자녀·양육비·생활지원,다자녀 혜택,다자녀 기준·할인·감면,저출생사업1팀,https://idea.seoul.go.kr/front/freeSuggest/view.do?sn=180672
PROP-180667,다자녀 혜택논의,TAXONOMY_MISMATCH,medium,"내용 기반 후보=주거·교통·도시생활환경, 현재=다자녀·양육비·생활지원",본문 확인 후 대·중·소분류 재분류,다자녀·양육비·생활지원,다자녀 혜택,다자녀 기준·할인·감면,저출생사업1팀,https://idea.seoul.go.kr/front/freeSuggest/view.do?sn=180667
PROP-180667,다자녀 혜택논의,POLICY_REVIEW,medium,"저장 정책과 안전 매칭 후보 불일치; 후보=한부모가족 자녀 교통비/교육비 지원 확대, 핵심어=2개",정책 목적·대상·수단 수동 확인,다자녀·양육비·생활지원,다자녀 혜택,다자녀 기준·할인·감면,저출생사업1팀,https://idea.seoul.go.kr/front/freeSuggest/view.do?sn=180667
PROP-180585,서울시 어린이 보호구역 안전휀스 개선,CORRECTED_EXCLUSION_STALE,high,일반 아동/학교/시설/안전 제안: 보호구역 중심이며 출산·양육 직접 맥락 부족 (근거: data/processed/ver2_expanded/상상대로_신규수집_출산양육후보_보정제외로그_ver3.csv),최종 데이터에서 제외 또는 별도 범위 밖 보관,정보·상담·교육·거버넌스,정보 접근성,일반 출산정책 안건,저출생사업1팀,https://idea.seoul.go.kr/front/freeSuggest/view.do?sn=180585
PROP-180585,서울시 어린이 보호구역 안전휀스 개선,TAXONOMY_MISMATCH,medium,"내용 기반 후보=주거·교통·도시생활환경, 현재=정보·상담·교육·거버넌스",본문 확인 후 대·중·소분류 재분류,정보·상담·교육·거버넌스,정보 접근성,일반 출산정책 안건,저출생사업1팀,https://idea.seoul.go.kr/front/freeSuggest/view.do?sn=180585
PROP-180512,"초등학교 병설유치원신설필수,,,,,,,,,,,,,,,,,,,,,,,,,,",CONTENT_MISSING,high,본문이 없거나 제목 반복형,원문 재수집 전 정책·부서 판정 보류,보육·돌봄 인프라,어린이집·유치원,보육시설·유아교육,돌봄사업팀,https://idea.seoul.go.kr/front/freeSuggest/view.do?sn=180512
PROP-180512,"초등학교 병설유치원신설필수,,,,,,,,,,,,,,,,,,,,,,,,,,",DEPARTMENT_UNVERIFIABLE,high,본문 없이 주관·협조부서가 지정됨,원문 복구 전 부서 판정 보류,보육·돌봄 인프라,어린이집·유치원,보육시설·유아교육,돌봄사업팀,https://idea.seoul.go.kr/front/freeSuggest/view.do?sn=180512
PROP-180493,유모차의 이동이 편리해야 출산율 극복할 수 있습니다.,TAXONOMY_MISMATCH,medium,"내용 기반 후보=주거·교통·도시생활환경, 현재=출산·산후 초기지원",본문 확인 후 대·중·소분류 재분류,출산·산후 초기지원,출산가구 초기지원,출산지원금·출생축하,건강팀,https://idea.seoul.go.kr/front/freeSuggest/view.do?sn=180493
PROP-180477,어린이보호구역 주정차단속필요&lt;&lt;&lt;,TAXONOMY_MISMATCH,medium,"내용 기반 후보=주거·교통·도시생활환경, 현재=정보·상담·교육·거버넌스",본문 확인 후 대·중·소분류 재분류,정보·상담·교육·거버넌스,정보 접근성,일반 출산정책 안건,저출생사업1팀,https://idea.seoul.go.kr/front/freeSuggest/view.do?sn=180477
PROP-180451,제안 제목 : “임산부의 교통카드 발급으로 공공교통요금 면제” 제안,CONTENT_MISSING,high,본문이 없거나 제목 반복형,원문 재수집 전 정책·부서 판정 보류,임신·난임·생식건강,임산부 건강·배려,임산부 건강관리·배려,건강임신지원팀,https://idea.seoul.go.kr/front/freeSuggest/view.do?sn=180451
PROP-180451,제안 제목 : “임산부의 교통카드 발급으로 공공교통요금 면제” 제안,TAXONOMY_MISMATCH,medium,"내용 기반 후보=주거·교통·도시생활환경, 현재=임신·난임·생식건강",본문 확인 후 대·중·소분류 재분류,임신·난임·생식건강,임산부 건강·배려,임산부 건강관리·배려,건강임신지원팀,https://idea.seoul.go.kr/front/freeSuggest/view.do?sn=180451
PROP-180451,제안 제목 : “임산부의 교통카드 발급으로 공공교통요금 면제” 제안,DEPARTMENT_UNVERIFIABLE,high,본문 없이 주관·협조부서가 지정됨,원문 복구 전 부서 판정 보류,임신·난임·생식건강,임산부 건강·배려,임산부 건강관리·배려,건강임신지원팀,https://idea.seoul.go.kr/front/freeSuggest/view.do?sn=180451
PROP-180451,제안 제목 : “임산부의 교통카드 발급으로 공공교통요금 면제” 제안,POLICY_UNVERIFIABLE,high,본문 없이 현행 정책이 저장 연결됨,정책 연결 제거·보류,임신·난임·생식건강,임산부 건강·배려,임산부 건강관리·배려,건강임신지원팀,https://idea.seoul.go.kr/front/freeSuggest/view.do?sn=180451
PROP-180443,지하철 역 내 수유실 환경개선이 필요해요!,TAXONOMY_MISMATCH,medium,"내용 기반 후보=주거·교통·도시생활환경, 현재=보육·돌봄 인프라",본문 확인 후 대·중·소분류 재분류,보육·돌봄 인프라,아동 놀이·체험공간,공공키즈카페·수유실·유아휴게실,돌봄사업팀,https://idea.seoul.go.kr/front/freeSuggest/view.do?sn=180443
PROP-180440,출산 장려를 위해 정확도99.9%인 아리아니프티(태아기형아검사)검사를 제안합니다.,TAXONOMY_MISMATCH,medium,"내용 기반 후보=임신·난임·생식건강, 현재=출산·산후 초기지원",본문 확인 후 대·중·소분류 재분류,출산·산후 초기지원,출산가구 초기지원,출산지원금·출생축하,건강팀,https://idea.seoul.go.kr/front/freeSuggest/view.do?sn=180440
PROP-180406,육아열차운행,TAXONOMY_MISMATCH,medium,"내용 기반 후보=출산·산후 초기지원, 현재=정보·상담·교육·거버넌스",본문 확인 후 대·중·소분류 재분류,정보·상담·교육·거버넌스,정보 접근성,일반 출산정책 안건,저출생사업1팀,https://idea.seoul.go.kr/front/freeSuggest/view.do?sn=180406
PROP-180374,지하철 임산부석 보완할 점 제안합니다.,CONTENT_MISSING,high,본문이 없거나 제목 반복형,원문 재수집 전 정책·부서 판정 보류,임신·난임·생식건강,임산부 건강·배려,임산부 건강관리·배려,건강임신지원팀,https://idea.seoul.go.kr/front/freeSuggest/view.do?sn=180374
PROP-180374,지하철 임산부석 보완할 점 제안합니다.,DEPARTMENT_UNVERIFIABLE,high,본문 없이 주관·협조부서가 지정됨,원문 복구 전 부서 판정 보류,임신·난임·생식건강,임산부 건강·배려,임산부 건강관리·배려,건강임신지원팀,https://idea.seoul.go.kr/front/freeSuggest/view.do?sn=180374
PROP-180374,지하철 임산부석 보완할 점 제안합니다.,POLICY_UNVERIFIABLE,high,본문 없이 현행 정책이 저장 연결됨,정책 연결 제거·보류,임신·난임·생식건강,임산부 건강·배려,임산부 건강관리·배려,건강임신지원팀,https://idea.seoul.go.kr/front/freeSuggest/view.do?sn=180374
PROP-180344,유치원 버스에 차량용 공기 청정기를 제안 합니다.,CONTENT_MISSING,high,본문이 없거나 제목 반복형,원문 재수집 전 정책·부서 판정 보류,보육·돌봄 인프라,어린이집·유치원,보육시설·유아교육,돌봄사업팀,https://idea.seoul.go.kr/front/freeSuggest/view.do?sn=180344
PROP-180344,유치원 버스에 차량용 공기 청정기를 제안 합니다.,DEPARTMENT_UNVERIFIABLE,high,본문 없이 주관·협조부서가 지정됨,원문 복구 전 부서 판정 보류,보육·돌봄 인프라,어린이집·유치원,보육시설·유아교육,돌봄사업팀,https://idea.seoul.go.kr/front/freeSuggest/view.do?sn=180344
PROP-180332,지하철 임산부석 폐지와 (초기)임산부 표식 배포를 청원 드립니다.,CONTENT_MISSING,high,본문이 없거나 제목 반복형,원문 재수집 전 정책·부서 판정 보류,임신·난임·생식건강,임산부 건강·배려,임산부 건강관리·배려,건강임신지원팀,https://idea.seoul.go.kr/front/freeSuggest/view.do?sn=180332
PROP-180332,지하철 임산부석 폐지와 (초기)임산부 표식 배포를 청원 드립니다.,DEPARTMENT_UNVERIFIABLE,high,본문 없이 주관·협조부서가 지정됨,원문 복구 전 부서 판정 보류,임신·난임·생식건강,임산부 건강·배려,임산부 건강관리·배려,건강임신지원팀,https://idea.seoul.go.kr/front/freeSuggest/view.do?sn=180332
PROP-180332,지하철 임산부석 폐지와 (초기)임산부 표식 배포를 청원 드립니다.,POLICY_UNVERIFIABLE,high,본문 없이 현행 정책이 저장 연결됨,정책 연결 제거·보류,임신·난임·생식건강,임산부 건강·배려,임산부 건강관리·배려,건강임신지원팀,https://idea.seoul.go.kr/front/freeSuggest/view.do?sn=180332
PROP-180324,다자녀 부모 복지 혜택,TAXONOMY_MISMATCH,medium,"내용 기반 후보=출산·산후 초기지원, 현재=다자녀·양육비·생활지원",본문 확인 후 대·중·소분류 재분류,다자녀·양육비·생활지원,다자녀 혜택,다자녀 기준·할인·감면,저출생사업1팀,https://idea.seoul.go.kr/front/freeSuggest/view.do?sn=180324
PROP-180253,미세먼지 대피소로 아이들을 위한 대형실내놀이터를 제안합니다!!,CONTENT_MISSING,high,본문이 없거나 제목 반복형,원문 재수집 전 정책·부서 판정 보류,정보·상담·교육·거버넌스,정보 접근성,일반 출산정책 안건,저출생사업1팀,https://idea.seoul.go.kr/front/freeSuggest/view.do?sn=180253
PROP-180253,미세먼지 대피소로 아이들을 위한 대형실내놀이터를 제안합니다!!,TAXONOMY_MISMATCH,medium,"내용 기반 후보=보육·돌봄 인프라, 현재=정보·상담·교육·거버넌스",본문 확인 후 대·중·소분류 재분류,정보·상담·교육·거버넌스,정보 접근성,일반 출산정책 안건,저출생사업1팀,https://idea.seoul.go.kr/front/freeSuggest/view.do?sn=180253
PROP-180253,미세먼지 대피소로 아이들을 위한 대형실내놀이터를 제안합니다!!,DEPARTMENT_UNVERIFIABLE,high,본문 없이 주관·협조부서가 지정됨,원문 복구 전 부서 판정 보류,정보·상담·교육·거버넌스,정보 접근성,일반 출산정책 안건,저출생사업1팀,https://idea.seoul.go.kr/front/freeSuggest/view.do?sn=180253
PROP-180213,임산부 지정석 진동 알림 안내,TAXONOMY_MISMATCH,medium,"내용 기반 후보=출산·산후 초기지원, 현재=임신·난임·생식건강",본문 확인 후 대·중·소분류 재분류,임신·난임·생식건강,임산부 건강·배려,임산부 건강관리·배려,건강임신지원팀,https://idea.seoul.go.kr/front/freeSuggest/view.do?sn=180213
PROP-180149,지역에 유아교육을 위해 &#34;관인유치원 추가&#34; 설립해 줘야,CONTENT_MISSING,high,본문이 없거나 제목 반복형,원문 재수집 전 정책·부서 판정 보류,보육·돌봄 인프라,어린이집·유치원,보육시설·유아교육,돌봄사업팀,https://idea.seoul.go.kr/front/freeSuggest/view.do?sn=180149
PROP-180149,지역에 유아교육을 위해 &#34;관인유치원 추가&#34; 설립해 줘야,DEPARTMENT_UNVERIFIABLE,high,본문 없이 주관·협조부서가 지정됨,원문 복구 전 부서 판정 보류,보육·돌봄 인프라,어린이집·유치원,보육시설·유아교육,돌봄사업팀,https://idea.seoul.go.kr/front/freeSuggest/view.do?sn=180149
PROP-180131,서울시 산후도우미 지원 7월부터 시행,CONTENT_MISSING,high,본문이 없거나 제목 반복형,원문 재수집 전 정책·부서 판정 보류,출산·산후 초기지원,산후조리,산후조리·산모도우미,건강팀,https://idea.seoul.go.kr/front/freeSuggest/view.do?sn=180131
PROP-180131,서울시 산후도우미 지원 7월부터 시행,DEPARTMENT_UNVERIFIABLE,high,본문 없이 주관·협조부서가 지정됨,원문 복구 전 부서 판정 보류,출산·산후 초기지원,산후조리,산후조리·산모도우미,건강팀,https://idea.seoul.go.kr/front/freeSuggest/view.do?sn=180131
PROP-180104,서울시 다자녀 가정에 층간소음 방지 용품 무상 지원 대책,TAXONOMY_MISMATCH,medium,"내용 기반 후보=출산·산후 초기지원, 현재=다자녀·양육비·생활지원",본문 확인 후 대·중·소분류 재분류,다자녀·양육비·생활지원,다자녀 혜택,다자녀 기준·할인·감면,저출생사업1팀,https://idea.seoul.go.kr/front/freeSuggest/view.do?sn=180104
PROP-180013,지하철 임산부배려석 계속 유지해야 할까요?,CONTENT_MISSING,high,본문이 없거나 제목 반복형,원문 재수집 전 정책·부서 판정 보류,임신·난임·생식건강,임산부 건강·배려,임산부 건강관리·배려,건강임신지원팀,https://idea.seoul.go.kr/front/freeSuggest/view.do?sn=180013
PROP-180013,지하철 임산부배려석 계속 유지해야 할까요?,DEPARTMENT_UNVERIFIABLE,high,본문 없이 주관·협조부서가 지정됨,원문 복구 전 부서 판정 보류,임신·난임·생식건강,임산부 건강·배려,임산부 건강관리·배려,건강임신지원팀,https://idea.seoul.go.kr/front/freeSuggest/view.do?sn=180013
PROP-180013,지하철 임산부배려석 계속 유지해야 할까요?,POLICY_UNVERIFIABLE,high,본문 없이 현행 정책이 저장 연결됨,정책 연결 제거·보류,임신·난임·생식건강,임산부 건강·배려,임산부 건강관리·배려,건강임신지원팀,https://idea.seoul.go.kr/front/freeSuggest/view.do?sn=180013
PROP-179980,미혼모 정서적 지원시스템 개설요청,TAXONOMY_MISMATCH,medium,"내용 기반 후보=보육·돌봄 인프라, 현재=취약·다양가족 사각지대",본문 확인 후 대·중·소분류 재분류,취약·다양가족 사각지대,한부모·위기임산부,한부모·미혼부모·위기임산부,장애인가족지원팀,https://idea.seoul.go.kr/front/freeSuggest/view.do?sn=179980
PROP-179976,육아부서 부모부서 같은 부서를 신설해주세요,TAXONOMY_MISMATCH,medium,"내용 기반 후보=보육·돌봄 인프라, 현재=정보·상담·교육·거버넌스",본문 확인 후 대·중·소분류 재분류,정보·상담·교육·거버넌스,정보 접근성,일반 출산정책 안건,저출생사업1팀,https://idea.seoul.go.kr/front/freeSuggest/view.do?sn=179976
PROP-179975,한부모 카드 발급을 통한 차등제 지원,CONTENT_MISSING,high,본문이 없거나 제목 반복형,원문 재수집 전 정책·부서 판정 보류,취약·다양가족 사각지대,한부모·위기임산부,한부모·미혼부모·위기임산부,가족지원팀,https://idea.seoul.go.kr/front/freeSuggest/view.do?sn=179975
PROP-179975,한부모 카드 발급을 통한 차등제 지원,DEPARTMENT_UNVERIFIABLE,high,본문 없이 주관·협조부서가 지정됨,원문 복구 전 부서 판정 보류,취약·다양가족 사각지대,한부모·위기임산부,한부모·미혼부모·위기임산부,가족지원팀,https://idea.seoul.go.kr/front/freeSuggest/view.do?sn=179975
PROP-179973,미혼모라는 정의를 바꿔주세요,TAXONOMY_MISMATCH,medium,"내용 기반 후보=출산·산후 초기지원, 현재=취약·다양가족 사각지대",본문 확인 후 대·중·소분류 재분류,취약·다양가족 사각지대,한부모·위기임산부,한부모·미혼부모·위기임산부,장애인가족지원팀,https://idea.seoul.go.kr/front/freeSuggest/view.do?sn=179973
PROP-179928,대중교통 임산부석 관련 제안,TAXONOMY_MISMATCH,medium,"내용 기반 후보=주거·교통·도시생활환경, 현재=임신·난임·생식건강",본문 확인 후 대·중·소분류 재분류,임신·난임·생식건강,임산부 건강·배려,임산부 건강관리·배려,건강임신지원팀,https://idea.seoul.go.kr/front/freeSuggest/view.do?sn=179928
PROP-179899,육아휴직과 근로시간에 대해,TAXONOMY_MISMATCH,medium,"내용 기반 후보=출산·산후 초기지원, 현재=일·가정 양립·부모 노동",본문 확인 후 대·중·소분류 재분류,일·가정 양립·부모 노동,육아휴직·근로시간,휴직·휴가·단축근무,가족지원팀,https://idea.seoul.go.kr/front/freeSuggest/view.do?sn=179899
PROP-179862,지하철 역사 유휴공간의 영유아 보육시설로 활용하기,TAXONOMY_MISMATCH,medium,"내용 기반 후보=출산·산후 초기지원, 현재=보육·돌봄 인프라",본문 확인 후 대·중·소분류 재분류,보육·돌봄 인프라,어린이집·유치원,보육시설·유아교육,돌봄사업팀,https://idea.seoul.go.kr/front/freeSuggest/view.do?sn=179862
PROP-179798,지하철의 노약자석과 임산부 배려석,TAXONOMY_MISMATCH,medium,"내용 기반 후보=주거·교통·도시생활환경, 현재=임신·난임·생식건강",본문 확인 후 대·중·소분류 재분류,임신·난임·생식건강,임산부 건강·배려,임산부 건강관리·배려,건강임신지원팀,https://idea.seoul.go.kr/front/freeSuggest/view.do?sn=179798
